session,valid,minute_count,opening_volume,duplicate_timestamps,malformed_rows,outside_session_rows,complete_minute_grid,corporate_action_suspect,overnight_gap_pct
2018-01-01,True,375,419559.0,0,0,0,True,False,
2018-01-02,False,375,587239.0,0,1,0,True,False,0.009386281588447787
2018-01-03,True,375,707415.0,0,0,0,True,False,0.004742633109902528
2018-01-04,True,375,459378.0,0,0,0,True,False,0.004362762661495934
2018-01-05,True,375,873559.0,0,0,0,True,False,0.0020996611437957835
2018-01-08,False,375,2401706.0,0,1,0,True,False,-0.01065095919149539
2018-01-09,True,375,800654.0,0,0,0,True,False,0.0038836590822746153
2018-01-10,False,375,909092.0,0,1,0,True,False,0.007821991091029323
2018-01-11,True,375,419101.0,0,0,0,True,False,0.003377288274141188
2018-01-12,False,375,407432.0,0,1,0,True,False,0.0004856931686199051
2018-01-15,True,375,359919.0,0,0,0,True,False,0.0039463806970507775
2018-01-16,True,375,739380.0,0,0,0,True,False,0.003377288274141188
2018-01-17,True,375,564103.0,0,0,0,True,False,-0.006014215418261304
2018-01-18,True,375,523021.0,0,0,0,True,False,0.00010870510479166207
2018-01-19,False,375,3166073.0,0,1,0,True,False,-0.018247691424026935
2018-01-22,True,375,580636.0,0,0,0,True,False,-0.004920183686857649
2018-01-23,False,375,429829.0,0,1,0,True,False,0.006099860257746892
2018-01-24,False,375,5776571.0,0,1,0,True,False,-0.010272304626964823
2018-01-25,False,375,2129253.0,0,1,0,True,False,0.015219465648854902
2018-01-29,False,375,6906592.0,0,1,0,True,False,-0.029518889708857965
2018-01-30,True,375,1661733.0,0,0,0,True,False,0.0
2018-01-31,False,375,782964.0,0,1,0,True,False,0.0015777147787503498
2018-02-01,True,375,912701.0,0,0,0,True,False,0.0011397705592310903
2018-02-02,False,375,733208.0,0,1,0,True,False,-0.006794653225607239
2018-02-05,True,375,1295175.0,0,0,0,True,False,-0.000599270453361167
2018-02-06,False,375,1269495.0,0,1,0,True,False,-0.05189920098340506
2018-02-07,True,375,1800248.0,0,0,0,True,False,0.010087524106215717
2018-02-08,False,294,1036151.0,0,1,0,False,False,0.013788892563665556
2018-02-09,True,375,478240.0,0,0,0,True,False,-0.015327414826618146
2018-02-12,True,375,329540.0,0,0,0,True,False,0.0160663250856099
2018-02-14,True,375,1111950.0,0,0,0,True,False,0.00720498173022488
2018-02-15,False,375,582010.0,0,1,0,True,False,0.01809737752088658
2018-02-16,True,375,489192.0,0,0,0,True,False,0.014582592347949896
2018-02-19,True,375,451896.0,0,0,0,True,False,0.0
2018-02-20,True,375,1230728.0,0,0,0,True,False,0.0030263954314586616
2018-02-21,True,375,480598.0,0,0,0,True,False,0.0043231418303035785
2018-02-22,False,375,614610.0,0,1,0,True,False,-0.0004938656685382625
2018-02-23,True,375,633315.0,0,0,0,True,False,0.007331378299120228
2018-02-26,False,375,317262.0,0,1,0,True,False,0.012488780612899042
2018-02-27,True,375,523175.0,0,0,0,True,False,0.006617060171477007
2018-02-28,False,375,1058392.0,0,1,0,True,False,-0.004513249791987195
2018-03-01,False,375,619335.0,0,1,0,True,False,-0.0022035357884605533
2018-03-05,True,375,414279.0,0,0,0,True,False,0.0015328802820497867
2018-03-06,False,375,634252.0,0,1,0,True,False,0.004985791785068416
2018-03-07,False,375,590901.0,0,1,0,True,False,0.0
2018-03-08,True,375,1217851.0,0,0,0,True,False,0.021217363100707987
2018-03-09,True,375,701815.0,0,0,0,True,False,0.007206523800493025
2018-03-12,True,375,389425.0,0,0,0,True,False,0.004836922744345662
2018-03-13,False,375,1023356.0,0,1,0,True,False,-0.00023167215815489417
2018-03-14,True,375,388168.0,0,0,0,True,False,-0.003745032100275103
2018-03-15,True,375,359431.0,0,0,0,True,False,0.003076286740945733
2018-03-16,True,375,591877.0,0,0,0,True,False,-0.012484135823253584
2018-03-19,True,375,398372.0,0,0,0,True,False,-0.004280710857439307
2018-03-20,True,375,849714.0,0,0,0,True,False,0.00010903341874279882
2018-03-21,True,375,909949.0,0,0,0,True,False,0.005500040841887488
2018-03-22,False,357,1086604.0,0,0,0,False,False,-0.00943888193575304
2018-03-23,True,375,736775.0,0,0,0,True,False,-0.01248821866163996
2018-03-26,True,375,396092.0,0,0,0,True,False,-0.0012145214521451786
2018-03-27,True,375,360964.0,0,0,0,True,False,0.0033144307206298684
2018-03-28,True,375,790314.0,0,0,0,True,False,-0.004852192716436776
2018-04-02,True,375,819108.0,0,0,0,True,False,0.006542567752532147
2018-04-03,True,375,493560.0,0,0,0,True,False,-0.004942976279236788
2018-04-04,False,375,426753.0,0,1,0,True,False,0.007468969825361826
2018-04-05,False,375,1444532.0,0,1,0,True,False,0.008609033967053703
2018-04-06,True,375,483012.0,0,0,0,True,False,0.0005252100840336116
2018-04-09,True,375,1777298.0,0,0,0,True,False,-0.002751460827140284
2018-04-10,True,375,589966.0,0,0,0,True,False,0.002751425869135238
2018-04-11,True,375,990964.0,0,0,0,True,False,0.007779349363507881
2018-04-12,True,375,349431.0,0,0,0,True,False,-0.0026025459688826524
2018-04-13,True,375,568333.0,0,0,0,True,False,0.006843627408871011
2018-04-16,True,375,391178.0,0,0,0,True,False,-0.0029093213503861293
2018-04-17,False,373,384557.0,0,0,0,False,False,0.0026358475263583703
2018-04-18,True,375,433665.0,0,0,0,True,False,0.0031605922551252164
2018-04-19,False,376,379522.0,0,0,1,False,False,0.006457070351050476
2018-04-20,True,375,592978.0,0,0,0,True,False,-0.0021539226244717824
2018-04-23,True,375,728019.0,0,0,0,True,False,-0.0006235090002169041
2018-04-24,True,375,1098130.0,0,0,0,True,False,-0.005926404827326204
2018-04-25,True,375,4513179.0,0,0,0,True,False,0.020816567412415
2018-04-26,True,375,1051536.0,0,0,0,True,False,0.004663279927054731
2018-04-27,True,375,1317536.0,0,0,0,True,False,-0.0016059527314580269
2018-04-30,True,375,786912.0,0,0,0,True,False,-0.004767104317025761
2018-05-02,True,375,905719.0,0,0,0,True,False,0.007092575375215793
2018-05-03,True,375,398882.0,0,0,0,True,False,-0.008162071624172484
2018-05-04,True,375,3623955.0,0,0,0,True,False,0.014195456378545579
2018-05-07,True,375,1963820.0,0,0,0,True,False,0.008921973781438997
2018-05-08,True,375,344527.0,0,0,0,True,False,0.007406597611304022
2018-05-09,True,375,1659461.0,0,0,0,True,False,0.003741561152834638
2018-05-10,True,375,2148922.0,0,0,0,True,False,0.0
2018-05-11,True,375,3781863.0,0,0,0,True,False,-0.02520495609031337
2018-05-14,True,375,952997.0,0,0,0,True,False,-0.0015494267121165528
2018-05-15,True,375,687793.0,0,0,0,True,False,0.0
2018-05-16,True,375,519814.0,0,0,0,True,False,-0.0001137462321560978
2018-05-17,True,375,1168834.0,0,0,0,True,False,0.0033020507473062732
2018-05-18,True,375,1229115.0,0,0,0,True,False,0.0
2018-05-21,True,375,805649.0,0,0,0,True,False,-0.004411102775694009
2018-05-22,True,375,1091884.0,0,0,0,True,False,0.00012206286237415043
2018-05-23,True,375,445982.0,0,0,0,True,False,0.0
2018-05-24,True,375,406773.0,0,0,0,True,False,0.004479522184300144
2018-05-25,True,375,679966.0,0,0,0,True,False,0.0
2018-05-28,True,375,296317.0,0,0,0,True,False,0.0
2018-05-29,True,375,554981.0,0,0,0,True,False,0.0025267193308551317
2018-05-30,True,375,557795.0,0,0,0,True,False,-0.0057727480566988065
2018-05-31,True,375,515257.0,0,0,0,True,False,0.0
2018-06-01,True,375,275101.0,0,0,0,True,False,0.0017185633975123071
2018-06-04,True,375,413490.0,0,0,0,True,False,0.0
2018-06-05,True,375,424535.0,0,0,0,True,False,-0.0048152687795482985
2018-06-06,True,375,607071.0,0,0,0,True,False,-0.006454890476048081
2018-06-07,True,375,728284.0,0,0,0,True,False,-0.002631955371191541
2018-06-08,True,375,305708.0,0,0,0,True,False,-0.004855062116235875
2018-06-11,True,375,734054.0,0,0,0,True,False,0.001993355481727521
2018-06-12,True,375,987900.0,0,0,0,True,False,0.0011464362609401313
2018-06-13,True,375,1471342.0,0,0,0,True,False,-0.0169472117256384
2018-06-14,True,375,1481971.0,0,0,0,True,False,-0.006662032209477475
2018-06-15,True,375,499874.0,0,0,0,True,False,0.005843385692383407
2018-06-18,True,375,385718.0,0,0,0,True,False,0.0
2018-06-19,True,375,636934.0,0,0,0,True,False,0.00403808176378706
2018-06-20,True,375,328772.0,0,0,0,True,False,0.004051197745420287
2018-06-21,True,375,317663.0,0,0,0,True,False,0.008997655334114896
2018-06-22,True,375,304655.0,0,0,0,True,False,0.0027084314649081787
2018-06-25,True,375,362562.0,0,0,0,True,False,-0.005358182877111206
2018-06-26,True,375,206265.0,0,0,0,True,False,0.0017502917152858455
2018-06-27,True,375,319052.0,0,0,0,True,False,0.0056883475063205236
2018-06-28,True,375,228213.0,0,0,0,True,False,-0.010867998500965648
2018-06-29,True,375,179768.0,0,0,0,True,False,-0.013540593152410407
2018-07-02,True,375,268007.0,0,0,0,True,False,-0.0007710100231302919
2018-07-03,True,375,594542.0,0,0,0,True,False,0.017091995150368078
2018-07-04,True,375,449662.0,0,0,0,True,False,0.005017561465127995
2018-07-05,True,375,510699.0,0,0,0,True,False,-0.005430750511915106
2018-07-06,True,375,583211.0,0,0,0,True,False,-0.0044031750786281965
2018-07-09,True,375,519552.0,0,0,0,True,False,0.009917355371900971
2018-07-10,True,375,201131.0,0,0,0,True,False,0.00111288236532614
2018-07-11,True,375,175115.0,0,0,0,True,False,0.004507710557532629
2018-07-12,True,375,254514.0,0,0,0,True,False,0.008303748721343096
2018-07-13,True,375,522911.0,0,0,0,True,False,0.003031121514960766
2018-07-16,True,375,278511.0,0,0,0,True,False,-0.008373024299972665
2018-07-17,True,375,376345.0,0,0,0,True,False,-0.005710897515915581
2018-07-18,True,375,538050.0,0,0,0,True,False,0.00614610534360871
2018-07-19,True,375,743081.0,0,0,0,True,False,0.0
2018-07-20,True,375,333832.0,0,0,0,True,False,0.0
2018-07-23,True,375,375693.0,0,0,0,True,False,-0.0030483972344436117
2018-07-24,True,375,199727.0,0,0,0,True,False,0.010629225802521791
2018-07-25,True,375,478230.0,0,0,0,True,False,-0.0036364747585869717
2018-07-26,True,375,396252.0,0,0,0,True,False,0.0022570571684754626
2018-07-27,True,375,1945626.0,0,0,0,True,False,0.0005450086293032896
2018-07-30,True,375,560239.0,0,0,0,True,False,-0.008959441989116468
2018-07-31,True,375,1092752.0,0,0,0,True,False,-0.007554964488837412
2018-08-01,True,375,966832.0,0,0,0,True,False,0.0
2018-08-02,True,375,585919.0,0,0,0,True,False,-0.0017015001559709253
2018-08-03,True,375,492935.0,0,0,0,True,False,0.006434065451992987
2018-08-06,True,375,318449.0,0,0,0,True,False,-0.00014525172123291963
2018-08-07,True,375,403643.0,0,0,0,True,False,0.0031153530261407436
2018-08-08,True,375,344862.0,0,0,0,True,False,-0.002885631839090297
2018-08-09,True,375,169094.0,0,0,0,True,False,0.002855688758199415
2018-08-10,True,375,917738.0,0,0,0,True,False,0.003264385553610083
2018-08-13,True,375,364390.0,0,0,0,True,False,-0.00026563560697734356
2018-08-14,True,375,344971.0,0,0,0,True,False,0.0003826568157065946
2018-08-16,True,375,591645.0,0,0,0,True,False,-0.0008015913071875991
2018-08-17,True,375,455808.0,0,0,0,True,False,-0.00011707888189660398
2018-08-20,True,375,384725.0,0,0,0,True,False,0.007157584683357809
2018-08-21,True,375,729460.0,0,0,0,True,False,-0.021231733387998997
2018-08-23,True,375,813547.0,0,0,0,True,False,0.008823963405636626
2018-08-24,True,375,303536.0,0,0,0,True,False,0.0
2018-08-27,True,375,538919.0,0,0,0,True,False,0.005029139425494877
2018-08-28,True,375,667387.0,0,0,0,True,False,0.0011977755596750406
2018-08-29,True,375,485495.0,0,0,0,True,False,0.0035855767284505013
2018-08-30,True,375,540483.0,0,0,0,True,False,0.0021406462437443263
2018-08-31,True,375,679129.0,0,0,0,True,False,-0.003144024923543043
2018-09-03,True,375,253297.0,0,0,0,True,False,0.009804200176191324
2018-09-04,True,375,386035.0,0,0,0,True,False,0.0005130543837645885
2018-09-05,True,375,326224.0,0,0,0,True,False,-0.005286725408060078
2018-09-06,True,375,306180.0,0,0,0,True,False,0.0
2018-09-07,True,375,220616.0,0,0,0,True,False,0.010537780001766084
2018-09-10,True,375,807437.0,0,0,0,True,False,0.0
2018-09-11,True,375,435071.0,0,0,0,True,False,0.002952257774278655
2018-09-12,True,375,501581.0,0,0,0,True,False,0.005000143682289737
2018-09-14,True,375,346237.0,0,0,0,True,False,0.004922257289283971
2018-09-17,True,375,333599.0,0,0,0,True,False,-0.013230429988974612
2018-09-18,True,375,233815.0,0,0,0,True,False,-0.004704339396704227
2018-09-19,True,375,209580.0,0,0,0,True,False,0.0009314781393723326
2018-09-21,True,375,483376.0,0,0,0,True,False,0.0108006999336272
2018-09-24,True,375,344591.0,0,0,0,True,False,-0.008165884102773524
2018-09-25,True,375,1054657.0,0,0,0,True,False,0.009117890034574527
2018-09-26,True,375,330535.0,0,0,0,True,False,0.008624602814344184
2018-09-27,True,375,296818.0,0,0,0,True,False,0.004174986385913959
2018-09-28,True,375,1627388.0,0,0,0,True,False,-0.005283133444663801
2018-10-01,True,375,453011.0,0,0,0,True,False,-0.0029470177461721203
2018-10-03,True,375,981437.0,0,0,0,True,False,0.004935204458470288
2018-10-04,True,375,1239893.0,0,0,0,True,False,-0.005051199230293402
2018-10-05,True,375,539769.0,0,0,0,True,False,-0.006105263157894725
2018-10-08,True,375,800219.0,0,0,0,True,False,0.008083777328679265
2018-10-09,True,375,573916.0,0,0,0,True,False,0.004245735804474515
2018-10-10,True,375,362370.0,0,0,0,True,False,0.0013585418317672016
2018-10-11,True,375,482146.0,0,0,0,True,False,-0.01766143364928907
2018-10-12,True,375,994821.0,0,0,0,True,False,0.009659806803863802
2018-10-15,True,375,403323.0,0,0,0,True,False,0.003466465712132605
2018-10-16,True,375,518447.0,0,0,0,True,False,0.0
2018-10-17,True,375,523511.0,0,0,0,True,False,0.006432532347504738
2018-10-19,True,375,559204.0,0,0,0,True,False,-0.01103355100202652
2018-10-22,True,375,512643.0,0,0,0,True,False,0.008882815169114933
2018-10-23,True,375,399558.0,0,0,0,True,False,-0.022124393272378362
2018-10-24,True,375,660560.0,0,0,0,True,False,0.015561234219459097
2018-10-25,True,375,1754149.0,0,0,0,True,False,-0.015231973169368418
2018-10-26,True,375,1441241.0,0,0,0,True,False,0.006605166051660616
2018-10-29,True,375,849578.0,0,0,0,True,False,0.007077374404107051
2018-10-30,True,375,565298.0,0,0,0,True,False,0.0027446035160596516
2018-10-31,True,375,593741.0,0,0,0,True,False,0.0048197272557444215
2018-11-01,True,375,466840.0,0,0,0,True,False,0.005682030578296082
2018-11-02,True,375,426778.0,0,0,0,True,False,0.0
2018-11-05,True,375,668687.0,0,0,0,True,False,-0.005795536357091513
2018-11-06,True,375,461186.0,0,0,0,True,False,0.002478092228128226
2018-11-07,False,60,,0,0,60,False,False,0.01611632404555552
2018-11-09,True,375,2555397.0,0,0,0,True,False,-0.05292568337129844
2018-11-12,True,375,698702.0,0,0,0,True,False,0.012084813417805096
2018-11-13,True,375,544839.0,0,0,0,True,False,-0.0008455571486343239
2018-11-14,True,375,403461.0,0,0,0,True,False,0.01197692788125937
2018-11-15,True,375,340891.0,0,0,0,True,False,0.0005063108025025187
2018-11-16,True,375,269142.0,0,0,0,True,False,0.0036447620078667864
2018-11-19,True,375,1723285.0,0,0,0,True,False,-0.008133014134391603
2018-11-20,True,375,1255283.0,0,0,0,True,False,-0.012877614252517322
2018-11-21,True,375,1034159.0,0,0,0,True,False,0.003499966981443503
2018-11-22,True,375,1387361.0,0,0,0,True,False,-0.004508036064288512
2018-11-26,True,375,1141361.0,0,0,0,True,False,-0.0010612542698902327
2018-11-27,True,375,1164864.0,0,0,0,True,False,-0.0050626338677224325
2018-11-28,True,375,676154.0,0,0,0,True,False,0.016676116465997426
2018-11-29,True,375,1185841.0,0,0,0,True,False,0.01518961182103129
2018-11-30,True,375,615061.0,0,0,0,True,False,-0.009301538981904334
2018-12-03,True,375,446050.0,0,0,0,True,False,0.0047367147253052355
2018-12-04,True,375,853519.0,0,0,0,True,False,0.001563137148294258
2018-12-05,True,375,759978.0,0,0,0,True,False,-0.00713681718247916
2018-12-06,True,375,771446.0,0,0,0,True,False,-0.002271139063591776
2018-12-07,True,375,507746.0,0,0,0,True,False,0.0032959552896500988
2018-12-10,True,375,595922.0,0,0,0,True,False,-0.02149616139975019
2018-12-11,True,375,810833.0,0,0,0,True,False,-0.013688411472903006
2018-12-12,True,375,1233212.0,0,0,0,True,False,0.013097650679276374
2018-12-13,True,375,1226624.0,0,0,0,True,False,-0.008019611276484095
2018-12-14,True,375,1871214.0,0,0,0,True,False,0.007586653243204511
2018-12-17,True,375,1546205.0,0,0,0,True,False,0.0007852509388870388
2018-12-18,True,375,684731.0,0,0,0,True,False,0.0012494360184638342
2018-12-19,True,375,399113.0,0,0,0,True,False,0.007106320162037827
2018-12-20,True,375,1007127.0,0,0,0,True,False,-0.01722042139384128
2018-12-21,True,375,1741809.0,0,0,0,True,False,0.01313747801799936
2018-12-24,True,375,873160.0,0,0,0,True,False,0.007473259191046244
2018-12-26,True,375,695095.0,0,0,0,True,False,-0.005482533211499274
2018-12-27,True,375,816189.0,0,0,0,True,False,0.005284552845528534
2018-12-28,True,375,438101.0,0,0,0,True,False,0.0026878941383232657
2018-12-31,True,375,463705.0,0,0,0,True,False,0.009164829106945938
2019-01-01,True,375,1065065.0,0,0,0,True,False,0.011682650392327965
2019-01-02,True,375,817502.0,0,0,0,True,False,-0.015396589063345845
2019-01-03,True,375,954571.0,0,0,0,True,False,0.0
2019-01-04,True,375,1192551.0,0,0,0,True,False,0.0004882301656494725
2019-01-07,True,375,788498.0,0,0,0,True,False,0.007475054963639538
2019-01-08,True,375,682644.0,0,0,0,True,False,-0.003085384666979718
2019-01-09,True,375,904909.0,0,0,0,True,False,0.015871961747907948
2019-01-10,True,375,677841.0,0,0,0,True,False,0.010034647316467193
2019-01-11,True,375,1052944.0,0,0,0,True,False,0.0004201273308988007
2019-01-14,True,375,377018.0,0,0,0,True,False,0.0008809422819666679
2019-01-15,True,375,386663.0,0,0,0,True,False,0.001222615074513378
2019-01-16,True,375,861677.0,0,0,0,True,False,-0.003705493797325765
2019-01-17,True,375,689037.0,0,0,0,True,False,0.0007528148730033823
2019-01-18,True,375,620794.0,0,0,0,True,False,-0.001973294744458398
2019-01-21,True,375,975235.0,0,0,0,True,False,0.001122964626614209
2019-01-22,True,375,366529.0,0,0,0,True,False,0.008235666772252292
2019-01-23,True,375,551313.0,0,0,0,True,False,0.007726980038634812
2019-01-24,True,375,883960.0,0,0,0,True,False,0.011893639956880975
2019-01-25,True,375,956923.0,0,0,0,True,False,0.007798678557244365
2019-01-28,True,375,364511.0,0,0,0,True,False,0.008199643493761233
2019-01-29,True,375,480386.0,0,0,0,True,False,-0.004868168573662124
2019-01-30,True,375,478753.0,0,0,0,True,False,0.0067061703864033095
2019-01-31,True,375,737798.0,0,0,0,True,False,0.004960281801516864
2019-02-01,True,375,1830109.0,0,0,0,True,False,-0.0025990671841066293
2019-02-04,True,375,487335.0,0,0,0,True,False,-0.00433748425912972
2019-02-05,True,375,3283327.0,0,0,0,True,False,-0.03965584392592847
2019-02-06,True,375,721847.0,0,0,0,True,False,0.0
2019-02-07,True,375,416853.0,0,0,0,True,False,-0.004357145367019033
2019-02-08,True,375,441574.0,0,0,0,True,False,-0.0032321528948846545
2019-02-11,True,375,398124.0,0,0,0,True,False,0.008507967502353608
2019-02-12,True,375,251569.0,0,0,0,True,False,0.0
2019-02-13,True,375,294696.0,0,0,0,True,False,0.0067728804042672675
2019-02-14,True,375,1397724.0,0,0,0,True,False,-0.008665269042627433
2019-02-15,True,375,747919.0,0,0,0,True,False,-0.0028143604546273515
2019-02-18,True,375,799100.0,0,0,0,True,False,0.008048937540244605
2019-02-19,True,375,910821.0,0,0,0,True,False,0.005295961379111702
2019-02-20,True,375,457468.0,0,0,0,True,False,0.0027880044322123876
2019-02-21,True,375,624719.0,0,0,0,True,False,-0.007631699819806936
2019-02-22,True,375,531574.0,0,0,0,True,False,-0.0027399185049881147
2019-02-25,True,375,194421.0,0,0,0,True,False,0.0
2019-02-26,True,375,973503.0,0,0,0,True,False,-0.006920415224913379
2019-02-27,True,375,319098.0,0,0,0,True,False,0.012201023088621588
2019-02-28,True,375,1303864.0,0,0,0,True,False,0.003093476798924133
2019-03-01,True,375,3807239.0,0,0,0,True,False,-0.005148136783607704
2019-03-05,True,375,1307074.0,0,0,0,True,False,0.0
2019-03-06,True,375,1075290.0,0,0,0,True,False,0.009582743988684417
2019-03-07,True,375,504682.0,0,0,0,True,False,0.0032426335824049524
2019-03-08,True,375,851813.0,0,0,0,True,False,0.007974199036008045
2019-03-11,True,375,689703.0,0,0,0,True,False,0.0017651627480053111
2019-03-12,True,375,1895426.0,0,0,0,True,False,-0.005079282388565143
2019-03-13,True,375,2316717.0,0,0,0,True,False,-0.005686408551364042
2019-03-14,True,375,1110769.0,0,0,0,True,False,0.0007438551099612223
2019-03-15,True,375,1176458.0,0,0,0,True,False,-0.005071505071504889
2019-03-18,True,375,666313.0,0,0,0,True,False,0.00016113438607812114
2019-03-19,True,375,859965.0,0,0,0,True,False,0.004978240801793543
2019-03-20,True,375,454350.0,0,0,0,True,False,-0.0006133979015334745
2019-03-22,True,375,1864694.0,0,0,0,True,False,0.0029909945056731946
2019-03-25,True,375,509736.0,0,0,0,True,False,0.003908431044109317
2019-03-26,True,375,573917.0,0,0,0,True,False,0.00429456022371677
2019-03-27,True,375,879809.0,0,0,0,True,False,0.006991153374639625
2019-03-28,True,375,603262.0,0,0,0,True,False,0.0031155812929661852
2019-03-29,True,375,564884.0,0,0,0,True,False,0.0006255555921377276
2019-04-01,True,375,648507.0,0,0,0,True,False,0.00646728603788449
2019-04-02,True,375,1629877.0,0,0,0,True,False,0.0
2019-04-03,True,375,3074172.0,0,0,0,True,False,0.0
2019-04-04,True,375,2392603.0,0,0,0,True,False,0.004725192738124884
2019-04-05,True,375,590299.0,0,0,0,True,False,0.00448457854113915
2019-04-08,True,375,1250487.0,0,0,0,True,False,0.0003039698461910767
2019-04-09,True,375,1746445.0,0,0,0,True,False,0.008578168561012012
2019-04-10,True,375,608898.0,0,0,0,True,False,0.0
2019-04-11,True,375,2647168.0,0,0,0,True,False,0.009589393744368735
2019-04-12,True,375,1312573.0,0,0,0,True,False,0.0005966961874253052
2019-04-15,True,375,1376849.0,0,0,0,True,False,0.005524861878453136
2019-04-16,True,375,1112145.0,0,0,0,True,False,0.0005949771403519488
2019-04-18,True,375,838861.0,0,0,0,True,False,-0.0011516792728857306
2019-04-22,True,375,1289981.0,0,0,0,True,False,-0.002620942276114646
2019-04-23,True,375,2950636.0,0,0,0,True,False,0.005569306930693019
2019-04-24,True,375,1040682.0,0,0,0,True,False,-0.002049503389563223
2019-04-25,True,375,837261.0,0,0,0,True,False,-0.0029343629343628885
2019-04-26,True,375,1360046.0,0,0,0,True,False,-0.008115419296663595
2019-04-30,True,375,427528.0,0,0,0,True,False,-0.00384319754035356
2019-05-02,True,375,892669.0,0,0,0,True,False,0.009851446442533218
2019-05-03,True,375,1361456.0,0,0,0,True,False,-0.0035319410319410993
2019-05-06,True,375,1459223.0,0,0,0,True,False,-0.003906836964688187
2019-05-07,True,375,6124303.0,0,0,0,True,False,0.02025506376594155
2019-05-08,True,375,956895.0,0,0,0,True,False,0.0030878493129535833
2019-05-09,True,375,659955.0,0,0,0,True,False,-0.011538461538461497
2019-05-10,True,375,705314.0,0,0,0,True,False,0.0012558869701726483
2019-05-13,True,375,588097.0,0,0,0,True,False,0.0
2019-05-14,True,375,779565.0,0,0,0,True,False,-0.011882426516572897
2019-05-15,True,375,1181056.0,0,0,0,True,False,-0.006211180124223614
2019-05-16,True,375,386101.0,0,0,0,True,False,0.0034758954208855553
2019-05-17,True,375,459871.0,0,0,0,True,False,-0.0001544401544402163
2019-05-20,True,375,1255284.0,0,0,0,True,False,0.015443425076452577
2019-05-21,True,375,524104.0,0,0,0,True,False,0.0
2019-05-22,True,375,908761.0,0,0,0,True,False,0.0
2019-05-23,True,375,414778.0,0,0,0,True,False,0.0031203566121842385
2019-05-24,True,375,1108121.0,0,0,0,True,False,0.0036894923258559142
2019-05-27,True,375,658214.0,0,0,0,True,False,-0.009909399773499472
2019-05-28,True,375,436655.0,0,0,0,True,False,-0.0007163323782235498
2019-05-29,True,375,743525.0,0,0,0,True,False,-0.00520833333333337
2019-05-30,True,375,1504674.0,0,0,0,True,False,0.0041346721795627595
2019-05-31,True,375,1752587.0,0,0,0,True,False,0.00998408334539147
2019-06-03,True,375,987249.0,0,0,0,True,False,0.00991236891251246
2019-06-04,True,375,1304086.0,0,0,0,True,False,-0.0034071550255536653
2019-06-06,True,375,821621.0,0,0,0,True,False,0.0001417434443657939
2019-06-07,True,375,714303.0,0,0,0,True,False,-0.002115357495416692
2019-06-10,True,375,687094.0,0,0,0,True,False,-0.006162464985994376
2019-06-11,True,375,634214.0,0,0,0,True,False,-0.001512859304084735
2019-06-12,True,375,559033.0,0,0,0,True,False,-0.0013777900248002073
2019-06-13,True,375,419324.0,0,0,0,True,False,-0.010941828254847574
2019-06-14,True,375,310358.0,0,0,0,True,False,-0.003983516483516469
2019-06-17,True,375,627804.0,0,0,0,True,False,0.005229681978798695
2019-06-18,True,375,609574.0,0,0,0,True,False,-0.0014455044810638418
2019-06-19,True,375,384842.0,0,0,0,True,False,0.0008665511265164572
2019-06-20,True,375,416228.0,0,0,0,True,False,-0.002792475014697149
2019-06-21,True,375,1569393.0,0,0,0,True,False,-0.006149006149006042
2019-06-24,True,375,388728.0,0,0,0,True,False,0.0031972097078911688
2019-06-25,True,375,216981.0,0,0,0,True,False,-0.00014471780028946224
2019-06-26,True,375,567438.0,0,0,0,True,False,0.0067596720839926405
2019-06-27,True,375,2106842.0,0,0,0,True,False,0.005065123010130179
2019-06-28,True,375,1603736.0,0,0,0,True,False,0.0
2019-07-01,True,375,428971.0,0,0,0,True,False,0.0011540680900172795
2019-07-02,True,375,326319.0,0,0,0,True,False,0.0015784187114364912
2019-07-03,True,375,3814956.0,0,0,0,True,False,0.0005670541536717533
2019-07-04,True,375,458973.0,0,0,0,True,False,0.0012751487673563489
2019-07-05,True,375,525203.0,0,0,0,True,False,0.0017950842308753767
2019-07-08,True,375,376809.0,0,0,0,True,False,-0.007811429354529276
2019-07-09,True,375,278821.0,0,0,0,True,False,0.0026756794817630603
2019-07-10,True,375,416753.0,0,0,0,True,False,0.0013796909492274079
2019-07-11,True,375,352807.0,0,0,0,True,False,0.0006983240223463749
2019-07-12,True,375,523250.0,0,0,0,True,False,0.0008321775312067903
2019-07-15,True,375,289135.0,0,0,0,True,False,0.0
2019-07-16,True,375,242260.0,0,0,0,True,False,0.0
2019-07-17,True,375,465301.0,0,0,0,True,False,0.0
2019-07-18,True,375,686078.0,0,0,0,True,False,0.002159827213822796
2019-07-19,True,375,266202.0,0,0,0,True,False,0.001457725947521915
2019-07-22,True,375,521007.0,0,0,0,True,False,-0.004697592483852042
2019-07-23,True,375,916994.0,0,0,0,True,False,0.00882482718046762
2019-07-24,True,375,261144.0,0,0,0,True,False,0.0014556040756914523
2019-07-25,True,375,1054237.0,0,0,0,True,False,-0.01209082866411093
2019-07-26,True,375,508578.0,0,0,0,True,False,0.0011848341232227888
2019-07-29,True,375,345386.0,0,0,0,True,False,0.0034477589566781486
2019-07-30,True,375,1121440.0,0,0,0,True,False,0.008982035928143617
2019-07-31,True,375,1407272.0,0,0,0,True,False,-0.01137836670027359
2019-08-01,True,375,569168.0,0,0,0,True,False,-0.0029761904761904656
2019-08-02,True,375,8308737.0,0,0,0,True,False,0.021538461538461506
2019-08-05,True,375,2436042.0,0,0,0,True,False,-0.018612032895686026
2019-08-06,True,375,1616768.0,0,0,0,True,False,-0.016388888888888786
2019-08-07,True,375,1206687.0,0,0,0,True,False,-0.0027100271002710175
2019-08-08,True,375,1610345.0,0,0,0,True,False,0.0024650780608050926
2019-08-09,True,375,873963.0,0,0,0,True,False,0.0005379236148466138
2019-08-13,True,375,3282368.0,0,0,0,True,False,-0.026546287562323245
2019-08-14,True,375,947140.0,0,0,0,True,False,0.004101258662141172
2019-08-16,True,375,672000.0,0,0,0,True,False,-0.0012484394506866447
2019-08-19,True,375,496474.0,0,0,0,True,False,0.0
2019-08-20,True,375,700615.0,0,0,0,True,False,-0.0002773155851359954
2019-08-21,True,375,433658.0,0,0,0,True,False,0.0013986013986013734
2019-08-22,True,375,313694.0,0,0,0,True,False,-0.0021082220660576523
2019-08-23,True,375,653764.0,0,0,0,True,False,0.005824691007245475
2019-08-26,True,375,516328.0,0,0,0,True,False,0.005618766680713483
2019-08-27,True,375,914947.0,0,0,0,True,False,0.007224228952486866
2019-08-28,True,375,617980.0,0,0,0,True,False,0.0044546630262969344
2019-08-29,True,375,1200784.0,0,0,0,True,False,-0.016235632183908
2019-08-30,True,375,543379.0,0,0,0,True,False,0.0017421602787457413
2019-09-03,True,375,348193.0,0,0,0,True,False,-0.003748558246828182
2019-09-04,True,375,428243.0,0,0,0,True,False,0.0
2019-09-05,True,375,453873.0,0,0,0,True,False,0.0
2019-09-06,True,375,2447950.0,0,0,0,True,False,0.010532390708411388
2019-09-09,True,375,615106.0,0,0,0,True,False,0.003718003718003793
2019-09-11,True,375,617130.0,0,0,0,True,False,0.01273796192609189
2019-09-12,True,375,1061565.0,0,0,0,True,False,0.0068829891838742
2019-09-13,True,375,604078.0,0,0,0,True,False,0.0
2019-09-16,True,375,507594.0,0,0,0,True,False,-0.001600931451026133
2019-09-17,True,375,1132476.0,0,0,0,True,False,0.013953488372093092
2019-09-18,True,375,434319.0,0,0,0,True,False,0.0013190678587133853
2019-09-19,True,375,1263348.0,0,0,0,True,False,0.006843201428146317
2019-09-20,True,375,543723.0,0,0,0,True,False,0.00801186943620169
2019-09-23,False,361,3861215.0,0,15,0,False,False,0.008498583569405138
2019-09-24,False,367,732012.0,0,0,0,False,False,0.0014388489208632116
2019-09-25,True,375,400847.0,0,0,0,True,False,0.00014326647564466555
2019-09-26,True,375,477976.0,0,0,0,True,False,-0.0049598832968635875
2019-09-27,True,375,294500.0,0,0,0,True,False,0.0024770508523970225
2019-09-30,True,375,1009585.0,0,0,0,True,False,-0.004792782633211146
2019-10-01,True,375,1556913.0,0,0,0,True,False,-0.006044325050369337
2019-10-03,True,375,789299.0,0,0,0,True,False,-0.002982954545454608
2019-10-04,True,375,525191.0,0,0,0,True,False,0.0051948051948051965
2019-10-07,False,375,967629.0,0,11,0,True,False,-0.0020667257159727725
2019-10-09,True,375,593319.0,0,0,0,True,False,0.005273952534427195
2019-10-10,True,375,19825909.0,0,0,0,True,False,0.009738452977184231
2019-10-11,True,375,1555129.0,0,0,0,True,False,-0.00013333333333331865
2019-10-14,True,375,1217772.0,0,0,0,True,False,0.0
2019-10-15,True,375,1177130.0,0,0,0,True,False,-0.0075073164524748215
2019-10-16,True,375,1363755.0,0,0,0,True,False,-0.0031388961548521888
2019-10-17,True,375,889808.0,0,0,0,True,False,0.0024736362452806304
2019-10-18,True,375,433833.0,0,0,0,True,False,0.0
2019-10-22,True,375,1566873.0,0,0,0,True,False,-0.003913383772501944
2019-10-23,True,375,1490261.0,0,0,0,True,False,0.006602883708395124
2019-10-24,True,375,2646229.0,0,0,0,True,False,-0.01789678135405104
2019-10-25,True,375,5464900.0,0,0,0,True,False,-0.0033679105482958827
2019-10-27,False,60,,0,0,60,False,False,-0.000671591672263272
2019-10-29,True,375,6264002.0,0,0,0,True,False,-0.02733118971061088
2019-10-30,True,375,3989038.0,0,0,0,True,False,0.009700665188470126
2019-10-31,True,375,1143233.0,0,0,0,True,False,-0.0023126105291797483
2019-11-01,True,375,1932371.0,0,0,0,True,False,-0.026914836636314776
2019-11-04,True,375,930668.0,0,0,0,True,False,0.01298875200856986
2019-11-05,True,375,470096.0,0,0,0,True,False,-0.0009275208692196557
2019-11-06,True,375,1334769.0,0,0,0,True,False,0.0
2019-11-07,True,375,863462.0,0,0,0,True,False,0.010923803101820617
2019-11-08,True,375,593902.0,0,0,0,True,False,-0.006977992485238893
2019-11-11,True,375,495803.0,0,0,0,True,False,0.007736156351791701
2019-11-13,True,375,655859.0,0,0,0,True,False,0.0010761366693570196
2019-11-14,True,375,5318465.0,0,0,0,True,False,-0.02253174928308066
2019-11-15,True,375,8490721.0,0,0,0,True,False,-0.019051535087719285
2019-11-18,True,375,7566428.0,0,0,0,True,False,0.0050761421319796
2019-11-19,True,375,16248863.0,0,0,0,True,False,0.038559785914122235
2019-11-20,True,375,24911193.0,0,0,0,True,False,0.008208703474642975
2019-11-21,True,375,4711998.0,0,0,0,True,False,0.011659807956104329
2019-11-22,True,375,2914920.0,0,0,0,True,False,-0.009019561906993157
2019-11-25,True,375,3379693.0,0,0,0,True,False,0.007171029042667643
2019-11-26,True,375,4529834.0,0,0,0,True,False,-0.020686619718309762
2019-11-27,True,375,3481589.0,0,0,0,True,False,0.0031239153071851433
2019-11-28,True,375,1586882.0,0,0,0,True,False,-0.005051084835265729
2019-11-29,True,375,3393071.0,0,0,0,True,False,-0.0009090909090908594
2019-12-02,True,375,17003673.0,0,0,0,True,False,0.06703657569924126
2019-12-03,True,375,4437455.0,0,0,0,True,False,0.004558280876926446
2019-12-04,True,375,3623511.0,0,0,0,True,False,0.0
2019-12-05,True,375,4717724.0,0,0,0,True,False,0.005425347222222321
2019-12-06,False,375,2147354.0,0,201,0,True,False,0.0039014602608404836
2019-12-09,True,375,1967570.0,0,0,0,True,False,0.010497798848628559
2019-12-10,True,375,1529313.0,0,0,0,True,False,0.0
2019-12-11,True,375,1042995.0,0,0,0,True,False,-0.011453352607583622
2019-12-12,True,375,1763220.0,0,0,0,True,False,0.0035119519655602005
2019-12-13,True,375,1652482.0,0,0,0,True,False,0.004566210045662045
2019-12-16,True,375,906368.0,0,0,0,True,False,0.0009302325581395099
2019-12-17,True,375,2737428.0,0,0,0,True,False,0.008548023269618898
2019-12-18,True,375,5929860.0,0,0,0,True,False,0.015332197614991383
2019-12-19,True,375,595184.0,0,0,0,True,False,-0.003770135953387377
2019-12-20,True,375,3181828.0,0,0,0,True,False,-0.0014426811674620454
2019-12-23,True,375,891863.0,0,0,0,True,False,-0.008500772797526923
2019-12-24,True,375,1377459.0,0,0,0,True,False,0.0
2019-12-26,True,375,585704.0,0,0,0,True,False,-0.002628696604600189
2019-12-27,True,375,870976.0,0,0,0,True,False,0.002120299073764098
2019-12-30,True,375,1466208.0,0,0,0,True,False,0.008329679964927728
2019-12-31,True,375,1148201.0,0,0,0,True,False,0.0018512468692148953
2020-01-01,True,375,703093.0,0,0,0,True,False,0.00010964912280697625
2020-01-02,True,375,820922.0,0,0,0,True,False,0.0008816398501212408
2020-01-03,True,375,564888.0,0,0,0,True,False,0.0008785416209091679
2020-01-06,True,375,1099793.0,0,0,0,True,False,-0.007109263917751241
2020-01-07,True,375,551029.0,0,0,0,True,False,0.0078037904124861335
2020-01-08,True,375,1281400.0,0,0,0,True,False,-0.005504999438265323
2020-01-09,True,375,4746753.0,0,0,0,True,False,0.02070167792547406
2020-01-10,True,375,14906321.0,0,0,0,True,False,0.009009009009009139
2020-01-13,True,375,997816.0,0,0,0,True,False,0.002402271238261644
2020-01-14,True,375,1970892.0,0,0,0,True,False,0.000640204865556937
2020-01-15,True,375,1789955.0,0,0,0,True,False,-0.0010638297872340718
2020-01-16,True,375,1932282.0,0,0,0,True,False,0.0027783714468903042
2020-01-17,True,375,14369539.0,0,0,0,True,False,0.002532179784764832
2020-01-20,True,375,5297527.0,0,0,0,True,False,-0.0020000000000000018
2020-01-21,True,375,4193288.0,0,0,0,True,False,0.006016372423315985
2020-01-22,True,375,6383012.0,0,0,0,True,False,0.012291052114060896
2020-01-23,True,375,2502562.0,0,0,0,True,False,0.00048567265662935455
2020-01-24,True,375,2605759.0,0,0,0,True,False,-0.009420496717099769
2020-01-27,True,375,1148194.0,0,0,0,True,False,-0.006102793935348627
2020-01-28,True,375,2081858.0,0,0,0,True,False,0.003609756097560979
2020-01-29,True,375,5066734.0,0,0,0,True,False,0.002439520227688563
2020-01-30,True,375,1667023.0,0,0,0,True,False,0.002649276543713164
2020-01-31,True,375,3646602.0,0,0,0,True,False,0.012627040344933782
2020-02-01,True,375,231435.0,0,0,0,True,False,-0.006543843753146095
2020-02-03,True,375,2831664.0,0,0,0,True,False,0.0037434237150950622
2020-02-04,True,375,2731055.0,0,0,0,True,False,0.0019493177387914784
2020-02-05,True,375,7365959.0,0,0,0,True,False,-0.007662835249042099
2020-02-06,True,375,2476065.0,0,0,0,True,False,-0.0017723880597015906
2020-02-07,True,375,928241.0,0,0,0,True,False,0.003840526700804814
2020-02-10,True,375,848566.0,0,0,0,True,False,0.003529630317666843
2020-02-11,True,375,791076.0,0,0,0,True,False,0.0027881040892192566
2020-02-12,True,375,558303.0,0,0,0,True,False,0.003557386257255102
2020-02-13,True,375,581905.0,0,0,0,True,False,0.0
2020-02-14,True,375,1446317.0,0,0,0,True,False,0.006093057607090113
2020-02-17,True,375,4595463.0,0,0,0,True,False,0.002751153709620313
2020-02-18,True,375,2660096.0,0,0,0,True,False,-0.0037138562207091885
2020-02-19,True,375,3383584.0,0,0,0,True,False,0.00018214936247717972
2020-02-20,True,375,2347409.0,0,0,0,True,False,-0.0005514705882352366
2020-02-24,True,375,1517150.0,0,0,0,True,False,-0.004774146162320969
2020-02-25,True,375,1480833.0,0,0,0,True,False,0.0057552599301819996
2020-02-26,True,375,1520394.0,0,0,0,True,False,-0.005692953803079659
2020-02-27,True,375,1027514.0,0,0,0,True,False,-0.0007475238273219054
2020-02-28,True,375,2175076.0,0,0,0,True,False,-0.011766920832156691
2020-03-02,True,375,1968783.0,0,0,0,True,False,0.022107378696525792
2020-03-03,True,375,1168335.0,0,0,0,True,False,0.007789210501009558
2020-03-04,True,375,2455995.0,0,0,0,True,False,0.0033444816053511683
2020-03-05,True,375,1729197.0,0,0,0,True,False,0.019103313840155955
2020-03-06,True,375,1266890.0,0,0,0,True,False,-0.01680592480060772
2020-03-09,True,375,951622.0,0,0,0,True,False,-0.017341040462427793
2020-03-11,True,375,2309877.0,0,0,0,True,False,-0.01745183092908298
2020-03-12,True,375,1326380.0,0,0,0,True,False,-0.03137651821862353
2020-03-13,False,315,,0,0,0,False,False,-0.027849185946872357
2020-03-16,True,375,1708752.0,0,0,0,True,False,-0.035830951408738265
2020-03-17,True,375,2216641.0,0,0,0,True,False,0.007583965330444142
2020-03-18,True,375,931187.0,0,0,0,True,False,0.007225749945259485
2020-03-19,True,375,3377887.0,0,0,0,True,False,-0.05352272727272733
2020-03-20,True,375,1820598.0,0,0,0,True,False,0.0010122595883477192
2020-03-23,False,317,1161150.0,0,0,0,False,False,-0.09792027729636055
2020-03-24,True,375,1455305.0,0,0,0,True,False,-0.01675041876046901
2020-03-25,True,375,1578936.0,0,0,0,True,False,-0.012149192078726778
2020-03-26,True,375,2336645.0,0,0,0,True,False,0.0037655919039774055
2020-03-27,True,375,2476626.0,0,0,0,True,False,0.012258064516128986
2020-03-30,True,375,1840947.0,0,0,0,True,False,-0.013885803154854437
2020-03-31,True,375,2791913.0,0,0,0,True,False,0.020715195000578612
2020-04-01,True,375,941635.0,0,0,0,True,False,-0.0011350737797957144
2020-04-03,True,375,1754666.0,0,0,0,True,False,0.023696682464454888
2020-04-07,True,375,3852588.0,0,0,0,True,False,0.021339306767271804
2020-04-08,True,375,1759766.0,0,0,0,True,False,0.00925531914893618
2020-04-09,False,374,2276133.0,0,0,0,False,False,0.01716877227081315
2020-04-13,True,375,5469493.0,0,0,0,True,False,0.0020408163265306367
2020-04-15,True,375,4145729.0,0,0,0,True,False,0.04593535749265443
2020-04-16,True,375,2734676.0,0,0,0,True,False,-0.020568070519098924
2020-04-17,True,375,2094243.0,0,0,0,True,False,0.02200000000000002
2020-04-20,False,373,2112010.0,0,0,0,False,False,0.011354581673306718
2020-04-21,True,375,1352827.0,0,0,0,True,False,-0.014256619144602856
2020-04-22,True,375,4000347.0,0,0,0,True,False,0.029940119760478945
2020-04-23,True,375,1335598.0,0,0,0,True,False,0.0009973072703699515
2020-04-24,True,375,1255922.0,0,0,0,True,False,-0.00020202020202020332
2020-04-27,True,375,1728341.0,0,0,0,True,False,0.006161616161616257
2020-04-28,True,375,1381185.0,0,0,0,True,False,0.01025588952071499
2020-04-29,True,375,1195791.0,0,0,0,True,False,0.008317929759704246
2020-04-30,True,375,2042400.0,0,0,0,True,False,0.020486815415821535
2020-05-04,True,375,3830743.0,0,0,0,True,False,-0.023515693324263842
2020-05-05,True,375,6975590.0,0,0,0,True,False,0.013182674199623268
2020-05-06,True,375,2739264.0,0,0,0,True,False,0.0061494796594134815
2020-05-07,True,375,2278893.0,0,0,0,True,False,-0.0011904761904761862
2020-05-08,True,375,2510174.0,0,0,0,True,False,0.022727272727272707
2020-05-11,True,375,1548263.0,0,0,0,True,False,0.006419333522137194
2020-05-12,True,375,1932750.0,0,0,0,True,False,-0.010029717682020767
2020-05-13,True,375,3878728.0,0,0,0,True,False,0.015181282371852012
2020-05-14,True,375,1706806.0,0,0,0,True,False,-0.006131650135256961
2020-05-15,True,375,1874984.0,0,0,0,True,False,0.004064289673009425
2020-05-18,True,375,3371380.0,0,0,0,True,False,0.0037851478010093587
2020-05-19,True,375,15821086.0,0,0,0,True,False,0.03387634209552015
2020-05-20,True,375,11254114.0,0,0,0,True,False,0.013485216517296283
2020-05-21,True,375,2872244.0,0,0,0,True,False,-0.007396201042191963
2020-05-22,True,375,1529734.0,0,0,0,True,False,0.004120763602724731
2020-05-26,True,375,37183209.0,0,0,0,True,False,-0.035169098422872636
2020-05-27,True,375,4737808.0,0,0,0,True,False,0.005466439645129384
2020-05-28,True,375,2226871.0,0,0,0,True,False,0.004625922960590723
2020-05-29,True,375,3144302.0,0,0,0,True,False,-0.005967756301772598
2020-06-01,True,375,4672787.0,0,0,0,True,False,0.016363636363636358
2020-06-02,True,375,5729071.0,0,0,0,True,False,0.006075768406004212
2020-06-03,True,375,7257420.0,0,0,0,True,False,0.01610017889087656
2020-06-04,True,375,2595332.0,0,0,0,True,False,0.0005434782608695343
2020-06-05,True,375,14515487.0,0,0,0,True,False,0.0023169999141852138
2020-06-08,True,375,3810473.0,0,0,0,True,False,0.01152589024600048
2020-06-09,True,375,2136292.0,0,0,0,True,False,-0.006168608636052175
2020-06-10,True,375,3053999.0,0,0,0,True,False,0.007587788953590913
2020-06-11,True,375,1922462.0,0,0,0,True,False,0.004493787998942622
2020-06-12,True,375,4174056.0,0,0,0,True,False,-0.020852221214868516
2020-06-15,True,375,2110529.0,0,0,0,True,False,-0.006255585344057235
2020-06-16,True,375,2388245.0,0,0,0,True,False,0.014545454545454639
2020-06-17,True,375,2999374.0,0,0,0,True,False,0.006904805744798459
2020-06-18,True,375,2197578.0,0,0,0,True,False,0.0015975858702403922
2020-06-19,True,375,1338152.0,0,0,0,True,False,0.0016935555753629927
2020-06-22,True,375,1746240.0,0,0,0,True,False,0.002524593018194299
2020-06-23,True,375,1489922.0,0,0,0,True,False,0.00181034482758613
2020-06-24,True,375,979816.0,0,0,0,True,False,0.006234845860755067
2020-06-25,True,375,2202607.0,0,0,0,True,False,-0.008325127562438417
2020-06-26,True,375,1557983.0,0,0,0,True,False,0.0053859964093356805
2020-06-29,True,375,920558.0,0,0,0,True,False,-0.0017860332202178641
2020-06-30,True,375,2946404.0,0,0,0,True,False,0.008818342151675429
2020-07-01,True,375,3673490.0,0,0,0,True,False,0.02632753235162877
2020-07-02,True,375,979349.0,0,0,0,True,False,0.00821135308818266
2020-07-03,True,375,1488553.0,0,0,0,True,False,0.0056385930367850445
2020-07-06,True,375,3337479.0,0,0,0,True,False,0.011795092552733477
2020-07-07,True,375,2494520.0,0,0,0,True,False,0.005644811115935733
2020-07-08,True,375,1428249.0,0,0,0,True,False,0.007130909411039665
2020-07-09,True,375,1171638.0,0,0,0,True,False,0.0030232971723280766
2020-07-10,True,375,2877411.0,0,0,0,True,False,-0.0017540782318891113
2020-07-13,True,375,1715475.0,0,0,0,True,False,-0.00034800765616849194
2020-07-14,True,375,3615349.0,0,0,0,True,False,-0.0035799522673031214
2020-07-15,True,375,2838811.0,0,0,0,True,False,0.0012750765045903556
2020-07-16,True,375,2678803.0,0,0,0,True,False,-0.003697183098591572
2020-07-17,True,375,1432761.0,0,0,0,True,False,0.0010666666666667712
2020-07-20,True,375,1249724.0,0,0,0,True,False,0.0008764241893075564
2020-07-21,True,375,2280181.0,0,0,0,True,False,0.003633846686277975
2020-07-22,True,375,1464526.0,0,0,0,True,False,-0.00017602534765015498
2020-07-23,True,375,785618.0,0,0,0,True,False,0.0007900974453516341
2020-07-24,True,375,1100915.0,0,0,0,True,False,-0.004580690627202344
2020-07-27,True,375,2873984.0,0,0,0,True,False,-0.0028581636298676827
2020-07-28,True,375,1391283.0,0,0,0,True,False,0.0
2020-07-29,True,375,1671479.0,0,0,0,True,False,0.0011512575274530423
2020-07-30,True,375,11863973.0,0,0,0,True,False,0.01676963812886134
2020-07-31,True,375,2542642.0,0,0,0,True,False,-0.0001814882032667997
2020-08-03,True,375,1293724.0,0,0,0,True,False,-0.0010808863267880442
2020-08-04,True,375,1066433.0,0,0,0,True,False,-0.0001824484583106134
2020-08-05,True,375,1155535.0,0,0,0,True,False,0.007115489874110592
2020-08-06,True,375,1623716.0,0,0,0,True,False,0.004111548087236461
2020-08-07,True,375,1089682.0,0,0,0,True,False,0.0018018018018017834
2020-08-10,True,375,1014775.0,0,0,0,True,False,0.00668985817500678
2020-08-11,True,375,1156269.0,0,0,0,True,False,-0.003215434083601254
2020-08-12,True,375,1975864.0,0,0,0,True,False,-0.0032620514679231327
2020-08-13,True,375,10558228.0,0,0,0,True,False,-0.02430111456239714
2020-08-14,True,375,3174414.0,0,0,0,True,False,0.0118359739049394
2020-08-17,True,375,3744201.0,0,0,0,True,False,0.002930056710775064
2020-08-18,True,375,2285213.0,0,0,0,True,False,0.003363444166826879
2020-08-19,True,375,2408366.0,0,0,0,True,False,0.0018939393939394478
2020-08-20,True,375,1771615.0,0,0,0,True,False,-0.00942076298852712
2020-08-21,True,375,3861643.0,0,0,0,True,False,0.007224334600760329
2020-08-24,True,375,4073055.0,0,0,0,True,False,-0.002119460500963455
2020-08-25,True,375,4099620.0,0,0,0,True,False,0.006117647058823561
2020-08-26,True,375,2957811.0,0,0,0,True,False,-0.0004729026766291389
2020-08-27,True,375,4347551.0,0,0,0,True,False,0.0018502288440938042
2020-08-28,True,375,1995045.0,0,0,0,True,False,-0.00039039625219583485
2020-08-31,True,375,5689619.0,0,0,0,True,False,-0.008414610824249324
2020-09-01,True,375,3460959.0,0,0,0,True,False,0.007985975847292659
2020-09-02,True,375,7608047.0,0,0,0,True,False,0.00036376864314302537
2020-09-03,True,375,3006730.0,0,0,0,True,False,-0.0002723806065010326
2020-09-04,True,375,4537281.0,0,0,0,True,False,-0.01409757002411427
2020-09-07,True,375,3840790.0,0,0,0,True,False,0.001335113484646211
2020-09-08,True,375,4392128.0,0,0,0,True,False,0.0014556040756914523
2020-09-09,True,375,7533198.0,0,0,0,True,False,-0.004942505547710252
2020-09-10,True,375,2906619.0,0,0,0,True,False,0.008937437934458892
2020-09-11,True,375,2425831.0,0,0,0,True,False,0.002610441767068261
2020-09-14,True,375,2644632.0,0,0,0,True,False,0.008950366151342593
2020-09-15,True,375,7017762.0,0,0,0,True,False,0.004545454545454408
2020-09-16,True,375,2890366.0,0,0,0,True,False,0.003089598352214118
2020-09-17,True,375,1907130.0,0,0,0,True,False,-0.002908184461985819
2020-09-18,True,375,1519103.0,0,0,0,True,False,0.007089241034195171
2020-09-21,True,375,2116636.0,0,0,0,True,False,-0.0018112296236666436
2020-09-22,True,375,2931254.0,0,0,0,True,False,0.0020318682493851714
2020-09-23,True,375,11398229.0,0,0,0,True,False,-0.009123700403140256
2020-09-24,True,375,9169829.0,0,0,0,True,False,-0.016990291262136026
2020-09-25,True,375,3792275.0,0,0,0,True,False,0.012025241100130923
2020-09-28,True,375,2619383.0,0,0,0,True,False,0.013636363636363669
2020-09-29,True,375,2295641.0,0,0,0,True,False,0.003616636528029016
2020-09-30,True,375,2639480.0,0,0,0,True,False,0.005509641873278293
2020-10-01,True,375,2808959.0,0,0,0,True,False,0.015010721944245908
2020-10-05,True,375,1391706.0,0,0,0,True,False,0.004180699105794883
2020-10-06,True,375,1847255.0,0,0,0,True,False,0.007075471698113178
2020-10-07,True,375,1832474.0,0,0,0,True,False,0.000467726847521055
2020-10-08,True,375,1431353.0,0,0,0,True,False,0.006616257088846833
2020-10-09,True,375,4041955.0,0,0,0,True,False,0.00670351640597433
2020-10-12,True,375,2039741.0,0,0,0,True,False,0.00765155974102405
2020-10-13,True,375,5209669.0,0,0,0,True,False,0.01973365617433398
2020-10-14,True,375,2668443.0,0,0,0,True,False,0.0009615384615384581
2020-10-15,True,375,2410548.0,0,0,0,True,False,0.0019389238972369327
2020-10-16,True,375,6544272.0,0,0,0,True,False,0.013913261469039817
2020-10-19,True,375,1884201.0,0,0,0,True,False,0.0036060681422531715
2020-10-20,True,375,2614315.0,0,0,0,True,False,0.004166140638808269
2020-10-21,True,375,2597413.0,0,0,0,True,False,0.0001232589670898676
2020-10-22,True,375,5513634.0,0,0,0,True,False,-0.0011918951132300348
2020-10-23,True,375,3513229.0,0,0,0,True,False,0.009048723897911781
2020-10-26,True,375,2367540.0,0,0,0,True,False,0.0008064516129033805
2020-10-27,True,375,2930471.0,0,0,0,True,False,0.0003457017746024693
2020-10-28,True,375,38093692.0,0,0,0,True,False,0.03002309468822162
2020-10-29,True,375,4600283.0,0,0,0,True,False,0.00022341376228762755
2020-10-30,True,375,2497473.0,0,0,0,True,False,0.010552038209485692
2020-11-02,True,375,4922230.0,0,0,0,True,False,0.00508317929759694
2020-11-03,False,374,2482550.0,0,0,0,False,False,0.005709266578831862
2020-11-04,True,375,1296771.0,0,0,0,True,False,-0.004067274925799724
2020-11-05,True,375,1069470.0,0,0,0,True,False,0.012181616832779518
2020-11-06,True,375,1604552.0,0,0,0,True,False,-0.0021834061135370675
2020-11-09,True,375,3511646.0,0,0,0,True,False,0.013436979455857978
2020-11-10,True,375,2222939.0,0,0,0,True,False,0.0030684583641942265
2020-11-11,True,375,2404081.0,0,0,0,True,False,0.0020342612419699257
2020-11-12,True,375,2717130.0,0,0,0,True,False,-0.001361256544502587
2020-11-13,True,375,1081143.0,0,0,0,True,False,-0.0041753653444676075
2020-11-14,False,60,,0,0,60,False,False,0.02149973780807546
2020-11-17,True,375,4913959.0,0,0,0,True,False,0.02292144196707646
2020-11-18,True,375,1295440.0,0,0,0,True,False,-0.001135190918472695
2020-11-19,True,375,1268175.0,0,0,0,True,False,-0.0037672666387610354
2020-11-20,True,375,1616307.0,0,0,0,True,False,0.004054630815194082
2020-11-23,True,375,2472950.0,0,0,0,True,False,0.007451102142191912
2020-11-24,True,375,1383415.0,0,0,0,True,False,0.003460933403251154
2020-11-25,True,375,1486144.0,0,0,0,True,False,0.0027356902356903134
2020-11-26,True,375,2984725.0,0,0,0,True,False,0.010129310344827669
2020-11-27,True,375,1351856.0,0,0,0,True,False,-0.0023434171282487037
2020-12-01,False,376,2318642.0,0,0,1,False,False,0.0072136089577949924
2020-12-02,True,375,2682409.0,0,0,0,True,False,0.0037562604340568573
2020-12-03,True,375,2338833.0,0,0,0,True,False,0.005885389778007344
2020-12-04,True,375,4656791.0,0,0,0,True,False,0.01448218378828936
2020-12-07,True,375,5846765.0,0,0,0,True,False,0.0060606060606061
2020-12-08,True,375,4608771.0,0,0,0,True,False,0.008832188420019538
2020-12-09,True,375,1864731.0,0,0,0,True,False,0.003877124962719858
2020-12-10,True,375,1900405.0,0,0,0,True,False,-0.0025855210819411
2020-12-11,True,375,1783372.0,0,0,0,True,False,0.007529225282346008
2020-12-14,True,375,2870146.0,0,0,0,True,False,0.0037616313601267493
2020-12-15,True,375,2592986.0,0,0,0,True,False,0.00626616272130498
2020-12-16,True,375,1500937.0,0,0,0,True,False,-9.915716410513475e-05
2020-12-17,True,375,3644175.0,0,0,0,True,False,-0.0019305019305019266
2020-12-18,True,375,1839407.0,0,0,0,True,False,0.0001946282600233662
2020-12-21,True,375,1074415.0,0,0,0,True,False,-0.004120879120879217
2020-12-22,True,375,3290419.0,0,0,0,True,False,0.007854738345404622
2020-12-23,True,375,1203119.0,0,0,0,True,False,-9.993004896580171e-05
2020-12-24,True,375,5916162.0,0,0,0,True,False,0.026045777426992878
2020-12-28,True,375,1291094.0,0,0,0,True,False,0.00775043596202285
2020-12-29,True,375,1891551.0,0,0,0,True,False,0.0028763183125599667
2020-12-30,True,375,1314729.0,0,0,0,True,False,0.005281859214443463
2020-12-31,True,375,1869373.0,0,0,0,True,False,0.002617547261269948
2021-01-01,False,376,1292548.0,0,0,1,False,False,0.00687960687960687
2021-01-04,True,375,2155047.0,0,0,0,True,False,0.003883495145631022
2021-01-05,True,375,1366865.0,0,0,0,True,False,-0.006763285024154575
2021-01-06,True,375,2991747.0,0,0,0,True,False,0.0028234835945868397
2021-01-07,True,375,2532030.0,0,0,0,True,False,0.007575757575757569
2021-01-08,True,375,2109668.0,0,0,0,True,False,0.008815426997245135
2021-01-11,True,375,6003021.0,0,0,0,True,False,0.0026849365799463953
2021-01-12,True,375,2920150.0,0,0,0,True,False,0.003931608302093714
2021-01-13,True,375,20516873.0,0,0,0,True,False,0.03384615384615386
2021-01-14,False,376,3848028.0,0,0,1,False,False,0.011105327086587069
2021-01-15,True,375,18406238.0,0,0,0,True,False,0.05221819437251862
2021-01-18,True,375,3798618.0,0,0,0,True,False,-0.001325710497970145
2021-01-19,True,375,1496934.0,0,0,0,True,False,0.009392076502732216
2021-01-20,True,375,2370648.0,0,0,0,True,False,0.0016911889058008889
2021-01-21,True,375,2224731.0,0,0,0,True,False,0.0066241824584940545
2021-01-22,True,375,1644672.0,0,0,0,True,False,-0.0023067065356685568
2021-01-25,True,375,1709177.0,0,0,0,True,False,0.0008643042350906516
2021-01-27,True,375,1962645.0,0,0,0,True,False,0.0011219470095795714
2021-01-28,True,375,2752511.0,0,0,0,True,False,-0.0077071290944122905
2021-01-29,True,375,2708131.0,0,0,0,True,False,0.010656883298392872
2021-02-01,False,376,1767307.0,0,0,1,False,False,0.012222725215029318
2021-02-02,True,375,2853487.0,0,0,0,True,False,0.008448275862068977
2021-02-03,True,375,3659817.0,0,0,0,True,False,0.014314247669773739
2021-02-04,True,375,17360469.0,0,0,0,True,False,0.004902761889197471
2021-02-05,True,375,4002168.0,0,0,0,True,False,0.006668889629876551
2021-02-08,True,375,2743394.0,0,0,0,True,False,0.008216364258815334
2021-02-09,True,375,3300777.0,0,0,0,True,False,0.002762662201758026
2021-02-10,True,375,6891407.0,0,0,0,True,False,0.008081986335610747
2021-02-11,True,375,3554589.0,0,0,0,True,False,0.004581707110130839
2021-02-12,True,375,2706599.0,0,0,0,True,False,0.00529678829662017
2021-02-15,True,375,3246829.0,0,0,0,True,False,0.010582010582010692
2021-02-16,True,375,1516066.0,0,0,0,True,False,0.000841042893187538
2021-02-17,True,375,2671266.0,0,0,0,True,False,0.005389473684210611
2021-02-18,True,375,5683071.0,0,0,0,True,False,-0.0016722408026755842
2021-02-19,True,375,3436882.0,0,0,0,True,False,0.0012728044123886395
2021-02-22,True,375,2638421.0,0,0,0,True,False,0.0008598452278589797
2021-02-23,True,375,3106236.0,0,0,0,True,False,0.010544815465729274
2021-02-24,False,224,2687625.0,0,0,75,False,False,0.0019400352733687232
2021-02-25,True,375,3912123.0,0,0,0,True,False,0.010454783063251538
2021-02-26,True,375,7472919.0,0,0,0,True,False,-0.009909521757862971
2021-03-01,True,375,7184028.0,0,0,0,True,False,0.007765938233700531
2021-03-02,True,375,6274944.0,0,0,0,True,False,0.014356760814488112
2021-03-03,True,375,4888446.0,0,0,0,True,False,0.012734151517947767
2021-03-04,True,375,2621428.0,0,0,0,True,False,-0.01252628691597335
2021-03-05,True,375,2517635.0,0,0,0,True,False,-0.0091675155106955
2021-03-08,True,375,1894825.0,0,0,0,True,False,-0.004686035613870709
2021-03-09,True,375,2009508.0,0,0,0,True,False,0.00952199581032187
2021-03-10,True,375,2750751.0,0,0,0,True,False,-0.004020677771395587
2021-03-12,True,375,2047575.0,0,0,0,True,False,0.00826681870011381
2021-03-15,True,375,2352942.0,0,0,0,True,False,0.006387644198684095
2021-03-16,True,375,3393206.0,0,0,0,True,False,0.002870813397129135
2021-03-17,True,375,1029056.0,0,0,0,True,False,-0.002358268087916282
2021-03-18,True,375,1448474.0,0,0,0,True,False,0.013388161040451374
2021-03-19,True,375,4014507.0,0,0,0,True,False,-0.004900113079532642
2021-03-22,True,375,2160456.0,0,0,0,True,False,0.002067863521007407
2021-03-23,True,375,1308071.0,0,0,0,True,False,0.004932650350977008
2021-03-24,True,375,2008787.0,0,0,0,True,False,-0.0009460737937558861
2021-03-25,True,375,1537904.0,0,0,0,True,False,0.002681992337164818
2021-03-26,True,375,1755961.0,0,0,0,True,False,0.010358094110683558
2021-03-30,True,375,1588492.0,0,0,0,True,False,0.008695652173912993
2021-03-31,True,375,945932.0,0,0,0,True,False,0.0006704980842913155
2021-04-01,True,375,1032657.0,0,0,0,True,False,0.00648470770422005
2021-04-05,True,375,1118938.0,0,0,0,True,False,0.0006724949562877391
2021-04-06,True,375,2013147.0,0,0,0,True,False,0.00085219202727016
2021-04-07,True,375,4893806.0,0,0,0,True,False,0.008450704225352101
2021-04-08,True,375,3131434.0,0,0,0,True,False,0.01165587419056413
2021-04-09,True,375,2186292.0,0,0,0,True,False,-0.004612546125461248
2021-04-12,True,375,1969953.0,0,0,0,True,False,-0.012491962891522101
2021-04-13,True,375,940507.0,0,0,0,True,False,0.005539637058261659
2021-04-15,True,375,2534659.0,0,0,0,True,False,0.005867560771165126
2021-04-16,True,375,1361056.0,0,0,0,True,False,0.0037171266610909193
2021-04-19,True,375,1734554.0,0,0,0,True,False,-0.012706362455945142
2021-04-20,True,375,1178025.0,0,0,0,True,False,0.004557538928978255
2021-04-22,True,375,1241725.0,0,0,0,True,False,0.0013225014169659932
2021-04-23,True,375,513470.0,0,0,0,True,False,-0.0035788284045958907
2021-04-26,True,375,1189048.0,0,0,0,True,False,0.0002870264064294137
2021-04-27,True,375,1111397.0,0,0,0,True,False,0.0003793266951162
2021-04-28,True,375,2539672.0,0,0,0,True,False,0.0008403361344537785
2021-04-29,True,375,1518476.0,0,0,0,True,False,0.010942528735632173
2021-04-30,True,375,1257773.0,0,0,0,True,False,-0.012402813772676824
2021-05-03,True,375,1283137.0,0,0,0,True,False,-0.011470670521309345
2021-05-04,True,375,3408817.0,0,0,0,True,False,0.008733624454148714
2021-05-05,True,375,1680151.0,0,0,0,True,False,0.00988303563333015
2021-05-06,False,374,,0,0,0,False,False,0.00026795284030023403
2021-05-07,True,375,1242818.0,0,0,0,True,False,0.005194339960594929
2021-05-10,True,375,1826378.0,0,0,0,True,False,0.007042253521126751
2021-05-11,True,375,1083732.0,0,0,0,True,False,-0.010325516275813795
2021-05-12,True,375,1041255.0,0,0,0,True,False,0.0009692483919288009
2021-05-14,True,375,1183582.0,0,0,0,True,False,0.003558718861210064
2021-05-17,True,375,1642784.0,0,0,0,True,False,0.0068737725406178285
2021-05-18,True,375,9208219.0,0,0,0,True,False,-0.0005476451259582849
2021-05-19,True,375,2173714.0,0,0,0,True,False,0.002049180327868827
2021-05-20,True,375,2046045.0,0,0,0,True,False,0.005777062221801188
2021-05-21,True,375,1678086.0,0,0,0,True,False,0.003933231005372129
2021-05-24,True,375,1368030.0,0,0,0,True,False,0.0
2021-05-25,True,375,1538247.0,0,0,0,True,False,0.005693680015183222
2021-05-26,True,375,800360.0,0,0,0,True,False,0.004366812227074135
2021-05-27,True,375,1965422.0,0,0,0,True,False,0.0014276196821165765
2021-05-28,True,375,1507811.0,0,0,0,True,False,0.003940792003075622
2021-05-31,True,375,2714767.0,0,0,0,True,False,0.0009523809523810378
2021-06-01,True,375,2345291.0,0,0,0,True,False,0.0028923306587052
2021-06-02,True,375,1027767.0,0,0,0,True,False,-0.005256241787122362
2021-06-03,True,375,983812.0,0,0,0,True,False,0.0007552870090634656
2021-06-04,True,375,1056611.0,0,0,0,True,False,0.005176957831325213
2021-06-07,True,375,1341865.0,0,0,0,True,False,0.002628614344724056
2021-06-08,True,375,979820.0,0,0,0,True,False,0.0036370418726103804
2021-06-09,True,375,2499486.0,0,0,0,True,False,0.004200146092038004
2021-06-10,True,375,796479.0,0,0,0,True,False,0.007408779403593302
2021-06-11,True,375,831104.0,0,0,0,True,False,0.0009174311926605228
2021-06-14,True,375,1517060.0,0,0,0,True,False,-0.0012003693444135877
2021-06-15,True,375,1076782.0,0,0,0,True,False,0.0034313270889363423
2021-06-16,True,375,745654.0,0,0,0,True,False,0.0039693529031661345
2021-06-17,True,375,1499381.0,0,0,0,True,False,0.006529850746268551
2021-06-18,True,375,1043386.0,0,0,0,True,False,0.006058311245740189
2021-06-21,True,375,1117248.0,0,0,0,True,False,-0.010907746348678082
2021-06-22,True,375,2334805.0,0,0,0,True,False,0.016318961520630504
2021-06-23,True,375,608794.0,0,0,0,True,False,0.002982848620432632
2021-06-24,True,375,556981.0,0,0,0,True,False,0.0020603109196479785
2021-06-25,True,375,711031.0,0,0,0,True,False,0.002736623572709096
2021-06-28,True,375,508088.0,0,0,0,True,False,0.00467726847521055
2021-06-29,True,375,489726.0,0,0,0,True,False,-0.0004703668861711918
2021-06-30,True,375,837198.0,0,0,0,True,False,0.001996387489304974
2021-07-01,True,375,1027765.0,0,0,0,True,False,0.0018939393939394478
2021-07-02,True,375,1226666.0,0,0,0,True,False,0.004971319311663613
2021-07-05,True,375,781622.0,0,0,0,True,False,0.004375118889100138
2021-07-06,True,375,1011535.0,0,0,0,True,False,-0.0011448196908987462
2021-07-07,True,375,1271335.0,0,0,0,True,False,-0.0072106261859581355
2021-07-08,True,375,751854.0,0,0,0,True,False,-0.00018864365214110723
2021-07-09,True,375,527541.0,0,0,0,True,False,0.0
2021-07-12,True,375,1028034.0,0,0,0,True,False,0.0039117071807768244
2021-07-13,True,375,635374.0,0,0,0,True,False,0.0074584592145012785
2021-07-14,True,375,428925.0,0,0,0,True,False,-0.0029214965601732645
2021-07-15,True,375,644059.0,0,0,0,True,False,0.00443270772422899
2021-07-16,True,375,781022.0,0,0,0,True,False,0.002949852507374562
2021-07-19,True,375,1621287.0,0,0,0,True,False,-0.003604769387189233
2021-07-20,True,375,923130.0,0,0,0,True,False,0.0017740429505135324
2021-07-22,True,375,900358.0,0,0,0,True,False,0.01084887704606019
2021-07-23,True,375,1925033.0,0,0,0,True,False,0.0001826150474799615
2021-07-26,True,375,922498.0,0,0,0,True,False,-0.003291880029261063
2021-07-27,True,375,777259.0,0,0,0,True,False,0.0051565377532227785
2021-07-28,True,375,1199884.0,0,0,0,True,False,-0.001203369434416346
2021-07-29,True,375,3298362.0,0,0,0,True,False,0.011897417819688005
2021-07-30,True,375,1072898.0,0,0,0,True,False,-0.0006181015452538796
2021-08-02,True,375,1536268.0,0,0,0,True,False,0.002213368747233213
2021-08-03,True,375,1133539.0,0,0,0,True,False,0.004953998584571684
2021-08-04,True,375,3664079.0,0,0,0,True,False,-0.005792340278378161
2021-08-05,False,376,8894140.0,0,0,1,False,False,0.0046972860125262805
2021-08-06,True,375,5040540.0,0,0,0,True,False,-0.003519946362722126
2021-08-09,True,375,2019748.0,0,0,0,True,False,0.004115226337448652
2021-08-10,True,375,1065448.0,0,0,0,True,False,0.00693921912883555
2021-08-11,True,375,4297530.0,0,0,0,True,False,0.0004823926676316148
2021-08-12,True,375,1960815.0,0,0,0,True,False,0.00646203554119551
2021-08-13,True,375,846325.0,0,0,0,True,False,0.0033005957172758116
2021-08-16,True,375,1424874.0,0,0,0,True,False,0.004008173530336334
2021-08-17,True,375,1483689.0,0,0,0,True,False,0.002133712660028264
2021-08-18,True,375,1011424.0,0,0,0,True,False,-0.00015974440894572783
2021-08-20,True,375,2796663.0,0,0,0,True,False,-0.004739336492891044
2021-08-23,True,375,1038895.0,0,0,0,True,False,0.012111292962356801
2021-08-24,True,375,959339.0,0,0,0,True,False,0.008836051088440877
2021-08-25,True,375,1127877.0,0,0,0,True,False,0.0058181818181819445
2021-08-26,True,375,3955203.0,0,0,0,True,False,-0.0032679738562091387
2021-08-27,True,375,2190557.0,0,0,0,True,False,0.005893909626718985
2021-08-30,True,375,10313635.0,0,0,0,True,False,0.012830316934318908
2021-08-31,True,375,8249482.0,0,0,0,True,False,0.0016799999999999038
2021-09-01,True,375,6751544.0,0,0,0,True,False,0.00952093093546913
2021-09-02,True,375,3963028.0,0,0,0,True,False,0.009036825062128218
2021-09-03,True,375,1096824.0,0,0,0,True,False,0.004209260372820101
2021-09-06,True,375,1430124.0,0,0,0,True,False,0.010187015356545537
2021-09-07,True,375,1588805.0,0,0,0,True,False,0.004503816793893112
2021-09-08,True,375,5210970.0,0,0,0,True,False,0.008403361344537785
2021-09-09,True,375,2351295.0,0,0,0,True,False,0.0005992958274028126
2021-09-13,True,375,5104795.0,0,0,0,True,False,0.008746355685131268
2021-09-14,True,375,1602430.0,0,0,0,True,False,0.005788712011577379
2021-09-15,True,375,4589674.0,0,0,0,True,False,0.0038165190465901944
2021-09-16,True,375,9138696.0,0,0,0,True,False,0.011004126547455195
2021-09-17,True,375,2950023.0,0,0,0,True,False,0.006983240223463749
2021-09-20,True,375,3648881.0,0,0,0,True,False,-0.006168608636052064
2021-09-21,True,375,1828758.0,0,0,0,True,False,0.0023571824736550173
2021-09-22,True,375,2634905.0,0,0,0,True,False,0.0006882312456986117
2021-09-23,True,375,4756341.0,0,0,0,True,False,0.008803301237964245
2021-09-24,True,375,9824015.0,0,0,0,True,False,0.00288878189696673
2021-09-27,True,375,2663395.0,0,0,0,True,False,-0.016084527895551592
2021-09-28,True,375,1128511.0,0,0,0,True,False,0.00499445061043291
2021-09-29,True,375,3508543.0,0,0,0,True,False,0.0016526550262268014
2021-09-30,True,375,1801228.0,0,0,0,True,False,0.004040404040404066
2021-10-01,True,375,2218091.0,0,0,0,True,False,-0.0009447674418604501
2021-10-04,True,375,2904988.0,0,0,0,True,False,-0.0007401924500369805
2021-10-05,True,375,7315605.0,0,0,0,True,False,0.0029308323563892458
2021-10-06,True,375,3011741.0,0,0,0,True,False,0.008934953538241697
2021-10-07,True,375,1342765.0,0,0,0,True,False,0.00987009216924295
2021-10-08,True,375,757057.0,0,0,0,True,False,0.00382671480144392
2021-10-11,True,375,816691.0,0,0,0,True,False,-0.0019439844481244917
2021-10-12,True,375,2833482.0,0,0,0,True,False,-0.001372931570200242
2021-10-13,True,375,983273.0,0,0,0,True,False,0.004373177842565523
2021-10-14,True,375,587285.0,0,0,0,True,False,0.0044934048412814676
2021-10-18,True,375,1203456.0,0,0,0,True,False,0.01655532965437123
2021-10-19,True,375,1634582.0,0,0,0,True,False,0.02748787299720723
2021-10-20,True,375,1669901.0,0,0,0,True,False,0.002052785923753575
2021-10-21,True,375,1399101.0,0,0,0,True,False,0.0031748271482996415
2021-10-22,True,375,927097.0,0,0,0,True,False,0.002871500358937462
2021-10-25,True,375,2298218.0,0,0,0,True,False,-0.0028776978417266452
2021-10-26,True,375,2490000.0,0,0,0,True,False,0.006517016654598029
2021-10-27,True,375,1340983.0,0,0,0,True,False,0.004596380350473828
2021-10-28,True,375,1775934.0,0,0,0,True,False,0.0010683760683760646
2021-10-29,True,375,1493318.0,0,0,0,True,False,0.002316825948450729
2021-11-01,False,374,5015290.0,0,0,0,False,False,0.00605132691746868
2021-11-02,True,375,1141785.0,0,0,0,True,False,-0.002380285634276169
2021-11-03,True,375,8123473.0,0,0,0,True,False,0.015176947824870668
2021-11-04,False,60,,0,0,60,False,False,0.00931899641577072
2021-11-08,True,375,1665792.0,0,0,0,True,False,0.0063300142247511015
2021-11-09,True,375,732902.0,0,0,0,True,False,0.0028180921516134383
2021-11-10,True,375,1053407.0,0,0,0,True,False,0.007017543859649145
2021-11-11,True,375,1788199.0,0,0,0,True,False,-0.0021721422753190334
2021-11-12,True,375,1123259.0,0,0,0,True,False,0.0061770761839397
2021-11-15,True,375,1073336.0,0,0,0,True,False,-0.002292031818794671
2021-11-16,True,375,742863.0,0,0,0,True,False,0.003383636732760431
2021-11-17,True,375,2435739.0,0,0,0,True,False,-0.0054221002059026135
2021-11-18,True,375,555204.0,0,0,0,True,False,0.0001387925052047656
2021-11-22,True,375,15182304.0,0,0,0,True,False,0.03605180259012952
2021-11-23,True,375,2435930.0,0,0,0,True,False,0.004923450461995049
2021-11-24,True,375,5695125.0,0,0,0,True,False,0.0079155672823219
2021-11-25,True,375,1400395.0,0,0,0,True,False,0.002840533756110375
2021-11-26,True,375,1691719.0,0,0,0,True,False,-0.002614379084967311
2021-11-29,True,375,4198171.0,0,0,0,True,False,0.021947407759733695
2021-11-30,True,375,1259412.0,0,0,0,True,False,0.002438363587103698
2021-12-01,True,375,1841363.0,0,0,0,True,False,0.009711412631723926
2021-12-02,True,375,1715482.0,0,0,0,True,False,0.001937716262975675
2021-12-03,True,375,1182255.0,0,0,0,True,False,-0.002732240437158473
2021-12-06,True,375,835188.0,0,0,0,True,False,-0.0002784739626845445
2021-12-07,True,375,1072915.0,0,0,0,True,False,0.008254378409417118
2021-12-08,True,375,1925608.0,0,0,0,True,False,0.008800171710667382
2021-12-09,True,375,1047428.0,0,0,0,True,False,0.0023072082779835856
2021-12-10,True,375,566763.0,0,0,0,True,False,-0.003503854239663595
2021-12-13,True,375,422134.0,0,0,0,True,False,0.0071841104380898635
2021-12-14,True,375,797471.0,0,0,0,True,False,-0.00560323427193421
2021-12-15,True,375,1730809.0,0,0,0,True,False,-0.00021679433444132812
2021-12-16,True,375,831549.0,0,0,0,True,False,0.005685131195335202
2021-12-17,True,375,1260884.0,0,0,0,True,False,-0.007288629737609353
2021-12-20,False,371,,0,0,0,False,False,-0.01095355990696989
2021-12-21,True,375,1645230.0,0,0,0,True,False,0.008965884051364004
2021-12-22,True,375,1025444.0,0,0,0,True,False,0.0014263193453945
2021-12-23,True,375,665008.0,0,0,0,True,False,0.004373177842565523
2021-12-24,True,375,501792.0,0,0,0,True,False,0.004565537555228261
2021-12-27,True,375,317750.0,0,0,0,True,False,-0.001700931814820228
2021-12-28,True,375,547079.0,0,0,0,True,False,0.004877688271377023
2021-12-29,True,375,273723.0,0,0,0,True,False,0.0009568673634625657
2021-12-30,True,375,632893.0,0,0,0,True,False,0.0028865368958626014
2021-12-31,True,375,1133369.0,0,0,0,True,False,-0.0036603221083455484
2022-01-03,True,375,408422.0,0,0,0,True,False,0.004894440791876509
2022-01-04,True,375,1119990.0,0,0,0,True,False,0.0007228044813878398
2022-01-05,True,375,1155581.0,0,0,0,True,False,0.005234851201147306
2022-01-06,True,375,3988117.0,0,0,0,True,False,0.0028571428571428914
2022-01-07,True,375,905940.0,0,0,0,True,False,0.004431938093563126
2022-01-10,True,375,450192.0,0,0,0,True,False,-0.00014174344436568287
2022-01-11,True,375,1185509.0,0,0,0,True,False,-0.0023415880224224583
2022-01-12,True,375,913020.0,0,0,0,True,False,0.006754835039817886
2022-01-13,True,375,1313016.0,0,0,0,True,False,-0.00136986301369868
2022-01-14,True,375,606618.0,0,0,0,True,False,-0.0023235153420350096
2022-01-17,True,375,428170.0,0,0,0,True,False,-0.002148153281130827
2022-01-18,True,375,445988.0,0,0,0,True,False,-0.0013736263736263687
2022-01-19,True,375,776940.0,0,0,0,True,False,0.00021012817818877316
2022-01-20,True,375,388347.0,0,0,0,True,False,0.003624991115217746
2022-01-21,True,375,480238.0,0,0,0,True,False,-0.01238691718858731
2022-01-24,True,375,1191878.0,0,0,0,True,False,-0.005904377880184386
2022-01-25,True,375,1777953.0,0,0,0,True,False,-0.00538025301730416
2022-01-27,True,375,1294549.0,0,0,0,True,False,-0.004087961657738948
2022-01-28,True,375,7295171.0,0,0,0,True,False,0.006901408450704194
2022-01-31,True,375,1477521.0,0,0,0,True,False,0.015341701534170138
2022-02-01,True,375,454165.0,0,0,0,True,False,0.004728942498800626
2022-02-02,True,375,519696.0,0,0,0,True,False,0.0014481759878630651
2022-02-03,True,375,397788.0,0,0,0,True,False,0.0012412081092263438
2022-02-04,True,375,488059.0,0,0,0,True,False,0.0015277777777777946
2022-02-07,True,375,640953.0,0,0,0,True,False,-0.0019460661662495937
2022-02-08,True,375,1042418.0,0,0,0,True,False,0.004519774011299438
2022-02-09,True,375,2196970.0,0,0,0,True,False,0.0007076139258419545
2022-02-10,True,375,1006015.0,0,0,0,True,False,0.004236699541602995
2022-02-11,True,375,835395.0,0,0,0,True,False,0.0002772002772002402
2022-02-14,True,375,1311099.0,0,0,0,True,False,-0.012899607403253022
2022-02-15,True,375,517510.0,0,0,0,True,False,0.010159651669085612
2022-02-16,True,375,631829.0,0,0,0,True,False,0.00829234012649338
2022-02-17,True,375,798576.0,0,0,0,True,False,0.006599972210643346
2022-02-18,True,375,508138.0,0,0,0,True,False,-0.006557377049180357
2022-02-21,True,375,327804.0,0,0,0,True,False,-0.005547752808988782
2022-02-22,True,375,833661.0,0,0,0,True,False,-0.02259767687434
2022-02-23,True,375,486446.0,0,0,0,True,False,0.00574630081884786
2022-02-24,True,375,1898898.0,0,0,0,True,False,-0.02738163148887629
2022-02-25,True,375,808099.0,0,0,0,True,False,0.011194029850746245
2022-02-28,True,375,1512185.0,0,0,0,True,False,-0.011611030478954953
2022-03-02,True,375,1513253.0,0,0,0,True,False,-0.00269738280965226
2022-03-03,True,375,724580.0,0,0,0,True,False,-0.000888099467140302
2022-03-04,True,375,677955.0,0,0,0,True,False,-0.01071109788753355
2022-03-07,False,359,,0,0,0,False,False,-0.022900763358778664
2022-03-08,True,375,1173427.0,0,0,0,True,False,-0.0032486709982280093
2022-03-09,True,375,1929752.0,0,0,0,True,False,0.0007336757153337814
2022-03-10,True,375,1311796.0,0,0,0,True,False,0.012439430100527948
2022-03-11,True,375,442446.0,0,0,0,True,False,-0.0004304160688665126
2022-03-14,True,375,510429.0,0,0,0,True,False,-0.009000576036866326
2022-03-15,True,375,838425.0,0,0,0,True,False,-0.0005719187875321552
2022-03-16,True,375,495400.0,0,0,0,True,False,0.012838801711840153
2022-03-17,True,375,1067384.0,0,0,0,True,False,0.011235955056179803
2022-03-21,True,375,1516741.0,0,0,0,True,False,-0.0019353055017969911
2022-03-22,True,375,252800.0,0,0,0,True,False,0.001413427561837377
2022-03-23,True,375,1051193.0,0,0,0,True,False,0.00048685491723476915
2022-03-24,True,375,572765.0,0,0,0,True,False,-0.011051289317086876
2022-03-25,True,375,517673.0,0,0,0,True,False,0.009209407764239064
2022-03-28,True,375,427052.0,0,0,0,True,False,0.005623901581722324
2022-03-29,True,375,2862136.0,0,0,0,True,False,0.00461329715061054
2022-03-30,True,375,2584338.0,0,0,0,True,False,0.01227604512276037
2022-03-31,True,375,662247.0,0,0,0,True,False,0.005810458825886711
2022-04-01,True,375,1204369.0,0,0,0,True,False,0.00369881109643333
2022-04-04,True,375,857723.0,0,0,0,True,False,-0.00019788918205798645
2022-04-05,True,375,547161.0,0,0,0,True,False,0.0011735558742991259
2022-04-06,True,375,608125.0,0,0,0,True,False,-0.0007193774115492602
2022-04-07,True,375,1781750.0,0,0,0,True,False,0.0015507883173946357
2022-04-08,True,375,603407.0,0,0,0,True,False,0.006550075325866267
2022-04-11,True,375,670039.0,0,0,0,True,False,-0.007603565810172963
2022-04-12,True,375,593885.0,0,0,0,True,False,0.002043776371308148
2022-04-13,True,375,781993.0,0,0,0,True,False,0.0
2022-04-18,True,375,755330.0,0,0,0,True,False,-0.004392485471009566
2022-04-19,True,375,1759017.0,0,0,0,True,False,0.00908035775244076
2022-04-20,True,375,623540.0,0,0,0,True,False,0.014662960389159041
2022-04-21,True,375,646509.0,0,0,0,True,False,0.0073803236508902526
2022-04-22,True,375,621778.0,0,0,0,True,False,-0.010088699302593374
2022-04-25,True,375,410065.0,0,0,0,True,False,-0.009431401818428498
2022-04-26,True,375,441757.0,0,0,0,True,False,0.007437457741717335
2022-04-27,True,375,603778.0,0,0,0,True,False,-0.007936507936507908
2022-04-28,True,375,582550.0,0,0,0,True,False,-0.0013297872340425343
2022-04-29,True,375,954812.0,0,0,0,True,False,0.0069630423138726805
2022-05-02,True,375,812285.0,0,0,0,True,False,-0.008108108108108136
2022-05-04,True,375,1137802.0,0,0,0,True,False,-0.005599406328003709
2022-05-05,True,375,666196.0,0,0,0,True,False,0.0037328909166320923
2022-05-06,True,375,484537.0,0,0,0,True,False,-0.015366512078632266
2022-05-09,True,375,447106.0,0,0,0,True,False,-0.006891701828410701
2022-05-10,True,375,910900.0,0,0,0,True,False,-0.001404494382022503
2022-05-11,True,375,1094886.0,0,0,0,True,False,0.0004865841790631098
2022-05-12,True,375,771300.0,0,0,0,True,False,-0.010308565103085754
2022-05-13,True,375,1296096.0,0,0,0,True,False,0.013647995450668304
2022-05-16,True,375,514796.0,0,0,0,True,False,0.0
2022-05-17,True,375,937081.0,0,0,0,True,False,0.004335260115607031
2022-05-18,True,375,5309402.0,0,0,0,True,False,0.021825396825396748
2022-05-19,True,375,1510482.0,0,0,0,True,False,-0.013039406382825414
2022-05-20,True,375,864866.0,0,0,0,True,False,0.01616116891742303
2022-05-23,True,375,806743.0,0,0,0,True,False,-0.006773982081724972
2022-05-24,True,375,570148.0,0,0,0,True,False,0.004152097902097918
2022-05-25,True,375,351292.0,0,0,0,True,False,0.0017645761341078536
2022-05-26,True,375,611038.0,0,0,0,True,False,0.0029069767441860517
2022-05-27,True,375,1064407.0,0,0,0,True,False,0.004394812680115212
2022-05-30,True,375,519956.0,0,0,0,True,False,0.0035766423357666
2022-05-31,True,375,738304.0,0,0,0,True,False,0.0020112052865968177
2022-06-01,True,375,449192.0,0,0,0,True,False,-0.005105296745373411
2022-06-02,True,375,678621.0,0,0,0,True,False,-0.009062140391254414
2022-06-03,True,375,1045910.0,0,0,0,True,False,0.0008615119534782778
2022-06-06,True,375,962289.0,0,0,0,True,False,-0.006842335128839583
2022-06-07,True,375,1171791.0,0,0,0,True,False,-0.008552631578947367
2022-06-08,True,375,2353470.0,0,0,0,True,False,-0.00618856934838008
2022-06-09,True,375,1437551.0,0,0,0,True,False,-0.007518796992481258
2022-06-10,True,375,583606.0,0,0,0,True,False,-0.013293943870014813
2022-06-13,True,375,1727747.0,0,0,0,True,False,-0.017123287671232834
2022-06-14,True,375,2012455.0,0,0,0,True,False,-0.004167286798630654
2022-06-15,True,375,796593.0,0,0,0,True,False,-0.001537335285505037
2022-06-16,True,375,841537.0,0,0,0,True,False,0.003083700440528636
2022-06-17,True,375,1924161.0,0,0,0,True,False,0.0038255547054322214
2022-06-20,True,375,362885.0,0,0,0,True,False,-0.000387476751394944
2022-06-21,True,375,315482.0,0,0,0,True,False,-0.0019429548457293722
2022-06-22,True,375,429894.0,0,0,0,True,False,-0.0063577173496743855
2022-06-23,True,375,679831.0,0,0,0,True,False,0.008322962041070303
2022-06-24,True,375,1020610.0,0,0,0,True,False,0.0019673123486683153
2022-06-27,True,375,585566.0,0,0,0,True,False,0.005961251862891315
2022-06-28,True,375,593428.0,0,0,0,True,False,-0.0048083928311233315
2022-06-29,True,375,334383.0,0,0,0,True,False,-0.008131272434253822
2022-06-30,True,375,752282.0,0,0,0,True,False,0.0055393586005829665
2022-07-01,True,375,529140.0,0,0,0,True,False,0.0010231674340424046
2022-07-04,True,375,504204.0,0,0,0,True,False,-0.003714710252600284
2022-07-05,True,375,415341.0,0,0,0,True,False,0.00175927283389532
2022-07-06,True,375,476801.0,0,0,0,True,False,0.0012433262634390374
2022-07-07,True,375,577822.0,0,0,0,True,False,-0.0014430014430014682
2022-07-08,True,375,367455.0,0,0,0,True,False,0.0013098530053849977
2022-07-11,True,375,3617256.0,0,0,0,True,False,-0.02737752161383289
2022-07-12,True,375,1681228.0,0,0,0,True,False,0.005533656761673722
2022-07-13,True,375,845399.0,0,0,0,True,False,0.013539066636411912
2022-07-14,True,375,942909.0,0,0,0,True,False,0.005102829751043592
2022-07-15,True,375,1212197.0,0,0,0,True,False,0.010825545171339712
2022-07-18,False,376,1043986.0,0,0,1,False,False,0.009216589861751112
2022-07-19,True,375,2667787.0,0,0,0,True,False,0.01040341291819491
2022-07-20,True,375,475958.0,0,0,0,True,False,0.012130683932425335
2022-07-21,True,375,361019.0,0,0,0,True,False,0.0007451564828613311
2022-07-22,True,375,351887.0,0,0,0,True,False,0.0036916715888954954
2022-07-25,True,375,581507.0,0,0,0,True,False,0.0025062656641605674
2022-07-26,True,375,541992.0,0,0,0,True,False,0.007527675276752799
2022-07-27,True,375,666768.0,0,0,0,True,False,0.002712212285588711
2022-07-28,True,375,575305.0,0,0,0,True,False,0.005629629629629651
2022-07-29,True,375,479123.0,0,0,0,True,False,0.008695652173912993
2022-08-01,True,375,1464294.0,0,0,0,True,False,0.0
2022-08-02,True,375,930712.0,0,0,0,True,False,0.004304160688665792
2022-08-03,True,375,1160766.0,0,0,0,True,False,0.002842358428686076
2022-08-04,True,375,747730.0,0,0,0,True,False,0.009981194850282149
2022-08-05,True,375,1359033.0,0,0,0,True,False,0.004533352522126943
2022-08-08,True,375,1307937.0,0,0,0,True,False,0.0063255152807393245
2022-08-10,True,375,3649215.0,0,0,0,True,False,0.012695935881977372
2022-08-11,True,375,1271840.0,0,0,0,True,False,0.005174101524262342
2022-08-12,True,375,694067.0,0,0,0,True,False,0.001057678747708346
2022-08-16,True,375,1081936.0,0,0,0,True,False,0.007042253521126751
2022-08-17,True,375,992402.0,0,0,0,True,False,0.0042613636363635354
2022-08-18,True,375,1628089.0,0,0,0,True,False,0.001934770591486945
2022-08-19,True,375,1002697.0,0,0,0,True,False,-0.003819918144611134
2022-08-22,True,375,1568151.0,0,0,0,True,False,0.004047194402524434
2022-08-23,True,375,400855.0,0,0,0,True,False,-0.006100486668037641
2022-08-24,True,375,4333370.0,0,0,0,True,False,-0.022515212981744415
2022-08-25,True,375,2617484.0,0,0,0,True,False,0.011612903225806326
2022-08-26,True,375,1025639.0,0,0,0,True,False,0.006583859363334055
2022-08-29,True,375,701437.0,0,0,0,True,False,-0.018462800875273522
2022-08-30,True,375,1374784.0,0,0,0,True,False,0.0006930006930006005
2022-09-01,True,375,2855799.0,0,0,0,True,False,0.0017926089354660668
2022-09-02,True,375,1166928.0,0,0,0,True,False,-0.012799564270152497
2022-09-05,True,375,578569.0,0,0,0,True,False,0.0013623978201635634
2022-09-06,True,375,1327860.0,0,0,0,True,False,-0.0002700513097488866
2022-09-07,True,375,114203047.0,0,0,0,True,False,-0.004939084622983203
2022-09-08,True,375,3180956.0,0,0,0,True,False,0.009308510638297962
2022-09-09,True,375,955591.0,0,0,0,True,False,0.004613685099746467
2022-09-12,True,375,420038.0,0,0,0,True,False,0.00039128733533311255
2022-09-13,True,375,453810.0,0,0,0,True,False,0.00663285212641429
2022-09-14,True,375,1447521.0,0,0,0,True,False,-0.009951518244450064
2022-09-15,True,375,837942.0,0,0,0,True,False,0.003118833938005272
2022-09-16,True,375,600638.0,0,0,0,True,False,0.004525463700681964
2022-09-19,True,375,642335.0,0,0,0,True,False,-0.005784061696658127
2022-09-20,True,375,812960.0,0,0,0,True,False,0.007298335467349704
2022-09-21,True,375,421128.0,0,0,0,True,False,0.0027215189873417422
2022-09-22,True,375,1488886.0,0,0,0,True,False,0.013709160794362685
2022-09-23,True,375,1545971.0,0,0,0,True,False,0.0063856960408683605
2022-09-26,True,375,4805058.0,0,0,0,True,False,-0.0013618677042801508
2022-09-27,True,375,472161.0,0,0,0,True,False,0.005099337748344368
2022-09-28,True,375,508958.0,0,0,0,True,False,-0.005921052631578938
2022-09-29,True,375,333435.0,0,0,0,True,False,0.005859117840684824
2022-09-30,True,375,403040.0,0,0,0,True,False,-0.0007827278064052035
2022-10-03,True,375,2411906.0,0,0,0,True,False,0.0047523761880940985
2022-10-04,True,375,929714.0,0,0,0,True,False,0.013715710723191998
2022-10-06,True,375,1029591.0,0,0,0,True,False,0.0019159456118664764
2022-10-07,True,375,723788.0,0,0,0,True,False,0.0050761421319796
2022-10-10,True,375,597744.0,0,0,0,True,False,-0.010712710315709861
2022-10-11,True,375,402909.0,0,0,0,True,False,0.007835207885757756
2022-10-12,True,375,846478.0,0,0,0,True,False,0.0028274000771109087
2022-10-13,True,375,211278.0,0,0,0,True,False,-0.0024456171965503426
2022-10-14,True,375,480071.0,0,0,0,True,False,0.014239271781534502
2022-10-17,True,375,470879.0,0,0,0,True,False,-0.00652741514360311
2022-10-18,True,375,984219.0,0,0,0,True,False,0.005485535166198652
2022-10-19,True,375,1148639.0,0,0,0,True,False,0.006321839080459801
2022-10-20,True,375,498827.0,0,0,0,True,False,-0.0031867431485022024
2022-10-21,True,375,405802.0,0,0,0,True,False,-0.0012642225031606058
2022-10-24,False,60,,0,0,60,False,False,0.005530417295123158
2022-10-25,True,375,480031.0,0,0,0,True,False,0.007058088694565923
2022-10-27,True,375,1454794.0,0,0,0,True,False,0.007495315427857641
2022-10-28,True,375,700099.0,0,0,0,True,False,0.0006108735491752171
2022-10-31,True,375,718020.0,0,0,0,True,False,0.004270896888346476
2022-11-01,True,375,2760366.0,0,0,0,True,False,-0.004807692307692291
2022-11-02,True,375,2165128.0,0,0,0,True,False,-0.006404501107320271
2022-11-03,True,375,1653449.0,0,0,0,True,False,-0.0004937357279516386
2022-11-04,True,375,907647.0,0,0,0,True,False,-0.002811735941320226
2022-11-07,True,375,730382.0,0,0,0,True,False,0.0011028060286728536
2022-11-09,True,375,634899.0,0,0,0,True,False,0.003530987458906676
2022-11-10,True,375,788603.0,0,0,0,True,False,0.00048816206980717425
2022-11-11,True,375,1202455.0,0,0,0,True,False,0.005750605326876546
2022-11-14,True,375,1643716.0,0,0,0,True,False,-0.013328508533864025
2022-11-15,True,375,1404822.0,0,0,0,True,False,0.00012157315664707014
2022-11-16,True,375,486950.0,0,0,0,True,False,0.0004778401624656592
2022-11-17,True,375,819536.0,0,0,0,True,False,-0.00023752969121149103
2022-11-18,True,375,1547867.0,0,0,0,True,False,0.0058579881656806165
2022-11-21,True,375,802814.0,0,0,0,True,False,0.0011961722488038617
2022-11-22,True,375,1306053.0,0,0,0,True,False,0.0028202115158637575
2022-11-23,True,375,308273.0,0,0,0,True,False,0.005726092089728407
2022-11-24,True,375,425252.0,0,0,0,True,False,0.0037373198077950143
2022-11-25,True,375,777529.0,0,0,0,True,False,0.0035926733023146085
2022-11-28,True,375,265127.0,0,0,0,True,False,-0.007969303423848828
2022-11-29,True,375,227351.0,0,0,0,True,False,0.0005963029218842841
2022-11-30,True,375,560210.0,0,0,0,True,False,-0.0008378216636745206
2022-12-01,True,375,390393.0,0,0,0,True,False,0.0025858015984956406
2022-12-02,True,375,588765.0,0,0,0,True,False,0.003417796110783744
2022-12-05,True,375,514353.0,0,0,0,True,False,0.00247378961008371
2022-12-06,True,375,377531.0,0,0,0,True,False,0.0014223065070522178
2022-12-07,True,375,563167.0,0,0,0,True,False,0.004256594724220575
2022-12-08,True,375,795394.0,0,0,0,True,False,-0.0008995502248875242
2022-12-09,True,375,495638.0,0,0,0,True,False,-0.0031814634731978098
2022-12-12,True,375,427035.0,0,0,0,True,False,-0.0016188020864560393
2022-12-13,True,375,514454.0,0,0,0,True,False,-0.007845503922751962
2022-12-14,True,375,872511.0,0,0,0,True,False,0.002982759649227562
2022-12-15,True,375,479976.0,0,0,0,True,False,0.00012064181445281541
2022-12-16,True,375,239889.0,0,0,0,True,False,-0.001029242598534874
2022-12-19,True,375,1296909.0,0,0,0,True,False,-0.00024304289707122173
2022-12-20,True,375,348378.0,0,0,0,True,False,0.0002977963073258483
2022-12-21,True,375,465273.0,0,0,0,True,False,0.006160164271047153
2022-12-22,True,375,469327.0,0,0,0,True,False,0.004907975460122671
2022-12-23,True,375,299797.0,0,0,0,True,False,-0.002817591571726008
2022-12-26,True,375,379816.0,0,0,0,True,False,-0.006111111111111178
2022-12-27,True,375,215248.0,0,0,0,True,False,0.00710534445474198
2022-12-28,True,375,156985.0,0,0,0,True,False,-0.002392784833425421
2022-12-29,True,375,715290.0,0,0,0,True,False,0.004668243495580704
2022-12-30,True,375,266007.0,0,0,0,True,False,0.0020656136087484622
2023-01-02,True,375,243853.0,0,0,0,True,False,-0.0026595744680850686
2023-01-03,True,375,187918.0,0,0,0,True,False,-0.004422876098040485
2023-01-04,True,375,384808.0,0,0,0,True,False,0.002386780905752728
2023-01-05,True,375,1004913.0,0,0,0,True,False,0.021102791014295352
2023-01-06,True,375,352496.0,0,0,0,True,False,0.0007435404919757804
2023-01-09,True,375,539975.0,0,0,0,True,False,0.009685534591195033
2023-01-10,True,375,1121802.0,0,0,0,True,False,0.00854596508362837
2023-01-11,True,375,5897733.0,0,0,0,True,False,-0.02515723270440251
2023-01-12,True,375,3474597.0,0,0,0,True,False,-0.0005226025607525386
2023-01-13,True,375,2609971.0,0,0,0,True,False,0.0
2023-01-16,True,375,720666.0,0,0,0,True,False,0.002354172116139086
2023-01-17,True,375,547512.0,0,0,0,True,False,0.0005271828665567302
2023-01-18,True,375,587761.0,0,0,0,True,False,0.0016951362628765398
2023-01-19,True,375,714730.0,0,0,0,True,False,-0.0029551586791725093
2023-01-20,True,375,708803.0,0,0,0,True,False,0.007074247144340573
2023-01-23,True,375,344480.0,0,0,0,True,False,0.004447351209940997
2023-01-24,True,375,439108.0,0,0,0,True,False,0.0016196954972464983
2023-01-25,True,375,835647.0,0,0,0,True,False,-6.45161290322438e-05
2023-01-27,True,375,1263754.0,0,0,0,True,False,-0.0028308563340410098
2023-01-30,True,375,804058.0,0,0,0,True,False,-0.0018111254851228553
2023-01-31,True,375,967720.0,0,0,0,True,False,0.002911679068262618
2023-02-01,True,375,272398.0,0,0,0,True,False,0.006420233463034997
2023-02-02,True,375,380318.0,0,0,0,True,False,-0.003970578663021529
2023-02-03,True,375,308941.0,0,0,0,True,False,0.004378622021893097
2023-02-06,True,375,276280.0,0,0,0,True,False,-0.002274162981680261
2023-02-07,True,375,736891.0,0,0,0,True,False,0.007487309644669926
2023-02-08,True,375,2058950.0,0,0,0,True,False,-0.010618681248807826
2023-02-09,True,375,881061.0,0,0,0,True,False,-0.006451612903225823
2023-02-10,True,375,492935.0,0,0,0,True,False,0.0025423728813560587
2023-02-13,True,375,257590.0,0,0,0,True,False,0.0
2023-02-14,True,375,1011874.0,0,0,0,True,False,0.0029998695708881584
2023-02-15,True,375,544548.0,0,0,0,True,False,0.0005809825059712725
2023-02-16,True,375,454930.0,0,0,0,True,False,0.004388196387687504
2023-02-17,True,375,629590.0,0,0,0,True,False,0.004922644163150469
2023-02-20,True,375,346841.0,0,0,0,True,False,0.005469755469755366
2023-02-21,True,375,413371.0,0,0,0,True,False,0.003267136450992858
2023-02-22,True,375,259724.0,0,0,0,True,False,-0.0049942374183633564
2023-02-23,True,375,316883.0,0,0,0,True,False,0.008469055374592749
2023-02-24,True,375,850996.0,0,0,0,True,False,0.013986928104575247
2023-02-27,True,375,2091683.0,0,0,0,True,False,-0.005284015852047519
2023-02-28,True,375,548496.0,0,0,0,True,False,0.001990710019907027
2023-03-01,True,375,543115.0,0,0,0,True,False,-0.006556938311253813
2023-03-02,True,375,517191.0,0,0,0,True,False,0.0013333333333334085
2023-03-03,True,375,726209.0,0,0,0,True,False,0.007028926736956098
2023-03-06,True,375,545570.0,0,0,0,True,False,0.0030088958660388077
2023-03-08,True,375,523656.0,0,0,0,True,False,-0.005273094199596318
2023-03-09,True,375,1558690.0,0,0,0,True,False,0.03914776811973075
2023-03-10,True,375,803466.0,0,0,0,True,False,0.0006472491909386147
2023-03-13,True,375,418718.0,0,0,0,True,False,0.006277504530157962
2023-03-14,True,375,485628.0,0,0,0,True,False,-0.0047547710545170485
2023-03-15,True,375,1634639.0,0,0,0,True,False,-0.016414714851099688
2023-03-16,True,375,1210132.0,0,0,0,True,False,-0.009247027741083214
2023-03-17,True,375,2498693.0,0,0,0,True,False,0.0006671114076051143
2023-03-20,True,375,435480.0,0,0,0,True,False,-0.0033663366336632583
2023-03-21,True,375,1022454.0,0,0,0,True,False,0.007757077504475296
2023-03-22,True,375,300008.0,0,0,0,True,False,0.005284015852047519
2023-03-23,True,375,246701.0,0,0,0,True,False,0.0025791944977184844
2023-03-24,True,375,222620.0,0,0,0,True,False,0.003021346469622266
2023-03-27,True,375,311927.0,0,0,0,True,False,0.0032873109796187627
2023-03-28,True,375,332356.0,0,0,0,True,False,0.008230723645222815
2023-03-29,True,375,391264.0,0,0,0,True,False,0.00401069518716568
2023-03-31,True,375,685523.0,0,0,0,True,False,0.009597315436241649
2023-04-03,True,375,327285.0,0,0,0,True,False,0.005996002664889977
2023-04-05,True,375,423115.0,0,0,0,True,False,0.008999540169480458
2023-04-06,True,375,168682.0,0,0,0,True,False,0.0007217374188046577
2023-04-10,True,375,215976.0,0,0,0,True,False,0.004966346468012972
2023-04-11,True,375,353299.0,0,0,0,True,False,0.007792207792207684
2023-04-12,True,375,837324.0,0,0,0,True,False,0.0009699321047527132
2023-04-13,True,375,179344.0,0,0,0,True,False,-0.0012970168612191912
2023-04-17,True,375,1850030.0,0,0,0,True,False,0.02754444227388153
2023-04-18,True,375,453037.0,0,0,0,True,False,0.006578947368421018
2023-04-19,True,375,340040.0,0,0,0,True,False,0.0028979780017124313
2023-04-20,True,375,258035.0,0,0,0,True,False,-0.0026109660574412663
2023-04-21,True,375,673248.0,0,0,0,True,False,-0.004076350695567776
2023-04-24,True,375,332697.0,0,0,0,True,False,-0.0023468057366361483
2023-04-25,True,375,1909716.0,0,0,0,True,False,0.006513157894736832
2023-04-26,True,375,691804.0,0,0,0,True,False,0.009317975928562205
2023-04-27,True,375,261226.0,0,0,0,True,False,-0.0016811069442648208
2023-04-28,True,375,800841.0,0,0,0,True,False,0.005026084743606107
2023-05-02,True,375,1754931.0,0,0,0,True,False,0.003574115876598949
2023-05-03,True,375,455296.0,0,0,0,True,False,0.005441660339154497
2023-05-04,True,375,290167.0,0,0,0,True,False,0.0014778641650066149
2023-05-05,True,375,166895.0,0,0,0,True,False,0.0001267427122941811
2023-05-08,True,375,134711.0,0,0,0,True,False,0.0036848792884369708
2023-05-09,True,375,353465.0,0,0,0,True,False,0.003652392947103289
2023-05-10,True,375,190935.0,0,0,0,True,False,0.005678233438485725
2023-05-11,True,375,1315522.0,0,0,0,True,False,-0.0021350078492936575
2023-05-12,True,375,195776.0,0,0,0,True,False,-0.002533248891703588
2023-05-15,True,375,354869.0,0,0,0,True,False,0.0
2023-05-16,True,375,1357754.0,0,0,0,True,False,0.005019765325970926
2023-05-17,True,375,1536886.0,0,0,0,True,False,0.003821656050955413
2023-05-18,True,375,645367.0,0,0,0,True,False,0.005924992121021155
2023-05-19,True,375,471486.0,0,0,0,True,False,-0.0008124999999999938
2023-05-22,True,375,3291288.0,0,0,0,True,False,-0.0038552418853377013
2023-05-23,True,375,866702.0,0,0,0,True,False,0.010114253605544077
2023-05-24,True,375,645124.0,0,0,0,True,False,0.0036249999999999893
2023-05-25,True,375,827756.0,0,0,0,True,False,-0.0004999999999999449
2023-05-26,True,375,847229.0,0,0,0,True,False,0.004733009708737912
2023-05-29,True,375,656885.0,0,0,0,True,False,0.014122394082044298
2023-05-30,True,375,554877.0,0,0,0,True,False,0.0007921033390201337
2023-05-31,True,375,495216.0,0,0,0,True,False,0.0006108735491752171
2023-06-01,True,375,1245070.0,0,0,0,True,False,0.004736211031175053
2023-06-02,True,375,1360293.0,0,0,0,True,False,0.0071959847614440076
2023-06-05,True,375,613681.0,0,0,0,True,False,0.0
2023-06-06,True,375,242970.0,0,0,0,True,False,0.0020413064361191058
2023-06-07,True,375,313553.0,0,0,0,True,False,-0.0008437801350048568
2023-06-08,True,375,835365.0,0,0,0,True,False,0.006470762837637256
2023-06-09,True,375,287362.0,0,0,0,True,False,0.0034103147062340966
2023-06-12,True,375,303912.0,0,0,0,True,False,0.0010191846522782377
2023-06-13,True,375,298021.0,0,0,0,True,False,0.0010750119445770423
2023-06-14,True,375,662237.0,0,0,0,True,False,-0.0025176837309675015
2023-06-15,True,375,543522.0,0,0,0,True,False,0.0004839099927413937
2023-06-16,True,375,628850.0,0,0,0,True,False,-0.008498583569405027
2023-06-19,True,375,562431.0,0,0,0,True,False,0.0034643411778758626
2023-06-20,False,376,472757.0,0,0,1,False,False,0.0
2023-06-21,True,375,453044.0,0,0,0,True,False,-0.0020391027947703755
2023-06-22,True,375,136150.0,0,0,0,True,False,-0.0015513126491646378
2023-06-23,True,375,624347.0,0,0,0,True,False,0.0011862396204034287
2023-06-26,True,375,353811.0,0,0,0,True,False,0.007461809635722627
2023-06-27,True,375,938957.0,0,0,0,True,False,0.0036325287086946823
2023-06-28,True,375,515990.0,0,0,0,True,False,0.0068901627004807064
2023-06-30,True,375,565864.0,0,0,0,True,False,0.00917431192660545
2023-07-03,True,375,253641.0,0,0,0,True,False,0.0
2023-07-04,True,375,2259220.0,0,0,0,True,False,-0.0035351807503706256
2023-07-05,True,375,380072.0,0,0,0,True,False,0.001846722068328699
2023-07-06,True,375,345931.0,0,0,0,True,False,-0.0064942528735632
2023-07-07,True,375,9049909.0,0,0,0,True,False,-0.005747126436781658
2023-07-10,True,375,307976.0,0,0,0,True,False,-0.0023014959723820505
2023-07-11,True,375,531226.0,0,0,0,True,False,0.0065596019000224715
2023-07-12,True,375,270284.0,0,0,0,True,False,-0.0011784511784511675
2023-07-13,True,375,879329.0,0,0,0,True,False,-5.609154139551986e-05
2023-07-14,True,375,174814.0,0,0,0,True,False,5.650036725235452e-05
2023-07-17,True,375,231495.0,0,0,0,True,False,-0.0030942334739803012
2023-07-18,True,375,535139.0,0,0,0,True,False,-0.0018209753599272016
2023-07-19,True,375,434679.0,0,0,0,True,False,0.00011424001827853303
2023-07-20,True,375,199705.0,0,0,0,True,False,-0.0015475439903708255
2023-07-21,True,375,946920.0,0,0,0,True,False,-0.006674208144796356
2023-07-24,True,375,191983.0,0,0,0,True,False,-0.0016920473773265332
2023-07-25,True,375,467424.0,0,0,0,True,False,0.0012402751155711211
2023-07-26,True,375,276645.0,0,0,0,True,False,0.0011858377096392037
2023-07-27,True,375,613490.0,0,0,0,True,False,0.002366863905325367
2023-07-28,True,375,319039.0,0,0,0,True,False,0.006712160196890027
2023-07-31,True,375,346034.0,0,0,0,True,False,-0.0012289129706177793
2023-08-01,True,375,439501.0,0,0,0,True,False,0.00618672665916753
2023-08-02,True,375,250738.0,0,0,0,True,False,-0.008197641774284059
2023-08-03,True,375,453094.0,0,0,0,True,False,-0.0006852444038374372
2023-08-04,True,375,1532265.0,0,0,0,True,False,-0.0030402110939022897
2023-08-07,True,375,644602.0,0,0,0,True,False,-0.004946321173627144
2023-08-08,True,375,494104.0,0,0,0,True,False,0.0
2023-08-09,True,375,226913.0,0,0,0,True,False,0.0008481764206955678
2023-08-10,True,375,183575.0,0,0,0,True,False,-0.001810774105930335
2023-08-11,True,375,308388.0,0,0,0,True,False,-0.002345403581030747
2023-08-14,True,375,200969.0,0,0,0,True,False,0.00022980581408704737
2023-08-16,True,375,356116.0,0,0,0,True,False,0.004618937644341736
2023-08-17,True,375,413091.0,0,0,0,True,False,0.0008172796263865578
2023-08-18,True,375,215087.0,0,0,0,True,False,-0.0005249956250363841
2023-08-21,True,375,212071.0,0,0,0,True,False,0.00029226093055889635
2023-08-22,True,375,236705.0,0,0,0,True,False,-0.00045903144365389004
2023-08-23,True,375,226707.0,0,0,0,True,False,0.000684618895481437
2023-08-24,True,375,211377.0,0,0,0,True,False,0.005934205219795929
2023-08-25,True,375,246918.0,0,0,0,True,False,-0.0007470405700493732
2023-08-28,True,375,212747.0,0,0,0,True,False,0.0010880769671286483
2023-08-29,True,375,6557090.0,0,0,0,True,False,-0.0002872737719046281
2023-08-30,True,375,234150.0,0,0,0,True,False,0.005319770840640725
2023-08-31,True,375,355789.0,0,0,0,True,False,-0.002913752913752954
2023-09-01,True,375,213102.0,0,0,0,True,False,-0.004550492970071707
2023-09-04,True,375,275719.0,0,0,0,True,False,0.0016776582205253465
2023-09-05,True,375,270523.0,0,0,0,True,False,0.0009857929834735657
2023-09-06,True,375,552483.0,0,0,0,True,False,-0.0007490205116386095
2023-09-07,True,375,390920.0,0,0,0,True,False,0.00011361054305836227
2023-09-08,True,375,645957.0,0,0,0,True,False,0.006621004566210065
2023-09-11,True,375,153407.0,0,0,0,True,False,0.0051502631727884385
2023-09-12,True,375,642373.0,0,0,0,True,False,0.008906426155580682
2023-09-13,True,375,332321.0,0,0,0,True,False,-0.0031990122348187766
2023-09-14,True,375,851343.0,0,0,0,True,False,0.006672500546926141
2023-09-15,True,375,267877.0,0,0,0,True,False,-0.00021910604732677808
2023-09-18,True,375,389775.0,0,0,0,True,False,-0.0005914296467552926
2023-09-20,True,375,855326.0,0,0,0,True,False,-0.012144870960746124
2023-09-21,True,375,595154.0,0,0,0,True,False,-0.0013166556945357621
2023-09-22,True,375,567099.0,0,0,0,True,False,-0.0022282608695651795
2023-09-25,True,375,519293.0,0,0,0,True,False,0.00027419797093508613
2023-09-26,True,375,554412.0,0,0,0,True,False,0.0011551790527530859
2023-09-27,True,375,379142.0,0,0,0,True,False,0.0013680639159461272
2023-09-28,True,375,668049.0,0,0,0,True,False,0.006521739130434856
2023-09-29,True,375,324337.0,0,0,0,True,False,0.0010741138560688146
2023-10-03,True,375,543211.0,0,0,0,True,False,-0.009385619504827747
2023-10-04,True,375,231968.0,0,0,0,True,False,-0.00938511326860847
2023-10-05,True,375,378722.0,0,0,0,True,False,0.00037850113550330633
2023-10-06,True,375,126385.0,0,0,0,True,False,0.0015089458935115818
2023-10-09,True,375,228803.0,0,0,0,True,False,-0.00917431192660545
2023-10-10,True,375,1425213.0,0,0,0,True,False,0.0016793066088840458
2023-10-11,True,375,517130.0,0,0,0,True,False,0.0005274261603376296
2023-10-12,True,375,387837.0,0,0,0,True,False,0.0009951291049075106
2023-10-13,True,375,298848.0,0,0,0,True,False,-0.008019288222653298
2023-10-16,True,375,271015.0,0,0,0,True,False,0.0049305009179123616
2023-10-17,True,375,211552.0,0,0,0,True,False,0.001216416331711434
2023-10-18,True,375,162807.0,0,0,0,True,False,-0.0010482180293500676
2023-10-19,True,375,552916.0,0,0,0,True,False,-0.0059905412506569
2023-10-20,True,375,410882.0,0,0,0,True,False,-0.005250596658711304
2023-10-23,True,375,208702.0,0,0,0,True,False,-0.0038614123247817655
2023-10-25,True,375,1075546.0,0,0,0,True,False,-0.016853633898665565
2023-10-26,True,375,471827.0,0,0,0,True,False,-0.003082747431043864
2023-10-27,True,375,198372.0,0,0,0,True,False,0.003028634361233573
2023-10-30,True,375,213573.0,0,0,0,True,False,-0.0034858387799564516
2023-10-31,True,375,611456.0,0,0,0,True,False,-0.005726015557476316
2023-11-01,True,375,1089900.0,0,0,0,True,False,-0.012089054209288297
2023-11-02,True,375,1200143.0,0,0,0,True,False,0.00766703176341732
2023-11-03,True,375,258802.0,0,0,0,True,False,0.0015700286936279895
2023-11-06,True,375,136830.0,0,0,0,True,False,0.005597416576964553
2023-11-07,True,375,290735.0,0,0,0,True,False,-0.0023447908339995216
2023-11-08,False,375,142678.0,0,1,0,True,False,0.005337318531170032
2023-11-09,True,375,254035.0,0,0,0,True,False,0.0015499732763228913
2023-11-10,True,375,134226.0,0,0,0,True,False,-0.0006443990978413083
2023-11-12,False,60,,0,0,60,False,False,0.00385273972602751
2023-11-13,True,375,59843.0,0,0,0,True,False,0.0005333333333332746
2023-11-15,True,375,465663.0,0,0,0,True,False,0.014717687985014827
2023-11-16,True,375,518320.0,0,0,0,True,False,0.0
2023-11-17,True,375,338749.0,0,0,0,True,False,-0.0006846068776661385
2023-11-20,True,375,230328.0,0,0,0,True,False,0.0023765513599154353
2023-11-21,True,375,387131.0,0,0,0,True,False,0.0033722438391698972
2023-11-22,True,375,436124.0,0,0,0,True,False,0.003967231696635487
2023-11-23,True,375,153386.0,0,0,0,True,False,0.0
2023-11-24,True,375,256668.0,0,0,0,True,False,-0.0033222591362126463
2023-11-28,True,375,1101569.0,0,0,0,True,False,0.003141091658084294
2023-11-29,True,375,1262309.0,0,0,0,True,False,0.008506329113924016
2023-11-30,True,375,282170.0,0,0,0,True,False,0.0
2023-12-01,True,375,544432.0,0,0,0,True,False,-0.00014776141456929182
2023-12-04,True,375,1666742.0,0,0,0,True,False,0.02371541501976293
2023-12-05,True,375,604907.0,0,0,0,True,False,0.006589147286821584
2023-12-06,True,375,234823.0,0,0,0,True,False,-0.0034860075530165346
2023-12-07,True,375,6708175.0,0,0,0,True,False,-0.008014073494917895
2023-12-08,True,375,1262536.0,0,0,0,True,False,-0.0012999999999999678
2023-12-11,True,375,769331.0,0,0,0,True,False,-0.005888223552894201
2023-12-12,True,375,821353.0,0,0,0,True,False,0.00025025025025016134
2023-12-13,True,375,508008.0,0,0,0,True,False,-0.0008048289738430414
2023-12-14,True,375,623431.0,0,0,0,True,False,0.007511266900350533
2023-12-15,True,375,1403436.0,0,0,0,True,False,-0.008283730158730185
2023-12-18,True,375,620244.0,0,0,0,True,False,0.0007543374402816383
2023-12-19,True,375,413319.0,0,0,0,True,False,0.003477822580645107
2023-12-20,True,375,315110.0,0,0,0,True,False,0.005875797791510484
2023-12-21,True,375,680953.0,0,0,0,True,False,-0.0033462033462033913
2023-12-22,True,375,258504.0,0,0,0,True,False,0.002143294549908248
2023-12-26,True,375,256978.0,0,0,0,True,False,0.006066734074823055
2023-12-27,True,375,181315.0,0,0,0,True,False,0.0
2023-12-28,True,375,397486.0,0,0,0,True,False,0.0037743247880006603
2023-12-29,True,375,410743.0,0,0,0,True,False,-0.0041927710843372434
2024-01-01,True,375,136629.0,0,0,0,True,False,0.0018932038834951204
2024-01-02,False,375,925023.0,0,1,0,True,False,0.0053359683794467205
2024-01-03,True,375,477523.0,0,0,0,True,False,0.008995355658763193
2024-01-04,True,375,251052.0,0,0,0,True,False,0.0005799062484896922
2024-01-05,True,375,429677.0,0,0,0,True,False,-0.004581306380768035
2024-01-08,True,375,835047.0,0,0,0,True,False,0.004784688995215225
2024-01-09,True,375,264170.0,0,0,0,True,False,0.00979221399570096
2024-01-10,True,375,178466.0,0,0,0,True,False,0.00263120800638994
2024-01-11,True,375,272330.0,0,0,0,True,False,0.00164473684210531
2024-01-12,True,375,390129.0,0,0,0,True,False,-0.0017924528301888065
2024-01-15,True,375,222110.0,0,0,0,True,False,-0.0001854857407836974
2024-01-16,True,375,446220.0,0,0,0,True,False,0.006363636363636349
2024-01-17,True,375,1162336.0,0,0,0,True,False,-0.00487538160112988
2024-01-18,True,375,717366.0,0,0,0,True,False,-0.005457404495421203
2024-01-19,True,375,1341572.0,0,0,0,True,False,0.00478909559771612
2024-01-20,True,375,120805.0,0,0,0,True,False,0.004496883348174441
2024-01-23,True,375,3585235.0,0,0,0,True,False,0.015971606033717833
2024-01-24,True,375,941089.0,0,0,0,True,False,-0.01469190216921612
2024-01-25,True,375,844802.0,0,0,0,True,False,-0.005033557046979831
2024-01-29,True,375,780135.0,0,0,0,True,False,-0.0015089458935115818
2024-01-30,True,375,658036.0,0,0,0,True,False,0.0005165511600879746
2024-01-31,True,375,577234.0,0,0,0,True,False,-0.0007328533862136499
2024-02-01,True,375,523268.0,0,0,0,True,False,-0.0057179432472797
2024-02-02,True,375,348474.0,0,0,0,True,False,0.0033009034051423303
2024-02-05,True,375,284311.0,0,0,0,True,False,0.0013445523941706394
2024-02-06,True,375,2716972.0,0,0,0,True,False,0.009375981337759631
2024-02-07,True,375,303936.0,0,0,0,True,False,0.002553041640989351
2024-02-08,True,375,339305.0,0,0,0,True,False,0.007483053085658886
2024-02-09,True,375,642210.0,0,0,0,True,False,0.006101843722563727
2024-02-12,True,375,528112.0,0,0,0,True,False,0.0025892857142857384
2024-02-13,True,375,652896.0,0,0,0,True,False,-0.005104325244022601
2024-02-14,True,375,255376.0,0,0,0,True,False,-0.008042895442359255
2024-02-15,True,375,287396.0,0,0,0,True,False,0.004205440229062329
2024-02-16,True,375,134850.0,0,0,0,True,False,0.0016932537207023923
2024-02-19,True,375,517213.0,0,0,0,True,False,4.460303300612978e-05
2024-02-20,True,375,457615.0,0,0,0,True,False,0.0031540213772558445
2024-02-21,True,375,783782.0,0,0,0,True,False,0.007721502421148996
2024-02-22,True,375,988027.0,0,0,0,True,False,-0.002892453326321487
2024-02-23,True,375,905140.0,0,0,0,True,False,-0.009492002109333764
2024-02-26,True,375,340247.0,0,0,0,True,False,-0.005602988260405728
2024-02-27,True,375,768836.0,0,0,0,True,False,0.002025658338960179
2024-02-28,True,375,1352905.0,0,0,0,True,False,0.008991364728923923
2024-02-29,True,375,1240704.0,0,0,0,True,False,-0.009209652424175374
2024-03-01,True,375,376276.0,0,0,0,True,False,0.004631278945493422
2024-03-02,False,105,37770.0,0,0,0,False,False,0.00026586316908883134
2024-03-04,True,375,861107.0,0,0,0,True,False,-0.0008826125330979595
2024-03-05,True,375,396188.0,0,0,0,True,False,-0.0028601601689695055
2024-03-06,True,375,778965.0,0,0,0,True,False,0.004234388366124886
2024-03-07,True,375,1576665.0,0,0,0,True,False,0.011073040280795698
2024-03-11,True,375,873840.0,0,0,0,True,False,-0.01576763485477184
2024-03-12,True,375,564242.0,0,0,0,True,False,0.0014186764583159484
2024-03-13,True,375,487806.0,0,0,0,True,False,0.007313829787233939
2024-03-14,True,375,886723.0,0,0,0,True,False,0.007768907202335029
2024-03-15,True,375,947619.0,0,0,0,True,False,-0.005847953216374324
2024-03-18,True,375,590546.0,0,0,0,True,False,0.009102516578112674
2024-03-19,True,375,1165126.0,0,0,0,True,False,-0.007993474714518722
2024-03-20,True,375,1083143.0,0,0,0,True,False,0.0023257711767585842
2024-03-21,True,375,764695.0,0,0,0,True,False,0.005196492367651961
2024-03-22,True,375,1177679.0,0,0,0,True,False,0.0031887494378808334
2024-03-26,True,375,2200538.0,0,0,0,True,False,-0.009700889248181133
2024-03-27,True,375,421141.0,0,0,0,True,False,-0.0009903032803796341
2024-03-28,True,375,714552.0,0,0,0,True,False,0.0016327197028449536
2024-04-01,True,375,1056198.0,0,0,0,True,False,-0.006472491909385147
2024-04-02,True,375,447580.0,0,0,0,True,False,0.004098360655737654
2024-04-03,True,375,947989.0,0,0,0,True,False,-0.010638738253922142
2024-04-04,True,375,895014.0,0,0,0,True,False,0.006084115965700354
2024-04-05,True,375,649204.0,0,0,0,True,False,-0.001325051759834328
2024-04-08,True,375,907924.0,0,0,0,True,False,-0.001680672268907557
2024-04-09,True,375,449141.0,0,0,0,True,False,0.0075047682229039125
2024-04-10,True,375,1379825.0,0,0,0,True,False,0.0071808069068570735
2024-04-12,True,375,1375559.0,0,0,0,True,False,-0.002603107459529852
2024-04-15,True,375,814673.0,0,0,0,True,False,-0.010017581878398851
2024-04-16,True,375,521605.0,0,0,0,True,False,-0.0022825466699274433
2024-04-18,True,375,2496268.0,0,0,0,True,False,0.0024650780608053147
2024-04-19,True,375,2550176.0,0,0,0,True,False,0.009264734870884972
2024-04-22,True,375,1469533.0,0,0,0,True,False,0.010891895034691235
2024-04-23,True,375,2150305.0,0,0,0,True,False,0.005410798572470066
2024-04-24,True,375,1037183.0,0,0,0,True,False,0.0034884583982781603
2024-04-25,True,375,476110.0,0,0,0,True,False,-0.005268861402787595
2024-04-26,True,375,345684.0,0,0,0,True,False,-0.0005602240896358524
2024-04-29,True,375,587141.0,0,0,0,True,False,-0.002259887005649719
2024-04-30,True,375,690262.0,0,0,0,True,False,-0.008765029778626698
2024-05-02,True,375,1140163.0,0,0,0,True,False,-0.006983767459418644
2024-05-03,True,375,1173755.0,0,0,0,True,False,0.0015337423312884457
2024-05-06,True,375,622364.0,0,0,0,True,False,-0.0023474178403756207
2024-05-07,True,375,443676.0,0,0,0,True,False,0.0028064704735917267
2024-05-08,True,375,399591.0,0,0,0,True,False,-0.007620825070959181
2024-05-09,True,375,421127.0,0,0,0,True,False,-0.002410387994712604
2024-05-10,True,375,515071.0,0,0,0,True,False,-0.002308294209702688
2024-05-13,True,375,370177.0,0,0,0,True,False,0.001655119322555798
2024-05-14,True,375,393469.0,0,0,0,True,False,0.0019798136645963194
2024-05-15,True,375,2061541.0,0,0,0,True,False,-0.004273338254147108
2024-05-16,True,375,2876211.0,0,0,0,True,False,0.009080202119980285
2024-05-17,True,375,787485.0,0,0,0,True,False,0.0071428571428571175
2024-05-18,False,105,43304.0,0,0,0,False,False,0.0015975627879329934
2024-05-21,True,375,947694.0,0,0,0,True,False,0.004444444444444473
2024-05-22,True,375,543187.0,0,0,0,True,False,0.0025771270635692733
2024-05-23,True,375,542414.0,0,0,0,True,False,0.001631381854584557
2024-05-24,True,375,464171.0,0,0,0,True,False,0.0
2024-05-27,True,375,818462.0,0,0,0,True,False,0.004677941705649502
2024-05-28,True,375,240327.0,0,0,0,True,False,0.0031874818893073975
2024-05-29,True,375,939979.0,0,0,0,True,False,-0.010222709017889686
2024-05-30,True,375,626052.0,0,0,0,True,False,0.0031284103310293965
2024-05-31,True,375,1677087.0,0,0,0,True,False,-0.0011219282689731713
2024-06-03,True,375,1200378.0,0,0,0,True,False,0.03302799167913584
2024-06-04,True,375,2577868.0,0,0,0,True,False,-0.00635714285714295
2024-06-05,True,375,1224732.0,0,0,0,True,False,0.026084600797244617
2024-06-06,True,375,1370081.0,0,0,0,True,False,0.01108548471095916
2024-06-07,True,375,585596.0,0,0,0,True,False,-0.0024745269286754468
2024-06-10,True,375,728308.0,0,0,0,True,False,0.0010566728892960064
2024-06-11,True,375,502891.0,0,0,0,True,False,0.0034833397839626468
2024-06-12,True,375,564186.0,0,0,0,True,False,-0.0010165095166322358
2024-06-13,True,375,708748.0,0,0,0,True,False,0.008070126617503837
2024-06-14,True,375,378686.0,0,0,0,True,False,0.006315789473684275
2024-06-18,True,375,1015293.0,0,0,0,True,False,0.010214075836014969
2024-06-19,True,375,370196.0,0,0,0,True,False,0.004483205491926823
2024-06-20,True,375,1799315.0,0,0,0,True,False,0.008644809527225794
2024-06-21,True,375,2600439.0,0,0,0,True,False,0.0028965567182013263
2024-06-24,True,375,872928.0,0,0,0,True,False,-0.0009975773122418152
2024-06-25,True,375,1066440.0,0,0,0,True,False,0.011033947897204577
2024-06-26,True,375,580754.0,0,0,0,True,False,-0.00045916925685207666
2024-06-27,True,375,1478496.0,0,0,0,True,False,0.001367989056087593
2024-06-28,True,375,10027279.0,0,0,0,True,False,0.0380067567567568
2024-07-01,True,375,1728522.0,0,0,0,True,False,0.0006901311249136732
2024-07-02,True,375,967170.0,0,0,0,True,False,0.00274348422496562
2024-07-03,True,375,2322557.0,0,0,0,True,False,0.005669413338967422
2024-07-04,True,375,1045238.0,0,0,0,True,False,-0.002567439243133074
2024-07-05,True,375,531854.0,0,0,0,True,False,-0.0013689494190740614
2024-07-08,True,375,390497.0,0,0,0,True,False,0.0012244184012593085
2024-07-09,True,375,444106.0,0,0,0,True,False,0.0010107699278518734
2024-07-10,True,375,587158.0,0,0,0,True,False,0.004636246383379339
2024-07-11,True,375,351231.0,0,0,0,True,False,0.003494930620436598
2024-07-12,True,375,285387.0,0,0,0,True,False,0.0022589052997392667
2024-07-15,True,375,371970.0,0,0,0,True,False,0.0023428211763059092
2024-07-16,True,375,2027294.0,0,0,0,True,False,0.011106855610877098
2024-07-18,True,375,710924.0,0,0,0,True,False,0.0016397922929762832
2024-07-19,True,375,442830.0,0,0,0,True,False,-0.0004052411184654048
2024-07-22,True,375,377732.0,0,0,0,True,False,-0.008919722497522264
2024-07-23,True,375,145980.0,0,0,0,True,False,0.004166951294487298
2024-07-24,True,375,467515.0,0,0,0,True,False,0.0004094445202673658
2024-07-25,True,375,540596.0,0,0,0,True,False,-0.006804591380850988
2024-07-26,True,375,1361348.0,0,0,0,True,False,0.0003448870494913159
2024-07-29,True,375,494488.0,0,0,0,True,False,0.008764676699189788
2024-07-30,True,375,430318.0,0,0,0,True,False,0.0010790396547073478
2024-07-31,True,375,550938.0,0,0,0,True,False,0.006092994757981973
2024-08-01,True,375,376868.0,0,0,0,True,False,-0.0053583389149364224
2024-08-02,True,375,484752.0,0,0,0,True,False,-0.00532587710538579
2024-08-05,True,375,899753.0,0,0,0,True,False,-0.006968641114982632
2024-08-06,True,375,1471622.0,0,0,0,True,False,0.011319468121377296
2024-08-07,True,375,666036.0,0,0,0,True,False,0.0044619694925807085
2024-08-08,True,375,533813.0,0,0,0,True,False,-0.0017044071098125668
2024-08-09,True,375,424658.0,0,0,0,True,False,0.011007211621407054
2024-08-12,True,375,272880.0,0,0,0,True,False,0.0018451445363221186
2024-08-13,True,375,961800.0,0,0,0,True,False,0.0031433647669809606
2024-08-14,True,375,1048013.0,0,0,0,True,False,-0.0038731790916881614
2024-08-16,True,375,1261500.0,0,0,0,True,False,0.004581707110130617
2024-08-19,True,375,564409.0,0,0,0,True,False,0.0007402920788746048
2024-08-20,True,375,2013239.0,0,0,0,True,False,0.006802721088435382
2024-08-21,True,375,1279686.0,0,0,0,True,False,0.002760524499654915
2024-08-22,True,375,1022406.0,0,0,0,True,False,0.004841129142233891
2024-08-23,True,375,841548.0,0,0,0,True,False,0.0041024951240835605
2024-08-26,True,375,771432.0,0,0,0,True,False,-0.0003312355084464924
2024-08-27,True,375,496585.0,0,0,0,True,False,0.003968253968253954
2024-08-28,True,375,578430.0,0,0,0,True,False,0.004800578699898139
2024-08-29,True,375,1054389.0,0,0,0,True,False,0.007078507078507101
2024-08-30,True,375,837242.0,0,0,0,True,False,0.007028753993610248
2024-09-02,True,375,1097603.0,0,0,0,True,False,0.012682188150672014
2024-09-03,True,375,348520.0,0,0,0,True,False,0.0014269858886950537
2024-09-04,True,375,1886166.0,0,0,0,True,False,-0.000673487059427158
2024-09-05,True,375,616295.0,0,0,0,True,False,-0.0014731313648882471
2024-09-06,True,375,633907.0,0,0,0,True,False,0.005016018899064667
2024-09-09,True,375,464740.0,0,0,0,True,False,-0.010940847996883218
2024-09-10,True,375,854069.0,0,0,0,True,False,0.0032464370353537664
2024-09-11,True,375,957705.0,0,0,0,True,False,0.0008560015217806693
2024-09-12,True,375,1299933.0,0,0,0,True,False,0.010605293149297257
2024-09-13,True,375,684611.0,0,0,0,True,False,0.009847697106856623
2024-09-16,True,375,344873.0,0,0,0,True,False,0.0013785075358412335
2024-09-17,True,375,388054.0,0,0,0,True,False,0.008280118549298665
2024-09-18,True,375,297849.0,0,0,0,True,False,-0.0046903187011424485
2024-09-19,True,375,848869.0,0,0,0,True,False,-0.0014544573056177734
2024-09-20,True,375,904470.0,0,0,0,True,False,-0.0005980861244019309
2024-09-23,True,375,1096274.0,0,0,0,True,False,0.0052631578947368585
2024-09-24,True,375,1480637.0,0,0,0,True,False,0.00048539531165237015
2024-09-25,True,375,358894.0,0,0,0,True,False,-0.0008252703471827161
2024-09-26,True,375,630992.0,0,0,0,True,False,0.005110732538330387
2024-09-27,True,375,824676.0,0,0,0,True,False,-0.006762300879948002
2024-09-30,True,375,1107576.0,0,0,0,True,False,-0.013241220495106454
2024-10-01,True,375,521731.0,0,0,0,True,False,-0.004873493448507293
2024-10-03,True,375,1209453.0,0,0,0,True,False,-0.023317201935767695
2024-10-04,True,375,1151397.0,0,0,0,True,False,-0.00863706517867735
2024-10-07,True,375,655597.0,0,0,0,True,False,0.0042579075425790425
2024-10-08,True,375,637851.0,0,0,0,True,False,0.0
2024-10-09,True,375,414171.0,0,0,0,True,False,0.004066265060240992
2024-10-10,True,375,553113.0,0,0,0,True,False,0.0008010680907877266
2024-10-11,True,375,286320.0,0,0,0,True,False,0.0010439347391655307
2024-10-14,True,375,234885.0,0,0,0,True,False,0.0017230111104509227
2024-10-15,True,375,831577.0,0,0,0,True,False,0.009575599952713176
2024-10-16,True,375,472558.0,0,0,0,True,False,0.0011641443538998875
2024-10-17,True,375,506046.0,0,0,0,True,False,0.002742494226327885
2024-10-18,True,375,562559.0,0,0,0,True,False,0.004729868680043436
2024-10-21,True,375,594637.0,0,0,0,True,False,0.002085781433607492
2024-10-22,True,375,387271.0,0,0,0,True,False,0.0011834319526626835
2024-10-23,True,375,266802.0,0,0,0,True,False,0.0
2024-10-24,True,375,519143.0,0,0,0,True,False,0.0011572356903355452
2024-10-25,False,750,,750,0,0,False,False,-0.0010992602275766705
2024-10-28,False,750,,750,0,0,False,False,-0.0075415232679934
2024-10-29,False,750,,750,0,0,False,False,-0.008738476322032396
2024-10-30,True,375,659728.0,0,0,0,True,False,-0.008587611913027704
2024-10-31,True,375,498415.0,0,0,0,True,False,-0.0015276504735716179
2024-11-01,False,120,,120,0,120,False,False,0.0
2024-11-04,True,375,1017113.0,0,0,0,True,False,0.003315156772834449
2024-11-05,True,375,811798.0,0,0,0,True,False,-0.004182652997043901
2024-11-06,False,750,,750,0,0,False,False,-0.002803237897256672
2024-11-07,True,375,750946.0,0,0,0,True,False,-0.0008138988887149701
2024-11-08,False,750,,750,0,0,False,False,-0.001715701849145379
2024-11-11,True,375,390290.0,0,0,0,True,False,-0.005922435203464249
2024-11-12,True,375,374376.0,0,0,0,True,False,0.007643393923822961
2024-11-13,True,375,537237.0,0,0,0,True,False,0.0044106757670392405
2024-11-14,True,375,576716.0,0,0,0,True,False,-0.0012886597938144284
2024-11-18,True,375,1004084.0,0,0,0,True,False,0.00936052496139994
2024-11-19,False,750,,750,0,0,False,False,-0.0033718065101803196
2024-11-21,True,375,960324.0,0,0,0,True,False,0.010114278208327887
2024-11-22,True,375,759886.0,0,0,0,True,False,0.0059055118110236116
2024-11-25,True,375,1090854.0,0,0,0,True,False,0.00863937770976797
2024-11-26,True,375,815793.0,0,0,0,True,False,0.004136537307777299
2024-11-27,True,375,630434.0,0,0,0,True,False,-0.005576856047403211
2024-11-28,True,375,763926.0,0,0,0,True,False,-0.0038046924540265925
2024-11-29,False,750,,750,0,0,False,False,-0.008818173104572002
2024-12-02,True,375,615501.0,0,0,0,True,False,-0.0011356660527930273
2024-12-03,False,750,,750,0,0,False,False,0.006638246041412943
2024-12-04,True,375,776807.0,0,0,0,True,False,0.006702081660386661
2024-12-05,True,375,1102742.0,0,0,0,True,False,0.010324250939285795
2024-12-06,True,375,638837.0,0,0,0,True,False,0.0029443669611033396
2024-12-09,True,375,560107.0,0,0,0,True,False,-0.0011578782663119735
2024-12-10,True,375,552208.0,0,0,0,True,False,0.004083541147132053
2024-12-11,True,375,273926.0,0,0,0,True,False,0.005031486345368874
2024-12-12,True,375,1736841.0,0,0,0,True,False,-0.00532467941649073
2024-12-13,True,375,1286887.0,0,0,0,True,False,0.00496894409937898
2024-12-16,True,375,1290802.0,0,0,0,True,False,-0.0001486325802615429
2024-12-17,False,750,,750,0,0,False,False,-0.007516536380036132
2024-12-18,True,375,647446.0,0,0,0,True,False,0.0033415841584159
2024-12-19,True,375,1041046.0,0,0,0,True,False,-0.009366804046459398
2024-12-20,True,375,1098838.0,0,0,0,True,False,0.0068792995622264375
2024-12-23,True,375,503475.0,0,0,0,True,False,-0.000630119722747291
2024-12-24,True,375,655342.0,0,0,0,True,False,0.003154574132492094
2024-12-26,True,375,225053.0,0,0,0,True,False,0.0005685407454201208
2024-12-27,True,375,275352.0,0,0,0,True,False,-0.0005935830547658671
2024-12-30,False,750,,750,0,0,False,False,-0.0003425617389679614
2024-12-31,True,375,128233.0,0,0,0,True,False,-0.004809354666331478
2025-01-01,True,375,81723.0,0,0,0,True,False,-0.0002510355215263882
2025-01-02,True,375,338613.0,0,0,0,True,False,0.0012203135267061516
2025-01-03,True,375,514129.0,0,0,0,True,False,0.001239925604463732
2025-01-06,True,375,458124.0,0,0,0,True,False,0.0013488080301129468
2025-01-07,True,375,318066.0,0,0,0,True,False,0.0029257243527227583
2025-01-08,True,375,401849.0,0,0,0,True,False,0.004871150219987408
2025-01-09,True,375,495013.0,0,0,0,True,False,-0.0007182337694782159
2025-01-10,True,375,315783.0,0,0,0,True,False,0.00012439358129112676
2025-01-13,True,375,707197.0,0,0,0,True,False,-0.019242706393544418
2025-01-14,True,375,438439.0,0,0,0,True,False,0.006649520105388662
2025-01-15,True,375,406055.0,0,0,0,True,False,0.008782660518804386
2025-01-16,True,375,438813.0,0,0,0,True,False,0.006871890547263559
2025-01-17,True,375,279745.0,0,0,0,True,False,-0.002386780905752839
2025-01-20,True,375,974065.0,0,0,0,True,False,0.008434402511851236
2025-01-21,True,375,489557.0,0,0,0,True,False,0.007921998781230899
2025-01-22,True,375,238569.0,0,0,0,True,False,-0.0008288055990421928
2025-01-23,True,375,339979.0,0,0,0,True,False,-0.003985285101164915
2025-01-24,True,375,324237.0,0,0,0,True,False,-0.002411477411477403
2025-01-27,True,375,1160228.0,0,0,0,True,False,-0.0015230436504309885
2025-01-28,True,375,483999.0,0,0,0,True,False,0.002056907781967876
2025-01-29,True,375,426045.0,0,0,0,True,False,0.000741289844329085
2025-01-30,True,375,358482.0,0,0,0,True,False,0.0006227813414709793
2025-01-31,True,375,1054382.0,0,0,0,True,False,-0.002070015220700161
2025-02-01,True,375,170197.0,0,0,0,True,False,-0.00021507358589112346
2025-02-03,True,375,639253.0,0,0,0,True,False,-0.0030771124376884895
2025-02-04,True,375,654162.0,0,0,0,True,False,0.006753482737734684
2025-02-05,True,375,790444.0,0,0,0,True,False,0.004209260372820101
2025-02-06,True,375,613235.0,0,0,0,True,False,0.004885993485342022
2025-02-07,True,375,4616536.0,0,0,0,True,False,0.008107774831987102
2025-02-10,True,375,1403040.0,0,0,0,True,False,0.012425506555423071
2025-02-11,True,375,1940323.0,0,0,0,True,False,0.006786662732369386
2025-02-12,False,750,,750,0,0,False,False,0.0047762250132672435
2025-02-13,True,375,754938.0,0,0,0,True,False,-0.001168224299065379
2025-02-14,False,750,,750,0,0,False,False,0.001987606687712029
2025-02-17,True,375,628962.0,0,0,0,True,False,-0.0013127187864644396
2025-02-18,True,375,1198659.0,0,0,0,True,False,0.009245451834178242
2025-02-19,True,375,711169.0,0,0,0,True,False,0.0002994908655284956
2025-02-20,True,375,874733.0,0,0,0,True,False,-6.097746882538502e-05
2025-02-21,False,750,,750,0,0,False,False,-0.002125075895567652
2025-02-24,True,375,566886.0,0,0,0,True,False,-0.005956926836719112
2025-02-25,True,375,810643.0,0,0,0,True,False,-0.00187499999999996
2025-02-27,False,750,,750,0,0,False,False,0.0030211480362538623
2025-02-28,True,375,1021494.0,0,0,0,True,False,-0.002460510328068044
2025-03-03,True,375,1727749.0,0,0,0,True,False,0.006309349308520895
2025-03-04,True,375,491805.0,0,0,0,True,False,-0.0055386926182056095
2025-03-05,True,375,750354.0,0,0,0,True,False,0.001332571863696952
2025-03-06,True,375,916688.0,0,0,0,True,False,0.00496894409937898
2025-03-07,True,375,365294.0,0,0,0,True,False,0.002461538461538515
2025-03-10,True,375,638783.0,0,0,0,True,False,0.0012515644555695093
2025-03-11,True,375,808930.0,0,0,0,True,False,0.0012285012285011554
2025-03-12,True,375,3959434.0,0,0,0,True,False,0.015625
2025-03-13,True,375,759853.0,0,0,0,True,False,0.0018814104509314866
2025-03-17,True,375,1502027.0,0,0,0,True,False,-0.012676832629064827
2025-03-18,True,375,896168.0,0,0,0,True,False,0.004996039724608492
2025-03-19,True,375,886418.0,0,0,0,True,False,0.0012247397428046813
2025-03-20,True,375,2191225.0,0,0,0,True,False,0.015290519877675823
2025-03-21,True,375,1394759.0,0,0,0,True,False,0.0047308415608839915
2025-03-24,True,375,571810.0,0,0,0,True,False,0.011569094820068626
2025-03-25,True,375,577589.0,0,0,0,True,False,0.0046885465505692725
2025-03-26,True,375,1646053.0,0,0,0,True,False,0.006743849493487719
2025-03-27,True,375,857426.0,0,0,0,True,False,0.003952455138191757
2025-03-28,True,375,465135.0,0,0,0,True,False,0.004229432213209705
2025-04-01,True,375,1998045.0,0,0,0,True,False,-0.007178418432326139
2025-04-02,True,375,1052432.0,0,0,0,True,False,-0.0020886516593177085
2025-04-03,True,375,434276.0,0,0,0,True,False,-0.001798817919652862
2025-04-04,False,750,,750,0,0,False,False,0.00688665710186509
2025-04-07,True,375,5468416.0,0,0,0,True,False,-0.006032749209997079
2025-04-08,True,375,1044435.0,0,0,0,True,False,0.01636148848198471
2025-04-09,True,375,921612.0,0,0,0,True,False,-0.0009875969442587618
2025-04-11,True,375,1383646.0,0,0,0,True,False,0.026179231531689107
2025-04-15,True,375,3792852.0,0,0,0,True,False,0.027036237646256955
2025-04-16,True,375,817360.0,0,0,0,True,False,0.003005008347245486
2025-04-17,True,375,1932780.0,0,0,0,True,False,0.007138934651290452
2025-04-21,True,375,727112.0,0,0,0,True,False,0.008231982580062747
2025-04-22,True,375,629759.0,0,0,0,True,False,0.0012197062098955325
2025-04-23,True,375,751459.0,0,0,0,True,False,0.010172059300941338
2025-04-24,True,375,618321.0,0,0,0,True,False,-0.0023948908994145812
2025-04-25,True,375,604326.0,0,0,0,True,False,0.00032500947944313907
2025-04-28,True,375,661295.0,0,0,0,True,False,0.00990099009900991
2025-04-29,True,375,632601.0,0,0,0,True,False,0.0018678239850573597
2025-04-30,True,375,1045807.0,0,0,0,True,False,0.005363397548161064
2025-05-02,True,375,808143.0,0,0,0,True,False,-5.3992764969423845e-05
2025-05-05,True,375,431159.0,0,0,0,True,False,0.010275824770145991
2025-05-06,True,375,1908326.0,0,0,0,True,False,0.011950696677384798
2025-05-07,True,375,803259.0,0,0,0,True,False,0.0026371308016877038
2025-05-08,True,375,418574.0,0,0,0,True,False,0.0022718867226712014
2025-05-09,False,750,,750,0,0,False,False,-0.005095199785465243
2025-05-12,True,375,691747.0,0,0,0,True,False,0.010216216216216267
2025-05-13,True,375,867608.0,0,0,0,True,False,-0.0016017084890549427
2025-05-14,True,375,2490616.0,0,0,0,True,False,0.004280540006585509
2025-05-15,False,750,,750,0,0,False,False,0.0065291909244247215
2025-05-16,False,750,,750,0,0,False,False,-0.01561912940797594
2025-05-19,True,375,679335.0,0,0,0,True,False,0.004410143329658167
2025-05-20,True,375,1317697.0,0,0,0,True,False,-0.003688411780897405
2025-05-21,True,375,769882.0,0,0,0,True,False,0.001823506658562124
2025-05-22,True,375,867802.0,0,0,0,True,False,-0.0011525795828759566
2025-05-23,True,375,240947.0,0,0,0,True,False,-0.003276897870016393
2025-05-26,True,375,338694.0,0,0,0,True,False,0.0016384489350080855
2025-05-27,True,375,550686.0,0,0,0,True,False,-0.001353912808015112
2025-05-28,True,375,548254.0,0,0,0,True,False,0.00037893141341416303
2025-05-29,True,375,613067.0,0,0,0,True,False,0.001347345728913929
2025-05-30,False,750,,750,0,0,False,False,-0.0058981233243967646
2025-06-02,True,375,586525.0,0,0,0,True,False,-0.00844222186374144
2025-06-03,True,375,726516.0,0,0,0,True,False,0.009189189189189095
2025-06-04,True,375,655928.0,0,0,0,True,False,0.0072762814943527765
2025-06-05,True,375,579575.0,0,0,0,True,False,0.005872931126534864
2025-06-06,True,375,501651.0,0,0,0,True,False,-0.0027168122735991007
2025-06-09,True,375,706466.0,0,0,0,True,False,0.0020854499759370704
2025-06-10,True,375,1148880.0,0,0,0,True,False,0.0008579088471849516
2025-06-11,True,375,3818463.0,0,0,0,True,False,0.001077644269626532
2025-06-12,True,375,969861.0,0,0,0,True,False,0.007752355316285486
2025-06-13,False,750,,750,0,0,False,False,-0.0157266811279827
2025-06-16,True,375,838773.0,0,0,0,True,False,0.001086897451225477
2025-06-17,True,375,1220165.0,0,0,0,True,False,0.011193628242385012
2025-06-18,True,375,729159.0,0,0,0,True,False,-0.004954760878931541
2025-06-19,True,375,501795.0,0,0,0,True,False,0.005478569126651678
2025-06-20,True,375,716985.0,0,0,0,True,False,0.0032017075773747017
2025-06-23,True,375,728600.0,0,0,0,True,False,-0.0020682523267838704
2025-06-24,True,375,795312.0,0,0,0,True,False,0.008217054263566004
2025-06-25,True,375,601892.0,0,0,0,True,False,0.0
2025-06-26,True,375,1115714.0,0,0,0,True,False,0.003310415075120865
2025-06-27,True,375,1036753.0,0,0,0,True,False,-0.0027783290335383626
2025-06-30,True,375,796043.0,0,0,0,True,False,-0.000990099009900991
2025-07-01,True,375,477618.0,0,0,0,True,False,-0.0004477834718145113
2025-07-02,True,375,681121.0,0,0,0,True,False,0.010767627648489153
2025-07-03,True,375,1228508.0,0,0,0,True,False,0.0058128078817734075
2025-07-04,False,750,,750,0,0,False,False,0.003962357602773636
2025-07-07,True,375,418741.0,0,0,0,True,False,-0.00014863994450775575
2025-07-08,True,375,435753.0,0,0,0,True,False,-0.001724562700172405
2025-07-09,True,375,352632.0,0,0,0,True,False,0.001427095123271549
2025-07-10,True,375,908463.0,0,0,0,True,False,0.004655309033280375
2025-07-11,True,375,1040277.0,0,0,0,True,False,-0.011201629327902252
2025-07-14,True,375,1228011.0,0,0,0,True,False,-0.0051948051948051965
2025-07-15,True,375,471085.0,0,0,0,True,False,0.0008839893921273045
2025-07-16,True,375,539694.0,0,0,0,True,False,0.004755013438081379
2025-07-17,True,375,824489.0,0,0,0,True,False,0.006003830029501556
2025-07-18,True,375,626014.0,0,0,0,True,False,-0.007360182449593133
2025-07-21,True,375,411002.0,0,0,0,True,False,-0.003785488958990557
2025-07-22,True,375,621472.0,0,0,0,True,False,0.0009961726000105031
2025-07-23,True,375,726156.0,0,0,0,True,False,0.007081038552321006
2025-07-24,True,375,744652.0,0,0,0,True,False,-0.002668034889687032
2025-07-25,True,375,220790.0,0,0,0,True,False,-0.0005678298575263474
2025-07-28,True,375,345680.0,0,0,0,True,False,0.0010373443983402453
2025-07-29,True,375,345185.0,0,0,0,True,False,-0.004709243875337332
2025-07-30,True,375,1226554.0,0,0,0,True,False,0.010607723258609036
2025-07-31,True,375,797519.0,0,0,0,True,False,-0.008859644578001147
2025-08-01,True,375,281624.0,0,0,0,True,False,0.0010460251046024993
2025-08-04,True,375,202318.0,0,0,0,True,False,0.006382978723404209
2025-08-05,True,375,739583.0,0,0,0,True,False,0.0025586131272519186
2025-08-06,True,375,1640647.0,0,0,0,True,False,-0.00015541625654036384
2025-08-07,True,375,732768.0,0,0,0,True,False,0.0021309771309769854
2025-08-08,True,375,82744387.0,0,0,0,True,False,-0.01760324983073791
2025-08-11,True,375,950768.0,0,0,0,True,False,0.0018822264049476178
2025-08-12,True,375,482614.0,0,0,0,True,False,0.0011318924163208344
2025-08-13,True,375,233326.0,0,0,0,True,False,0.0015133499081179114
2025-08-14,True,375,391651.0,0,0,0,True,False,0.0011224544336949638
2025-08-18,True,375,1122154.0,0,0,0,True,False,0.012302754747258726
2025-08-19,True,375,1260228.0,0,0,0,True,False,0.004331977389191
2025-08-20,True,375,2566984.0,0,0,0,True,False,0.012598672173140146
2025-08-21,True,375,526700.0,0,0,0,True,False,0.0
2025-08-22,True,375,434250.0,0,0,0,True,False,0.002020620693228281
2025-08-25,True,375,270943.0,0,0,0,True,False,0.0036213140196585947
2025-08-26,True,375,597986.0,0,0,0,True,False,-0.003525325314946426
2025-08-28,True,375,839663.0,0,0,0,True,False,-0.005620633503178096
2025-08-29,True,375,598059.0,0,0,0,True,False,-0.008209745762711829
2025-09-01,True,375,501167.0,0,0,0,True,False,0.0004236839317868224
2025-09-02,True,375,544698.0,0,0,0,True,False,0.00210470928702966
2025-09-03,True,375,650730.0,0,0,0,True,False,0.0012177688357071226
2025-09-04,True,375,603604.0,0,0,0,True,False,0.00849707912904929
2025-09-05,True,375,226309.0,0,0,0,True,False,0.0038301947015639826
2025-09-08,True,375,239068.0,0,0,0,True,False,0.002111932418162654
2025-09-09,True,375,349706.0,0,0,0,True,False,0.0031813361611876534
2025-09-10,True,375,336581.0,0,0,0,True,False,0.0055983944227315785
2025-09-11,True,375,439107.0,0,0,0,True,False,-0.0052273087280215735
2025-09-12,True,375,453175.0,0,0,0,True,False,0.00564204367359733
2025-09-15,True,375,493645.0,0,0,0,True,False,0.0005254860746191081
2025-09-16,True,375,356033.0,0,0,0,True,False,-0.0022018348623853434
2025-09-17,True,375,592141.0,0,0,0,True,False,-0.00200823892893931
2025-09-18,True,375,489042.0,0,0,0,True,False,0.0020613244009275444
2025-09-19,False,750,,750,0,0,False,False,-0.004076157061039143
2025-09-22,True,375,739659.0,0,0,0,True,False,-0.00301035767130986
2025-09-23,True,375,436435.0,0,0,0,True,False,-0.0030674846625766694
2025-09-24,True,375,1206926.0,0,0,0,True,False,-0.00696055684454755
2025-09-25,True,375,665788.0,0,0,0,True,False,-0.0030991735537190257
2025-09-26,True,375,553712.0,0,0,0,True,False,-0.002015503875969049
2025-09-29,True,375,368707.0,0,0,0,True,False,0.0065782604155788515
2025-09-30,True,375,417087.0,0,0,0,True,False,-0.0055074744295829925
2025-10-01,True,375,912567.0,0,0,0,True,False,-0.007966011683483765
2025-10-03,True,375,1076383.0,0,0,0,True,False,-0.009788713559775286
2025-10-06,True,375,431597.0,0,0,0,True,False,-0.0007391763463570067
2025-10-07,True,375,464977.0,0,0,0,True,False,-0.0009990009990010762
2025-10-08,True,375,740935.0,0,0,0,True,False,-0.0020693222969477842
2025-10-09,True,375,321507.0,0,0,0,True,False,0.003094378545642096
2025-10-10,True,375,226357.0,0,0,0,True,False,-0.0048805548420240985
2025-10-13,True,375,670489.0,0,0,0,True,False,-0.0010824742268040755
2025-10-14,True,375,217470.0,0,0,0,True,False,0.004603580562659859
2025-10-15,True,375,511818.0,0,0,0,True,False,0.004619648906682983
2025-10-16,True,375,426781.0,0,0,0,True,False,-0.0023894255210981097
2025-10-17,False,750,,750,0,0,False,False,0.0017257131255710156
2025-10-20,True,375,1438493.0,0,0,0,True,False,0.006508023250037187
2025-10-21,False,61,,0,0,0,False,False,0.0008780487804878057
2025-10-23,True,375,1053604.0,0,0,0,True,False,0.009735812133072397
2025-10-24,False,750,,750,0,0,False,False,-0.0009453206627195732
2025-10-27,True,375,586708.0,0,0,0,True,False,0.0009861932938854956
2025-10-28,True,375,2157345.0,0,0,0,True,False,0.0038387715930903177
2025-10-29,True,375,370266.0,0,0,0,True,False,-0.002442411761888752
2025-10-30,True,375,684652.0,0,0,0,True,False,-0.014285714285714235
2025-10-31,True,375,311301.0,0,0,0,True,False,-0.006283228612856462
2025-11-03,True,375,214095.0,0,0,0,True,False,-0.0030563236792315873
2025-11-04,True,375,4189795.0,0,0,0,True,False,0.014443909484833872
2025-11-06,True,375,2000379.0,0,0,0,True,False,0.0023696682464455776
2025-11-07,True,375,58131452.0,0,0,0,True,False,-0.022434367541766087
2025-11-08,False,88,,0,3,0,False,False,0.009842618036472572
2025-11-10,True,375,852979.0,0,0,0,True,False,0.10765643218033438
2025-11-11,True,375,1342539.0,0,0,0,True,False,-0.00019797079930716777
2025-11-12,True,375,867393.0,0,0,0,True,False,0.007581315725116111
2025-11-13,True,375,921774.0,0,0,0,True,False,0.010587612493382803
2025-11-14,True,375,491794.0,0,0,0,True,False,-0.0014333492594361674
2025-11-17,True,375,747074.0,0,0,0,True,False,0.006721006721006617
2025-11-18,True,375,951013.0,0,0,0,True,False,0.0050679676028986265
2025-11-19,True,375,1614977.0,0,0,0,True,False,0.004147057453054437
2025-11-20,True,375,756861.0,0,0,0,True,False,-0.0031944444444444997
2025-11-21,True,375,629689.0,0,0,0,True,False,-0.004583333333333384
2025-11-24,True,375,748553.0,0,0,0,True,False,-0.0013394919168591146
2025-11-25,True,375,271728.0,0,0,0,True,False,0.006526806526806483
2025-11-26,True,375,37294861.0,0,0,0,True,False,-0.024390243902438935
2025-11-27,True,375,488044.0,0,0,0,True,False,0.002822201317027373
2025-11-28,True,375,401668.0,0,0,0,True,False,0.0
2025-12-01,True,375,396357.0,0,0,0,True,False,0.006999999999999895
2025-12-02,True,375,839107.0,0,0,0,True,False,-0.00033484812245865303
2025-12-03,True,375,625444.0,0,0,0,True,False,-0.003653098016889733
2025-12-04,True,375,418094.0,0,0,0,True,False,0.0037374221370389815
2025-12-05,False,750,,750,0,0,False,False,-0.004945316214931106
2025-12-08,True,375,481853.0,0,0,0,True,False,0.002180301450374289
2025-12-09,True,375,479561.0,0,0,0,True,False,-9.583133684709644e-05
2025-12-10,True,375,493347.0,0,0,0,True,False,-0.006711409395973145
2025-12-11,True,375,509652.0,0,0,0,True,False,0.0014541929229276995
2025-12-12,True,375,261490.0,0,0,0,True,False,-0.0004381694255112256
2025-12-15,True,375,390362.0,0,0,0,True,False,-0.005763411939868401
2025-12-16,True,375,754248.0,0,0,0,True,False,-0.0009169884169885067
2025-12-17,True,375,987582.0,0,0,0,True,False,0.006033540785785441
2025-12-18,True,375,319620.0,0,0,0,True,False,-0.004741583688952056
2025-12-19,True,375,2056673.0,0,0,0,True,False,0.007434589906114342
2025-12-22,True,375,968981.0,0,0,0,True,False,0.0129609259170691
2025-12-23,True,375,432340.0,0,0,0,True,False,0.007567264573991039
2025-12-24,True,375,288444.0,0,0,0,True,False,-0.005652378709373518
2025-12-26,True,375,91069.0,0,0,0,True,False,-0.00023546032493526603
2025-12-29,True,375,214100.0,0,0,0,True,False,-0.0002849002849002469
2025-12-30,True,375,261838.0,0,0,0,True,False,-0.00211396175651013
2025-12-31,True,375,93654.0,0,0,0,True,False,-0.0016195103362866003
