session,valid,minute_count,opening_volume,duplicate_timestamps,malformed_rows,outside_session_rows,complete_minute_grid,corporate_action_suspect,overnight_gap_pct
2018-01-01,True,375,92472.0,0,0,0,True,False,
2018-01-02,False,375,320920.0,0,1,0,True,False,0.0019191374663072303
2018-01-03,True,375,111508.0,0,0,0,True,False,0.0027810461011872345
2018-01-04,False,375,158372.0,0,1,0,True,False,-0.00046389695014725785
2018-01-05,True,375,93116.0,0,0,0,True,False,0.0020115529834450196
2018-01-08,True,375,127100.0,0,0,0,True,False,0.001041297650102635
2018-01-09,True,375,162410.0,0,0,0,True,False,-0.0010729613733905241
2018-01-10,True,375,67942.0,0,0,0,True,False,0.0013421377570193016
2018-01-11,True,375,77242.0,0,0,0,True,False,0.0020102555282026646
2018-01-12,True,375,185714.0,0,0,0,True,False,-0.0005122841469401562
2018-01-15,True,375,350498.0,0,0,0,True,False,0.002659517426273572
2018-01-16,True,375,394478.0,0,0,0,True,False,0.005493750858398538
2018-01-17,True,375,275918.0,0,0,0,True,False,-0.0016314930793115412
2018-01-18,False,375,2439066.0,0,1,0,True,False,0.01712835694650039
2018-01-19,True,375,416530.0,0,0,0,True,False,0.001086360485448079
2018-01-22,True,375,596112.0,0,0,0,True,False,0.005458201666187934
2018-01-23,True,375,225596.0,0,0,0,True,False,0.001273885350318471
2018-01-24,False,375,212330.0,0,1,0,True,False,0.0013128205128205561
2018-01-25,True,375,201248.0,0,0,0,True,False,-0.0018900694728237744
2018-01-29,True,375,343570.0,0,0,0,True,False,0.004570848146267181
2018-01-30,False,375,324588.0,0,1,0,True,False,-0.0013995801259621965
2018-01-31,True,375,222424.0,0,0,0,True,False,-0.0025370275663587627
2018-02-01,False,375,149012.0,0,1,0,True,False,0.0006983936945026414
2018-02-02,False,375,289104.0,0,1,0,True,False,-0.00025169896803423075
2018-02-05,True,375,552806.0,0,0,0,True,False,-0.012104043265516395
2018-02-06,True,375,1203102.0,0,0,0,True,False,-0.030239833159541152
2018-02-07,False,375,427468.0,0,1,0,True,False,0.004318516958078833
2018-02-08,False,294,365584.0,0,0,0,False,False,0.008295424137008345
2018-02-09,True,375,387464.0,0,0,0,True,False,-0.018119022316684275
2018-02-12,True,375,159266.0,0,0,0,True,False,0.004319654427645814
2018-02-14,True,375,191894.0,0,0,0,True,False,0.005212765957446797
2018-02-15,True,375,130516.0,0,0,0,True,False,0.005694518360830347
2018-02-16,True,375,121762.0,0,0,0,True,False,0.0014033147996554973
2018-02-19,True,375,113878.0,0,0,0,True,False,0.0011699638374813581
2018-02-20,False,375,164654.0,0,1,0,True,False,0.0025319148936169267
2018-02-21,True,375,94096.0,0,0,0,True,False,0.004193187682779875
2018-02-22,False,375,131830.0,0,1,0,True,False,-0.003447532859297664
2018-02-23,False,375,175524.0,0,1,0,True,False,0.003642928179184546
2018-02-26,True,375,170096.0,0,0,0,True,False,0.005913692061800591
2018-02-27,True,375,182868.0,0,0,0,True,False,0.0011816993464053294
2018-02-28,True,375,167868.0,0,0,0,True,False,-0.005756379900026309
2018-03-01,True,375,144994.0,0,0,0,True,False,-0.004608050847457634
2018-03-05,True,375,182056.0,0,0,0,True,False,0.002492645092270651
2018-03-06,True,375,241806.0,0,0,0,True,False,0.002143622722400762
2018-03-07,False,375,240802.0,0,1,0,True,False,-0.0010857763300760048
2018-03-08,True,375,192428.0,0,0,0,True,False,0.003928844264978748
2018-03-09,True,375,123210.0,0,0,0,True,False,0.002681081081081116
2018-03-12,True,375,402964.0,0,0,0,True,False,0.007604974650084584
2018-03-13,True,375,196398.0,0,0,0,True,False,-0.0008239700374531589
2018-03-14,False,375,107738.0,0,1,0,True,False,-0.0018607552730363075
2018-03-15,True,375,115832.0,0,0,0,True,False,0.0006437768240343811
2018-03-16,True,375,156758.0,0,0,0,True,False,0.0034694422204430975
2018-03-19,True,375,136304.0,0,0,0,True,False,-0.002691065662002168
2018-03-20,True,375,124974.0,0,0,0,True,False,0.00035747170015709706
2018-03-21,True,375,142114.0,0,0,0,True,False,0.002387541375006741
2018-03-22,False,357,80984.0,0,0,0,False,False,-0.0010220768601799657
2018-03-23,True,375,381346.0,0,0,0,True,False,-0.008588298443370945
2018-03-26,True,375,194486.0,0,0,0,True,False,-0.0017695656422003214
2018-03-27,True,375,340862.0,0,0,0,True,False,-0.0011919454025716147
2018-03-28,True,375,170868.0,0,0,0,True,False,-0.005913223445931037
2018-04-02,True,375,201098.0,0,0,0,True,False,0.00209523809523815
2018-04-03,True,375,174678.0,0,0,0,True,False,-0.005507531445727021
2018-04-04,True,375,136050.0,0,0,0,True,False,-2.0909566126436907e-05
2018-04-05,False,375,200162.0,0,1,0,True,False,0.009664914237162092
2018-04-06,True,375,184128.0,0,0,0,True,False,-0.00047044064607171254
2018-04-09,True,375,236926.0,0,0,0,True,False,-0.0006770480704130222
2018-04-10,False,375,255952.0,0,1,0,True,False,0.0030975735673721694
2018-04-11,True,375,150366.0,0,0,0,True,False,-0.002758692483864178
2018-04-12,True,375,123066.0,0,0,0,True,False,-0.0010427528675703845
2018-04-13,True,375,95988.0,0,0,0,True,False,0.0015584415584415368
2018-04-16,True,375,130444.0,0,0,0,True,False,-0.005181347150259086
2018-04-17,False,373,148762.0,0,0,0,False,False,0.0
2018-04-18,False,376,188032.0,0,0,1,False,False,0.0005128205128204222
2018-04-19,True,375,105252.0,0,0,0,True,False,0.0031023784901758056
2018-04-20,True,375,163568.0,0,0,0,True,False,0.001031459515214106
2018-04-23,True,375,3741754.0,0,0,0,True,False,0.009693877551020469
2018-04-24,True,375,441120.0,0,0,0,True,False,-0.002320185614849146
2018-04-25,True,375,208818.0,0,0,0,True,False,-0.003205625355462427
2018-04-26,True,375,228154.0,0,0,0,True,False,-0.0016666666666667052
2018-04-27,True,375,397104.0,0,0,0,True,False,0.003582368516691803
2018-04-30,True,375,310896.0,0,0,0,True,False,0.0025974025974024872
2018-05-02,True,375,246886.0,0,0,0,True,False,0.0020554984583760483
2018-05-03,True,375,213198.0,0,0,0,True,False,0.0002846251588308757
2018-05-04,True,375,192870.0,0,0,0,True,False,0.00101626016260159
2018-05-07,True,375,140772.0,0,0,0,True,False,-0.0018837513851113208
2018-05-08,True,375,446040.0,0,0,0,True,False,0.000890012642225102
2018-05-09,True,375,174368.0,0,0,0,True,False,-0.005258072718026918
2018-05-10,True,375,483058.0,0,0,0,True,False,0.005308123957332711
2018-05-11,True,375,100856.0,0,0,0,True,False,0.003727396363270019
2018-05-14,True,375,274256.0,0,0,0,True,False,0.0032526633045866227
2018-05-15,True,375,966658.0,0,0,0,True,False,0.0015118577075099449
2018-05-16,True,375,241036.0,0,0,0,True,False,-0.004744539858055896
2018-05-17,True,375,109132.0,0,0,0,True,False,-0.0018051787916153472
2018-05-18,True,375,300960.0,0,0,0,True,False,-0.00790850826130407
2018-05-21,True,375,74728.0,0,0,0,True,False,0.002087578905512144
2018-05-22,True,375,134708.0,0,0,0,True,False,0.0008011616844425529
2018-05-23,True,375,693730.0,0,0,0,True,False,-0.001055329413538475
2018-05-24,True,375,159840.0,0,0,0,True,False,0.0010687022900763843
2018-05-25,True,375,271632.0,0,0,0,True,False,0.00040217172732748274
2018-05-28,True,375,354086.0,0,0,0,True,False,-9.960159362554233e-05
2018-05-29,True,375,120058.0,0,0,0,True,False,-0.00011774864589053635
2018-05-30,True,375,151574.0,0,0,0,True,False,-0.005857452254380724
2018-05-31,True,375,2591852.0,0,0,0,True,False,0.02411048689138573
2018-06-01,True,375,2452758.0,0,0,0,True,False,-0.005779260442606904
2018-06-04,True,375,22907018.0,0,0,0,True,False,0.02043722175287388
2018-06-05,True,375,1312934.0,0,0,0,True,False,0.0024449877750611915
2018-06-06,True,375,500938.0,0,0,0,True,False,-0.0018410852713178771
2018-06-07,True,375,594950.0,0,0,0,True,False,0.00767959560610465
2018-06-08,True,375,350372.0,0,0,0,True,False,-0.0014064697609001975
2018-06-11,True,375,434216.0,0,0,0,True,False,0.0014446494284849898
2018-06-12,True,375,237074.0,0,0,0,True,False,0.004110594568143
2018-06-13,True,375,455816.0,0,0,0,True,False,0.003963011889035695
2018-06-14,True,375,1305522.0,0,0,0,True,False,-0.0009842519685039353
2018-06-15,True,375,524502.0,0,0,0,True,False,-0.004422604422604448
2018-06-18,True,375,584864.0,0,0,0,True,False,0.0012527372802777492
2018-06-19,True,375,636226.0,0,0,0,True,False,0.0034390485629336442
2018-06-20,True,375,226062.0,0,0,0,True,False,0.0014829461196244065
2018-06-21,True,375,769432.0,0,0,0,True,False,0.0019455252918287869
2018-06-22,True,375,312344.0,0,0,0,True,False,0.00018477457501853145
2018-06-25,True,375,275034.0,0,0,0,True,False,0.00039380666974042633
2018-06-26,True,375,393920.0,0,0,0,True,False,-0.00423878488166729
2018-06-27,True,375,547444.0,0,0,0,True,False,0.00047801147227533036
2018-06-28,True,375,1163648.0,0,0,0,True,False,4.72835595062282e-05
2018-06-29,True,375,3297096.0,0,0,0,True,False,-0.002257230190453874
2018-07-02,True,375,375852.0,0,0,0,True,False,-0.0012505921364281969
2018-07-03,True,375,345562.0,0,0,0,True,False,0.001632960683330964
2018-07-04,True,375,379448.0,0,0,0,True,False,0.003014492753623088
2018-07-05,True,375,218542.0,0,0,0,True,False,0.0019515445761340011
2018-07-06,True,375,319610.0,0,0,0,True,False,-0.00339542560716799
2018-07-09,True,375,223004.0,0,0,0,True,False,0.0006130456105934989
2018-07-10,True,375,1413922.0,0,0,0,True,False,0.0016459744168548784
2018-07-11,True,375,606542.0,0,0,0,True,False,-0.001368715083798877
2018-07-12,True,375,524850.0,0,0,0,True,False,0.002514551804423837
2018-07-13,True,375,550754.0,0,0,0,True,False,0.002468724862001226
2018-07-16,True,375,483062.0,0,0,0,True,False,-0.0007336084364969464
2018-07-17,True,375,314908.0,0,0,0,True,False,-0.002131133929312967
2018-07-18,True,375,1532832.0,0,0,0,True,False,0.0035056163277291663
2018-07-19,True,375,272852.0,0,0,0,True,False,0.0036504740099123634
2018-07-20,True,375,807328.0,0,0,0,True,False,-0.0017170047400291155
2018-07-23,True,375,2400720.0,0,0,0,True,False,-0.016018306636155555
2018-07-24,True,375,508154.0,0,0,0,True,False,-0.002277057484083911
2018-07-25,True,375,345590.0,0,0,0,True,False,0.0009895953757224074
2018-07-26,True,375,751396.0,0,0,0,True,False,-0.002993322588072722
2018-07-27,True,375,773640.0,0,0,0,True,False,0.002202903827773106
2018-07-30,True,375,340084.0,0,0,0,True,False,-0.0018428912512595819
2018-07-31,True,375,499216.0,0,0,0,True,False,-0.0021712015521780925
2018-08-01,True,375,318784.0,0,0,0,True,False,-0.009452973289854505
2018-08-02,True,375,306710.0,0,0,0,True,False,-9.286344430503579e-05
2018-08-03,True,375,853080.0,0,0,0,True,False,0.001502093542875338
2018-08-06,True,375,308302.0,0,0,0,True,False,-0.00047125353440147233
2018-08-07,True,375,399854.0,0,0,0,True,False,0.004965712934499988
2018-08-08,True,375,939974.0,0,0,0,True,False,0.002280619427498909
2018-08-09,True,375,363660.0,0,0,0,True,False,0.0023397285914834587
2018-08-10,True,375,371664.0,0,0,0,True,False,0.0016981933110051806
2018-08-13,True,375,900500.0,0,0,0,True,False,-0.014657210401891274
2018-08-14,True,375,271870.0,0,0,0,True,False,0.0033476805356289496
2018-08-16,True,375,1011264.0,0,0,0,True,False,-0.0030153639975112334
2018-08-17,True,375,774958.0,0,0,0,True,False,0.00361376120265966
2018-08-20,True,375,494908.0,0,0,0,True,False,-0.000962927298988947
2018-08-21,True,375,540484.0,0,0,0,True,False,-0.00014297288280995524
2018-08-23,True,375,394030.0,0,0,0,True,False,0.003814973772055419
2018-08-24,True,375,316732.0,0,0,0,True,False,-0.004279051877494111
2018-08-27,True,375,1581936.0,0,0,0,True,False,0.0033816425120773985
2018-08-28,True,375,784566.0,0,0,0,True,False,0.0028818443804035088
2018-08-29,True,375,793666.0,0,0,0,True,False,-0.0025078668828073525
2018-08-30,True,375,633898.0,0,0,0,True,False,0.001615198246356142
2018-08-31,True,375,847094.0,0,0,0,True,False,0.0005802707930366857
2018-09-03,True,375,310924.0,0,0,0,True,False,0.004592366767964151
2018-09-04,True,375,346332.0,0,0,0,True,False,0.0014272351176987108
2018-09-05,True,375,276388.0,0,0,0,True,False,0.0008479284231457385
2018-09-06,True,375,364336.0,0,0,0,True,False,0.002279464276979448
2018-09-07,True,375,256550.0,0,0,0,True,False,0.00041948354746512706
2018-09-10,True,375,736810.0,0,0,0,True,False,-0.0019426906265177513
2018-09-11,True,375,1109304.0,0,0,0,True,False,0.0035801863658655453
2018-09-12,True,375,612088.0,0,0,0,True,False,0.0009500000000000064
2018-09-14,True,375,609488.0,0,0,0,True,False,0.0010110020814748655
2018-09-17,True,375,636722.0,0,0,0,True,False,-0.003185781354795414
2018-09-18,True,375,719356.0,0,0,0,True,False,0.0014759332516718349
2018-09-19,True,375,404450.0,0,0,0,True,False,0.003369950104619157
2018-09-21,True,375,2458744.0,0,0,0,True,False,0.005983202185346759
2018-09-24,True,375,624676.0,0,0,0,True,False,-0.004423076923076974
2018-09-25,True,375,604442.0,0,0,0,True,False,0.0024988286740590393
2018-09-26,True,375,1438592.0,0,0,0,True,False,0.0015102040816326046
2018-09-27,True,375,478808.0,0,0,0,True,False,0.0016988291303419167
2018-09-28,True,375,800206.0,0,0,0,True,False,0.0012941711743592599
2018-10-01,True,375,1147304.0,0,0,0,True,False,0.0006472491909383926
2018-10-03,True,375,1300130.0,0,0,0,True,False,-0.003386769022352576
2018-10-04,True,375,579162.0,0,0,0,True,False,-0.011324470704086709
2018-10-05,True,375,620162.0,0,0,0,True,False,0.004606683804627254
2018-10-08,True,375,1350938.0,0,0,0,True,False,0.007692307692307665
2018-10-09,True,375,673662.0,0,0,0,True,False,0.0022680412371134384
2018-10-10,True,375,909248.0,0,0,0,True,False,-0.0004933297703960671
2018-10-11,True,375,1110896.0,0,0,0,True,False,-0.02204836415362732
2018-10-12,True,375,441504.0,0,0,0,True,False,0.003094378545642096
2018-10-15,True,375,558116.0,0,0,0,True,False,0.006575619625695417
2018-10-16,True,375,463044.0,0,0,0,True,False,-0.003879053113188813
2018-10-17,True,375,439522.0,0,0,0,True,False,0.00829312424607953
2018-10-19,True,375,903256.0,0,0,0,True,False,-0.007981120800542918
2018-10-22,True,375,2252632.0,0,0,0,True,False,0.022335025380710638
2018-10-23,True,375,1221156.0,0,0,0,True,False,-0.012660761647400265
2018-10-24,True,375,2121042.0,0,0,0,True,False,0.009571788413098137
2018-10-25,True,375,1727430.0,0,0,0,True,False,-0.010478816746051667
2018-10-26,True,375,675770.0,0,0,0,True,False,-0.0016227180527383922
2018-10-29,True,375,1029724.0,0,0,0,True,False,0.00147868651845795
2018-10-30,True,375,1111026.0,0,0,0,True,False,-0.001556016597510368
2018-10-31,True,375,1293346.0,0,0,0,True,False,-0.005198744769874475
2018-11-01,True,375,1479406.0,0,0,0,True,False,0.012591815320041944
2018-11-02,True,375,2535162.0,0,0,0,True,False,0.007480253177799767
2018-11-05,True,375,308932.0,0,0,0,True,False,-5.1282051282020014e-05
2018-11-06,True,375,506130.0,0,0,0,True,False,-0.0023474178403755097
2018-11-07,False,60,,0,0,60,False,False,0.006518503310578572
2018-11-09,True,375,766202.0,0,0,0,True,False,-0.000918367346938731
2018-11-12,True,375,349940.0,0,0,0,True,False,0.004550461738029199
2018-11-13,True,375,695888.0,0,0,0,True,False,-0.0009683162750018237
2018-11-14,True,375,1148218.0,0,0,0,True,False,0.004664275793445194
2018-11-15,True,375,1150422.0,0,0,0,True,False,0.0010204602275625252
2018-11-16,True,375,924070.0,0,0,0,True,False,0.004003851806801517
2018-11-19,True,375,745616.0,0,0,0,True,False,0.004094268024765313
2018-11-20,True,375,396014.0,0,0,0,True,False,-0.0015376221417587876
2018-11-21,True,375,355998.0,0,0,0,True,False,0.0
2018-11-22,True,375,616868.0,0,0,0,True,False,-0.003070158063621653
2018-11-26,True,375,1540774.0,0,0,0,True,False,0.0038180875667916947
2018-11-27,True,375,524048.0,0,0,0,True,False,-0.004360975609756124
2018-11-28,True,375,730562.0,0,0,0,True,False,0.0004844961240308976
2018-11-29,True,375,2223458.0,0,0,0,True,False,0.004782400765184214
2018-11-30,True,375,702910.0,0,0,0,True,False,-0.0010505384009303897
2018-12-03,True,375,696432.0,0,0,0,True,False,0.004980098470128924
2018-12-04,True,375,881262.0,0,0,0,True,False,-0.0028889415107742344
2018-12-05,True,375,396502.0,0,0,0,True,False,-0.00426469883559355
2018-12-06,True,375,358728.0,0,0,0,True,False,-0.006324298621017688
2018-12-07,True,375,824814.0,0,0,0,True,False,0.004721480351010943
2018-12-10,True,375,1072066.0,0,0,0,True,False,-0.023215130023640618
2018-12-11,True,375,1746670.0,0,0,0,True,False,-0.013672343487646899
2018-12-12,True,375,838280.0,0,0,0,True,False,0.00543837802078051
2018-12-13,True,375,501844.0,0,0,0,True,False,0.004988966708241449
2018-12-14,True,375,639274.0,0,0,0,True,False,0.0023333333333332984
2018-12-17,True,375,570124.0,0,0,0,True,False,0.0042480072550237225
2018-12-18,True,375,529120.0,0,0,0,True,False,-0.0028169014084507005
2018-12-19,True,375,801272.0,0,0,0,True,False,-0.002338524858519264
2018-12-20,True,375,455924.0,0,0,0,True,False,-0.004917569477155048
2018-12-21,True,375,1103464.0,0,0,0,True,False,-0.00187090739008422
2018-12-24,True,375,375610.0,0,0,0,True,False,-0.0033820589823506664
2018-12-26,True,375,646510.0,0,0,0,True,False,-0.002880460873739832
2018-12-27,True,375,581288.0,0,0,0,True,False,0.004237288135593209
2018-12-28,True,375,748722.0,0,0,0,True,False,0.004916943521594774
2018-12-31,True,375,377630.0,0,0,0,True,False,0.006547030285902755
2019-01-01,True,375,154634.0,0,0,0,True,False,0.0027240251477476107
2019-01-02,True,375,478784.0,0,0,0,True,False,-0.0028850628199161843
2019-01-03,True,375,1321962.0,0,0,0,True,False,-0.0013164080865069039
2019-01-04,True,375,423344.0,0,0,0,True,False,0.0024834123222747806
2019-01-07,True,375,354124.0,0,0,0,True,False,0.004172054784176149
2019-01-08,True,375,996002.0,0,0,0,True,False,0.0007073803348267571
2019-01-09,True,375,812614.0,0,0,0,True,False,0.0071805601788006435
2019-01-10,True,375,900516.0,0,0,0,True,False,9.448223733921068e-05
2019-01-11,True,375,365012.0,0,0,0,True,False,0.003417829678154405
2019-01-14,True,375,424020.0,0,0,0,True,False,-0.0024113475177304222
2019-01-15,True,375,233590.0,0,0,0,True,False,7.601311226168583e-05
2019-01-16,True,375,204752.0,0,0,0,True,False,0.0014454416627303068
2019-01-17,True,375,325358.0,0,0,0,True,False,0.003892300425129891
2019-01-18,True,375,355950.0,0,0,0,True,False,0.002159218926023332
2019-01-21,True,375,1576612.0,0,0,0,True,False,0.004666666666666597
2019-01-22,True,375,663230.0,0,0,0,True,False,0.0002796681271557411
2019-01-23,True,375,332734.0,0,0,0,True,False,0.000281241211212091
2019-01-24,True,375,405492.0,0,0,0,True,False,0.001994491404691656
2019-01-25,True,375,1127650.0,0,0,0,True,False,-0.0026684456304202353
2019-01-28,True,375,893838.0,0,0,0,True,False,-0.000984675391719092
2019-01-29,True,375,1723834.0,0,0,0,True,False,-0.0041974125539052665
2019-01-30,True,375,1248494.0,0,0,0,True,False,-0.0013398058252428457
2019-01-31,True,375,883348.0,0,0,0,True,False,-0.001229407425620832
2019-02-01,True,375,580372.0,0,0,0,True,False,0.003347805113362412
2019-02-04,True,375,475696.0,0,0,0,True,False,0.002104658949583893
2019-02-05,True,375,201792.0,0,0,0,True,False,0.0034463717892572188
2019-02-06,True,375,584522.0,0,0,0,True,False,0.0005862884160754422
2019-02-07,True,375,277908.0,0,0,0,True,False,0.001442035815268694
2019-02-08,True,375,219698.0,0,0,0,True,False,0.000852999715666769
2019-02-11,True,375,327050.0,0,0,0,True,False,-0.001747756258856814
2019-02-12,True,375,787520.0,0,0,0,True,False,-0.0004675081813931836
2019-02-13,True,375,473056.0,0,0,0,True,False,0.002582086889571178
2019-02-14,True,375,455030.0,0,0,0,True,False,0.0
2019-02-15,True,375,631952.0,0,0,0,True,False,-0.002196969696969586
2019-02-18,True,375,406276.0,0,0,0,True,False,0.0029037939734375406
2019-02-19,True,375,321320.0,0,0,0,True,False,0.0
2019-02-20,True,375,477952.0,0,0,0,True,False,0.0024286756518066
2019-02-21,True,375,453532.0,0,0,0,True,False,-0.0038864401156454287
2019-02-22,True,375,441902.0,0,0,0,True,False,0.0017488301744104096
2019-02-25,True,375,630444.0,0,0,0,True,False,0.0019799139167862023
2019-02-26,True,375,631784.0,0,0,0,True,False,-0.005539331135186121
2019-02-27,True,375,291098.0,0,0,0,True,False,0.0033665244191558585
2019-02-28,True,375,566506.0,0,0,0,True,False,4.777830864788335e-05
2019-03-01,True,375,486374.0,0,0,0,True,False,0.00396535129932607
2019-03-05,True,375,711218.0,0,0,0,True,False,0.004278846153846105
2019-03-06,True,375,705366.0,0,0,0,True,False,0.0014238253440910231
2019-03-07,True,375,324296.0,0,0,0,True,False,0.0031383737517831634
2019-03-08,True,375,617634.0,0,0,0,True,False,-0.004771315640880847
2019-03-11,True,375,461116.0,0,0,0,True,False,0.0009859617822431943
2019-03-12,True,375,790810.0,0,0,0,True,False,0.00904237319998491
2019-03-13,True,375,1521876.0,0,0,0,True,False,0.00369173973234882
2019-03-14,True,375,1267540.0,0,0,0,True,False,0.007115298340062859
2019-03-15,True,375,574114.0,0,0,0,True,False,0.003571653486635462
2019-03-18,True,375,1087054.0,0,0,0,True,False,0.002011198922635238
2019-03-19,True,375,826908.0,0,0,0,True,False,-8.811737233982431e-05
2019-03-20,True,375,610854.0,0,0,0,True,False,0.00044091710758387137
2019-03-22,True,375,1071506.0,0,0,0,True,False,0.00043497172683770735
2019-03-25,True,375,508954.0,0,0,0,True,False,-0.006637070897982489
2019-03-26,True,375,479100.0,0,0,0,True,False,-0.0009218612818261418
2019-03-27,True,375,940208.0,0,0,0,True,False,0.0027939967994463633
2019-03-28,True,375,522494.0,0,0,0,True,False,-0.000956106040851723
2019-03-29,True,375,748920.0,0,0,0,True,False,-0.0014731369150779994
2019-04-01,True,375,601658.0,0,0,0,True,False,0.003989637305699345
2019-04-02,True,375,599336.0,0,0,0,True,False,0.005696054376945314
2019-04-03,True,375,503970.0,0,0,0,True,False,-0.0030013049151805804
2019-04-04,True,375,449518.0,0,0,0,True,False,0.0016426387068588788
2019-04-05,True,375,582050.0,0,0,0,True,False,0.0003498032356799019
2019-04-08,True,375,342374.0,0,0,0,True,False,0.003983028833665081
2019-04-09,True,375,292426.0,0,0,0,True,False,0.003232570330246487
2019-04-10,True,375,3349862.0,0,0,0,True,False,-0.017467248908296984
2019-04-11,True,375,933042.0,0,0,0,True,False,0.003576378023157023
2019-04-12,True,375,552728.0,0,0,0,True,False,-0.002877888957761421
2019-04-15,True,375,535028.0,0,0,0,True,False,0.005759858218874703
2019-04-16,True,375,426422.0,0,0,0,True,False,0.004357737834283171
2019-04-18,True,375,1053926.0,0,0,0,True,False,0.002600780234070177
2019-04-22,True,375,3028922.0,0,0,0,True,False,0.013619559151785587
2019-04-23,True,375,1003154.0,0,0,0,True,False,0.004658138509042731
2019-04-24,True,375,903548.0,0,0,0,True,False,0.0012014417300760805
2019-04-25,True,375,503656.0,0,0,0,True,False,0.0030263157894736548
2019-04-26,True,375,1169140.0,0,0,0,True,False,0.0016178654784639868
2019-04-30,True,375,1060380.0,0,0,0,True,False,0.00404253449336478
2019-05-02,True,375,1611932.0,0,0,0,True,False,0.0019404915912031306
2019-05-03,True,375,767182.0,0,0,0,True,False,0.0034804753820032452
2019-05-06,False,372,1592936.0,0,0,0,False,False,-0.007188160676532718
2019-05-07,True,375,819066.0,0,0,0,True,False,0.010309721207955702
2019-05-08,True,375,726450.0,0,0,0,True,False,0.0010602991250376892
2019-05-09,True,375,348608.0,0,0,0,True,False,-0.005061210364666668
2019-05-10,True,375,500530.0,0,0,0,True,False,-0.0002792321116927843
2019-05-13,True,375,421938.0,0,0,0,True,False,-6.097029875440363e-05
2019-05-14,True,375,594254.0,0,0,0,True,False,0.005208333333333259
2019-05-15,True,375,606002.0,0,0,0,True,False,0.0034965034965035446
2019-05-16,True,375,359984.0,0,0,0,True,False,-0.002685092054051652
2019-05-17,True,375,1229824.0,0,0,0,True,False,0.000276773512774664
2019-05-20,True,375,1678554.0,0,0,0,True,False,0.018181818181818077
2019-05-21,True,375,779604.0,0,0,0,True,False,0.004019372055480641
2019-05-22,True,375,645720.0,0,0,0,True,False,0.0015447606866711983
2019-05-23,True,375,2164430.0,0,0,0,True,False,-0.0004149377593360981
2019-05-24,True,375,1311686.0,0,0,0,True,False,0.004127659574467923
2019-05-27,True,375,804638.0,0,0,0,True,False,0.002528551561380654
2019-05-28,True,375,519806.0,0,0,0,True,False,0.00484019859783924
2019-05-29,True,375,599098.0,0,0,0,True,False,-0.004049586776859626
2019-05-30,True,375,386808.0,0,0,0,True,False,-0.0012401818933444053
2019-05-31,True,375,675024.0,0,0,0,True,False,0.006885245901639525
2019-06-03,True,375,1009094.0,0,0,0,True,False,0.0007422068283029493
2019-06-04,True,375,448040.0,0,0,0,True,False,0.00040749796251016157
2019-06-06,True,375,1632250.0,0,0,0,True,False,-0.0007331975560082027
2019-06-07,True,375,579916.0,0,0,0,True,False,-0.000889694373507055
2019-06-10,True,375,449838.0,0,0,0,True,False,0.009638810314099189
2019-06-11,True,375,772278.0,0,0,0,True,False,0.0036436583967902614
2019-06-12,True,375,450586.0,0,0,0,True,False,-0.0006131207847945852
2019-06-13,True,375,729568.0,0,0,0,True,False,0.0021145301958203078
2019-06-14,True,375,1039946.0,0,0,0,True,False,-2.4559967253368065e-05
2019-06-17,True,375,774920.0,0,0,0,True,False,0.0004930561262221911
2019-06-18,True,375,583964.0,0,0,0,True,False,-0.0016515276630884035
2019-06-19,True,375,941566.0,0,0,0,True,False,0.003680575658574936
2019-06-20,True,375,578042.0,0,0,0,True,False,-0.0033408577878103474
2019-06-21,True,375,1665296.0,0,0,0,True,False,-0.0001648532805803571
2019-06-24,True,375,299346.0,0,0,0,True,False,-0.0008781886117162907
2019-06-25,True,375,542108.0,0,0,0,True,False,-0.0004708798017347693
2019-06-26,True,375,458798.0,0,0,0,True,False,0.0011147811725844559
2019-06-27,True,375,901800.0,0,0,0,True,False,0.0018748934719619026
2019-06-28,True,375,840278.0,0,0,0,True,False,0.0009343136856645451
2019-07-01,True,375,828776.0,0,0,0,True,False,0.006169754274992334
2019-07-02,True,375,521326.0,0,0,0,True,False,0.0008045052292839916
2019-07-03,True,375,787864.0,0,0,0,True,False,0.002028918097468191
2019-07-04,True,375,401122.0,0,0,0,True,False,0.0026122252140015068
2019-07-05,True,375,337678.0,0,0,0,True,False,0.0009021853829855875
2019-07-08,True,375,766092.0,0,0,0,True,False,0.002658022690437578
2019-07-09,True,375,1278864.0,0,0,0,True,False,-0.003663944957930876
2019-07-10,True,375,806542.0,0,0,0,True,False,-1.681520094165556e-05
2019-07-11,True,375,573816.0,0,0,0,True,False,0.004934760789561787
2019-07-12,True,375,689310.0,0,0,0,True,False,0.005924052318035056
2019-07-15,True,375,448812.0,0,0,0,True,False,0.00143779048383319
2019-07-16,True,375,1356150.0,0,0,0,True,False,0.008340283569641338
2019-07-17,True,375,500138.0,0,0,0,True,False,-2.5073129962360774e-05
2019-07-18,True,375,608138.0,0,0,0,True,False,0.00045797077313780576
2019-07-19,True,375,497220.0,0,0,0,True,False,8.282259400349545e-05
2019-07-22,True,375,1912038.0,0,0,0,True,False,-0.014498844295019908
2019-07-23,True,375,2995986.0,0,0,0,True,False,-0.003690838037342603
2019-07-24,True,375,1109438.0,0,0,0,True,False,-0.0038578680203045224
2019-07-25,True,375,1721564.0,0,0,0,True,False,0.0004378283712784814
2019-07-26,True,375,1039852.0,0,0,0,True,False,-0.005196279638443824
2019-07-29,True,375,609434.0,0,0,0,True,False,-0.0010720562390158506
2019-07-30,True,375,401152.0,0,0,0,True,False,0.0005057989404841923
2019-07-31,True,375,1132654.0,0,0,0,True,False,-0.005328596802841923
2019-08-01,True,375,871036.0,0,0,0,True,False,-0.009288888888888902
2019-08-02,True,375,928122.0,0,0,0,True,False,-0.006292134831460627
2019-08-05,True,375,2110244.0,0,0,0,True,False,-0.010333333333333306
2019-08-06,True,375,3239636.0,0,0,0,True,False,-0.003494895612986215
2019-08-07,True,375,463204.0,0,0,0,True,False,0.0032065964269354374
2019-08-08,True,375,1686248.0,0,0,0,True,False,0.008256880733944927
2019-08-09,True,375,3160714.0,0,0,0,True,False,0.003214572729707932
2019-08-13,True,375,1380718.0,0,0,0,True,False,-0.005120350109409144
2019-08-14,True,375,846866.0,0,0,0,True,False,0.003321364452423703
2019-08-16,True,375,948740.0,0,0,0,True,False,-0.005810663960412077
2019-08-19,True,375,619264.0,0,0,0,True,False,0.006546939215986036
2019-08-20,True,375,1155298.0,0,0,0,True,False,-0.00034389140271506857
2019-08-21,True,375,412616.0,0,0,0,True,False,0.0004046762589928754
2019-08-22,True,375,785612.0,0,0,0,True,False,-0.0021745967560765633
2019-08-23,True,375,1726664.0,0,0,0,True,False,-0.007349563619660104
2019-08-26,True,375,2832658.0,0,0,0,True,False,0.01385745300013852
2019-08-27,True,375,2242850.0,0,0,0,True,False,-0.0013280212483399723
2019-08-28,True,375,1228912.0,0,0,0,True,False,-0.003542958370239102
2019-08-29,True,375,476690.0,0,0,0,True,False,0.00044543429844101645
2019-08-30,True,375,810636.0,0,0,0,True,False,0.003594697820714421
2019-09-03,True,375,887616.0,0,0,0,True,False,-0.005331780097674654
2019-09-04,True,375,693406.0,0,0,0,True,False,0.002953874119518307
2019-09-05,True,375,1631488.0,0,0,0,True,False,0.002228163992869847
2019-09-06,True,375,1130182.0,0,0,0,True,False,-0.0017921146953404632
2019-09-09,True,375,683424.0,0,0,0,True,False,0.0019181870901547882
2019-09-11,True,375,1691168.0,0,0,0,True,False,0.012890524083988941
2019-09-12,True,375,944766.0,0,0,0,True,False,0.0020926090828137234
2019-09-13,True,375,2095858.0,0,0,0,True,False,-0.007469333403882006
2019-09-16,True,375,1018724.0,0,0,0,True,False,-0.003495884591556808
2019-09-17,True,375,550800.0,0,0,0,True,False,0.002184574230940761
2019-09-18,True,375,919298.0,0,0,0,True,False,-0.0012162162162161483
2019-09-19,True,375,1039743.0,0,0,0,True,False,0.006018366077635173
2019-09-20,True,375,1547188.0,0,0,0,True,False,0.0062664608119153975
2019-09-23,False,361,15717574.0,0,15,0,False,False,0.04787853577371037
2019-09-24,False,367,2130501.0,0,0,0,False,False,-0.0042220983031944215
2019-09-25,True,375,1938124.0,0,0,0,True,False,-0.001796909315976536
2019-09-26,True,375,2552561.0,0,0,0,True,False,-0.0001612903225807205
2019-09-27,True,375,1659974.0,0,0,0,True,False,0.0018057784911718056
2019-09-30,True,375,1177370.0,0,0,0,True,False,-0.013487475915221592
2019-10-01,True,375,1059034.0,0,0,0,True,False,0.0032586558044807035
2019-10-03,True,375,1394897.0,0,0,0,True,False,-0.008832933653077468
2019-10-04,True,375,1289238.0,0,0,0,True,False,0.011243764821326385
2019-10-07,False,375,4849916.0,0,13,0,True,False,0.009623870561042303
2019-10-09,True,375,1135922.0,0,0,0,True,False,0.010338861459256554
2019-10-10,True,375,946251.0,0,0,0,True,False,-0.00569661458333337
2019-10-11,True,375,1370454.0,0,0,0,True,False,0.008645054031587662
2019-10-14,True,375,961587.0,0,0,0,True,False,0.009055627425614388
2019-10-15,True,375,629173.0,0,0,0,True,False,0.002158751245433299
2019-10-16,True,375,896115.0,0,0,0,True,False,0.006496690365285662
2019-10-17,True,375,794782.0,0,0,0,True,False,0.005035411634666698
2019-10-18,True,375,830928.0,0,0,0,True,False,0.004055714870954574
2019-10-22,True,375,3051358.0,0,0,0,True,False,0.022741141532077735
2019-10-23,True,375,887785.0,0,0,0,True,False,0.005605290749253866
2019-10-24,True,375,886482.0,0,0,0,True,False,0.003982140702304848
2019-10-25,True,375,1655580.0,0,0,0,True,False,0.004048582995951344
2019-10-27,False,60,,0,0,60,False,False,0.009813502728235113
2019-10-29,True,375,749789.0,0,0,0,True,False,0.0
2019-10-30,True,375,907673.0,0,0,0,True,False,0.003500865156331745
2019-10-31,True,375,1087804.0,0,0,0,True,False,0.006321011361817952
2019-11-01,True,375,1430828.0,0,0,0,True,False,0.007317073170731714
2019-11-04,True,375,617409.0,0,0,0,True,False,0.00265454691710576
2019-11-05,True,375,992010.0,0,0,0,True,False,0.0024637505553535277
2019-11-06,True,375,1111653.0,0,0,0,True,False,0.0020162103310616963
2019-11-07,True,375,1382312.0,0,0,0,True,False,0.0035813768404298063
2019-11-08,True,375,1627431.0,0,0,0,True,False,-0.002416702983241481
2019-11-11,True,375,1019372.0,0,0,0,True,False,-0.0019521912350598525
2019-11-13,True,375,903292.0,0,0,0,True,False,-0.00264759345609733
2019-11-14,True,375,562099.0,0,0,0,True,False,0.004610492845786851
2019-11-15,True,375,705336.0,0,0,0,True,False,0.006941176470588228
2019-11-18,True,375,507054.0,0,0,0,True,False,-0.0021488571986716387
2019-11-19,True,375,665883.0,0,0,0,True,False,0.0023369113161959554
2019-11-20,True,375,977137.0,0,0,0,True,False,-0.0007849293563578774
2019-11-21,True,375,1068805.0,0,0,0,True,False,-0.0037254901960784848
2019-11-22,True,375,406732.0,0,0,0,True,False,0.0013261047622763478
2019-11-25,True,375,425466.0,0,0,0,True,False,-0.0020918850647299037
2019-11-26,True,375,658719.0,0,0,0,True,False,0.004360122554796009
2019-11-27,True,375,886750.0,0,0,0,True,False,-0.00039169604386990464
2019-11-28,True,375,650431.0,0,0,0,True,False,0.0012513686844988214
2019-11-29,True,375,544049.0,0,0,0,True,False,0.0005524861878454246
2019-12-02,True,375,524381.0,0,0,0,True,False,-0.0008235294117646674
2019-12-03,True,375,567644.0,0,0,0,True,False,0.004475070294245764
2019-12-04,True,375,511990.0,0,0,0,True,False,-0.002071548083817931
2019-12-05,True,375,946843.0,0,0,0,True,False,0.0031558342987254573
2019-12-06,False,375,1240179.0,0,193,0,True,False,0.0034540926982087328
2019-12-09,True,375,556739.0,0,0,0,True,False,0.0032921149831379726
2019-12-10,True,375,635887.0,0,0,0,True,False,0.006031363088057962
2019-12-11,True,375,517682.0,0,0,0,True,False,0.0
2019-12-12,True,375,622766.0,0,0,0,True,False,0.001478639651520508
2019-12-13,True,375,1198965.0,0,0,0,True,False,-0.0006320113762047219
2019-12-16,True,375,744676.0,0,0,0,True,False,0.004908752622619916
2019-12-17,True,375,877562.0,0,0,0,True,False,0.0010328116310478475
2019-12-18,True,375,1238155.0,0,0,0,True,False,0.008727101187200104
2019-12-19,True,375,1080312.0,0,0,0,True,False,0.008500772797527034
2019-12-20,True,375,635957.0,0,0,0,True,False,0.00019402405898327757
2019-12-23,True,375,531197.0,0,0,0,True,False,0.0019669096378571727
2019-12-24,True,375,596456.0,0,0,0,True,False,-0.0022281982328083982
2019-12-26,True,375,274990.0,0,0,0,True,False,-0.00023255813953482196
2019-12-27,True,375,448519.0,0,0,0,True,False,0.0015748031496063408
2019-12-30,True,375,625450.0,0,0,0,True,False,0.004899078973153115
2019-12-31,True,375,345676.0,0,0,0,True,False,-0.0015576930565831537
2020-01-01,True,375,191785.0,0,0,0,True,False,0.000862745098039186
2020-01-02,True,375,346908.0,0,0,0,True,False,0.0
2020-01-03,True,375,1058902.0,0,0,0,True,False,-0.002954898911353032
2020-01-06,True,375,861308.0,0,0,0,True,False,-0.006700827749310245
2020-01-07,True,375,2458887.0,0,0,0,True,False,0.014464724606148449
2020-01-08,True,375,1316143.0,0,0,0,True,False,-0.011141950832672443
2020-01-09,True,375,821174.0,0,0,0,True,False,0.007165605095541316
2020-01-10,True,375,867492.0,0,0,0,True,False,0.00967133197043557
2020-01-13,True,375,324026.0,0,0,0,True,False,0.001327088212334182
2020-01-14,True,375,500423.0,0,0,0,True,False,0.0015540015540016494
2020-01-15,True,375,431052.0,0,0,0,True,False,-0.001242236024844634
2020-01-16,True,375,804881.0,0,0,0,True,False,-0.0023345395120812906
2020-01-17,True,375,996256.0,0,0,0,True,False,-0.004466019417475708
2020-01-20,True,375,2990555.0,0,0,0,True,False,0.02164891951143111
2020-01-21,True,375,1190612.0,0,0,0,True,False,-0.005885159853666333
2020-01-22,True,375,2398535.0,0,0,0,True,False,0.0025303237207807694
2020-01-23,True,375,1799385.0,0,0,0,True,False,-0.0014897129282923638
2020-01-24,True,375,1208870.0,0,0,0,True,False,0.0005219416228370299
2020-01-27,True,375,1664134.0,0,0,0,True,False,-0.008788474657891565
2020-01-28,True,375,1552078.0,0,0,0,True,False,0.004574490006181708
2020-01-29,True,375,789747.0,0,0,0,True,False,0.00106209150326797
2020-01-30,True,375,843931.0,0,0,0,True,False,0.003157766892028846
2020-01-31,True,375,631208.0,0,0,0,True,False,0.0028911149116377377
2020-02-01,True,375,305588.0,0,0,0,True,False,-0.0034715131713294323
2020-02-03,True,375,1366842.0,0,0,0,True,False,0.0037735849056603765
2020-02-04,True,375,2229877.0,0,0,0,True,False,0.003350083752093891
2020-02-05,True,375,954036.0,0,0,0,True,False,0.00480065093572013
2020-02-06,True,375,1001125.0,0,0,0,True,False,-0.0010834670947029723
2020-02-07,True,375,460442.0,0,0,0,True,False,0.004879229001169438
2020-02-10,True,375,775733.0,0,0,0,True,False,0.002379032258064573
2020-02-11,True,375,926347.0,0,0,0,True,False,0.0018937104637575253
2020-02-12,True,375,633904.0,0,0,0,True,False,0.004193548387096735
2020-02-13,True,375,917043.0,0,0,0,True,False,0.00872698158526819
2020-02-14,True,375,733455.0,0,0,0,True,False,0.0029850746268658135
2020-02-17,True,375,1143449.0,0,0,0,True,False,0.004551232112837811
2020-02-18,True,375,561016.0,0,0,0,True,False,-0.0009031198686370034
2020-02-19,True,375,510469.0,0,0,0,True,False,0.004478041165112412
2020-02-20,True,375,1413574.0,0,0,0,True,False,0.0022816166883963263
2020-02-24,True,375,1805829.0,0,0,0,True,False,-0.006614626129827439
2020-02-25,True,375,1163269.0,0,0,0,True,False,-0.005780346820809301
2020-02-26,True,375,725955.0,0,0,0,True,False,-0.0035779663837576248
2020-02-27,True,375,1617275.0,0,0,0,True,False,-0.00507867787861116
2020-02-28,True,375,1919603.0,0,0,0,True,False,-0.020130871504188796
2020-03-02,True,375,1229584.0,0,0,0,True,False,0.018154054971157185
2020-03-03,True,375,2303200.0,0,0,0,True,False,-0.008438818565400852
2020-03-04,True,375,1743666.0,0,0,0,True,False,-0.003509513742071979
2020-03-05,True,375,1278301.0,0,0,0,True,False,0.0033503023974241763
2020-03-06,True,375,1960741.0,0,0,0,True,False,-0.021611514545375354
2020-03-09,True,375,2351105.0,0,0,0,True,False,-0.021034528376769335
2020-03-11,True,375,3116703.0,0,0,0,True,False,-0.008790814495873711
2020-03-12,True,375,3017512.0,0,0,0,True,False,-0.033273381294964044
2020-03-13,False,315,,0,0,0,False,False,-0.048171708833098736
2020-03-16,True,375,2731268.0,0,0,0,True,False,-0.03631284916201116
2020-03-17,True,375,4081890.0,0,0,0,True,False,0.006741573033707926
2020-03-18,True,375,1945907.0,0,0,0,True,False,0.010204604892056768
2020-03-19,True,375,6378110.0,0,0,0,True,False,-0.057002894678245375
2020-03-20,True,375,7609738.0,0,0,0,True,False,-0.03314917127071826
2020-03-23,False,317,3545990.0,0,0,0,False,False,-0.09832624113475175
2020-03-24,True,375,4924991.0,0,0,0,True,False,0.020991141353190468
2020-03-25,True,375,2575288.0,0,0,0,True,False,-0.004586563307493519
2020-03-26,True,375,3639754.0,0,0,0,True,False,0.010803903345725008
2020-03-27,True,375,4522665.0,0,0,0,True,False,0.052282850779510115
2020-03-30,True,375,3831278.0,0,0,0,True,False,-0.022222222222222254
2020-03-31,True,375,3107080.0,0,0,0,True,False,0.027436823104693087
2020-04-01,True,375,2223046.0,0,0,0,True,False,0.006876857625735644
2020-04-03,True,375,3048626.0,0,0,0,True,False,0.01609112276261082
2020-04-07,True,375,4978592.0,0,0,0,True,False,0.07768187422934658
2020-04-08,True,375,3748283.0,0,0,0,True,False,-0.017474318892362617
2020-04-09,False,374,3063731.0,0,0,0,False,False,0.02734331045347127
2020-04-13,True,375,3352462.0,0,0,0,True,False,0.010822510822510845
2020-04-15,True,375,5624726.0,0,0,0,True,False,0.03642236578302516
2020-04-16,True,375,4535632.0,0,0,0,True,False,0.0
2020-04-17,True,375,4366655.0,0,0,0,True,False,0.034775233248515613
2020-04-20,False,373,8685050.0,0,0,0,False,False,0.039230685171019575
2020-04-21,True,375,3457582.0,0,0,0,True,False,-0.019711742263671117
2020-04-22,True,375,2652380.0,0,0,0,True,False,0.00016322089227416292
2020-04-23,True,375,2827841.0,0,0,0,True,False,0.0056466792148426315
2020-04-24,True,375,3781976.0,0,0,0,True,False,-0.02098635886673661
2020-04-27,True,375,1680274.0,0,0,0,True,False,0.008697972251867636
2020-04-28,True,375,2110048.0,0,0,0,True,False,0.014838709677419404
2020-04-29,True,375,3532348.0,0,0,0,True,False,0.0016068559185860032
2020-04-30,True,375,4682925.0,0,0,0,True,False,0.03194558944765036
2020-05-04,True,375,3050409.0,0,0,0,True,False,-0.042452122606130405
2020-05-05,True,375,2468379.0,0,0,0,True,False,0.014163693372256425
2020-05-06,True,375,1632460.0,0,0,0,True,False,0.00547045951859948
2020-05-07,True,375,1982862.0,0,0,0,True,False,-0.00639163277164434
2020-05-08,True,375,1614678.0,0,0,0,True,False,0.015852474927207982
2020-05-11,True,375,2360214.0,0,0,0,True,False,0.007093723129836693
2020-05-12,True,375,3158097.0,0,0,0,True,False,-0.016268151544928444
2020-05-13,True,375,6747214.0,0,0,0,True,False,0.05373961218836576
2020-05-14,True,375,4701584.0,0,0,0,True,False,-0.03336921420882666
2020-05-15,True,375,2580424.0,0,0,0,True,False,-0.003357582540570836
2020-05-18,True,375,3912233.0,0,0,0,True,False,0.0
2020-05-19,True,375,4704275.0,0,0,0,True,False,0.027267303102625373
2020-05-20,True,375,3676626.0,0,0,0,True,False,0.004322507054091318
2020-05-21,True,375,5359674.0,0,0,0,True,False,-0.002951388888888795
2020-05-22,True,375,2642809.0,0,0,0,True,False,-0.012087401208740078
2020-05-26,True,375,3651602.0,0,0,0,True,False,0.017029608971696364
2020-05-27,True,375,2760123.0,0,0,0,True,False,0.003091280256634521
2020-05-28,True,375,6397598.0,0,0,0,True,False,0.019955654101995624
2020-05-29,True,375,5109390.0,0,0,0,True,False,-0.0033783783783783994
2020-06-01,True,375,4410132.0,0,0,0,True,False,0.028806584362139898
2020-06-02,True,375,3949336.0,0,0,0,True,False,0.0026929525938723664
2020-06-03,True,375,5765512.0,0,0,0,True,False,0.015076877145842715
2020-06-04,True,375,5149393.0,0,0,0,True,False,0.0052312506111273915
2020-06-05,True,375,2822312.0,0,0,0,True,False,0.008140703517588
2020-06-08,True,375,3563006.0,0,0,0,True,False,0.020162648573216035
2020-06-09,True,375,8182214.0,0,0,0,True,False,0.0038382049010923236
2020-06-10,True,375,3088226.0,0,0,0,True,False,0.005433402731935155
2020-06-11,True,375,3577572.0,0,0,0,True,False,-0.007906531701666886
2020-06-12,True,375,3459709.0,0,0,0,True,False,-0.042361075279913285
2020-06-15,True,375,2047839.0,0,0,0,True,False,-0.010123734533183382
2020-06-16,True,375,2643405.0,0,0,0,True,False,0.024428684003152012
2020-06-17,True,375,3064174.0,0,0,0,True,False,-5.055356149841206e-05
2020-06-18,True,375,2034754.0,0,0,0,True,False,0.0013794512849334417
2020-06-19,True,375,3669106.0,0,0,0,True,False,-0.0010304219823356053
2020-06-22,True,375,2109016.0,0,0,0,True,False,0.006292656953385878
2020-06-23,True,375,1895968.0,0,0,0,True,False,0.008835809301873887
2020-06-24,True,375,2494562.0,0,0,0,True,False,0.004310344827586299
2020-06-25,True,375,8171992.0,0,0,0,True,False,-0.009738843936237251
2020-06-26,True,375,2126107.0,0,0,0,True,False,0.0053599884108357365
2020-06-29,True,375,2622636.0,0,0,0,True,False,-0.01984877126654061
2020-06-30,True,375,3926235.0,0,0,0,True,False,-0.001394700139469962
2020-07-01,True,375,2242815.0,0,0,0,True,False,-0.0005626142810259971
2020-07-02,True,375,4334206.0,0,0,0,True,False,0.010004631773969486
2020-07-03,True,375,2398011.0,0,0,0,True,False,0.0013742556115436955
2020-07-06,True,375,3492804.0,0,0,0,True,False,0.029693308550185815
2020-07-07,True,375,1839029.0,0,0,0,True,False,0.003981900452488807
2020-07-08,True,375,2360858.0,0,0,0,True,False,0.0027173913043478937
2020-07-09,True,375,1902334.0,0,0,0,True,False,0.006889719457828791
2020-07-10,True,375,1513765.0,0,0,0,True,False,-0.00807453416149062
2020-07-13,True,375,1274507.0,0,0,0,True,False,0.0030727519204700737
2020-07-14,True,375,2458125.0,0,0,0,True,False,-0.018836565096952973
2020-07-15,True,375,1984273.0,0,0,0,True,False,0.008243440576569894
2020-07-16,True,375,2096228.0,0,0,0,True,False,-0.0010429011614125905
2020-07-17,True,375,2046362.0,0,0,0,True,False,-9.441533305021288e-05
2020-07-20,True,375,12502604.0,0,0,0,True,False,0.028079710144927494
2020-07-21,True,375,4285816.0,0,0,0,True,False,0.019423059906203077
2020-07-22,True,375,1765493.0,0,0,0,True,False,-0.001315789473684159
2020-07-23,True,375,1121998.0,0,0,0,True,False,-0.0026595744680850686
2020-07-24,True,375,1452458.0,0,0,0,True,False,-0.006854464246230041
2020-07-27,True,375,3485742.0,0,0,0,True,False,-0.018867082961641524
2020-07-28,True,375,1785644.0,0,0,0,True,False,-0.0006483282393258127
2020-07-29,True,375,2567988.0,0,0,0,True,False,-0.0034110814049967964
2020-07-30,True,375,2195278.0,0,0,0,True,False,0.007504690431519689
2020-07-31,True,375,4326592.0,0,0,0,True,False,0.005800684670977718
2020-08-03,True,375,2121926.0,0,0,0,True,False,-0.0077852998065763845
2020-08-04,True,375,2804112.0,0,0,0,True,False,0.001988071570576455
2020-08-05,True,375,2329637.0,0,0,0,True,False,0.007450490290328737
2020-08-06,True,375,2986438.0,0,0,0,True,False,0.005819592628516057
2020-08-07,True,375,1793480.0,0,0,0,True,False,-0.006337318162177863
2020-08-10,True,375,2447558.0,0,0,0,True,False,0.0
2020-08-11,True,375,1527850.0,0,0,0,True,False,-0.0033269961977185902
2020-08-12,True,375,1870256.0,0,0,0,True,False,-0.0056022408963585235
2020-08-13,True,375,1400988.0,0,0,0,True,False,0.004656632173094977
2020-08-14,True,375,1066936.0,0,0,0,True,False,0.004665629860031162
2020-08-17,True,375,1402503.0,0,0,0,True,False,0.011594202898550732
2020-08-18,True,375,2007630.0,0,0,0,True,False,-0.005802707930367523
2020-08-19,True,375,1548131.0,0,0,0,True,False,0.007568590350047311
2020-08-20,True,375,1937726.0,0,0,0,True,False,-0.009947914222701804
2020-08-21,True,375,3401501.0,0,0,0,True,False,0.007613373055279871
2020-08-24,True,375,2932247.0,0,0,0,True,False,0.00027631942525552233
2020-08-25,True,375,2149860.0,0,0,0,True,False,0.003767491926803146
2020-08-26,True,375,3782465.0,0,0,0,True,False,0.00022306491188928135
2020-08-27,True,375,1720479.0,0,0,0,True,False,0.005313211590838085
2020-08-28,True,375,2170701.0,0,0,0,True,False,-0.001571338780641085
2020-08-31,True,375,3558318.0,0,0,0,True,False,0.010647816750179118
2020-09-01,True,375,2476983.0,0,0,0,True,False,0.014388489208633004
2020-09-02,True,375,1485460.0,0,0,0,True,False,0.0003114571746383188
2020-09-03,True,375,1654288.0,0,0,0,True,False,0.0031313398606331866
2020-09-04,True,375,2245234.0,0,0,0,True,False,-0.01800327332242213
2020-09-07,True,375,1606027.0,0,0,0,True,False,-0.0033035714285715168
2020-09-08,True,375,1612502.0,0,0,0,True,False,0.0017985611510791255
2020-09-09,True,375,1294292.0,0,0,0,True,False,-0.008108108108108136
2020-09-10,True,375,1348054.0,0,0,0,True,False,0.006846188954815258
2020-09-11,True,375,1547819.0,0,0,0,True,False,0.004443019421033423
2020-09-14,True,375,1582910.0,0,0,0,True,False,0.0071742652163850895
2020-09-15,True,375,1476452.0,0,0,0,True,False,0.01035901802185335
2020-09-16,True,375,1158105.0,0,0,0,True,False,-0.00325975598398065
2020-09-17,True,375,1182946.0,0,0,0,True,False,-0.007371457350853872
2020-09-18,True,375,1463198.0,0,0,0,True,False,0.0060343636279882595
2020-09-21,True,375,1570401.0,0,0,0,True,False,-0.003730110014637189
2020-09-22,True,375,1398317.0,0,0,0,True,False,0.0113216598704724
2020-09-23,True,375,1082563.0,0,0,0,True,False,0.0072704511531609395
2020-09-24,True,375,1065816.0,0,0,0,True,False,-0.010439010439010521
2020-09-25,True,375,2361706.0,0,0,0,True,False,0.018922852983988436
2020-09-28,True,375,1018541.0,0,0,0,True,False,0.006138794302431583
2020-09-29,True,375,1108458.0,0,0,0,True,False,0.001609391271419236
2020-09-30,True,375,969563.0,0,0,0,True,False,-0.004133784291619813
2020-10-01,True,375,2969686.0,0,0,0,True,False,0.011224489795918391
2020-10-05,True,375,1395237.0,0,0,0,True,False,0.0036101083032491488
2020-10-06,True,375,2038895.0,0,0,0,True,False,0.020269662921348353
2020-10-07,True,375,1330013.0,0,0,0,True,False,0.001530857717709777
2020-10-08,True,375,1942124.0,0,0,0,True,False,0.016803102111158985
2020-10-09,True,375,2143601.0,0,0,0,True,False,0.010007568749474505
2020-10-12,True,375,2417419.0,0,0,0,True,False,-0.002954987046632218
2020-10-13,True,375,1247144.0,0,0,0,True,False,-0.0009057225195553409
2020-10-14,True,375,2174681.0,0,0,0,True,False,-0.0007939824488090164
2020-10-15,True,375,1939155.0,0,0,0,True,False,0.0014433584890098938
2020-10-16,True,375,1989498.0,0,0,0,True,False,0.009755262707513257
2020-10-19,True,375,5267647.0,0,0,0,True,False,0.026258933023101116
2020-10-20,True,375,3132497.0,0,0,0,True,False,0.0037406483790523026
2020-10-21,True,375,2079706.0,0,0,0,True,False,0.00489955903968653
2020-10-22,True,375,1874908.0,0,0,0,True,False,-0.004056224899598337
2020-10-23,True,375,1575062.0,0,0,0,True,False,0.009990253411306105
2020-10-26,True,375,1171308.0,0,0,0,True,False,-0.005458735999353093
2020-10-27,True,375,2428765.0,0,0,0,True,False,0.007767868151740576
2020-10-28,True,375,1055201.0,0,0,0,True,False,-0.005668016194331993
2020-10-29,True,375,1356549.0,0,0,0,True,False,-0.007768595041322435
2020-10-30,True,375,1026397.0,0,0,0,True,False,-0.00667786644267121
2020-11-02,True,375,1300520.0,0,0,0,True,False,0.01010656292286849
2020-11-03,False,374,2228982.0,0,0,0,False,False,0.009008638420403114
2020-11-04,True,375,2360174.0,0,0,0,True,False,0.003607214428857697
2020-11-05,True,375,1865195.0,0,0,0,True,False,0.009569377990430672
2020-11-06,True,375,1431277.0,0,0,0,True,False,-0.004598695071142189
2020-11-09,True,375,2249667.0,0,0,0,True,False,0.005504587155963359
2020-11-10,True,375,4691618.0,0,0,0,True,False,0.01042442293373047
2020-11-11,True,375,3493508.0,0,0,0,True,False,0.004809072638530143
2020-11-12,True,375,3191543.0,0,0,0,True,False,-0.009171672121713437
2020-11-13,True,375,1925022.0,0,0,0,True,False,-0.002950067378082011
2020-11-14,False,60,,0,0,60,False,False,0.007216494845360799
2020-11-17,True,375,2825554.0,0,0,0,True,False,0.012456621004566237
2020-11-18,True,375,2128239.0,0,0,0,True,False,-0.004893964110929905
2020-11-19,True,375,1599752.0,0,0,0,True,False,-0.013697657913413708
2020-11-20,True,375,2265578.0,0,0,0,True,False,-0.0007279874786153551
2020-11-23,True,375,2667765.0,0,0,0,True,False,0.007117437722419906
2020-11-24,True,375,3823057.0,0,0,0,True,False,0.007657625420453673
2020-11-25,True,375,2184269.0,0,0,0,True,False,0.005055401662049874
2020-11-26,True,375,1787308.0,0,0,0,True,False,0.006043370067543519
2020-11-27,True,375,1364108.0,0,0,0,True,False,0.0012237334358937701
2020-12-01,False,376,1671193.0,0,0,1,False,False,0.00292346778964947
2020-12-02,True,375,905306.0,0,0,0,True,False,0.0013645428781359215
2020-12-03,True,375,2194780.0,0,0,0,True,False,0.016828548048528846
2020-12-04,True,375,2326723.0,0,0,0,True,False,0.0002535037844493271
2020-12-07,True,375,2496705.0,0,0,0,True,False,-0.010898104521094965
2020-12-08,True,375,2134715.0,0,0,0,True,False,0.0006185642033256222
2020-12-09,True,375,1857987.0,0,0,0,True,False,0.0015273838097316084
2020-12-10,True,375,1524410.0,0,0,0,True,False,-0.007454739084132078
2020-12-11,True,375,2388556.0,0,0,0,True,False,0.0018378378378378635
2020-12-14,True,375,1317091.0,0,0,0,True,False,3.6154597057080906e-05
2020-12-15,True,375,1745310.0,0,0,0,True,False,0.00832481378705996
2020-12-16,True,375,1538770.0,0,0,0,True,False,0.008258527827648132
2020-12-17,True,375,1618415.0,0,0,0,True,False,0.007528409090909127
2020-12-18,True,375,2198791.0,0,0,0,True,False,-0.00347222222222221
2020-12-21,True,375,1578179.0,0,0,0,True,False,0.006389776357827559
2020-12-22,True,375,2000008.0,0,0,0,True,False,0.011504327818560256
2020-12-23,True,375,1408582.0,0,0,0,True,False,-0.004005826656955591
2020-12-24,True,375,1005680.0,0,0,0,True,False,0.008272859216255535
2020-12-28,True,375,844889.0,0,0,0,True,False,0.0064830402235036555
2020-12-29,True,375,1060195.0,0,0,0,True,False,0.004275618374558254
2020-12-30,True,375,1601294.0,0,0,0,True,False,0.008368640358556112
2020-12-31,True,375,1383373.0,0,0,0,True,False,0.002059983939108223
2021-01-01,False,376,785749.0,0,0,1,False,False,0.0010775487503911219
2021-01-04,True,375,761900.0,0,0,0,True,False,0.010221644595876267
2021-01-05,True,375,1216296.0,0,0,0,True,False,-0.0021444893654420927
2021-01-06,True,375,2356901.0,0,0,0,True,False,0.006417224813269451
2021-01-07,True,375,2379913.0,0,0,0,True,False,0.010582010582010692
2021-01-08,True,375,876463.0,0,0,0,True,False,0.010657068247582613
2021-01-11,True,375,2243563.0,0,0,0,True,False,0.01115760111576014
2021-01-12,True,375,1474855.0,0,0,0,True,False,-0.00010326311441544167
2021-01-13,False,376,1844495.0,0,0,1,False,False,0.007694903813702414
2021-01-14,True,375,1339993.0,0,0,0,True,False,-0.0016964679537203597
2021-01-15,True,375,1015754.0,0,0,0,True,False,-0.0033242876526459186
2021-01-18,True,375,6777240.0,0,0,0,True,False,0.0009192741139218974
2021-01-19,True,375,1390694.0,0,0,0,True,False,0.007972972972972947
2021-01-20,True,375,1504199.0,0,0,0,True,False,-0.0005659686386788598
2021-01-21,True,375,1811677.0,0,0,0,True,False,0.001981128907692753
2021-01-22,True,375,1345873.0,0,0,0,True,False,-0.005487804878048674
2021-01-25,True,375,1856962.0,0,0,0,True,False,0.014366323951950699
2021-01-27,True,375,2681131.0,0,0,0,True,False,0.0021845985800108547
2021-01-28,True,375,2820182.0,0,0,0,True,False,-0.015128432240921086
2021-01-29,True,375,2670032.0,0,0,0,True,False,0.014103498542273885
2021-02-01,False,376,2063045.0,0,0,1,False,False,0.014495360046040018
2021-02-02,True,375,5663552.0,0,0,0,True,False,0.01418918918918921
2021-02-03,True,375,1945332.0,0,0,0,True,False,0.010883482714468595
2021-02-04,True,375,1647264.0,0,0,0,True,False,-0.002547770700636942
2021-02-05,True,375,4219521.0,0,0,0,True,False,-0.016518424396442133
2021-02-08,True,375,1364054.0,0,0,0,True,False,0.01427498121712989
2021-02-09,True,375,1591854.0,0,0,0,True,False,0.0010258961047036053
2021-02-10,True,375,1389632.0,0,0,0,True,False,-0.0009938196838411573
2021-02-11,True,375,1200628.0,0,0,0,True,False,-0.00659340659340657
2021-02-12,True,375,1277509.0,0,0,0,True,False,-0.0013324873096446366
2021-02-15,True,375,1133030.0,0,0,0,True,False,0.007937007874015745
2021-02-16,True,375,1522639.0,0,0,0,True,False,-0.002307763315794298
2021-02-17,True,375,1074110.0,0,0,0,True,False,-0.0031075966893325813
2021-02-18,False,376,1612812.0,0,0,1,False,False,0.012451141091917695
2021-02-19,True,375,1615651.0,0,0,0,True,False,-0.008980115458627314
2021-02-22,True,375,2908428.0,0,0,0,True,False,0.000744866895524332
2021-02-23,True,375,1268671.0,0,0,0,True,False,0.0076199740596627485
2021-02-24,False,224,1827405.0,0,0,75,False,False,-0.002287581699346397
2021-02-25,True,375,2392322.0,0,0,0,True,False,-0.0013957816377171417
2021-02-26,True,375,1769849.0,0,0,0,True,False,-0.01118380062305302
2021-03-01,True,375,1813022.0,0,0,0,True,False,0.017566688353936266
2021-03-02,True,375,2358038.0,0,0,0,True,False,0.009837536450155504
2021-03-03,True,375,892367.0,0,0,0,True,False,0.0076015393912407525
2021-03-04,True,375,1629315.0,0,0,0,True,False,-0.02370519812123706
2021-03-05,True,375,1990196.0,0,0,0,True,False,-0.014166130070830674
2021-03-08,True,375,1079094.0,0,0,0,True,False,0.005608451806443204
2021-03-09,True,375,1798657.0,0,0,0,True,False,0.015111695137976389
2021-03-10,True,375,957902.0,0,0,0,True,False,0.0063376224313425045
2021-03-12,True,375,1629359.0,0,0,0,True,False,0.027947317699967833
2021-03-15,True,375,815504.0,0,0,0,True,False,0.00025839793281656753
2021-03-16,True,375,1163692.0,0,0,0,True,False,0.00035939490966141463
2021-03-17,True,375,1335800.0,0,0,0,True,False,0.00630487885389841
2021-03-18,True,375,1122003.0,0,0,0,True,False,0.012592518168726308
2021-03-19,True,375,1721302.0,0,0,0,True,False,-0.006688963210702337
2021-03-22,True,375,1079341.0,0,0,0,True,False,0.002010858636637858
2021-03-23,True,375,1638940.0,0,0,0,True,False,-0.0017655846801575281
2021-03-24,True,375,1371371.0,0,0,0,True,False,-0.010683477106834705
2021-03-25,True,375,1960929.0,0,0,0,True,False,0.006042194092827025
2021-03-26,True,375,949015.0,0,0,0,True,False,0.017711171662125436
2021-03-30,True,375,1148901.0,0,0,0,True,False,0.00627817665720487
2021-03-31,True,375,2869911.0,0,0,0,True,False,-0.0024809098817539788
2021-04-01,True,375,2330317.0,0,0,0,True,False,0.003077334760503092
2021-04-05,True,375,1289251.0,0,0,0,True,False,-0.008707300736771617
2021-04-06,True,375,2046920.0,0,0,0,True,False,0.006757688594676514
2021-04-07,True,375,1842691.0,0,0,0,True,False,-0.0018723994452150006
2021-04-08,True,375,1169432.0,0,0,0,True,False,0.0038343293378009236
2021-04-09,True,375,4346422.0,0,0,0,True,False,-0.00557880055788007
2021-04-12,True,375,2085826.0,0,0,0,True,False,-0.021288554767090573
2021-04-13,True,375,1656384.0,0,0,0,True,False,-0.004366812227074246
2021-04-15,True,375,3538899.0,0,0,0,True,False,0.002855103497501732
2021-04-16,True,375,1605442.0,0,0,0,True,False,0.000488059961652354
2021-04-19,True,375,2682982.0,0,0,0,True,False,-0.02858340904325951
2021-04-20,True,375,1887589.0,0,0,0,True,False,0.008778139600736257
2021-04-22,True,375,2602790.0,0,0,0,True,False,-0.007515552518968738
2021-04-23,True,375,1407309.0,0,0,0,True,False,-0.009072367958365635
2021-04-26,True,375,2456100.0,0,0,0,True,False,-0.0013781405703382488
2021-04-27,True,375,1156705.0,0,0,0,True,False,-0.0002131363006642184
2021-04-28,True,375,1161020.0,0,0,0,True,False,-0.0005219206680584509
2021-04-29,True,375,2230925.0,0,0,0,True,False,0.007695697867579954
2021-04-30,True,375,3308546.0,0,0,0,True,False,-0.018108925355893146
2021-05-03,True,375,1673432.0,0,0,0,True,False,-0.013805309734513327
2021-05-04,True,375,1878999.0,0,0,0,True,False,-0.006377730796335412
2021-05-05,True,375,1139792.0,0,0,0,True,False,0.007478786135481252
2021-05-06,False,374,,0,0,0,False,False,0.001957504359896056
2021-05-07,True,375,1019628.0,0,0,0,True,False,0.006804902379934363
2021-05-10,True,375,1211964.0,0,0,0,True,False,0.009586472814744118
2021-05-11,True,375,1519795.0,0,0,0,True,False,-0.018456670768149053
2021-05-12,True,375,1732081.0,0,0,0,True,False,-0.001996363765997655
2021-05-14,True,375,1220671.0,0,0,0,True,False,-0.0030031103643058943
2021-05-17,True,375,1075167.0,0,0,0,True,False,0.005658473293447708
2021-05-18,True,375,1954603.0,0,0,0,True,False,0.014216197427876276
2021-05-19,True,375,898984.0,0,0,0,True,False,-0.005378344552312009
2021-05-20,True,375,723526.0,0,0,0,True,False,-0.000514015489000097
2021-05-21,True,375,928548.0,0,0,0,True,False,0.0053647321117535895
2021-05-24,True,375,2248754.0,0,0,0,True,False,0.0011655011655011815
2021-05-25,True,375,1397037.0,0,0,0,True,False,0.0029880478087649376
2021-05-26,True,375,1065181.0,0,0,0,True,False,-0.0004052411184654048
2021-05-27,True,375,997820.0,0,0,0,True,False,-0.0026404874746107643
2021-05-28,True,375,925834.0,0,0,0,True,False,0.004785011457069777
2021-05-31,True,375,1233238.0,0,0,0,True,False,-0.0035539907662669457
2021-06-01,True,375,1282991.0,0,0,0,True,False,0.00582203109493884
2021-06-02,True,375,849363.0,0,0,0,True,False,-0.0006618133686300265
2021-06-03,True,375,994971.0,0,0,0,True,False,0.0019600677718347725
2021-06-04,True,375,560491.0,0,0,0,True,False,-0.003680336487907443
2021-06-07,True,375,740616.0,0,0,0,True,False,0.004323245759893624
2021-06-08,True,375,884496.0,0,0,0,True,False,-0.0021669555940792007
2021-06-09,True,375,998455.0,0,0,0,True,False,0.0006068779501011701
2021-06-10,True,375,471328.0,0,0,0,True,False,6.747638326576322e-05
2021-06-11,True,375,777790.0,0,0,0,True,False,0.0053944706675657095
2021-06-14,True,375,914691.0,0,0,0,True,False,-0.005215343203230138
2021-06-15,True,375,830936.0,0,0,0,True,False,0.004054054054054124
2021-06-16,True,375,820113.0,0,0,0,True,False,-0.0022128344397505106
2021-06-17,True,375,769436.0,0,0,0,True,False,-0.013326154260331124
2021-06-18,True,375,571807.0,0,0,0,True,False,0.004958112497862821
2021-06-21,True,375,707059.0,0,0,0,True,False,-0.017546808296077243
2021-06-22,True,375,846769.0,0,0,0,True,False,0.004057815486770089
2021-06-23,True,375,553604.0,0,0,0,True,False,0.005567740846971425
2021-06-24,True,375,835324.0,0,0,0,True,False,0.0020174848688634395
2021-06-25,True,375,706487.0,0,0,0,True,False,0.0033531423259520743
2021-06-28,True,375,1094505.0,0,0,0,True,False,0.004128819157720898
2021-06-29,True,375,515640.0,0,0,0,True,False,-0.003306878306878258
2021-06-30,True,375,507550.0,0,0,0,True,False,-0.0023642236355765345
2021-07-01,True,375,2151673.0,0,0,0,True,False,0.0033400133600534065
2021-07-02,True,375,3103077.0,0,0,0,True,False,-0.001982593501125729
2021-07-05,True,375,816893.0,0,0,0,True,False,0.005025295109612138
2021-07-06,True,375,693421.0,0,0,0,True,False,0.00026727248429780914
2021-07-07,True,375,1292510.0,0,0,0,True,False,0.001534293082623206
2021-07-08,True,375,865850.0,0,0,0,True,False,-0.009611637875048706
2021-07-09,True,375,818755.0,0,0,0,True,False,-0.005555555555555536
2021-07-12,True,375,2979278.0,0,0,0,True,False,-0.0015953203935124005
2021-07-13,True,375,1717698.0,0,0,0,True,False,0.005916761917568625
2021-07-14,True,375,593422.0,0,0,0,True,False,-0.0019328179152227065
2021-07-15,True,375,745418.0,0,0,0,True,False,0.004572305843874025
2021-07-16,True,375,334331.0,0,0,0,True,False,0.004503319965814212
2021-07-19,True,375,3508020.0,0,0,0,True,False,-0.02334898689698206
2021-07-20,True,375,3659765.0,0,0,0,True,False,-0.02077957354339255
2021-07-22,True,375,1598077.0,0,0,0,True,False,0.008728784205057183
2021-07-23,True,375,2153438.0,0,0,0,True,False,0.00017226528854430434
2021-07-26,True,375,608025.0,0,0,0,True,False,-0.009969537524231575
2021-07-27,True,375,759556.0,0,0,0,True,False,0.0014644351464434546
2021-07-28,True,375,1567898.0,0,0,0,True,False,-0.004474505723205069
2021-07-29,True,375,2055182.0,0,0,0,True,False,0.006164142303628051
2021-07-30,True,375,612930.0,0,0,0,True,False,-0.0014777285201603707
2021-08-02,True,375,586841.0,0,0,0,True,False,0.007017543859649145
2021-08-03,True,375,673145.0,0,0,0,True,False,-0.009518457377682532
2021-08-04,True,375,1191386.0,0,0,0,True,False,0.004706292487362651
2021-08-05,False,376,1006562.0,0,0,1,False,False,0.00109177755032408
2021-08-06,True,375,431174.0,0,0,0,True,False,-0.0001684863189108654
2021-08-09,True,375,662949.0,0,0,0,True,False,-0.0013386880856760541
2021-08-10,True,375,773737.0,0,0,0,True,False,-0.008655126498002708
2021-08-11,True,375,1187876.0,0,0,0,True,False,0.0050087902610542745
2021-08-12,True,375,973622.0,0,0,0,True,False,0.0016728002676480447
2021-08-13,True,375,636820.0,0,0,0,True,False,-0.0018617021276595702
2021-08-16,True,375,627319.0,0,0,0,True,False,0.0016736676292992136
2021-08-17,True,375,668503.0,0,0,0,True,False,-0.007327924627061
2021-08-18,True,375,4658536.0,0,0,0,True,False,0.026846965699208525
2021-08-20,True,375,1643203.0,0,0,0,True,False,-0.016837578564340094
2021-08-23,True,375,993664.0,0,0,0,True,False,0.010302129767211454
2021-08-24,True,375,584302.0,0,0,0,True,False,0.004893106958720583
2021-08-25,True,375,1111945.0,0,0,0,True,False,-0.003786906290115577
2021-08-26,True,375,799685.0,0,0,0,True,False,-0.0033756630766758056
2021-08-27,True,375,593422.0,0,0,0,True,False,-0.0007725985063096186
2021-08-30,True,375,447980.0,0,0,0,True,False,0.004455349648091911
2021-08-31,True,375,1052802.0,0,0,0,True,False,-0.0035054174633524227
2021-09-01,True,375,1080189.0,0,0,0,True,False,-0.003795066413662229
2021-09-02,True,375,620937.0,0,0,0,True,False,-0.0009520182787509102
2021-09-03,True,375,1003340.0,0,0,0,True,False,-0.002233195986538039
2021-09-06,True,375,474640.0,0,0,0,True,False,0.0018706404565631551
2021-09-07,True,375,454837.0,0,0,0,True,False,-0.0015974440894568342
2021-09-08,True,375,418711.0,0,0,0,True,False,0.0012420382165605481
2021-09-09,True,375,889534.0,0,0,0,True,False,-0.0037974683544304
2021-09-13,True,375,1754101.0,0,0,0,True,False,-0.003159003159003193
2021-09-14,True,375,492050.0,0,0,0,True,False,0.002731801381970156
2021-09-15,True,375,1917663.0,0,0,0,True,False,-0.009677419354838679
2021-09-16,True,375,883460.0,0,0,0,True,False,-0.00581865201228382
2021-09-17,True,375,907882.0,0,0,0,True,False,0.005640302525317331
2021-09-20,True,375,669154.0,0,0,0,True,False,-0.013280338159679439
2021-09-21,True,375,823903.0,0,0,0,True,False,0.001442538868408505
2021-09-22,True,375,796597.0,0,0,0,True,False,-0.003025037008431486
2021-09-23,True,375,1142633.0,0,0,0,True,False,0.0037102128490529296
2021-09-24,True,375,1695203.0,0,0,0,True,False,0.004708577246118617
2021-09-27,True,375,1962910.0,0,0,0,True,False,0.010444027517198196
2021-09-28,True,375,692655.0,0,0,0,True,False,0.004307692307692346
2021-09-29,True,375,680125.0,0,0,0,True,False,-0.006099078914612921
2021-09-30,True,375,1032917.0,0,0,0,True,False,-0.0055491112016803346
2021-10-01,True,375,936201.0,0,0,0,True,False,-0.006183884232664694
2021-10-04,True,375,745581.0,0,0,0,True,False,0.002239111924059456
2021-10-05,True,375,1217718.0,0,0,0,True,False,0.0025188916876575096
2021-10-06,True,375,1164107.0,0,0,0,True,False,0.0013803488518007168
2021-10-07,True,375,1009780.0,0,0,0,True,False,0.008431494110353377
2021-10-08,True,375,589551.0,0,0,0,True,False,0.0009313877677739058
2021-10-11,True,375,656675.0,0,0,0,True,False,-0.004418170504044694
2021-10-12,True,375,659934.0,0,0,0,True,False,-0.004959892229502105
2021-10-13,True,375,570663.0,0,0,0,True,False,0.004294478527607337
2021-10-14,True,375,1174235.0,0,0,0,True,False,0.0006108735491752171
2021-10-18,True,375,5141605.0,0,0,0,True,False,0.008875739644970349
2021-10-19,True,375,972566.0,0,0,0,True,False,0.0005673335323976847
2021-10-20,True,375,1118732.0,0,0,0,True,False,0.0006220194899440035
2021-10-21,True,375,533958.0,0,0,0,True,False,-0.0022082960310355615
2021-10-22,True,375,1237752.0,0,0,0,True,False,5.952380952378711e-05
2021-10-25,True,375,1641477.0,0,0,0,True,False,0.0029971215763078263
2021-10-26,True,375,808638.0,0,0,0,True,False,-0.004404754721535009
2021-10-27,True,375,836755.0,0,0,0,True,False,-0.001208641788789877
2021-10-28,True,375,927634.0,0,0,0,True,False,0.004443903329883758
2021-10-29,True,375,1194725.0,0,0,0,True,False,-0.0015071590052750938
2021-11-01,False,374,741236.0,0,0,0,False,False,-0.0013231680423413383
2021-11-02,True,375,725121.0,0,0,0,True,False,-0.0018645121193288094
2021-11-03,True,375,626679.0,0,0,0,True,False,6.23052959500825e-05
2021-11-04,False,60,,0,0,60,False,False,0.00821744627054355
2021-11-08,True,375,1518606.0,0,0,0,True,False,-0.001567791295622678
2021-11-09,True,375,767933.0,0,0,0,True,False,-0.003375000000000017
2021-11-10,True,375,799987.0,0,0,0,True,False,-0.0031786395422759295
2021-11-11,True,375,902739.0,0,0,0,True,False,-0.0032794264218886093
2021-11-12,True,375,2122350.0,0,0,0,True,False,0.00016131634134541883
2021-11-15,True,375,969360.0,0,0,0,True,False,0.004921354820032642
2021-11-16,True,375,422292.0,0,0,0,True,False,0.0
2021-11-17,True,375,521343.0,0,0,0,True,False,-0.0068176677760185544
2021-11-18,True,375,660732.0,0,0,0,True,False,-0.003363375130616575
2021-11-22,True,375,1937808.0,0,0,0,True,False,0.004874878128046767
2021-11-23,True,375,1008148.0,0,0,0,True,False,-0.012329442709189564
2021-11-24,True,375,397499.0,0,0,0,True,False,0.004614370468029039
2021-11-25,True,375,475694.0,0,0,0,True,False,-0.0014173176439566948
2021-11-26,True,375,842449.0,0,0,0,True,False,-0.016006297559695626
2021-11-29,True,375,1433518.0,0,0,0,True,False,0.005245460659045076
2021-11-30,True,375,2102639.0,0,0,0,True,False,-0.002701711083686331
2021-12-01,True,375,869619.0,0,0,0,True,False,0.00281727931312048
2021-12-02,True,375,794295.0,0,0,0,True,False,-0.001427006935917463
2021-12-03,True,375,804857.0,0,0,0,True,False,-0.0001310615989514874
2021-12-06,True,375,613312.0,0,0,0,True,False,-0.0005614823133071045
2021-12-07,True,375,549126.0,0,0,0,True,False,0.006147404798298561
2021-12-08,True,375,1282328.0,0,0,0,True,False,0.007444331485914724
2021-12-09,True,375,684555.0,0,0,0,True,False,-0.005342774380431292
2021-12-10,True,375,597626.0,0,0,0,True,False,-0.0007208387942332362
2021-12-13,True,375,619065.0,0,0,0,True,False,0.000688547165480724
2021-12-14,True,375,669585.0,0,0,0,True,False,-0.007071107586571479
2021-12-15,True,375,1582495.0,0,0,0,True,False,-0.0006648936170212671
2021-12-16,True,375,990388.0,0,0,0,True,False,0.008566952231741087
2021-12-17,True,375,1022830.0,0,0,0,True,False,-0.0042238999567632
2021-12-20,False,371,,0,0,0,False,False,-0.016260162601625994
2021-12-21,True,375,675165.0,0,0,0,True,False,0.010317237507018628
2021-12-22,True,375,640886.0,0,0,0,True,False,0.005295400269961448
2021-12-23,True,375,601993.0,0,0,0,True,False,0.003972366148532025
2021-12-24,True,375,433044.0,0,0,0,True,False,0.004726489191631211
2021-12-27,True,375,351395.0,0,0,0,True,False,-0.007294706127553119
2021-12-28,True,375,424361.0,0,0,0,True,False,0.005299380591878844
2021-12-29,True,375,481677.0,0,0,0,True,False,-0.003388090349076056
2021-12-30,True,375,438202.0,0,0,0,True,False,0.005168849069607129
2021-12-31,True,375,485297.0,0,0,0,True,False,-0.001025290498974707
2022-01-03,True,375,443332.0,0,0,0,True,False,0.0027008777852801646
2022-01-04,True,375,1023595.0,0,0,0,True,False,0.0001315962626662337
2022-01-05,True,375,1396202.0,0,0,0,True,False,0.005265739983646656
2022-01-06,True,375,1033979.0,0,0,0,True,False,-0.01225874595909493
2022-01-07,True,375,1534073.0,0,0,0,True,False,0.0032488628979856493
2022-01-10,True,375,806004.0,0,0,0,True,False,0.0035426731078904705
2022-01-11,True,375,775022.0,0,0,0,True,False,0.00131452388586073
2022-01-12,True,375,2196856.0,0,0,0,True,False,0.00191693290734829
2022-01-13,True,375,4903630.0,0,0,0,True,False,-0.0010920537033468625
2022-01-14,True,375,1412549.0,0,0,0,True,False,0.0006540222367561466
2022-01-17,True,375,3045659.0,0,0,0,True,False,-0.0090673575129534
2022-01-18,True,375,907530.0,0,0,0,True,False,0.006235641614702914
2022-01-19,True,375,2092560.0,0,0,0,True,False,0.0038610038610038533
2022-01-20,True,375,1226153.0,0,0,0,True,False,0.0061549601737871384
2022-01-21,True,375,909728.0,0,0,0,True,False,-0.008428358948934012
2022-01-24,True,375,579630.0,0,0,0,True,False,-0.012459123610202738
2022-01-25,True,375,1556079.0,0,0,0,True,False,-0.017479455745655237
2022-01-27,True,375,2530881.0,0,0,0,True,False,-0.02700889112565008
2022-01-28,True,375,1946401.0,0,0,0,True,False,-0.0025316455696202667
2022-01-31,True,375,866855.0,0,0,0,True,False,0.005667656799481113
2022-02-01,True,375,947919.0,0,0,0,True,False,0.016132834865784318
2022-02-02,True,375,730728.0,0,0,0,True,False,0.007966666666666677
2022-02-03,True,375,1130464.0,0,0,0,True,False,-0.004071661237785018
2022-02-04,True,375,1186297.0,0,0,0,True,False,0.011883875666192312
2022-02-07,True,375,404629.0,0,0,0,True,False,-0.0063413832758337785
2022-02-08,True,375,1072808.0,0,0,0,True,False,0.003636858026579759
2022-02-09,True,375,1160457.0,0,0,0,True,False,0.010696653867251715
2022-02-10,True,375,748893.0,0,0,0,True,False,0.01041110517885735
2022-02-11,True,375,788238.0,0,0,0,True,False,-0.01493762311227842
2022-02-14,True,375,866291.0,0,0,0,True,False,-0.01715039577836408
2022-02-15,True,375,789435.0,0,0,0,True,False,0.0022407822367080943
2022-02-16,True,375,962886.0,0,0,0,True,False,0.010504478398313921
2022-02-17,True,375,558950.0,0,0,0,True,False,0.0003966942148758701
2022-02-18,True,375,715906.0,0,0,0,True,False,-0.004087872644488066
2022-02-21,True,375,418655.0,0,0,0,True,False,-0.0046326935804102964
2022-02-22,True,375,561631.0,0,0,0,True,False,-0.02057721385839195
2022-02-23,True,375,436080.0,0,0,0,True,False,0.011238935119185722
2022-02-24,True,375,1576064.0,0,0,0,True,False,-0.033399999999999985
2022-02-25,True,375,1322385.0,0,0,0,True,False,0.021096298397390356
2022-02-28,True,375,1762020.0,0,0,0,True,False,-0.020806152578452197
2022-03-02,True,375,2982008.0,0,0,0,True,False,-0.02953734163925248
2022-03-03,True,375,1542648.0,0,0,0,True,False,0.0015955903684363726
2022-03-04,True,375,1954030.0,0,0,0,True,False,-0.010081158787349387
2022-03-07,False,353,,0,0,0,False,False,-0.03349948687875681
2022-03-08,True,375,3534159.0,0,0,0,True,False,-0.01868877166541072
2022-03-09,True,375,2372094.0,0,0,0,True,False,-0.0022505626406601476
2022-03-10,True,375,2635742.0,0,0,0,True,False,0.04012536900032804
2022-03-11,True,375,1346145.0,0,0,0,True,False,-0.0006479948160414972
2022-03-14,True,375,2989465.0,0,0,0,True,False,0.013973486205661079
2022-03-15,True,375,1628925.0,0,0,0,True,False,0.0009014006379142181
2022-03-16,True,375,1325925.0,0,0,0,True,False,0.017580872011251802
2022-03-17,True,375,1342019.0,0,0,0,True,False,0.017980636237897585
2022-03-21,True,375,1486084.0,0,0,0,True,False,0.007281964436917976
2022-03-22,True,375,555816.0,0,0,0,True,False,-0.00410111604141461
2022-03-23,True,375,1745283.0,0,0,0,True,False,0.006814537680384758
2022-03-24,True,375,1163813.0,0,0,0,True,False,-0.008789722785666032
2022-03-25,True,375,1304933.0,0,0,0,True,False,0.0058925476603119975
2022-03-28,True,375,1616449.0,0,0,0,True,False,-0.0031002891280871303
2022-03-29,True,375,750722.0,0,0,0,True,False,0.0034818941504177747
2022-03-30,True,375,1533038.0,0,0,0,True,False,0.009602194787379892
2022-03-31,True,375,1196317.0,0,0,0,True,False,-0.003387533875338744
2022-04-01,True,375,1210440.0,0,0,0,True,False,0.004353741496598618
2022-04-04,True,375,13521076.0,0,0,0,True,False,0.048301486199575416
2022-04-05,True,375,3091471.0,0,0,0,True,False,0.007191201353637933
2022-04-06,True,375,2166099.0,0,0,0,True,False,-0.010747998380011836
2022-04-07,True,375,3288383.0,0,0,0,True,False,-0.005901512464123404
2022-04-08,True,375,3073915.0,0,0,0,True,False,-0.005851413543721318
2022-04-11,True,375,1979488.0,0,0,0,True,False,-0.00695657907751146
2022-04-12,True,375,2271354.0,0,0,0,True,False,-0.007092198581560183
2022-04-13,True,375,2668601.0,0,0,0,True,False,-0.003277811224831173
2022-04-18,True,375,3523041.0,0,0,0,True,False,-0.030840163934426346
2022-04-19,True,375,5750039.0,0,0,0,True,False,-0.01258491240614934
2022-04-20,True,375,4836268.0,0,0,0,True,False,0.014569288389513213
2022-04-21,True,375,2169933.0,0,0,0,True,False,0.006006559310167026
2022-04-22,True,375,1695629.0,0,0,0,True,False,-0.012704174228675091
2022-04-25,True,375,2020022.0,0,0,0,True,False,-0.002585888437384609
2022-04-26,True,375,2203571.0,0,0,0,True,False,0.0014964049782837385
2022-04-27,True,375,963173.0,0,0,0,True,False,-0.007625232587836095
2022-04-28,True,375,1409437.0,0,0,0,True,False,0.0
2022-04-29,True,375,1646938.0,0,0,0,True,False,0.005902714519948837
2022-05-02,True,375,1475237.0,0,0,0,True,False,-0.014685137627952316
2022-05-04,True,375,2408337.0,0,0,0,True,False,-0.0013553035166560257
2022-05-05,True,375,1603908.0,0,0,0,True,False,0.011959521619135272
2022-05-06,True,375,1714506.0,0,0,0,True,False,-0.01441327948423432
2022-05-09,True,375,3578122.0,0,0,0,True,False,-0.015412579997727827
2022-05-10,True,375,1863758.0,0,0,0,True,False,-0.004202635165833635
2022-05-11,True,375,1381468.0,0,0,0,True,False,0.010984084286034479
2022-05-12,True,375,1894702.0,0,0,0,True,False,-0.02100855904257304
2022-05-13,True,375,1510201.0,0,0,0,True,False,0.004639570552147143
2022-05-16,True,375,894693.0,0,0,0,True,False,0.005106778087279329
2022-05-17,True,375,860149.0,0,0,0,True,False,0.0035168195718653372
2022-05-18,True,375,1525768.0,0,0,0,True,False,0.0056967073031788384
2022-05-19,True,375,1393265.0,0,0,0,True,False,-0.022532963483679613
2022-05-20,True,375,1726504.0,0,0,0,True,False,0.00972528962764918
2022-05-23,True,375,1220796.0,0,0,0,True,False,-0.007140428425705614
2022-05-24,True,375,1174750.0,0,0,0,True,False,-0.0009990009990009652
2022-05-25,True,375,801251.0,0,0,0,True,False,0.007575757575757569
2022-05-26,True,375,1557950.0,0,0,0,True,False,0.011645436044320556
2022-05-27,True,375,3355620.0,0,0,0,True,False,0.0016794450529389326
2022-05-30,True,375,928277.0,0,0,0,True,False,0.012165362807722735
2022-05-31,True,375,775086.0,0,0,0,True,False,-0.0032845412352729975
2022-06-01,True,375,1507636.0,0,0,0,True,False,-0.002782093434982036
2022-06-02,True,375,1263038.0,0,0,0,True,False,-0.006339087457918446
2022-06-03,True,375,472768.0,0,0,0,True,False,0.009457118105688611
2022-06-06,True,375,644306.0,0,0,0,True,False,-0.0019579405366207947
2022-06-07,True,375,1291939.0,0,0,0,True,False,-0.01089324618736387
2022-06-08,True,375,338130.0,0,0,0,True,False,0.008185588958631529
2022-06-09,True,375,546759.0,0,0,0,True,False,-0.0027452415812591058
2022-06-10,True,375,608121.0,0,0,0,True,False,-0.014134531748332901
2022-06-13,True,375,1002704.0,0,0,0,True,False,-0.018646895273401354
2022-06-14,True,375,969557.0,0,0,0,True,False,-0.013355906696764452
2022-06-15,True,375,1320934.0,0,0,0,True,False,-0.009361086799345442
2022-06-16,True,375,1057139.0,0,0,0,True,False,0.0011846077419848111
2022-06-17,True,375,1266621.0,0,0,0,True,False,-0.003672735797452531
2022-06-20,True,375,1045155.0,0,0,0,True,False,0.006169507210611602
2022-06-21,True,375,740276.0,0,0,0,True,False,0.01130905102310975
2022-06-22,True,375,771806.0,0,0,0,True,False,-0.001087201019719597
2022-06-23,True,375,690688.0,0,0,0,True,False,0.0041509433962263476
2022-06-24,True,375,667016.0,0,0,0,True,False,0.001458925632201069
2022-06-27,True,375,969371.0,0,0,0,True,False,0.011070110701107083
2022-06-28,True,375,734147.0,0,0,0,True,False,-0.00895918593075995
2022-06-29,True,375,570433.0,0,0,0,True,False,-0.013815838210237907
2022-06-30,True,375,688258.0,0,0,0,True,False,-0.005212211466865235
2022-07-01,True,375,918098.0,0,0,0,True,False,-3.72023809523947e-05
2022-07-04,True,375,623394.0,0,0,0,True,False,-0.000664402775727102
2022-07-05,True,375,962212.0,0,0,0,True,False,0.005491872765471362
2022-07-06,True,375,875526.0,0,0,0,True,False,-0.001333530893465662
2022-07-07,True,375,1341842.0,0,0,0,True,False,0.005867560771165126
2022-07-08,True,375,992284.0,0,0,0,True,False,0.010752688172043001
2022-07-11,True,375,596014.0,0,0,0,True,False,-0.001289583034818742
2022-07-12,True,375,1015761.0,0,0,0,True,False,0.0012468827930174342
2022-07-13,True,375,1205638.0,0,0,0,True,False,-0.0008625646923519081
2022-07-14,True,375,546051.0,0,0,0,True,False,0.0020600353148911843
2022-07-15,True,375,519124.0,0,0,0,True,False,0.0007396449704142327
2022-07-18,False,376,1622569.0,0,0,1,False,False,-0.011730205278592365
2022-07-19,True,375,963942.0,0,0,0,True,False,-0.00830737279335414
2022-07-20,True,375,1966322.0,0,0,0,True,False,0.008678237650200371
2022-07-21,True,375,775210.0,0,0,0,True,False,-0.002200139342158347
2022-07-22,True,375,795695.0,0,0,0,True,False,0.001943741519052411
2022-07-25,True,375,861451.0,0,0,0,True,False,0.00043029259896720795
2022-07-26,True,375,478910.0,0,0,0,True,False,0.0007885869954835645
2022-07-27,True,375,481677.0,0,0,0,True,False,-0.0012224938875304847
2022-07-28,True,375,1720609.0,0,0,0,True,False,0.007153024911032091
2022-07-29,True,375,1508287.0,0,0,0,True,False,0.015680180816499467
2022-08-01,True,375,1161964.0,0,0,0,True,False,0.0010434782608694793
2022-08-02,True,375,1453607.0,0,0,0,True,False,-0.0006930006930007115
2022-08-03,True,375,1810988.0,0,0,0,True,False,0.0
2022-08-04,True,375,730808.0,0,0,0,True,False,0.004779681122003998
2022-08-05,True,375,1001767.0,0,0,0,True,False,0.003431132273650439
2022-08-08,True,375,742780.0,0,0,0,True,False,0.001367413484800739
2022-08-10,True,375,1400488.0,0,0,0,True,False,0.0
2022-08-11,True,375,1327796.0,0,0,0,True,False,0.014675767918088667
2022-08-12,True,375,589979.0,0,0,0,True,False,0.0033783783783782884
2022-08-16,True,375,1185100.0,0,0,0,True,False,0.007311567101317307
2022-08-17,True,375,816401.0,0,0,0,True,False,-0.001198561725928804
2022-08-18,True,375,711328.0,0,0,0,True,False,-0.0051401094345879805
2022-08-19,True,375,470354.0,0,0,0,True,False,-0.0006618133686300265
2022-08-22,True,375,558241.0,0,0,0,True,False,-0.0050591349214326176
2022-08-23,True,375,1016548.0,0,0,0,True,False,-0.010485463334922063
2022-08-24,True,375,468559.0,0,0,0,True,False,-0.006523955147808347
2022-08-25,True,375,1060414.0,0,0,0,True,False,0.003322033898305099
2022-08-26,True,375,528589.0,0,0,0,True,False,0.00622030828121245
2022-08-29,True,375,1033401.0,0,0,0,True,False,-0.01978171896316505
2022-08-30,True,375,483791.0,0,0,0,True,False,0.0018701298701297997
2022-09-01,True,375,3741415.0,0,0,0,True,False,-0.012705581019142542
2022-09-02,True,375,735125.0,0,0,0,True,False,0.00010190217391303769
2022-09-05,True,375,906611.0,0,0,0,True,False,0.0027665317139000667
2022-09-06,True,375,1162028.0,0,0,0,True,False,0.003279785809906288
2022-09-07,True,375,822637.0,0,0,0,True,False,-0.011853991067530822
2022-09-08,True,375,999956.0,0,0,0,True,False,0.004753717002123903
2022-09-09,True,375,1099507.0,0,0,0,True,False,-0.0003006714996826032
2022-09-12,True,375,835089.0,0,0,0,True,False,-3.3332222259208066e-05
2022-09-13,True,375,735495.0,0,0,0,True,False,0.004894073478144412
2022-09-14,True,375,1360864.0,0,0,0,True,False,-0.013177014531043585
2022-09-15,True,375,1041444.0,0,0,0,True,False,0.003212904071864253
2022-09-16,True,375,1213393.0,0,0,0,True,False,-0.011768573307034957
2022-09-19,True,375,1578470.0,0,0,0,True,False,-0.006671114076050699
2022-09-20,True,375,746835.0,0,0,0,True,False,0.006481635366461624
2022-09-21,True,375,993758.0,0,0,0,True,False,-0.006293038120654959
2022-09-22,True,375,1249167.0,0,0,0,True,False,-0.010148938974561816
2022-09-23,True,375,1418707.0,0,0,0,True,False,-0.009319068765980432
2022-09-26,True,375,768717.0,0,0,0,True,False,-0.015132147175678123
2022-09-27,True,375,1068088.0,0,0,0,True,False,0.0018184361449153918
2022-09-28,True,375,1015360.0,0,0,0,True,False,-0.006851734124461384
2022-09-29,True,375,1233117.0,0,0,0,True,False,0.006705118961787937
2022-09-30,True,375,1331592.0,0,0,0,True,False,-0.0019182742770278427
2022-10-03,True,375,875811.0,0,0,0,True,False,-0.008508842867690936
2022-10-04,True,375,846765.0,0,0,0,True,False,0.013111268603827053
2022-10-06,True,375,1184308.0,0,0,0,True,False,0.0023686920700309866
2022-10-07,True,375,1342293.0,0,0,0,True,False,-0.0040041782729804964
2022-10-10,True,375,1085472.0,0,0,0,True,False,-0.01607267645003496
2022-10-11,True,375,1816615.0,0,0,0,True,False,-0.010487658462516425
2022-10-12,True,375,659670.0,0,0,0,True,False,0.0022857142857142243
2022-10-13,True,375,511077.0,0,0,0,True,False,-0.006096480345939903
2022-10-14,True,375,1005259.0,0,0,0,True,False,0.015042979942693435
2022-10-17,True,375,2386616.0,0,0,0,True,False,-0.007710126888635371
2022-10-18,True,375,958865.0,0,0,0,True,False,0.008717008544051996
2022-10-19,True,375,2225379.0,0,0,0,True,False,0.013885522351881896
2022-10-20,True,375,560545.0,0,0,0,True,False,-0.010857279857519497
2022-10-21,True,375,860521.0,0,0,0,True,False,0.0020358165694764896
2022-10-24,False,60,,0,0,60,False,False,0.008320044373570035
2022-10-25,True,375,1619853.0,0,0,0,True,False,0.001542310724200524
2022-10-27,True,375,2588558.0,0,0,0,True,False,0.011954118297401894
2022-10-28,True,375,1424862.0,0,0,0,True,False,-0.004120879120879106
2022-10-31,True,375,847834.0,0,0,0,True,False,0.00877192982456143
2022-11-01,True,375,1498690.0,0,0,0,True,False,0.0050805535129352375
2022-11-02,True,375,1286796.0,0,0,0,True,False,0.002312520647505867
2022-11-03,True,375,1004529.0,0,0,0,True,False,-0.011386514406416026
2022-11-04,True,375,986037.0,0,0,0,True,False,-0.00281933065773321
2022-11-07,True,375,747611.0,0,0,0,True,False,0.008616658873822791
2022-11-09,True,375,992232.0,0,0,0,True,False,0.0031782817414334197
2022-11-10,True,375,724094.0,0,0,0,True,False,-0.007228116710875421
2022-11-11,True,375,1804021.0,0,0,0,True,False,0.011787819253438192
2022-11-14,True,375,2324006.0,0,0,0,True,False,6.203858800168938e-05
2022-11-15,True,375,716588.0,0,0,0,True,False,0.003803339517625348
2022-11-16,True,375,497499.0,0,0,0,True,False,-0.001572908956328667
2022-11-17,True,375,584046.0,0,0,0,True,False,-0.00790925812385046
2022-11-18,True,375,606880.0,0,0,0,True,False,0.0024737167594310883
2022-11-21,True,375,829139.0,0,0,0,True,False,-0.0027294438758102
2022-11-22,True,375,451418.0,0,0,0,True,False,0.0012515644555695093
2022-11-23,True,375,751810.0,0,0,0,True,False,0.0050093926111458575
2022-11-24,True,375,2278372.0,0,0,0,True,False,0.005730210420841653
2022-11-25,True,375,573926.0,0,0,0,True,False,0.00012273703590071072
2022-11-28,True,375,2660839.0,0,0,0,True,False,-0.008719851576994397
2022-11-29,True,375,1294984.0,0,0,0,True,False,-0.0020306154326772408
2022-11-30,True,375,904790.0,0,0,0,True,False,-0.001843692384613016
2022-12-01,True,375,2615175.0,0,0,0,True,False,0.007453416149068248
2022-12-02,True,375,575791.0,0,0,0,True,False,-0.0049443757725586845
2022-12-05,True,375,1152122.0,0,0,0,True,False,0.0013683719483750245
2022-12-06,True,375,786419.0,0,0,0,True,False,-0.007439553626782391
2022-12-07,True,375,730143.0,0,0,0,True,False,0.000743978424625702
2022-12-08,True,375,1028258.0,0,0,0,True,False,-0.0006207324643079382
2022-12-09,True,375,450929.0,0,0,0,True,False,0.004323656578134605
2022-12-12,True,375,814820.0,0,0,0,True,False,-0.003159218476827319
2022-12-13,True,375,2224501.0,0,0,0,True,False,0.004260499087035852
2022-12-14,True,375,1080534.0,0,0,0,True,False,0.004679997568832528
2022-12-15,True,375,1850133.0,0,0,0,True,False,-0.0017771084337350196
2022-12-16,True,375,534832.0,0,0,0,True,False,-0.0067136725935009745
2022-12-19,True,375,1171075.0,0,0,0,True,False,0.00384685839897414
2022-12-20,True,375,775767.0,0,0,0,True,False,-0.015075987841945304
2022-12-21,True,375,543524.0,0,0,0,True,False,0.003669724770642091
2022-12-22,True,375,898582.0,0,0,0,True,False,0.0013580246913580396
2022-12-23,True,375,871090.0,0,0,0,True,False,-0.016027528908453936
2022-12-26,True,375,1444873.0,0,0,0,True,False,-0.00031250000000004885
2022-12-27,True,375,380345.0,0,0,0,True,False,0.002763279091188231
2022-12-28,True,375,791897.0,0,0,0,True,False,-0.004782635354712239
2022-12-29,True,375,449068.0,0,0,0,True,False,-0.005158120970218061
2022-12-30,True,375,436579.0,0,0,0,True,False,0.0035995363309133666
2023-01-02,True,375,320151.0,0,0,0,True,False,-0.002452483139178452
2023-01-03,True,375,541417.0,0,0,0,True,False,-0.0036544544421582836
2023-01-04,True,375,734134.0,0,0,0,True,False,-0.003352636391344088
2023-01-05,True,375,1169282.0,0,0,0,True,False,0.0029187107992298955
2023-01-06,True,375,763177.0,0,0,0,True,False,0.0012812900403136318
2023-01-09,True,375,671018.0,0,0,0,True,False,0.0012232991436906815
2023-01-10,True,375,897359.0,0,0,0,True,False,0.0012515644555695093
2023-01-11,True,375,824581.0,0,0,0,True,False,-0.000955748829207681
2023-01-12,True,375,684214.0,0,0,0,True,False,-0.0007551919446192601
2023-01-13,True,375,763421.0,0,0,0,True,False,0.00046933667083859376
2023-01-16,True,375,1792438.0,0,0,0,True,False,0.008744534665833914
2023-01-17,True,375,638096.0,0,0,0,True,False,0.0025539965316097035
2023-01-18,True,375,1705401.0,0,0,0,True,False,-0.0024860161591050423
2023-01-19,True,375,775096.0,0,0,0,True,False,-9.162263689954653e-05
2023-01-20,True,375,2201935.0,0,0,0,True,False,0.0018890920170626657
2023-01-23,True,375,1402714.0,0,0,0,True,False,0.003946496354762852
2023-01-24,True,375,2515482.0,0,0,0,True,False,0.0018840839763143435
2023-01-25,True,375,556886.0,0,0,0,True,False,-0.0012400354295836191
2023-01-27,True,375,4552591.0,0,0,0,True,False,-0.011358473421172244
2023-01-30,True,375,2678408.0,0,0,0,True,False,-0.012261580381471404
2023-01-31,True,375,2173968.0,0,0,0,True,False,0.0014220353654013085
2023-02-01,True,375,848007.0,0,0,0,True,False,0.011333914559721103
2023-02-02,True,375,1478673.0,0,0,0,True,False,-0.010704398646570357
2023-02-03,True,375,1041357.0,0,0,0,True,False,0.004927952092820265
2023-02-06,True,375,1702267.0,0,0,0,True,False,0.001055329413538475
2023-02-07,True,375,692578.0,0,0,0,True,False,0.005696969696969756
2023-02-08,True,375,622130.0,0,0,0,True,False,0.0013619854721549363
2023-02-09,True,375,962942.0,0,0,0,True,False,0.005451241671714069
2023-02-10,True,375,534889.0,0,0,0,True,False,-0.002540834845735085
2023-02-13,True,375,259809.0,0,0,0,True,False,0.0016340858197663177
2023-02-14,True,375,760074.0,0,0,0,True,False,0.0037376416686760727
2023-02-15,True,375,860583.0,0,0,0,True,False,0.002988643156007109
2023-02-16,True,375,630904.0,0,0,0,True,False,0.002516476932294731
2023-02-17,True,375,713095.0,0,0,0,True,False,-0.001472842586191403
2023-02-20,True,375,444418.0,0,0,0,True,False,0.0024154589371980784
2023-02-21,True,375,1279906.0,0,0,0,True,False,-0.0003047851264857959
2023-02-22,True,375,375669.0,0,0,0,True,False,-0.006064281382656134
2023-02-23,True,375,988675.0,0,0,0,True,False,-0.0007434023045471694
2023-02-24,True,375,679103.0,0,0,0,True,False,0.009295071740486716
2023-02-27,True,375,1097655.0,0,0,0,True,False,-0.0016367642429965246
2023-02-28,True,375,1509347.0,0,0,0,True,False,-0.004159759797329077
2023-03-01,True,375,1109263.0,0,0,0,True,False,0.005614472863381126
2023-03-02,True,375,671906.0,0,0,0,True,False,-0.0031269543464665928
2023-03-03,True,375,1060228.0,0,0,0,True,False,0.007639371172422527
2023-03-06,True,375,1034134.0,0,0,0,True,False,0.0024752475247524774
2023-03-08,True,375,1185194.0,0,0,0,True,False,-0.006134969325153339
2023-03-09,True,375,737419.0,0,0,0,True,False,-3.0674846625777796e-05
2023-03-10,True,375,2238320.0,0,0,0,True,False,-0.011993865030674788
2023-03-13,True,375,792487.0,0,0,0,True,False,-0.0006922592825675533
2023-03-14,True,375,1010681.0,0,0,0,True,False,-0.0007954183900731326
2023-03-15,True,375,863951.0,0,0,0,True,False,0.0063775510204082675
2023-03-16,True,375,1894280.0,0,0,0,True,False,-0.001977886579553112
2023-03-17,True,375,833417.0,0,0,0,True,False,0.0030267903142711106
2023-03-20,True,375,470141.0,0,0,0,True,False,-0.006966655055574922
2023-03-21,True,375,724689.0,0,0,0,True,False,0.00633782529368454
2023-03-22,True,375,1059995.0,0,0,0,True,False,0.004247765168325701
2023-03-23,True,375,582570.0,0,0,0,True,False,-0.0037808985194128786
2023-03-24,True,375,983388.0,0,0,0,True,False,-0.0009606147934678733
2023-03-27,True,375,1186456.0,0,0,0,True,False,0.0016349822075465426
2023-03-28,True,375,1557507.0,0,0,0,True,False,0.0032036906516306196
2023-03-29,True,375,1754134.0,0,0,0,True,False,0.0015174506828528056
2023-03-31,True,375,2034042.0,0,0,0,True,False,0.0016321406151913465
2023-04-03,True,375,974489.0,0,0,0,True,False,-0.0010253542132737659
2023-04-05,True,375,3305740.0,0,0,0,True,False,0.005404062364121831
2023-04-06,True,375,1554689.0,0,0,0,True,False,-0.00329504232164457
2023-04-10,True,375,1272969.0,0,0,0,True,False,-0.0016506602641056523
2023-04-11,True,375,1727897.0,0,0,0,True,False,0.002326073165574094
2023-04-12,True,375,2494243.0,0,0,0,True,False,0.0018619736921134944
2023-04-13,True,375,1406796.0,0,0,0,True,False,0.001958456973293776
2023-04-17,True,375,4029296.0,0,0,0,True,False,0.014150943396226356
2023-04-18,False,376,2706270.0,0,0,1,False,False,0.0029728836971862904
2023-04-19,True,375,1352273.0,0,0,0,True,False,0.0028006143283043627
2023-04-20,True,375,2147154.0,0,0,0,True,False,0.0017978066758554956
2023-04-21,True,375,1591862.0,0,0,0,True,False,-0.002390914524805776
2023-04-24,True,375,2238515.0,0,0,0,True,False,0.008971291866028741
2023-04-25,True,375,3510673.0,0,0,0,True,False,-0.00023695278715707424
2023-04-26,True,375,2926017.0,0,0,0,True,False,-0.0021039975954313395
2023-04-27,True,375,1575320.0,0,0,0,True,False,-0.0026865671641791433
2023-04-28,True,375,2152710.0,0,0,0,True,False,0.0027976190476191043
2023-05-02,True,375,1187768.0,0,0,0,True,False,0.0009187090655840002
2023-05-03,True,375,1033285.0,0,0,0,True,False,0.0012181353615781099
2023-05-04,True,375,1444295.0,0,0,0,True,False,-0.0034849379799173352
2023-05-05,True,375,8256441.0,0,0,0,True,False,-0.05158695715071038
2023-05-08,True,375,1685244.0,0,0,0,True,False,0.0049170251997541214
2023-05-09,True,375,2086594.0,0,0,0,True,False,0.001912858660998884
2023-05-10,True,375,2037520.0,0,0,0,True,False,0.0006693440428380271
2023-05-11,True,375,2517354.0,0,0,0,True,False,0.007777038068147446
2023-05-12,True,375,1297752.0,0,0,0,True,False,-0.004833836858006091
2023-05-15,True,375,1204237.0,0,0,0,True,False,0.0024281303396385123
2023-05-16,True,375,2171178.0,0,0,0,True,False,-0.0031007751937984773
2023-05-17,True,375,1631372.0,0,0,0,True,False,0.002430133657351119
2023-05-18,True,375,1856167.0,0,0,0,True,False,0.004878048780487809
2023-05-19,True,375,1746940.0,0,0,0,True,False,0.002128306476132602
2023-05-22,True,375,1828059.0,0,0,0,True,False,-0.0009110233829334735
2023-05-23,True,375,1601193.0,0,0,0,True,False,0.006439012481308515
2023-05-24,True,375,1615955.0,0,0,0,True,False,-0.003977846455126888
2023-05-25,True,375,2094997.0,0,0,0,True,False,0.0004334365325078249
2023-05-26,True,375,1138373.0,0,0,0,True,False,0.0035020299377073183
2023-05-29,True,375,2219783.0,0,0,0,True,False,0.007111935683364212
2023-05-30,True,375,1148924.0,0,0,0,True,False,0.001809094532854827
2023-05-31,True,375,1539515.0,0,0,0,True,False,-0.006643100926377321
2023-06-01,True,375,2179067.0,0,0,0,True,False,0.005243724595860977
2023-06-02,True,375,1455608.0,0,0,0,True,False,0.007151780137414132
2023-06-05,True,375,969219.0,0,0,0,True,False,0.0056057303020866645
2023-06-06,True,375,1045221.0,0,0,0,True,False,0.0022443190673608893
2023-06-07,True,375,1105236.0,0,0,0,True,False,-0.0008723556718696068
2023-06-08,True,375,1731643.0,0,0,0,True,False,-0.004810676598386077
2023-06-09,True,375,1045014.0,0,0,0,True,False,0.004694251873037736
2023-06-12,True,375,658285.0,0,0,0,True,False,0.0018949984467224734
2023-06-13,True,375,1032908.0,0,0,0,True,False,-0.00649796938456737
2023-06-14,True,375,1157908.0,0,0,0,True,False,0.0015547747131441358
2023-06-15,True,375,1108749.0,0,0,0,True,False,0.0014047135945061129
2023-06-16,True,375,848893.0,0,0,0,True,False,0.004175761601974193
2023-06-19,True,375,1907183.0,0,0,0,True,False,0.00561797752808979
2023-06-20,False,376,762805.0,0,0,1,False,False,9.351620947639638e-05
2023-06-21,True,375,1186137.0,0,0,0,True,False,0.004100907170373924
2023-06-22,True,375,2484827.0,0,0,0,True,False,0.002353084986095322
2023-06-23,True,375,1028115.0,0,0,0,True,False,-0.004407830739299623
2023-06-26,True,375,1038442.0,0,0,0,True,False,0.0012782275244993535
2023-06-27,True,375,1677568.0,0,0,0,True,False,0.004002688829137124
2023-06-28,True,375,2492364.0,0,0,0,True,False,0.0072680117011971745
2023-06-30,True,375,3077220.0,0,0,0,True,False,0.017708364439932067
2023-07-03,True,375,3169838.0,0,0,0,True,False,0.007352941176470562
2023-07-04,True,375,2281748.0,0,0,0,True,False,0.0014235909355027054
2023-07-05,True,375,3620920.0,0,0,0,True,False,-0.005072463768115987
2023-07-06,True,375,1968468.0,0,0,0,True,False,-0.002028155571462742
2023-07-07,True,375,1036475.0,0,0,0,True,False,-0.005970149253731294
2023-07-10,True,375,1557883.0,0,0,0,True,False,0.000662690523525411
2023-07-11,True,375,1190669.0,0,0,0,True,False,0.003015681544028981
2023-07-12,True,375,2831503.0,0,0,0,True,False,0.003242424242424269
2023-07-13,True,375,2501488.0,0,0,0,True,False,0.012559973107600042
2023-07-14,True,375,1376877.0,0,0,0,True,False,0.00706455542021911
2023-07-17,True,375,2248301.0,0,0,0,True,False,0.0021257212268448455
2023-07-18,True,375,6336381.0,0,0,0,True,False,0.011707927428724618
2023-07-19,True,375,3611323.0,0,0,0,True,False,0.0018474374255064152
2023-07-20,True,375,3822711.0,0,0,0,True,False,-0.002018343177703108
2023-07-21,True,375,2745556.0,0,0,0,True,False,-0.005269702173012036
2023-07-24,True,375,1686708.0,0,0,0,True,False,0.0004470272686634136
2023-07-25,True,375,2610514.0,0,0,0,True,False,0.003066388806192366
2023-07-26,True,375,1241368.0,0,0,0,True,False,0.00283219258909595
2023-07-27,True,375,2564967.0,0,0,0,True,False,0.006274788373882734
2023-07-28,True,375,2359229.0,0,0,0,True,False,-0.009213154834670112
2023-07-31,True,375,1614361.0,0,0,0,True,False,0.004474341023924078
2023-08-01,True,375,1446076.0,0,0,0,True,False,0.002696969696969642
2023-08-02,True,375,1459271.0,0,0,0,True,False,-0.010843373493975905
2023-08-03,True,375,1791387.0,0,0,0,True,False,-0.0011571959315427316
2023-08-04,True,375,1646170.0,0,0,0,True,False,0.0015619257625874017
2023-08-07,True,375,1308364.0,0,0,0,True,False,0.006201409686299453
2023-08-08,True,375,2411969.0,0,0,0,True,False,0.0009393085477078511
2023-08-09,True,375,1138294.0,0,0,0,True,False,0.0018181818181817189
2023-08-10,True,375,1610336.0,0,0,0,True,False,-0.0034186482725238054
2023-08-11,True,375,1272218.0,0,0,0,True,False,0.0005496183206108451
2023-08-14,True,375,1719715.0,0,0,0,True,False,-0.00610771793448095
2023-08-16,True,375,2113729.0,0,0,0,True,False,-0.01579110972956177
2023-08-17,True,375,1953105.0,0,0,0,True,False,-0.004269375798560349
2023-08-18,True,375,1769584.0,0,0,0,True,False,-0.0049203961388993855
2023-08-21,True,375,1296195.0,0,0,0,True,False,0.007427456410902034
2023-08-22,True,375,1798553.0,0,0,0,True,False,0.00525818639798481
2023-08-23,True,375,2004661.0,0,0,0,True,False,-0.0009168800784090658
2023-08-24,True,375,3012383.0,0,0,0,True,False,0.003021718602455037
2023-08-25,True,375,1598530.0,0,0,0,True,False,-0.00319701190174726
2023-08-28,True,375,1594830.0,0,0,0,True,False,0.0014751154438172875
2023-08-29,True,375,2073882.0,0,0,0,True,False,0.007414448669201601
2023-08-30,True,375,1448189.0,0,0,0,True,False,0.007981146897093616
2023-08-31,True,375,3288722.0,0,0,0,True,False,0.0
2023-09-01,True,375,3026904.0,0,0,0,True,False,-0.0034887408816999255
2023-09-04,True,375,1153747.0,0,0,0,True,False,0.01048617731172552
2023-09-05,True,375,1487881.0,0,0,0,True,False,0.002651180406514353
2023-09-06,True,375,3182977.0,0,0,0,True,False,0.0011428571428571122
2023-09-07,True,375,1254228.0,0,0,0,True,False,-0.002188868042526604
2023-09-08,True,375,1509296.0,0,0,0,True,False,-0.0016759776536313664
2023-09-11,True,375,1920337.0,0,0,0,True,False,0.0030172413793103647
2023-09-12,True,375,1908583.0,0,0,0,True,False,0.004286589099816274
2023-09-13,True,375,2169995.0,0,0,0,True,False,-0.0028728606356968056
2023-09-14,True,375,1182073.0,0,0,0,True,False,0.001614278752436693
2023-09-15,True,375,4224887.0,0,0,0,True,False,0.004260499087035852
2023-09-18,True,375,1571270.0,0,0,0,True,False,-0.00193125924137727
2023-09-20,True,375,12063509.0,0,0,0,True,False,-0.018807719448961535
2023-09-21,False,375,8466191.0,0,1,0,True,False,-0.008111387877626663
2023-09-22,True,375,4046623.0,0,0,0,True,False,0.002894821486008281
2023-09-25,True,375,3128802.0,0,0,0,True,False,-0.002616088947024253
2023-09-26,True,375,1874901.0,0,0,0,True,False,-0.002550853554843413
2023-09-27,True,375,2793900.0,0,0,0,True,False,-0.00975292587776333
2023-09-28,True,375,2424536.0,0,0,0,True,False,0.004255319148936065
2023-09-29,True,375,722128.0,0,0,0,True,False,0.002434210526315761
2023-10-03,True,375,2936812.0,0,0,0,True,False,0.0007536782776813578
2023-10-04,True,375,3915824.0,0,0,0,True,False,-0.008554943961801231
2023-10-05,True,375,3955584.0,0,0,0,True,False,0.002645329849771283
2023-10-06,True,375,846726.0,0,0,0,True,False,0.0053065077969853824
2023-10-09,True,375,1391245.0,0,0,0,True,False,-0.004560260586319198
2023-10-10,True,375,1572162.0,0,0,0,True,False,0.002208014764038868
2023-10-11,True,375,1849052.0,0,0,0,True,False,0.0029825308904984915
2023-10-12,True,375,986985.0,0,0,0,True,False,-0.003826199740596725
2023-10-13,True,375,1349524.0,0,0,0,True,False,-0.004396172743728943
2023-10-16,True,375,1364641.0,0,0,0,True,False,-0.0013042060645581666
2023-10-17,True,375,2988478.0,0,0,0,True,False,0.014840182648401923
2023-10-18,True,375,1600320.0,0,0,0,True,False,-0.0008427876823338121
2023-10-19,True,375,2377616.0,0,0,0,True,False,-0.009018497794746727
2023-10-20,True,375,1321164.0,0,0,0,True,False,-0.006535084824080828
2023-10-23,True,375,916965.0,0,0,0,True,False,6.564264145980658e-05
2023-10-25,True,375,2586876.0,0,0,0,True,False,0.00928998009289983
2023-10-26,True,375,4040168.0,0,0,0,True,False,-0.0019743006290992016
2023-10-27,True,375,3239772.0,0,0,0,True,False,0.0048206776300043774
2023-10-30,True,375,1306611.0,0,0,0,True,False,-0.006315575022919351
2023-10-31,True,375,2236792.0,0,0,0,True,False,0.011296395911780444
2023-11-01,True,375,2127198.0,0,0,0,True,False,-0.0086440677966102
2023-11-02,True,375,1264290.0,0,0,0,True,False,0.005416384563303955
2023-11-03,True,375,1228514.0,0,0,0,True,False,0.006731842630492979
2023-11-06,True,375,1417337.0,0,0,0,True,False,0.00905998450708978
2023-11-07,True,375,2166786.0,0,0,0,True,False,0.00013388673182501698
2023-11-08,False,375,2005419.0,0,1,0,True,False,-0.0034919249236141647
2023-11-09,True,375,1418356.0,0,0,0,True,False,-0.0030835232604906615
2023-11-10,False,375,882456.0,0,1,0,True,False,-0.0037336024217961006
2023-11-12,False,60,,0,0,60,False,False,0.00324414715719068
2023-11-13,True,375,1150265.0,0,0,0,True,False,-0.004603068712475067
2023-11-15,True,375,4613474.0,0,0,0,True,False,0.010141034251175185
2023-11-16,True,375,2589762.0,0,0,0,True,False,0.0032562466772994014
2023-11-17,True,375,3426384.0,0,0,0,True,False,-0.011936339522546469
2023-11-20,True,375,1800700.0,0,0,0,True,False,0.0053156146179402786
2023-11-21,True,375,2955859.0,0,0,0,True,False,0.008699116807224794
2023-11-22,True,375,2226509.0,0,0,0,True,False,0.0016144443346184367
2023-11-23,True,375,1172051.0,0,0,0,True,False,-0.002908321766144528
2023-11-24,False,375,1156578.0,0,1,0,True,False,-0.0002957316071370286
2023-11-28,True,375,3834056.0,0,0,0,True,False,0.002481389578163684
2023-11-29,True,375,4111196.0,0,0,0,True,False,0.0019269081289394752
2023-11-30,True,375,3354956.0,0,0,0,True,False,0.005671986156508435
2023-12-01,True,375,2334733.0,0,0,0,True,False,0.0008351535397663756
2023-12-04,True,375,10000046.0,0,0,0,True,False,0.02296518182111007
2023-12-05,True,375,5795099.0,0,0,0,True,False,0.01683857338138428
2023-12-06,True,375,3583838.0,0,0,0,True,False,0.010141800246609156
2023-12-07,True,375,1538880.0,0,0,0,True,False,-0.0007993605115906854
2023-12-08,True,375,2322800.0,0,0,0,True,False,-3.066544004903804e-05
2023-12-11,True,375,2864364.0,0,0,0,True,False,-0.0017544390332436821
2023-12-12,False,375,3015903.0,0,1,0,True,False,0.0025454545454546285
2023-12-13,False,375,3123463.0,0,1,0,True,False,-0.0012236532166783887
2023-12-14,True,375,4006958.0,0,0,0,True,False,0.007960808328230318
2023-12-15,False,375,4098697.0,0,1,0,True,False,-0.00027265291284195303
2023-12-18,True,375,1723453.0,0,0,0,True,False,0.0028078862353191347
2023-12-19,True,375,2675244.0,0,0,0,True,False,-0.001512859304084735
2023-12-20,True,375,1606693.0,0,0,0,True,False,0.004544077552256942
2023-12-21,True,375,3620262.0,0,0,0,True,False,0.007447940416476673
2023-12-22,True,375,2685912.0,0,0,0,True,False,-0.0008308605341247333
2023-12-26,True,375,868573.0,0,0,0,True,False,0.002726673458380846
2023-12-27,False,375,804362.0,0,1,0,True,False,-0.002077151335311611
2023-12-28,True,375,3224618.0,0,0,0,True,False,0.004230068738616977
2023-12-29,True,375,1769480.0,0,0,0,True,False,-0.006498448568584947
2024-01-01,True,375,386080.0,0,0,0,True,False,-0.0014924936349536289
2024-01-02,True,375,1543434.0,0,0,0,True,False,0.003485143836021054
2024-01-03,True,375,2020140.0,0,0,0,True,False,0.0026509572901325384
2024-01-04,True,375,4208230.0,0,0,0,True,False,0.002389486260454099
2024-01-05,True,375,3690240.0,0,0,0,True,False,-0.0027780240565060677
2024-01-08,True,375,1345440.0,0,0,0,True,False,-0.00029779630732573725
2024-01-09,True,375,1566008.0,0,0,0,True,False,0.0025557760538816865
2024-01-10,True,375,1455704.0,0,0,0,True,False,-0.0048154093097914075
2024-01-11,True,375,1350900.0,0,0,0,True,False,0.0024154589371980784
2024-01-12,True,375,844395.0,0,0,0,True,False,0.0016370581458799993
2024-01-15,True,375,2545919.0,0,0,0,True,False,0.002250608272506005
2024-01-16,True,375,1826463.0,0,0,0,True,False,-0.004107387344484792
2024-01-17,True,375,24668501.0,0,0,0,True,False,-0.06480819633071244
2024-01-18,True,375,20870858.0,0,0,0,True,False,-0.03175631885936492
2024-01-19,True,375,8568386.0,0,0,0,True,False,0.010128450212965934
2024-01-20,True,375,3351423.0,0,0,0,True,False,0.005627500169502975
2024-01-23,True,375,13372177.0,0,0,0,True,False,-0.010569682234153999
2024-01-24,True,375,13713664.0,0,0,0,True,False,-0.03576792762583403
2024-01-25,True,375,8421539.0,0,0,0,True,False,-0.0024038461538461453
2024-01-29,True,375,7661663.0,0,0,0,True,False,0.005241235682054812
2024-01-30,True,375,5159853.0,0,0,0,True,False,-0.0016472768454649511
2024-01-31,True,375,2644418.0,0,0,0,True,False,-0.003599363189589533
2024-02-01,True,375,2863400.0,0,0,0,True,False,0.0017435897435897907
2024-02-02,True,375,2666982.0,0,0,0,True,False,0.005796113194681318
2024-02-05,True,375,3791500.0,0,0,0,True,False,6.916107614629574e-05
2024-02-06,True,375,3399945.0,0,0,0,True,False,0.0017324417033366402
2024-02-07,True,375,3080416.0,0,0,0,True,False,0.0065463614007135185
2024-02-08,True,375,4255593.0,0,0,0,True,False,-0.00010489510489519738
2024-02-09,True,375,8080705.0,0,0,0,True,False,-0.010730147450701666
2024-02-12,True,375,2334467.0,0,0,0,True,False,-0.005930397727272663
2024-02-13,True,375,3664793.0,0,0,0,True,False,-0.0003231829933927344
2024-02-14,True,375,8987765.0,0,0,0,True,False,-0.011458744926182707
2024-02-15,True,375,3492821.0,0,0,0,True,False,3.6102386367753425e-05
2024-02-16,True,375,3161934.0,0,0,0,True,False,0.006538719824691563
2024-02-19,True,375,2823451.0,0,0,0,True,False,0.007899562702778917
2024-02-20,True,375,3094184.0,0,0,0,True,False,-0.0029945393693852074
2024-02-21,True,375,5158023.0,0,0,0,True,False,0.007570543702684063
2024-02-22,True,375,7485240.0,0,0,0,True,False,-0.012708913649025044
2024-02-23,True,375,3011913.0,0,0,0,True,False,0.0003867791842475654
2024-02-26,True,375,2281260.0,0,0,0,True,False,-0.004156539504737822
2024-02-27,True,375,2650642.0,0,0,0,True,False,-0.005907380709588961
2024-02-28,True,375,1411214.0,0,0,0,True,False,-0.001160500773667139
2024-02-29,True,375,3771136.0,0,0,0,True,False,-0.0028802048145647463
2024-03-01,True,375,3291789.0,0,0,0,True,False,-0.005681818181818232
2024-03-02,False,105,327572.0,0,0,0,False,False,0.0036731267053802252
2024-03-04,True,375,3873705.0,0,0,0,True,False,0.0
2024-03-05,True,375,3576546.0,0,0,0,True,False,-0.007676203768318235
2024-03-06,True,375,2735202.0,0,0,0,True,False,-0.003925792106726056
2024-03-07,True,375,4496319.0,0,0,0,True,False,0.001836642755657314
2024-03-11,True,375,6599480.0,0,0,0,True,False,-0.011065006915629283
2024-03-12,True,375,3439093.0,0,0,0,True,False,0.005539583479419408
2024-03-13,True,375,5041461.0,0,0,0,True,False,0.002736914129319201
2024-03-14,True,375,5461041.0,0,0,0,True,False,0.0016441734602998803
2024-03-15,True,375,2206695.0,0,0,0,True,False,-0.0048043925875085325
2024-03-18,True,375,1469388.0,0,0,0,True,False,-0.005293187598817695
2024-03-19,True,375,2384193.0,0,0,0,True,False,-0.007089745806674763
2024-03-20,True,375,1717834.0,0,0,0,True,False,-0.000620711059002077
2024-03-21,True,375,1521549.0,0,0,0,True,False,0.007472588867937668
2024-03-22,True,375,2650409.0,0,0,0,True,False,-0.002492039318842565
2024-03-26,True,375,4807640.0,0,0,0,True,False,-0.010640878998994796
2024-03-27,True,375,2542202.0,0,0,0,True,False,-0.0009474349077128741
2024-03-28,True,375,3027080.0,0,0,0,True,False,-0.0022507704560407182
2024-04-01,True,375,2330783.0,0,0,0,True,False,0.007601935038009655
2024-04-02,True,375,4988281.0,0,0,0,True,False,-0.0032993197278911035
2024-04-03,True,375,2869303.0,0,0,0,True,False,-0.004698962171664323
2024-04-04,True,375,11387909.0,0,0,0,True,False,0.013135735938026194
2024-04-05,True,375,7374483.0,0,0,0,True,False,0.006573138428333181
2024-04-08,True,375,2619906.0,0,0,0,True,False,0.003161188348763
2024-04-09,True,375,1529641.0,0,0,0,True,False,0.006375404530744255
2024-04-10,True,375,2596528.0,0,0,0,True,False,0.0035612535612534746
2024-04-12,True,375,3745456.0,0,0,0,True,False,-0.008668448152251762
2024-04-15,True,375,2937818.0,0,0,0,True,False,-0.012333058532563945
2024-04-16,True,375,2344256.0,0,0,0,True,False,-0.004685408299866078
2024-04-18,True,375,3028900.0,0,0,0,True,False,-0.0014550264550264869
2024-04-19,True,375,2490459.0,0,0,0,True,False,-0.006847942276857255
2024-04-22,True,375,5840109.0,0,0,0,True,False,0.015121887628731567
2024-04-23,True,375,2777028.0,0,0,0,True,False,0.007891174431274184
2024-04-24,True,375,2542221.0,0,0,0,True,False,0.004975124378109541
2024-04-25,True,375,1628034.0,0,0,0,True,False,-0.0040663845543507104
2024-04-26,True,375,2155356.0,0,0,0,True,False,0.003963535473642477
2024-04-29,True,375,2391751.0,0,0,0,True,False,0.0026140763045565674
2024-04-30,True,375,1384133.0,0,0,0,True,False,0.0004252396061628083
2024-05-02,True,375,3824728.0,0,0,0,True,False,0.0043221485367381796
2024-05-03,True,375,1568609.0,0,0,0,True,False,0.00022832539630757154
2024-05-06,True,375,3083240.0,0,0,0,True,False,0.00418962161448877
2024-05-07,True,375,1358662.0,0,0,0,True,False,-0.0011812961443805614
2024-05-08,True,375,3292001.0,0,0,0,True,False,-0.006343407505811971
2024-05-09,True,375,2436554.0,0,0,0,True,False,-0.005763397371081891
2024-05-10,True,375,3466044.0,0,0,0,True,False,-0.008133443617314606
2024-05-13,True,375,1691871.0,0,0,0,True,False,-0.005451956801055591
2024-05-14,True,375,1996368.0,0,0,0,True,False,-0.003225917155701974
2024-05-15,True,375,2446804.0,0,0,0,True,False,-0.0012999452654623989
2024-05-16,True,375,2304213.0,0,0,0,True,False,0.0036438089950028285
2024-05-17,True,375,2431265.0,0,0,0,True,False,-0.009282411371810184
2024-05-18,False,105,155347.0,0,0,0,False,False,0.002050580997949414
2024-05-21,True,375,6519295.0,0,0,0,True,False,-0.011081938145735992
2024-05-22,True,375,2412235.0,0,0,0,True,False,0.001236221283609673
2024-05-23,True,375,2905077.0,0,0,0,True,False,-0.0034501605520256273
2024-05-24,True,375,3113351.0,0,0,0,True,False,-0.003583749204541631
2024-05-27,True,375,2080505.0,0,0,0,True,False,0.004516979887899675
2024-05-28,True,375,2530226.0,0,0,0,True,False,0.001374345549738143
2024-05-29,True,375,2086805.0,0,0,0,True,False,-0.006934449823367772
2024-05-30,True,375,2914690.0,0,0,0,True,False,-0.005406839818223985
2024-05-31,True,375,3744697.0,0,0,0,True,False,0.0004610419548178868
2024-06-03,True,375,12806153.0,0,0,0,True,False,0.047837483617300114
2024-06-04,True,375,9055317.0,0,0,0,True,False,-0.010171646535282908
2024-06-05,True,375,5917696.0,0,0,0,True,False,0.0008708759001840871
2024-06-06,True,375,5000342.0,0,0,0,True,False,0.012323317268816636
2024-06-07,True,375,1793365.0,0,0,0,True,False,0.0009939083039436358
2024-06-10,True,375,2000004.0,0,0,0,True,False,-0.0006349206349206549
2024-06-11,True,375,1598670.0,0,0,0,True,False,-0.002276297649963066
2024-06-12,True,375,2761032.0,0,0,0,True,False,0.008871665118662442
2024-06-13,True,375,1664334.0,0,0,0,True,False,0.008769132653061229
2024-06-14,True,375,2441034.0,0,0,0,True,False,0.0017708069820390193
2024-06-18,True,375,2621677.0,0,0,0,True,False,0.0008147405364753446
2024-06-19,True,375,3826128.0,0,0,0,True,False,0.002765778924143092
2024-06-20,True,375,6656246.0,0,0,0,True,False,0.007724803862401819
2024-06-21,True,375,2700857.0,0,0,0,True,False,0.0033287350806692206
2024-06-24,True,375,2362246.0,0,0,0,True,False,-0.00881653777871394
2024-06-25,True,375,3204682.0,0,0,0,True,False,5.984440454809281e-05
2024-06-26,True,375,2939993.0,0,0,0,True,False,0.0005565319273579394
2024-06-27,True,375,2285801.0,0,0,0,True,False,0.0015352819604368406
2024-06-28,True,375,2023693.0,0,0,0,True,False,0.0009433962264151496
2024-07-01,True,375,1714219.0,0,0,0,True,False,-0.0029673590504450953
2024-07-02,True,375,3746947.0,0,0,0,True,False,0.006337284356296102
2024-07-03,True,375,24460059.0,0,0,0,True,False,0.03645833333333326
2024-07-04,True,375,5540793.0,0,0,0,True,False,-0.004497369463144274
2024-07-05,True,375,10960314.0,0,0,0,True,False,-0.0248842592592593
2024-07-08,True,375,5446276.0,0,0,0,True,False,-0.0028182672202188286
2024-07-09,True,375,5658603.0,0,0,0,True,False,-0.006936168912518692
2024-07-10,True,375,4685202.0,0,0,0,True,False,-0.005066381809858078
2024-07-11,True,375,3090750.0,0,0,0,True,False,-0.0024877149877149396
2024-07-12,True,375,2350274.0,0,0,0,True,False,-0.0006161429451633227
2024-07-15,True,375,2344056.0,0,0,0,True,False,-0.0024884028140456094
2024-07-16,True,375,2176785.0,0,0,0,True,False,-0.0013863216266173373
2024-07-18,True,375,4621594.0,0,0,0,True,False,-0.008019740900678585
2024-07-19,True,375,1788207.0,0,0,0,True,False,0.0006811567279707553
2024-07-22,True,375,5352158.0,0,0,0,True,False,0.0073824876179795496
2024-07-23,True,375,2821382.0,0,0,0,True,False,0.0033800243605359714
2024-07-24,True,375,4267024.0,0,0,0,True,False,-0.0052270196709141015
2024-07-25,True,375,2764092.0,0,0,0,True,False,-0.009543942549818052
2024-07-26,True,375,4941642.0,0,0,0,True,False,-0.0068069306930692575
2024-07-29,True,375,4167670.0,0,0,0,True,False,-0.0008043061312874578
2024-07-30,True,375,3943627.0,0,0,0,True,False,-0.0018691588785046953
2024-07-31,True,375,4369438.0,0,0,0,True,False,-0.0001239003840912689
2024-08-01,True,375,2090264.0,0,0,0,True,False,0.003059427052751973
2024-08-02,True,375,4368445.0,0,0,0,True,False,-0.010105301490000995
2024-08-05,True,375,4632109.0,0,0,0,True,False,-0.01082597026627663
2024-08-06,True,375,2508948.0,0,0,0,True,False,0.008632158658457456
2024-08-07,True,375,1507884.0,0,0,0,True,False,0.008922443376801592
2024-08-08,True,375,2073722.0,0,0,0,True,False,-0.003130562887483812
2024-08-09,True,375,2216703.0,0,0,0,True,False,0.007194244604316502
2024-08-12,True,375,1975291.0,0,0,0,True,False,0.00121212121212122
2024-08-13,True,375,6090640.0,0,0,0,True,False,-0.01927710843373498
2024-08-14,True,375,3553330.0,0,0,0,True,False,0.0003736222678871748
2024-08-16,True,375,3704321.0,0,0,0,True,False,0.012874735663639836
2024-08-19,True,375,1681563.0,0,0,0,True,False,0.004385157927016214
2024-08-20,True,375,1767914.0,0,0,0,True,False,-0.0032460572653498776
2024-08-21,True,375,3851412.0,0,0,0,True,False,-0.003610771113831124
2024-08-22,True,375,1359751.0,0,0,0,True,False,0.002457002457002533
2024-08-23,True,375,1488764.0,0,0,0,True,False,0.00310015654255813
2024-08-26,True,375,2025170.0,0,0,0,True,False,0.004307162195422043
2024-08-27,True,375,1485854.0,0,0,0,True,False,0.0026845637583892135
2024-08-28,True,375,836132.0,0,0,0,True,False,0.0020190278075193913
2024-08-29,True,375,2781969.0,0,0,0,True,False,0.0036981570341392267
2024-08-30,True,375,8722368.0,0,0,0,True,False,0.008618326887352756
2024-09-02,True,375,3032248.0,0,0,0,True,False,0.012480786965877622
2024-09-03,True,375,1825271.0,0,0,0,True,False,0.004920049200491938
2024-09-04,True,375,3110771.0,0,0,0,True,False,0.0008549096238397169
2024-09-05,True,375,2178012.0,0,0,0,True,False,0.003016361475884466
2024-09-06,True,375,2549050.0,0,0,0,True,False,-0.0037095597178302686
2024-09-09,True,375,2340343.0,0,0,0,True,False,-9.15667063455805e-05
2024-09-10,True,375,2238371.0,0,0,0,True,False,0.005776831863788301
2024-09-11,True,375,1207103.0,0,0,0,True,False,-0.00024230676035852383
2024-09-12,True,375,1831096.0,0,0,0,True,False,0.00242424242424244
2024-09-13,True,375,1573574.0,0,0,0,True,False,0.007553642902284219
2024-09-16,True,375,1201025.0,0,0,0,True,False,0.0013214800576646368
2024-09-17,True,375,1588498.0,0,0,0,True,False,0.004790419161676551
2024-09-18,True,375,1810409.0,0,0,0,True,False,0.0020978811400484965
2024-09-19,True,375,2661709.0,0,0,0,True,False,0.004552172627845241
2024-09-20,True,375,1148295.0,0,0,0,True,False,0.005889419555217046
2024-09-23,True,375,2208480.0,0,0,0,True,False,0.00679253971908822
2024-09-24,True,375,2565771.0,0,0,0,True,False,0.004810566166633556
2024-09-25,True,375,3142082.0,0,0,0,True,False,-0.003707477217410937
2024-09-26,True,375,2138956.0,0,0,0,True,False,-0.003820546675281644
2024-09-27,True,375,2110680.0,0,0,0,True,False,-0.0005624296962879471
2024-09-30,True,375,2111806.0,0,0,0,True,False,-0.0023958927552767406
2024-10-01,True,375,1529361.0,0,0,0,True,False,-0.004618937644341847
2024-10-03,True,375,4162735.0,0,0,0,True,False,-0.007319331134640894
2024-10-04,True,375,6208584.0,0,0,0,True,False,-0.003896374289878324
2024-10-07,True,375,6365277.0,0,0,0,True,False,-0.005447705041384476
2024-10-08,True,375,2439875.0,0,0,0,True,False,0.004282061550784144
2024-10-09,True,375,2341546.0,0,0,0,True,False,-0.0010598031794095686
2024-10-10,True,375,1390572.0,0,0,0,True,False,0.000671591672263272
2024-10-11,True,375,2066801.0,0,0,0,True,False,0.0020770620108367943
2024-10-14,True,375,1215450.0,0,0,0,True,False,0.002755071147441779
2024-10-15,True,375,1104507.0,0,0,0,True,False,0.0027525379583863696
2024-10-16,True,375,1792799.0,0,0,0,True,False,-0.0034994068801899036
2024-10-17,True,375,1525535.0,0,0,0,True,False,-0.003263745957071462
2024-10-18,True,375,1380400.0,0,0,0,True,False,-0.005739224009087218
2024-10-21,True,375,4585832.0,0,0,0,True,False,0.018106262986049337
2024-10-22,True,375,2211572.0,0,0,0,True,False,0.0035092807424592642
2024-10-23,True,375,3417094.0,0,0,0,True,False,-0.0046990835327768155
2024-10-24,True,375,4583354.0,0,0,0,True,False,0.0010943439695887403
2024-10-25,False,750,,750,0,0,False,False,0.0025706940874035134
2024-10-28,False,750,,750,0,0,False,False,-0.002176652537518642
2024-10-29,False,750,,750,0,0,False,False,-0.005100864553314044
2024-10-30,True,375,2518931.0,0,0,0,True,False,-0.004429204172024526
2024-10-31,True,375,1081075.0,0,0,0,True,False,-0.005181347150259086
2024-11-01,False,120,,120,0,120,False,False,-0.000749581963904733
2024-11-04,True,375,2251199.0,0,0,0,True,False,0.004316546762589857
2024-11-05,True,375,2743362.0,0,0,0,True,False,-0.0077781338305124015
2024-11-06,False,750,,750,0,0,False,False,0.010265183917878451
2024-11-07,True,375,2133174.0,0,0,0,True,False,-0.006662870159453327
2024-11-08,False,750,,750,0,0,False,False,0.005682796624763231
2024-11-11,True,375,1735286.0,0,0,0,True,False,0.0015126434157199942
2024-11-12,True,375,1870296.0,0,0,0,True,False,0.004592097057656286
2024-11-13,True,375,2590178.0,0,0,0,True,False,-0.0013089005235602524
2024-11-14,True,375,3098645.0,0,0,0,True,False,-0.008915084560021436
2024-11-18,True,375,3792082.0,0,0,0,True,False,0.004312636616057075
2024-11-19,False,750,,750,0,0,False,False,0.0033366504712286638
2024-11-21,True,375,4784071.0,0,0,0,True,False,0.007718894009216548
2024-11-22,True,375,1543065.0,0,0,0,True,False,0.0020690249719819143
2024-11-25,True,375,5362104.0,0,0,0,True,False,0.024654153033695003
2024-11-26,True,375,5360834.0,0,0,0,True,False,0.017940498284686024
2024-11-27,True,375,2357480.0,0,0,0,True,False,0.001959247648902762
2024-11-28,True,375,3255457.0,0,0,0,True,False,0.005250069079856257
2024-11-29,False,750,,750,0,0,False,False,0.0046291132180702466
2024-12-02,True,375,1481063.0,0,0,0,True,False,0.004455583402951824
2024-12-03,False,750,,750,0,0,False,False,0.00927489686868399
2024-12-04,True,375,2989500.0,0,0,0,True,False,0.006957760368158761
2024-12-05,True,375,1826248.0,0,0,0,True,False,0.0017233950883239757
2024-12-06,True,375,1258836.0,0,0,0,True,False,-0.004209453843472599
2024-12-09,True,375,2616854.0,0,0,0,True,False,-0.0009701150664258584
2024-12-10,True,375,1099590.0,0,0,0,True,False,0.005434928114374404
2024-12-11,True,375,1201564.0,0,0,0,True,False,-0.003185821754611462
2024-12-12,True,375,1527612.0,0,0,0,True,False,-0.006174496644295258
2024-12-13,True,375,1446884.0,0,0,0,True,False,0.0024219590958018955
2024-12-16,True,375,1222792.0,0,0,0,True,False,-0.004377302087225754
2024-12-17,False,750,,750,0,0,False,False,-0.0030343716433942625
2024-12-18,True,375,2188999.0,0,0,0,True,False,-0.00021854937850029899
2024-12-19,True,375,3770022.0,0,0,0,True,False,-0.00684326710816785
2024-12-20,True,375,1493487.0,0,0,0,True,False,-0.006577480490523979
2024-12-23,True,375,911966.0,0,0,0,True,False,0.0027573012210906356
2024-12-24,True,375,841370.0,0,0,0,True,False,2.7746947835805003e-05
2024-12-26,True,375,604775.0,0,0,0,True,False,-0.0006112299613814098
2024-12-27,True,375,441398.0,0,0,0,True,False,0.0012831241283124406
2024-12-30,False,750,,750,0,0,False,False,-0.004886174347584649
2024-12-31,True,375,639702.0,0,0,0,True,False,-0.004358707572902909
2025-01-01,True,375,330836.0,0,0,0,True,False,0.0008182844243793674
2025-01-02,True,375,780073.0,0,0,0,True,False,-0.004397882293621702
2025-01-03,True,375,1074128.0,0,0,0,True,False,-0.0007532011046949005
2025-01-06,True,375,2510263.0,0,0,0,True,False,-0.004747197437657391
2025-01-07,True,375,1217066.0,0,0,0,True,False,0.0023378141437755406
2025-01-08,True,375,1351951.0,0,0,0,True,False,-0.0021904205607476968
2025-01-09,True,375,2078743.0,0,0,0,True,False,-0.005932003305394895
2025-01-10,True,375,1905779.0,0,0,0,True,False,0.001318312559923429
2025-01-13,True,375,1562239.0,0,0,0,True,False,-0.0102595051297526
2025-01-14,True,375,1248414.0,0,0,0,True,False,0.004779118926536485
2025-01-15,True,375,1341784.0,0,0,0,True,False,0.003513660871145463
2025-01-16,True,375,1090566.0,0,0,0,True,False,0.004344655769581207
2025-01-17,True,375,1365892.0,0,0,0,True,False,-0.006858627670181527
2025-01-20,True,375,1842883.0,0,0,0,True,False,-0.005839014398826059
2025-01-21,True,375,927677.0,0,0,0,True,False,0.0032670841274162754
2025-01-22,True,375,1412112.0,0,0,0,True,False,-0.0020355461036001277
2025-01-23,True,375,3507866.0,0,0,0,True,False,0.009031640648364148
2025-01-24,True,375,1794169.0,0,0,0,True,False,-0.0030030030030030463
2025-01-27,True,375,1960512.0,0,0,0,True,False,-0.0023708206686930966
2025-01-28,True,375,2335280.0,0,0,0,True,False,0.010739490641300975
2025-01-29,True,375,1105794.0,0,0,0,True,False,0.0014348917852444742
2025-01-30,True,375,2048001.0,0,0,0,True,False,0.002983293556085842
2025-01-31,True,375,603758.0,0,0,0,True,False,-0.0034552005197565627
2025-02-01,True,375,238789.0,0,0,0,True,False,-0.0011768167107972793
2025-02-03,True,375,1672969.0,0,0,0,True,False,-0.013002364066193817
2025-02-04,True,375,1240504.0,0,0,0,True,False,0.005417956656346812
2025-02-05,True,375,2310559.0,0,0,0,True,False,0.00973023364213721
2025-02-06,True,375,2147470.0,0,0,0,True,False,0.00040350472676964344
2025-02-07,True,375,2235746.0,0,0,0,True,False,0.002004008016031955
2025-02-10,True,375,2229683.0,0,0,0,True,False,-0.008487297921478065
2025-02-11,True,375,2405044.0,0,0,0,True,False,-0.00792263777234059
2025-02-12,False,750,,750,0,0,False,False,-0.004673858726006119
2025-02-13,True,375,1226447.0,0,0,0,True,False,-0.006810276795370274
2025-02-14,False,750,,750,0,0,False,False,0.0017363665793579397
2025-02-17,True,375,1357573.0,0,0,0,True,False,-0.005429650613786641
2025-02-18,True,375,1001933.0,0,0,0,True,False,-0.0024167249010016434
2025-02-19,True,375,1250879.0,0,0,0,True,False,-0.0034822983168891763
2025-02-20,True,375,4108534.0,0,0,0,True,False,-0.007051040246061069
2025-02-21,False,750,,750,0,0,False,False,-0.002788324632178374
2025-02-24,True,375,1748852.0,0,0,0,True,False,-0.005266272189349164
2025-02-25,True,375,1977936.0,0,0,0,True,False,-0.003518187239117565
2025-02-27,False,750,,750,0,0,False,False,0.0010113930451856046
2025-02-28,True,375,2547293.0,0,0,0,True,False,-0.007802149271308734
2025-03-03,True,375,1319343.0,0,0,0,True,False,0.005577551079386067
2025-03-04,True,375,1597479.0,0,0,0,True,False,-0.003491886499016994
2025-03-05,True,375,1442860.0,0,0,0,True,False,-0.0054636825804943445
2025-03-06,True,375,4224015.0,0,0,0,True,False,-0.003014006264405178
2025-03-07,True,375,909571.0,0,0,0,True,False,-0.006145119357126028
2025-03-10,True,375,942946.0,0,0,0,True,False,0.0005924170616113944
2025-03-11,True,375,1595151.0,0,0,0,True,False,-0.003730680405045317
2025-03-12,True,375,1483671.0,0,0,0,True,False,0.0021624503821315866
2025-03-13,True,375,1126972.0,0,0,0,True,False,0.0024827666783502345
2025-03-17,True,375,2982669.0,0,0,0,True,False,0.0
2025-03-18,True,375,2164763.0,0,0,0,True,False,0.010260457774269982
2025-03-19,True,375,1036133.0,0,0,0,True,False,-0.0005760368663594306
2025-03-20,True,375,1361184.0,0,0,0,True,False,0.005762779896212544
2025-03-21,True,375,1731573.0,0,0,0,True,False,-0.006254953017095
2025-03-24,True,375,1487714.0,0,0,0,True,False,0.003950338600451575
2025-03-25,True,375,2795560.0,0,0,0,True,False,0.0011648546705125273
2025-03-26,True,375,2407158.0,0,0,0,True,False,0.004955947136563887
2025-03-27,True,375,1948212.0,0,0,0,True,False,-0.0016638935108153063
2025-03-28,True,375,1227691.0,0,0,0,True,False,0.0042828904019327485
2025-04-01,True,375,2832464.0,0,0,0,True,False,-0.01287318542864968
2025-04-02,True,375,1028690.0,0,0,0,True,False,0.0004520029380190582
2025-04-03,True,375,787304.0,0,0,0,True,False,-0.009894935794096504
2025-04-04,False,750,,750,0,0,False,False,0.011267291387773382
2025-04-07,True,375,5879513.0,0,0,0,True,False,-0.029295154185022043
2025-04-08,True,375,3437514.0,0,0,0,True,False,0.0028124201017016848
2025-04-09,True,375,2256564.0,0,0,0,True,False,-0.0029093579640143696
2025-04-11,True,375,4802011.0,0,0,0,True,False,0.005353197756755357
2025-04-15,True,375,8488742.0,0,0,0,True,False,0.03312652337691113
2025-04-16,True,375,3206516.0,0,0,0,True,False,0.009755574614065177
2025-04-17,True,375,3029316.0,0,0,0,True,False,0.003251772482541604
2025-04-21,True,375,6081858.0,0,0,0,True,False,0.009549795361528002
2025-04-22,True,375,4914094.0,0,0,0,True,False,0.00509038022023689
2025-04-23,True,375,3431011.0,0,0,0,True,False,0.011552420385421591
2025-04-24,True,375,2784910.0,0,0,0,True,False,-0.00624349635796051
2025-04-25,True,375,1692293.0,0,0,0,True,False,0.0051699827667239795
2025-04-28,True,375,1549802.0,0,0,0,True,False,0.0016771488469602414
2025-04-29,True,375,1568432.0,0,0,0,True,False,-0.0011452368558042547
2025-04-30,True,375,2359016.0,0,0,0,True,False,0.003672612801678854
2025-05-02,True,375,2656623.0,0,0,0,True,False,0.005051820217697012
2025-05-05,True,375,1547892.0,0,0,0,True,False,0.008058227190018252
2025-05-06,True,375,1133479.0,0,0,0,True,False,-0.002996177291042401
2025-05-07,True,375,2401551.0,0,0,0,True,False,0.002799958519133172
2025-05-08,True,375,2320426.0,0,0,0,True,False,0.0050385604113110105
2025-05-09,False,750,,750,0,0,False,False,-0.005932864949258487
2025-05-12,True,375,2472000.0,0,0,0,True,False,0.012834733005862686
2025-05-13,True,375,2010852.0,0,0,0,True,False,-0.003169410080768875
2025-05-14,True,375,1363207.0,0,0,0,True,False,-0.0014546210192738496
2025-05-15,False,750,,750,0,0,False,False,0.0
2025-05-16,False,750,,750,0,0,False,False,0.0
2025-05-19,True,375,546372.0,0,0,0,True,False,0.0012923235978288261
2025-05-20,True,375,2343587.0,0,0,0,True,False,-0.005108359133127016
2025-05-21,True,375,1378312.0,0,0,0,True,False,0.004849559367992917
2025-05-22,True,375,1953469.0,0,0,0,True,False,-0.005194265530853892
2025-05-23,True,375,583386.0,0,0,0,True,False,-0.002027027027027062
2025-05-26,True,375,1060034.0,0,0,0,True,False,0.001449125349342717
2025-05-27,True,375,1578284.0,0,0,0,True,False,-0.0044838427047364515
2025-05-28,True,375,1402464.0,0,0,0,True,False,-0.0034253684866099032
2025-05-29,True,375,1372005.0,0,0,0,True,False,-0.00020742584526034502
2025-05-30,False,750,,750,0,0,False,False,-0.002941783649876073
2025-06-02,True,375,1663760.0,0,0,0,True,False,-0.0058717486479527015
2025-06-03,True,375,1528587.0,0,0,0,True,False,0.0036250647332987107
2025-06-04,True,375,1281883.0,0,0,0,True,False,-0.0012997140629061876
2025-06-05,True,375,2052555.0,0,0,0,True,False,0.004382572828048437
2025-06-06,True,375,894922.0,0,0,0,True,False,-0.004098360655737654
2025-06-09,True,375,2162791.0,0,0,0,True,False,0.008084891359272373
2025-06-10,True,375,1383909.0,0,0,0,True,False,0.001363567496591056
2025-06-11,True,375,808925.0,0,0,0,True,False,0.002343352012226241
2025-06-12,True,375,962662.0,0,0,0,True,False,0.001078084090559095
2025-06-13,False,750,,750,0,0,False,False,-0.010309278350515427
2025-06-16,True,375,803531.0,0,0,0,True,False,0.002344360510549537
2025-06-17,True,375,1476230.0,0,0,0,True,False,5.162889152754424e-05
2025-06-18,True,375,1587805.0,0,0,0,True,False,-0.005756962813132094
2025-06-19,True,375,690926.0,0,0,0,True,False,0.0007244501940490977
2025-06-20,True,375,972856.0,0,0,0,True,False,-0.000931002379228385
2025-06-23,True,375,955638.0,0,0,0,True,False,-0.007488156487188591
2025-06-24,True,375,1094661.0,0,0,0,True,False,0.008675119347056226
2025-06-25,True,375,1434068.0,0,0,0,True,False,0.001171258338850123
2025-06-26,True,375,2105320.0,0,0,0,True,False,0.0007070707070706561
2025-06-27,True,375,2413508.0,0,0,0,True,False,-0.0023293849432521885
2025-06-30,True,375,925850.0,0,0,0,True,False,0.0
2025-07-01,True,375,878437.0,0,0,0,True,False,0.0024999999999999467
2025-07-02,True,375,1121585.0,0,0,0,True,False,0.0041759880686056405
2025-07-03,True,375,1026893.0,0,0,0,True,False,0.004734323847897404
2025-07-04,False,750,,750,0,0,False,False,0.0005034993202759352
2025-07-07,True,375,691778.0,0,0,0,True,False,-0.0018567772369147972
2025-07-08,True,375,1079708.0,0,0,0,True,False,-0.004281037522034792
2025-07-09,True,375,644161.0,0,0,0,True,False,0.003801140342102549
2025-07-10,True,375,629782.0,0,0,0,True,False,0.0037341299477222645
2025-07-11,True,375,388821.0,0,0,0,True,False,-0.002396644697423622
2025-07-14,True,375,500427.0,0,0,0,True,False,5.043118664582735e-05
2025-07-15,True,375,1342085.0,0,0,0,True,False,-0.004992687477936353
2025-07-16,True,375,3289079.0,0,0,0,True,False,0.010010010010010006
2025-07-17,True,375,1166769.0,0,0,0,True,False,0.004008016032064132
2025-07-18,True,375,1449863.0,0,0,0,True,False,0.00045317220543816816
2025-07-21,True,375,2797792.0,0,0,0,True,False,0.011349693251533788
2025-07-22,True,375,1023756.0,0,0,0,True,False,0.005795653260054934
2025-07-23,True,375,551562.0,0,0,0,True,False,0.0029925187032417977
2025-07-24,True,375,2628888.0,0,0,0,True,False,0.006271604938271613
2025-07-25,True,375,576504.0,0,0,0,True,False,0.001043893224635939
2025-07-28,True,375,621864.0,0,0,0,True,False,-0.0009975062344139696
2025-07-29,True,375,1762397.0,0,0,0,True,False,-0.004975371909050175
2025-07-30,True,375,1634678.0,0,0,0,True,False,0.0023724792408066353
2025-07-31,True,375,1114312.0,0,0,0,True,False,-0.004890096320079085
2025-08-01,True,375,875153.0,0,0,0,True,False,-0.001982160555004997
2025-08-04,True,375,707408.0,0,0,0,True,False,-0.0033715107342953132
2025-08-05,True,375,5623657.0,0,0,0,True,False,-0.004210737380319851
2025-08-06,True,375,1482793.0,0,0,0,True,False,-0.0049974760222110115
2025-08-07,True,375,494899.0,0,0,0,True,False,-0.003472571716155004
2025-08-08,True,375,1234090.0,0,0,0,True,False,-0.006151845553666213
2025-08-11,True,375,545705.0,0,0,0,True,False,0.001977687626774971
2025-08-12,True,375,645229.0,0,0,0,True,False,-5.0200803212829825e-05
2025-08-13,True,375,1146518.0,0,0,0,True,False,0.012234123559571541
2025-08-14,True,375,1141126.0,0,0,0,True,False,-5.055356149841206e-05
2025-08-18,True,375,2272337.0,0,0,0,True,False,0.010456464910516772
2025-08-19,True,375,694205.0,0,0,0,True,False,-0.003341645885286848
2025-08-20,True,375,543031.0,0,0,0,True,False,-0.0015075376884422509
2025-08-21,True,375,939701.0,0,0,0,True,False,0.004627068349846608
2025-08-22,True,375,1706130.0,0,0,0,True,False,-0.0005022853985634512
2025-08-25,False,375,3619566.0,0,0,0,True,True,-0.5013482574408548
2025-08-26,True,375,2049022.0,0,0,0,True,False,-0.005179768433881793
2025-08-28,True,375,4929477.0,0,0,0,True,False,-0.005450992492029183
2025-08-29,True,375,2073206.0,0,0,0,True,False,-0.006456988127473529
2025-09-01,True,375,4052753.0,0,0,0,True,False,-0.003985735263268286
2025-09-02,True,375,1152043.0,0,0,0,True,False,0.00021034917963813626
2025-09-03,True,375,2000672.0,0,0,0,True,False,0.00031756113051750745
2025-09-04,True,375,2598140.0,0,0,0,True,False,0.006551706064259033
2025-09-05,True,375,1703362.0,0,0,0,True,False,0.006816171496956125
2025-09-08,True,375,1801361.0,0,0,0,True,False,0.006648659879493035
2025-09-09,True,375,2575867.0,0,0,0,True,False,0.006874450819248423
2025-09-10,True,375,2862188.0,0,0,0,True,False,0.007760761589403975
2025-09-11,True,375,1754964.0,0,0,0,True,False,-0.0053858104609011415
2025-09-12,True,375,2226042.0,0,0,0,True,False,0.0035178479048112443
2025-09-15,True,375,1738866.0,0,0,0,True,False,0.0041425020712511085
2025-09-16,True,375,3525468.0,0,0,0,True,False,-0.005071938722699509
2025-09-17,True,375,2704881.0,0,0,0,True,False,-0.001190106592155571
2025-09-18,True,375,4008699.0,0,0,0,True,False,0.006514994829369236
2025-09-19,False,750,,750,0,0,False,False,-0.0011270491803279103
2025-09-22,True,375,1804732.0,0,0,0,True,False,-0.0020703933747412417
2025-09-23,True,375,2233413.0,0,0,0,True,False,0.0016573441060701022
2025-09-24,True,375,2029633.0,0,0,0,True,False,-0.0065209452762272635
2025-09-25,True,375,2867502.0,0,0,0,True,False,0.001577287066246047
2025-09-26,True,375,2394198.0,0,0,0,True,False,-0.006412952060555144
2025-09-29,True,375,4374277.0,0,0,0,True,False,0.0012170600063499126
2025-09-30,True,375,2966086.0,0,0,0,True,False,0.006302190011028941
2025-10-01,True,375,2200377.0,0,0,0,True,False,0.00020997375328080103
2025-10-03,True,375,6658615.0,0,0,0,True,False,-0.013982392542723932
2025-10-06,True,375,3642649.0,0,0,0,True,False,0.008195020746887938
2025-10-07,True,375,2760177.0,0,0,0,True,False,0.00010267994660639879
2025-10-08,True,375,1653301.0,0,0,0,True,False,-0.005907516805866764
2025-10-09,True,375,1197659.0,0,0,0,True,False,-0.003272987624015622
2025-10-10,True,375,1345510.0,0,0,0,True,False,0.004102564102564044
2025-10-13,True,375,1343533.0,0,0,0,True,False,-0.002190636303428639
2025-10-14,True,375,4201685.0,0,0,0,True,False,-0.007266400573124554
2025-10-15,True,375,3785071.0,0,0,0,True,False,-0.0020470829068577334
2025-10-16,True,375,2369817.0,0,0,0,True,False,0.004241185487991794
2025-10-17,False,750,,750,0,0,False,False,0.0003522544283414142
2025-10-20,True,375,3789294.0,0,0,0,True,False,-0.0035480485732846123
2025-10-21,False,61,,0,0,0,False,False,0.0023913909924271337
2025-10-23,True,375,6730057.0,0,0,0,True,False,0.01195219123505975
2025-10-24,False,750,,750,0,0,False,False,0.003972194637537285
2025-10-27,True,375,1899406.0,0,0,0,True,False,0.0006024701275229027
2025-10-28,True,375,3948712.0,0,0,0,True,False,-0.005829596412556093
2025-10-29,True,375,1148087.0,0,0,0,True,False,0.0
2025-10-30,True,375,1659712.0,0,0,0,True,False,-0.008428358948934012
2025-10-31,True,375,1928035.0,0,0,0,True,False,-0.005950297514875746
2025-11-03,True,375,1407735.0,0,0,0,True,False,-0.0029859810719166102
2025-11-04,True,375,1645995.0,0,0,0,True,False,-0.0064425206361988785
2025-11-06,True,375,2745552.0,0,0,0,True,False,-0.004768185046160167
2025-11-07,True,375,1780113.0,0,0,0,True,False,-0.0075949367088608
2025-11-08,False,90,,0,3,0,False,False,-0.09174032307223401
2025-11-10,False,375,2984299.0,0,0,0,True,True,0.3835211267605634
2025-11-11,True,375,1147524.0,0,0,0,True,False,-0.0011172049563275
2025-11-12,True,375,1234008.0,0,0,0,True,False,0.006854838709677402
2025-11-13,True,375,2196551.0,0,0,0,True,False,-0.006311537490532704
2025-11-14,True,375,2204434.0,0,0,0,True,False,-0.00984022318031963
2025-11-17,True,375,1367711.0,0,0,0,True,False,0.0022750252780585623
2025-11-18,True,375,1970913.0,0,0,0,True,False,0.0012042751768779336
2025-11-19,True,375,2666161.0,0,0,0,True,False,-0.0008578493212898497
2025-11-20,True,375,1641823.0,0,0,0,True,False,0.0005026135906713858
2025-11-21,True,375,2350567.0,0,0,0,True,False,-0.005453103311520935
2025-11-24,True,375,1627503.0,0,0,0,True,False,0.002004008016031955
2025-11-25,True,375,1929648.0,0,0,0,True,False,0.006163250989627667
2025-11-26,True,375,2899254.0,0,0,0,True,False,-0.008236899287483057
2025-11-27,True,375,4527944.0,0,0,0,True,False,-0.002885572139303405
2025-11-28,True,375,1299650.0,0,0,0,True,False,-0.0021799445105034065
2025-12-01,True,375,2102204.0,0,0,0,True,False,0.010728121585377837
2025-12-02,True,375,4700634.0,0,0,0,True,False,-0.014856914946654642
2025-12-03,True,375,1467031.0,0,0,0,True,False,-0.005045408678102881
2025-12-04,True,375,1635879.0,0,0,0,True,False,-9.999000099991662e-05
2025-12-05,False,750,,750,0,0,False,False,-0.006509764646970506
2025-12-08,True,375,1746388.0,0,0,0,True,False,-0.001198561725928915
2025-12-09,True,375,1930805.0,0,0,0,True,False,-0.00688760231583152
2025-12-10,True,375,986294.0,0,0,0,True,False,0.0005015045135405849
2025-12-11,True,375,1684996.0,0,0,0,True,False,-0.0017142280931733422
2025-12-12,True,375,1352926.0,0,0,0,True,False,0.003100310031003195
2025-12-15,True,375,1487574.0,0,0,0,True,False,-0.010868481403928598
2025-12-16,True,375,1550091.0,0,0,0,True,False,-0.004924623115577842
2025-12-17,True,375,2184151.0,0,0,0,True,False,0.0018105009052504784
2025-12-18,True,375,1909495.0,0,0,0,True,False,-0.012579892462209696
2025-12-19,True,375,1723560.0,0,0,0,True,False,0.0071428571428571175
2025-12-22,True,375,1535842.0,0,0,0,True,False,0.002842062525375555
2025-12-23,True,375,1387509.0,0,0,0,True,False,0.0032411627671427024
2025-12-24,True,375,811925.0,0,0,0,True,False,-0.004012036108325012
2025-12-26,True,375,540481.0,0,0,0,True,False,-0.0004014452027297777
2025-12-29,True,375,1302627.0,0,0,0,True,False,0.0011088709677420372
2025-12-30,True,375,1683090.0,0,0,0,True,False,-0.0026188557614825747
2025-12-31,True,375,461954.0,0,0,0,True,False,-0.004020100502512558
