session,valid,minute_count,opening_volume,duplicate_timestamps,malformed_rows,outside_session_rows,complete_minute_grid,corporate_action_suspect,overnight_gap_pct
2018-01-01,False,375,347914.0,0,1,0,True,False,
2018-01-02,True,375,1251188.0,0,0,0,True,False,0.0053346265761395895
2018-01-03,False,375,1138425.0,0,1,0,True,False,0.008064516129032251
2018-01-04,False,375,777553.0,0,1,0,True,False,0.00015878056525875373
2018-01-05,True,375,555044.0,0,0,0,True,False,-0.00047679593134153375
2018-01-08,False,375,1001610.0,0,1,0,True,False,0.00031908104658584513
2018-01-09,True,375,904112.0,0,0,0,True,False,0.004467134652201832
2018-01-10,True,375,725843.0,0,0,0,True,False,0.0004801536491678693
2018-01-11,True,375,941832.0,0,0,0,True,False,0.003049269780131647
2018-01-12,False,375,835626.0,0,1,0,True,False,0.002428363283147217
2018-01-15,True,375,8501579.0,0,0,0,True,False,0.01118991331757302
2018-01-16,True,375,1328336.0,0,0,0,True,False,0.0009106085900743022
2018-01-17,False,375,9881843.0,0,1,0,True,False,0.0014990256333382579
2018-01-18,False,375,9076401.0,0,1,0,True,False,0.019367991845056
2018-01-19,False,375,1422588.0,0,1,0,True,False,0.004190751445086738
2018-01-22,False,375,2427262.0,0,1,0,True,False,-0.004941409007482744
2018-01-23,False,375,1370277.0,0,1,0,True,False,0.0005710206995004352
2018-01-24,False,375,1738075.0,0,1,0,True,False,-0.010920652474426307
2018-01-25,True,375,1315586.0,0,0,0,True,False,-0.0019818799546998944
2018-01-29,False,375,1386425.0,0,1,0,True,False,0.0018088214832334693
2018-01-30,True,375,1254858.0,0,0,0,True,False,-0.0016787912702852514
2018-01-31,True,375,2465316.0,0,0,0,True,False,-0.012595527879988633
2018-02-01,False,375,4310197.0,0,1,0,True,False,-0.017942921729302008
2018-02-02,True,375,1987404.0,0,0,0,True,False,-0.012824207492795336
2018-02-05,True,375,2960523.0,0,0,0,True,False,-0.022381378692927445
2018-02-06,True,375,2602650.0,0,0,0,True,False,-0.04527559055118102
2018-02-07,True,375,1308312.0,0,0,0,True,False,0.010090361445783236
2018-02-08,False,294,937357.0,0,1,0,False,False,0.0016566265060240504
2018-02-09,False,375,1582290.0,0,1,0,True,False,-0.02563333833008552
2018-02-12,False,375,864641.0,0,1,0,True,False,0.004122137404580117
2018-02-14,False,375,3158364.0,0,1,0,True,False,0.003221352968246771
2018-02-15,True,375,2822664.0,0,0,0,True,False,0.0149653434152488
2018-02-16,False,375,1595422.0,0,1,0,True,False,0.004103343465045706
2018-02-19,False,375,2601985.0,0,1,0,True,False,0.024087024087024123
2018-02-20,True,375,1405197.0,0,0,0,True,False,0.00046823786483529695
2018-02-21,True,375,988316.0,0,0,0,True,False,0.00710339384372527
2018-02-22,False,375,1306339.0,0,1,0,True,False,-0.007047768206734584
2018-02-23,True,375,1116497.0,0,0,0,True,False,0.0
2018-02-26,True,375,867688.0,0,0,0,True,False,0.0035510267098963766
2018-02-27,True,375,1002007.0,0,0,0,True,False,0.0029136635485353946
2018-02-28,True,375,3253395.0,0,0,0,True,False,-0.024001238773614153
2018-03-01,True,375,1848160.0,0,0,0,True,False,-0.004299363057324923
2018-03-05,True,375,1429014.0,0,0,0,True,False,0.00016425755584759116
2018-03-06,False,375,1383678.0,0,1,0,True,False,0.011350551077479842
2018-03-07,True,375,7992685.0,0,0,0,True,False,-0.0049194232400339155
2018-03-08,True,375,2549116.0,0,0,0,True,False,0.00851285615010422
2018-03-09,True,375,2647579.0,0,0,0,True,False,0.0036925142665324984
2018-03-12,True,375,1596663.0,0,0,0,True,False,0.0069834781127575685
2018-03-13,True,375,1336715.0,0,0,0,True,False,-0.004643449419568735
2018-03-14,True,375,1738618.0,0,0,0,True,False,-0.005576513039199704
2018-03-15,False,375,2495997.0,0,1,0,True,False,-0.0006537015852262629
2018-03-16,False,375,1109477.0,0,1,0,True,False,0.0009968433294567092
2018-03-19,False,375,1929629.0,0,1,0,True,False,-0.0038429406850458703
2018-03-20,True,375,1010369.0,0,0,0,True,False,-0.002379738228794781
2018-03-21,True,375,1260732.0,0,0,0,True,False,0.009237085186452276
2018-03-22,False,357,2290031.0,0,0,0,False,False,-0.001035911602209949
2018-03-23,True,375,9137435.0,0,0,0,True,False,-0.021547156481808605
2018-03-26,True,375,3973687.0,0,0,0,True,False,0.006195335276968139
2018-03-27,True,375,6101508.0,0,0,0,True,False,0.010303783975839531
2018-03-28,True,375,1441377.0,0,0,0,True,False,-0.0010589481115426125
2018-04-02,True,375,14503444.0,0,0,0,True,False,-0.023485120114736358
2018-04-03,True,375,7856766.0,0,0,0,True,False,-0.0030476190476190768
2018-04-04,True,375,5472906.0,0,0,0,True,False,-0.010185185185185186
2018-04-05,True,375,3558113.0,0,0,0,True,False,-0.0011189854531891141
2018-04-06,True,375,4593824.0,0,0,0,True,False,-0.0010764262648008671
2018-04-09,False,375,4516039.0,0,1,0,True,False,-0.007858546168958758
2018-04-10,True,375,5480213.0,0,0,0,True,False,-0.005516014234875466
2018-04-11,True,375,2622603.0,0,0,0,True,False,-0.0032906130931762423
2018-04-12,True,375,3480536.0,0,0,0,True,False,0.001052631578947416
2018-04-13,True,375,2328433.0,0,0,0,True,False,0.0034843205574912606
2018-04-16,True,375,3309595.0,0,0,0,True,False,-0.010760152724748395
2018-04-17,False,373,2062211.0,0,0,0,False,False,0.0003478260869564931
2018-04-18,False,376,3808910.0,0,0,1,False,False,0.006166495375128589
2018-04-19,True,375,2019789.0,0,0,0,True,False,0.0031023784901758056
2018-04-20,False,376,1890286.0,0,0,1,False,False,-0.004816789953552281
2018-04-23,True,375,1834842.0,0,0,0,True,False,-0.008849557522123908
2018-04-24,True,375,2568025.0,0,0,0,True,False,0.0005372492836677178
2018-04-25,True,375,1375815.0,0,0,0,True,False,-0.0007036059806507788
2018-04-26,True,375,1005525.0,0,0,0,True,False,0.0010733452593918447
2018-04-27,True,375,2768310.0,0,0,0,True,False,-0.004664513814137128
2018-04-30,True,375,1291399.0,0,0,0,True,False,0.003995830437804049
2018-05-02,True,375,1823152.0,0,0,0,True,False,-0.004212743549236619
2018-05-03,True,375,2275594.0,0,0,0,True,False,0.0005412231643515675
2018-05-04,True,375,1127693.0,0,0,0,True,False,-0.004967181124711839
2018-05-07,True,375,2893076.0,0,0,0,True,False,0.004243281471004279
2018-05-08,True,375,29981803.0,0,0,0,True,False,0.031068624103789855
2018-05-09,True,375,4166198.0,0,0,0,True,False,-0.011345218800648316
2018-05-10,True,375,4026227.0,0,0,0,True,False,0.005541972290138419
2018-05-11,True,375,2378231.0,0,0,0,True,False,0.003094462540716547
2018-05-14,True,375,805243.0,0,0,0,True,False,-0.001771051360489495
2018-05-15,True,375,2264678.0,0,0,0,True,False,0.004201680672268893
2018-05-16,True,375,2400041.0,0,0,0,True,False,-0.013311688311688386
2018-05-17,True,375,1839719.0,0,0,0,True,False,0.006903519110961431
2018-05-18,True,375,941556.0,0,0,0,True,False,-0.002712324122732701
2018-05-21,True,375,4377493.0,0,0,0,True,False,0.005906879777623386
2018-05-22,True,375,1975016.0,0,0,0,True,False,-0.0008628127696289623
2018-05-23,True,375,1245862.0,0,0,0,True,False,-0.010109664153529763
2018-05-24,True,375,1448046.0,0,0,0,True,False,0.009278350515463885
2018-05-25,True,375,1541348.0,0,0,0,True,False,0.0008385041086700351
2018-05-28,True,375,2621648.0,0,0,0,True,False,-0.008438818565400852
2018-05-29,True,375,1943978.0,0,0,0,True,False,-0.0018376211159372158
2018-05-30,True,375,3183177.0,0,0,0,True,False,-0.013287316652286552
2018-05-31,True,375,2663502.0,0,0,0,True,False,0.0
2018-06-01,True,375,8841994.0,0,0,0,True,False,0.029488745419647522
2018-06-04,True,375,3475324.0,0,0,0,True,False,0.015581717451523591
2018-06-05,True,375,2560830.0,0,0,0,True,False,0.0034843205574912606
2018-06-06,True,375,1709401.0,0,0,0,True,False,0.0035124692658938805
2018-06-07,True,375,3423376.0,0,0,0,True,False,0.011967617036254818
2018-06-08,True,375,1648293.0,0,0,0,True,False,-0.0032640439786977282
2018-06-11,True,375,3082739.0,0,0,0,True,False,-0.010916652226650614
2018-06-12,True,375,1977945.0,0,0,0,True,False,0.007155322862129276
2018-06-13,True,375,1374905.0,0,0,0,True,False,0.004344048653344812
2018-06-14,True,375,1306687.0,0,0,0,True,False,0.0
2018-06-15,True,375,3253297.0,0,0,0,True,False,0.006306937631394671
2018-06-18,True,375,4210221.0,0,0,0,True,False,0.007628171012949991
2018-06-19,True,375,6653338.0,0,0,0,True,False,0.005102040816326481
2018-06-20,True,375,2756861.0,0,0,0,True,False,0.0010263427984946727
2018-06-21,True,375,3912151.0,0,0,0,True,False,0.004087193460490468
2018-06-22,True,375,2997767.0,0,0,0,True,False,0.001343183344526544
2018-06-25,True,375,1530186.0,0,0,0,True,False,-0.005308560053085443
2018-06-26,True,375,2205676.0,0,0,0,True,False,-0.007421470486710269
2018-06-27,True,375,1787856.0,0,0,0,True,False,-0.001214223764093747
2018-06-28,True,375,2802308.0,0,0,0,True,False,-0.005900232433398767
2018-06-29,True,375,3116665.0,0,0,0,True,False,0.004616805170821747
2018-07-02,True,375,1400167.0,0,0,0,True,False,-0.002548234437568242
2018-07-03,True,375,2241613.0,0,0,0,True,False,-0.005048683736026072
2018-07-04,True,375,1226150.0,0,0,0,True,False,0.0034766697163768345
2018-07-05,True,375,1421641.0,0,0,0,True,False,-0.0009149130832570851
2018-07-06,True,375,2474057.0,0,0,0,True,False,-0.00312557455414586
2018-07-09,True,375,3938585.0,0,0,0,True,False,0.013881177123820088
2018-07-10,True,375,1212664.0,0,0,0,True,False,0.0036900369003689537
2018-07-11,True,375,2789376.0,0,0,0,True,False,0.004941434846266635
2018-07-12,True,375,2067035.0,0,0,0,True,False,0.006326758466691507
2018-07-13,True,375,1849851.0,0,0,0,True,False,0.005339716442644082
2018-07-16,True,375,7086292.0,0,0,0,True,False,-0.00952025387343669
2018-07-17,True,375,3083147.0,0,0,0,True,False,0.0079395817195973
2018-07-18,True,375,1419116.0,0,0,0,True,False,0.0
2018-07-19,True,375,823292.0,0,0,0,True,False,-0.00018939393939398919
2018-07-20,True,375,1802064.0,0,0,0,True,False,0.0028730128327907334
2018-07-23,True,375,1465060.0,0,0,0,True,False,-0.0016930022573362624
2018-07-24,True,375,1093633.0,0,0,0,True,False,-0.004909090909090974
2018-07-25,True,375,1524929.0,0,0,0,True,False,-0.0036496350364964014
2018-07-26,True,375,1809110.0,0,0,0,True,False,0.0036496350364962904
2018-07-27,True,375,4424851.0,0,0,0,True,False,0.0007024938531787761
2018-07-30,True,375,20062881.0,0,0,0,True,False,0.02511532547411588
2018-07-31,True,375,3680504.0,0,0,0,True,False,-0.010084580351333639
2018-08-01,True,375,2214517.0,0,0,0,True,False,-0.0032938076416337836
2018-08-02,True,375,2069900.0,0,0,0,True,False,-0.006399461098012704
2018-08-03,True,375,1010882.0,0,0,0,True,False,0.005530417295123158
2018-08-06,True,375,2455039.0,0,0,0,True,False,0.0031045751633986818
2018-08-07,True,375,2438018.0,0,0,0,True,False,-0.0017488076311605871
2018-08-08,True,375,1949430.0,0,0,0,True,False,-0.0015948963317384823
2018-08-09,True,375,10128083.0,0,0,0,True,False,0.006442489000628493
2018-08-10,True,375,4781535.0,0,0,0,True,False,0.006023189278723029
2018-08-13,True,375,2908704.0,0,0,0,True,False,-0.011441647597253968
2018-08-14,True,375,2420455.0,0,0,0,True,False,-0.003682111077017436
2018-08-16,True,375,4659545.0,0,0,0,True,False,-0.008574007220216506
2018-08-17,True,375,1966579.0,0,0,0,True,False,0.002828643739764658
2018-08-20,True,375,2495314.0,0,0,0,True,False,0.0
2018-08-21,True,375,1498855.0,0,0,0,True,False,0.0011837821840783302
2018-08-23,True,375,2278809.0,0,0,0,True,False,-0.00473162797575033
2018-08-24,True,375,3500545.0,0,0,0,True,False,-0.004761904761904856
2018-08-27,True,375,2350229.0,0,0,0,True,False,0.003486433227224417
2018-08-28,True,375,3735269.0,0,0,0,True,False,0.005586592178770777
2018-08-29,True,375,1634513.0,0,0,0,True,False,-0.005617147080561602
2018-08-30,True,375,2050352.0,0,0,0,True,False,-0.001324893272486305
2018-08-31,True,375,2364583.0,0,0,0,True,False,-0.003051881993896277
2018-09-03,True,375,1883892.0,0,0,0,True,False,0.005854800936768045
2018-09-04,True,375,2489779.0,0,0,0,True,False,-0.0008952551477171555
2018-09-05,True,375,2030067.0,0,0,0,True,False,-0.006079027355623046
2018-09-06,True,375,1950653.0,0,0,0,True,False,0.003039513677811634
2018-09-07,True,375,1912169.0,0,0,0,True,False,-0.0009153318077803618
2018-09-10,True,375,1534982.0,0,0,0,True,False,-0.004500450045004545
2018-09-11,True,375,1605981.0,0,0,0,True,False,0.0021021021021021546
2018-09-12,True,375,1332999.0,0,0,0,True,False,0.0019917266738163075
2018-09-14,True,375,1412992.0,0,0,0,True,False,0.012376237623762387
2018-09-17,True,375,890103.0,0,0,0,True,False,-0.004410646387832617
2018-09-18,True,375,3374063.0,0,0,0,True,False,-0.00582554039552341
2018-09-19,True,375,1310663.0,0,0,0,True,False,0.0026633244555851476
2018-09-21,True,375,5712206.0,0,0,0,True,False,0.009204368174726918
2018-09-24,True,375,6598750.0,0,0,0,True,False,-0.00439974858579506
2018-09-25,True,375,3595798.0,0,0,0,True,False,-0.004539559014267058
2018-09-26,True,375,2985195.0,0,0,0,True,False,0.012861736334405238
2018-09-27,True,375,1740831.0,0,0,0,True,False,0.008788750399488565
2018-09-28,True,375,3195060.0,0,0,0,True,False,0.002594875121634699
2018-10-01,True,375,2620274.0,0,0,0,True,False,0.0009803921568627416
2018-10-03,True,375,2474848.0,0,0,0,True,False,-0.009866327180139911
2018-10-04,True,375,2709085.0,0,0,0,True,False,-0.01806239737274218
2018-10-05,True,375,6930039.0,0,0,0,True,False,-0.004587155963302947
2018-10-08,True,375,2634966.0,0,0,0,True,False,0.010024650780608102
2018-10-09,True,375,2999970.0,0,0,0,True,False,-0.0001605136436597654
2018-10-10,True,375,2199261.0,0,0,0,True,False,0.006885245901639525
2018-10-11,True,375,3798588.0,0,0,0,True,False,-0.028822055137844527
2018-10-12,True,375,4505459.0,0,0,0,True,False,0.0059294871794872694
2018-10-15,True,375,3119631.0,0,0,0,True,False,-0.00517972060900973
2018-10-16,True,375,2997541.0,0,0,0,True,False,0.003678822776711277
2018-10-17,True,375,3456703.0,0,0,0,True,False,0.01625507971241036
2018-10-19,True,375,2292665.0,0,0,0,True,False,-0.009811679063142842
2018-10-22,True,375,1980074.0,0,0,0,True,False,0.013451495489792631
2018-10-23,True,375,2199372.0,0,0,0,True,False,-0.01584399756246191
2018-10-24,True,375,5863227.0,0,0,0,True,False,0.012317167051578037
2018-10-25,True,375,2248551.0,0,0,0,True,False,-0.01071594968162759
2018-10-26,True,375,2390637.0,0,0,0,True,False,0.0010956331194240665
2018-10-29,True,375,21700689.0,0,0,0,True,False,0.047603884731730606
2018-10-30,True,375,6631778.0,0,0,0,True,False,-0.01138141983212404
2018-10-31,True,375,3791268.0,0,0,0,True,False,-0.0014450867052022698
2018-11-01,True,375,2915175.0,0,0,0,True,False,0.01018675721561979
2018-11-02,True,375,6249984.0,0,0,0,True,False,0.0004239084357777756
2018-11-05,True,375,1854175.0,0,0,0,True,False,-0.009873060648801113
2018-11-06,True,375,2430464.0,0,0,0,True,False,-0.00028669724770646887
2018-11-07,False,60,,0,0,60,False,False,0.010909606120714122
2018-11-09,True,375,2151362.0,0,0,0,True,False,0.002809778027535792
2018-11-12,True,375,1537515.0,0,0,0,True,False,-0.003080369644357428
2018-11-13,True,375,2104473.0,0,0,0,True,False,-0.014032600992204047
2018-11-14,True,375,4466515.0,0,0,0,True,False,0.009681881051175623
2018-11-15,True,375,2017384.0,0,0,0,True,False,-0.0005460005460005135
2018-11-16,True,375,3555535.0,0,0,0,True,False,0.0035249457700650133
2018-11-19,True,375,2504781.0,0,0,0,True,False,0.0036789753372394873
2018-11-20,True,375,2611781.0,0,0,0,True,False,-0.004126547455295726
2018-11-21,True,375,2048154.0,0,0,0,True,False,-0.0022399552008958157
2018-11-22,True,375,1801047.0,0,0,0,True,False,0.002522775052557824
2018-11-26,True,375,2500118.0,0,0,0,True,False,0.008098891730605295
2018-11-27,True,375,1630942.0,0,0,0,True,False,-0.000702247191011196
2018-11-28,True,375,2594719.0,0,0,0,True,False,0.008903335217637087
2018-11-29,True,375,5399490.0,0,0,0,True,False,0.01524262340931326
2018-11-30,True,375,3268367.0,0,0,0,True,False,0.007730535615682044
2018-12-03,True,375,2891817.0,0,0,0,True,False,0.010274454609429995
2018-12-04,True,375,2764057.0,0,0,0,True,False,-0.0061884669479606025
2018-12-05,True,375,1650038.0,0,0,0,True,False,-0.00754189944134076
2018-12-06,True,375,2326795.0,0,0,0,True,False,-0.008824366638201075
2018-12-07,True,375,1516863.0,0,0,0,True,False,0.0045977011494253706
2018-12-10,True,375,1175619.0,0,0,0,True,False,-0.014224751066856278
2018-12-11,True,375,5719802.0,0,0,0,True,False,-0.025559566787003662
2018-12-12,True,375,2762594.0,0,0,0,True,False,0.0
2018-12-13,True,375,3542945.0,0,0,0,True,False,0.01074036946870982
2018-12-14,True,375,1158533.0,0,0,0,True,False,-0.0010012873694751345
2018-12-17,True,375,2772587.0,0,0,0,True,False,0.004275940706955472
2018-12-18,True,375,1940423.0,0,0,0,True,False,-0.004881450488145034
2018-12-19,True,375,2197216.0,0,0,0,True,False,0.0013793103448276334
2018-12-20,True,375,2169302.0,0,0,0,True,False,-0.010358457135068888
2018-12-21,True,375,1277607.0,0,0,0,True,False,-0.004687069203198169
2018-12-24,True,375,1807248.0,0,0,0,True,False,-0.004927495424468575
2018-12-26,True,375,1126734.0,0,0,0,True,False,-0.005107107391119303
2018-12-27,True,375,1758135.0,0,0,0,True,False,0.009689650330009902
2018-12-28,True,375,853437.0,0,0,0,True,False,0.008585503166784081
2018-12-31,True,375,1039432.0,0,0,0,True,False,0.006240465954791219
2019-01-01,True,375,685429.0,0,0,0,True,False,0.0019401330376940251
2019-01-02,True,375,2250829.0,0,0,0,True,False,-0.007413509060955503
2019-01-03,True,375,1792597.0,0,0,0,True,False,0.0019214932747735336
2019-01-04,True,375,3372875.0,0,0,0,True,False,-0.0006904170118752218
2019-01-07,True,375,2005537.0,0,0,0,True,False,0.0031390746553841
2019-01-08,True,375,1247336.0,0,0,0,True,False,0.000407996736026206
2019-01-09,True,375,3525400.0,0,0,0,True,False,0.004342105263157814
2019-01-10,True,375,1493842.0,0,0,0,True,False,-0.0034009156311315403
2019-01-11,True,375,877307.0,0,0,0,True,False,0.0018425901553040802
2019-01-14,True,375,2047267.0,0,0,0,True,False,0.003045954178254373
2019-01-15,True,375,1704181.0,0,0,0,True,False,0.0004017139796466118
2019-01-16,True,375,3001648.0,0,0,0,True,False,-0.002546916890080353
2019-01-17,True,375,1013967.0,0,0,0,True,False,0.0019986675549632515
2019-01-18,True,375,1749020.0,0,0,0,True,False,0.0002670226969292422
2019-01-21,True,375,980206.0,0,0,0,True,False,0.0026881720430107503
2019-01-22,True,375,1107775.0,0,0,0,True,False,-0.002422937138241932
2019-01-23,True,375,923793.0,0,0,0,True,False,-0.0004065591543569447
2019-01-24,True,375,852325.0,0,0,0,True,False,-0.0021774632553074325
2019-01-25,True,375,3205347.0,0,0,0,True,False,-0.008753932430583977
2019-01-28,True,375,5628940.0,0,0,0,True,False,-0.01409630146545715
2019-01-29,True,375,2635133.0,0,0,0,True,False,-0.005221174764322045
2019-01-30,True,375,5672281.0,0,0,0,True,False,0.0028571428571428914
2019-01-31,True,375,26416336.0,0,0,0,True,False,0.011534807979373118
2019-02-01,True,375,2265266.0,0,0,0,True,False,0.0005489980785067239
2019-02-04,True,375,2561621.0,0,0,0,True,False,-0.006931673504031677
2019-02-05,True,375,1441511.0,0,0,0,True,False,-0.00028192839018881255
2019-02-06,True,375,2186427.0,0,0,0,True,False,0.00028288543140031486
2019-02-07,True,375,1041880.0,0,0,0,True,False,-0.00041753653444664973
2019-02-08,True,375,792979.0,0,0,0,True,False,-0.004324173524898889
2019-02-11,True,375,890633.0,0,0,0,True,False,0.0009880028228652638
2019-02-12,True,375,2502198.0,0,0,0,True,False,-0.006971119647176005
2019-02-13,True,375,2088384.0,0,0,0,True,False,0.003052325581395454
2019-02-14,True,375,1905255.0,0,0,0,True,False,0.0011783767859774308
2019-02-15,True,375,2809155.0,0,0,0,True,False,0.00029073993312977997
2019-02-18,True,375,1510908.0,0,0,0,True,False,-0.0023323615160349975
2019-02-19,True,375,1354223.0,0,0,0,True,False,0.0017725258493352936
2019-02-20,True,375,1601472.0,0,0,0,True,False,0.006711409395973256
2019-02-21,True,375,3613121.0,0,0,0,True,False,0.0031819496673417547
2019-02-22,True,375,1152150.0,0,0,0,True,False,-0.0002844950213372055
2019-02-25,True,375,1255012.0,0,0,0,True,False,0.002982954545454497
2019-02-26,True,375,1986007.0,0,0,0,True,False,-0.016024739949395572
2019-02-27,True,375,1068922.0,0,0,0,True,False,0.007173601147776099
2019-02-28,True,375,1853989.0,0,0,0,True,False,0.008976400752859215
2019-03-01,True,375,1967124.0,0,0,0,True,False,0.002848597065945091
2019-03-05,True,375,1361314.0,0,0,0,True,False,0.002541654899745671
2019-03-06,True,375,6049084.0,0,0,0,True,False,0.009675190048376026
2019-03-07,True,375,1747971.0,0,0,0,True,False,0.00026925148088330353
2019-03-08,True,375,1143314.0,0,0,0,True,False,-0.0025623735670936565
2019-03-11,True,375,1203258.0,0,0,0,True,False,0.0029673590504450953
2019-03-12,True,375,6184471.0,0,0,0,True,False,0.007462686567164312
2019-03-13,True,375,2242288.0,0,0,0,True,False,-0.0020581425263699327
2019-03-14,True,375,1733330.0,0,0,0,True,False,0.0021730793813115046
2019-03-15,True,375,5259986.0,0,0,0,True,False,0.003095575906100878
2019-03-18,True,375,2849925.0,0,0,0,True,False,-0.0006305170239596647
2019-03-19,True,375,1380312.0,0,0,0,True,False,-0.0031277367696734837
2019-03-20,True,375,1670469.0,0,0,0,True,False,-0.0006283775292195148
2019-03-22,True,375,2742121.0,0,0,0,True,False,0.0021595528455282675
2019-03-25,True,375,1476658.0,0,0,0,True,False,-0.008054206085400195
2019-03-26,True,375,1879497.0,0,0,0,True,False,0.004042775169535773
2019-03-27,True,375,1815023.0,0,0,0,True,False,0.0017734988598936408
2019-03-28,True,375,1213324.0,0,0,0,True,False,0.00025467974022674866
2019-03-29,True,375,3130813.0,0,0,0,True,False,0.00776845006891369
2019-04-01,True,375,2958520.0,0,0,0,True,False,0.005384422739794559
2019-04-02,True,375,1575096.0,0,0,0,True,False,0.007556675062972307
2019-04-03,True,375,3043200.0,0,0,0,True,False,0.0012547051442910462
2019-04-04,True,375,2073085.0,0,0,0,True,False,0.004712775442618611
2019-04-05,True,375,1314112.0,0,0,0,True,False,0.0008999742864490567
2019-04-08,True,375,706452.0,0,0,0,True,False,-0.0007657945118060283
2019-04-09,True,375,1659822.0,0,0,0,True,False,0.0006457445434586706
2019-04-10,True,375,4041285.0,0,0,0,True,False,-0.004154078549848839
2019-04-11,True,375,786591.0,0,0,0,True,False,0.0029236049319942836
2019-04-12,True,375,806594.0,0,0,0,True,False,0.0015384615384614886
2019-04-15,True,375,1511728.0,0,0,0,True,False,0.0019062142584826969
2019-04-16,True,375,5656312.0,0,0,0,True,False,0.012480896586856804
2019-04-18,True,375,4212863.0,0,0,0,True,False,0.007352941176470562
2019-04-22,True,375,1284544.0,0,0,0,True,False,0.002231312755671233
2019-04-23,True,375,1365041.0,0,0,0,True,False,0.0034198860037999435
2019-04-24,True,375,2169385.0,0,0,0,True,False,0.00025188916876572875
2019-04-25,True,375,1611357.0,0,0,0,True,False,-0.0017430278884463801
2019-04-26,True,375,1694435.0,0,0,0,True,False,0.008827238335435084
2019-04-30,True,375,3607055.0,0,0,0,True,False,0.0012277470841006721
2019-05-02,True,375,2381701.0,0,0,0,True,False,-0.005052372150338935
2019-05-03,True,375,3025610.0,0,0,0,True,False,0.006079797340088566
2019-05-06,False,372,2702645.0,0,0,0,False,False,-0.013804253202338024
2019-05-07,True,375,13188993.0,0,0,0,True,False,-0.008717310087173136
2019-05-08,True,375,3953407.0,0,0,0,True,False,0.0002589331952356222
2019-05-09,True,375,2448317.0,0,0,0,True,False,-0.00379184100418406
2019-05-10,True,375,2187255.0,0,0,0,True,False,0.003926701570680535
2019-05-13,True,375,1639688.0,0,0,0,True,False,0.0035188322689951868
2019-05-14,True,375,2002712.0,0,0,0,True,False,0.0018547959724430907
2019-05-15,True,375,1357268.0,0,0,0,True,False,0.0022280471821756187
2019-05-16,True,375,1144745.0,0,0,0,True,False,0.0058386411889597145
2019-05-17,True,375,1233582.0,0,0,0,True,False,-0.004439801514755759
2019-05-20,True,375,6761482.0,0,0,0,True,False,0.03565039611551235
2019-05-21,True,375,2330191.0,0,0,0,True,False,0.0008573178199633436
2019-05-22,True,375,1820756.0,0,0,0,True,False,0.006242197253433224
2019-05-23,True,375,8621262.0,0,0,0,True,False,0.021213616181549044
2019-05-24,True,375,3214422.0,0,0,0,True,False,0.009720534629404698
2019-05-27,True,375,3282993.0,0,0,0,True,False,-0.0005780346820809523
2019-05-28,True,375,1791936.0,0,0,0,True,False,0.0005749770009200184
2019-05-29,True,375,4118834.0,0,0,0,True,False,-0.019782732990280105
2019-05-30,True,375,1667639.0,0,0,0,True,False,-0.006257378984651618
2019-05-31,True,375,2371586.0,0,0,0,True,False,-0.00221988550064256
2019-06-03,True,375,2312976.0,0,0,0,True,False,0.010436432637571214
2019-06-04,True,375,3116912.0,0,0,0,True,False,-0.012179259784793728
2019-06-06,True,375,2751180.0,0,0,0,True,False,-0.003818615751789989
2019-06-07,True,375,1982195.0,0,0,0,True,False,0.004860267314702238
2019-06-10,True,375,2351097.0,0,0,0,True,False,0.003473469876631885
2019-06-11,True,375,1265072.0,0,0,0,True,False,0.0046818727490995915
2019-06-12,True,375,1479547.0,0,0,0,True,False,0.0
2019-06-13,True,375,1576994.0,0,0,0,True,False,-0.004538939321548141
2019-06-14,True,375,1374347.0,0,0,0,True,False,0.000357015351660106
2019-06-17,True,375,845891.0,0,0,0,True,False,0.0034730538922156384
2019-06-18,True,375,1328710.0,0,0,0,True,False,0.0015670202507231945
2019-06-19,True,375,2673953.0,0,0,0,True,False,0.003196022727272707
2019-06-20,True,375,1778554.0,0,0,0,True,False,-0.0032058893374495856
2019-06-21,True,375,2410486.0,0,0,0,True,False,0.0027713625866050418
2019-06-24,True,375,1170947.0,0,0,0,True,False,0.0010440835266820603
2019-06-25,True,375,1444400.0,0,0,0,True,False,-0.004188969048173119
2019-06-26,True,375,1923204.0,0,0,0,True,False,-0.0011547344110854896
2019-06-27,True,375,2282972.0,0,0,0,True,False,-0.0009124087591240171
2019-06-28,True,375,1767730.0,0,0,0,True,False,-0.001136363636363602
2019-07-01,True,375,1098153.0,0,0,0,True,False,0.006411724295855237
2019-07-02,True,375,772760.0,0,0,0,True,False,0.0022831050228311334
2019-07-03,True,375,1248404.0,0,0,0,True,False,0.002288853284504455
2019-07-04,True,375,1298124.0,0,0,0,True,False,0.00562507174836413
2019-07-05,True,375,745437.0,0,0,0,True,False,0.004603521694096058
2019-07-08,True,375,1543718.0,0,0,0,True,False,-0.003787444049121902
2019-07-09,True,375,1324513.0,0,0,0,True,False,-0.0017574692442882123
2019-07-10,True,375,2029895.0,0,0,0,True,False,0.0044382153702404725
2019-07-11,True,375,2159841.0,0,0,0,True,False,0.002200602270094887
2019-07-12,True,375,989320.0,0,0,0,True,False,0.003404954796289772
2019-07-15,True,375,1251644.0,0,0,0,True,False,0.00257430376784451
2019-07-16,True,375,1952707.0,0,0,0,True,False,-0.00236658383623245
2019-07-17,True,375,1216735.0,0,0,0,True,False,-0.0003531489111241459
2019-07-18,True,375,905292.0,0,0,0,True,False,0.001413760603204528
2019-07-19,True,375,1181888.0,0,0,0,True,False,0.002985787650782168
2019-07-22,True,375,2255314.0,0,0,0,True,False,-0.004736458586349301
2019-07-23,True,375,1171345.0,0,0,0,True,False,0.0023066650479544037
2019-07-24,True,375,1765362.0,0,0,0,True,False,0.002311998053054376
2019-07-25,True,375,1582169.0,0,0,0,True,False,0.0031870556508948322
2019-07-26,True,375,2595795.0,0,0,0,True,False,0.0
2019-07-29,True,375,18297440.0,0,0,0,True,False,0.033166308756859886
2019-07-30,True,375,3000264.0,0,0,0,True,False,0.010973616623861648
2019-07-31,True,375,3970797.0,0,0,0,True,False,-0.0059795990151249034
2019-08-01,True,375,1232292.0,0,0,0,True,False,-0.005054066760695752
2019-08-02,True,375,3623682.0,0,0,0,True,False,-0.011345993072972682
2019-08-05,True,375,5121080.0,0,0,0,True,False,-0.017883211678832223
2019-08-06,True,375,3979474.0,0,0,0,True,False,-0.00496277915632759
2019-08-07,True,375,2064188.0,0,0,0,True,False,-0.0017073170731707332
2019-08-08,True,375,3013641.0,0,0,0,True,False,0.008836524300441795
2019-08-09,True,375,1972839.0,0,0,0,True,False,0.0007208073041806706
2019-08-13,True,375,1976300.0,0,0,0,True,False,-0.009501187648456089
2019-08-14,True,375,1263263.0,0,0,0,True,False,0.005001829937782087
2019-08-16,True,375,2405823.0,0,0,0,True,False,0.002158791076996902
2019-08-19,True,375,1956580.0,0,0,0,True,False,0.0021469465648855657
2019-08-20,True,375,2324698.0,0,0,0,True,False,-0.006258117841539734
2019-08-21,True,375,1244933.0,0,0,0,True,False,-0.001440230436869916
2019-08-22,True,375,1056815.0,0,0,0,True,False,-0.001579011296003796
2019-08-23,True,375,4498052.0,0,0,0,True,False,-0.024573721163490547
2019-08-26,True,375,6535024.0,0,0,0,True,False,0.028037383177570208
2019-08-27,True,375,5664204.0,0,0,0,True,False,-0.0010889292196006872
2019-08-28,True,375,1733487.0,0,0,0,True,False,-0.0009560229445506607
2019-08-29,True,375,1422123.0,0,0,0,True,False,-0.006784589290041221
2019-08-30,True,375,1931505.0,0,0,0,True,False,0.0004922471080481827
2019-09-03,True,375,2802154.0,0,0,0,True,False,-0.015315424820712353
2019-09-04,True,375,2528590.0,0,0,0,True,False,-0.002169197396963196
2019-09-05,True,375,5647510.0,0,0,0,True,False,-0.02123115577889445
2019-09-06,True,375,2706457.0,0,0,0,True,False,0.006046571465328832
2019-09-09,True,375,2262275.0,0,0,0,True,False,0.0020397756246812726
2019-09-11,True,375,3526323.0,0,0,0,True,False,-0.0023998989516231806
2019-09-12,True,375,4589438.0,0,0,0,True,False,0.013825469304921345
2019-09-13,True,375,2155342.0,0,0,0,True,False,0.010683229813664541
2019-09-16,True,375,3448356.0,0,0,0,True,False,-0.012569494802997294
2019-09-17,True,375,3768712.0,0,0,0,True,False,-0.013730255164033922
2019-09-18,True,375,2560780.0,0,0,0,True,False,0.012865350986759783
2019-09-19,True,375,4623129.0,0,0,0,True,False,-0.008891671884784014
2019-09-20,True,375,2472842.0,0,0,0,True,False,0.00685906561408034
2019-09-23,False,361,35163351.0,0,13,0,False,False,0.04835217705075778
2019-09-24,False,367,4260317.0,0,0,0,False,False,0.00033986631924776134
2019-09-25,True,375,2956637.0,0,0,0,True,False,-0.00430839002267569
2019-09-26,True,375,4557068.0,0,0,0,True,False,0.008615738081562352
2019-09-27,True,375,5478643.0,0,0,0,True,False,-0.004870489262784994
2019-09-30,True,375,4049262.0,0,0,0,True,False,-0.014341300722623629
2019-10-01,True,375,3161652.0,0,0,0,True,False,0.007261410788381717
2019-10-03,True,375,4678021.0,0,0,0,True,False,-0.003759398496240629
2019-10-04,True,375,2675161.0,0,0,0,True,False,0.002339181286549641
2019-10-07,False,375,6670177.0,0,11,0,True,False,0.004841442749939473
2019-10-09,True,375,3464405.0,0,0,0,True,False,0.010580738246964039
2019-10-10,True,375,3251222.0,0,0,0,True,False,-0.014891179839633395
2019-10-11,True,375,3329934.0,0,0,0,True,False,0.008127208480565251
2019-10-14,True,375,2226733.0,0,0,0,True,False,0.005025125628140614
2019-10-15,True,375,2551885.0,0,0,0,True,False,0.005612722170252438
2019-10-16,True,375,3048627.0,0,0,0,True,False,0.00532161036557155
2019-10-17,True,375,1695948.0,0,0,0,True,False,0.00045892611289577445
2019-10-18,True,375,2876129.0,0,0,0,True,False,-0.006920022688599037
2019-10-22,True,375,2727839.0,0,0,0,True,False,0.008009153318077722
2019-10-23,True,375,4361541.0,0,0,0,True,False,0.0008857395925596645
2019-10-24,True,375,2962336.0,0,0,0,True,False,0.0030701754385964453
2019-10-25,True,375,3311165.0,0,0,0,True,False,0.004829857299670559
2019-10-27,False,60,,0,0,60,False,False,0.004264392324093924
2019-10-29,True,375,6804955.0,0,0,0,True,False,0.005130397605814352
2019-10-30,True,375,3659000.0,0,0,0,True,False,0.006302521008403339
2019-10-31,True,375,2746822.0,0,0,0,True,False,0.009242536917029698
2019-11-01,True,375,2420760.0,0,0,0,True,False,0.005819592628516057
2019-11-04,True,375,2458417.0,0,0,0,True,False,0.00021602937999576355
2019-11-05,True,375,2174814.0,0,0,0,True,False,0.0023354564755839746
2019-11-06,True,375,2441924.0,0,0,0,True,False,-0.0028815368196372093
2019-11-07,True,375,2597494.0,0,0,0,True,False,0.006250000000000089
2019-11-08,True,375,16613567.0,0,0,0,True,False,0.002397831526271821
2019-11-11,True,375,3475892.0,0,0,0,True,False,-0.004081632653061273
2019-11-13,True,375,3712247.0,0,0,0,True,False,-0.0014070351758793676
2019-11-14,True,375,4217447.0,0,0,0,True,False,0.006059983566146343
2019-11-15,True,375,6260158.0,0,0,0,True,False,-0.0004015661078204946
2019-11-18,True,375,4131628.0,0,0,0,True,False,-0.00020046106043902778
2019-11-19,True,375,3952122.0,0,0,0,True,False,-0.002104208416833675
2019-11-20,True,375,3419164.0,0,0,0,True,False,0.0017194295539597615
2019-11-21,True,375,2932458.0,0,0,0,True,False,0.006567646761644896
2019-11-22,True,375,2248219.0,0,0,0,True,False,0.00420841683366735
2019-11-25,True,375,4334296.0,0,0,0,True,False,-0.011353360795739897
2019-11-26,True,375,7435663.0,0,0,0,True,False,0.006720834587220503
2019-11-27,True,375,10464502.0,0,0,0,True,False,0.0037109374999999556
2019-11-28,True,375,5651806.0,0,0,0,True,False,0.005128710918236523
2019-11-29,True,375,2184369.0,0,0,0,True,False,-0.004245465071401111
2019-12-02,True,375,1560669.0,0,0,0,True,False,0.0018536585365853675
2019-12-03,True,375,1957752.0,0,0,0,True,False,-0.0023485663959291747
2019-12-04,True,375,3759153.0,0,0,0,True,False,-0.001468428781204123
2019-12-05,True,375,5366611.0,0,0,0,True,False,0.007091527987897139
2019-12-06,False,375,4871881.0,0,192,0,True,False,0.006451612903225712
2019-12-09,True,375,1928755.0,0,0,0,True,False,-0.002379592613744541
2019-12-10,True,375,2021329.0,0,0,0,True,False,-0.0015184587643543024
2019-12-11,True,375,2176192.0,0,0,0,True,False,0.001604530438886309
2019-12-12,True,375,1228375.0,0,0,0,True,False,0.0022486648552422217
2019-12-13,True,375,1978782.0,0,0,0,True,False,0.004106776180698102
2019-12-16,True,375,2086666.0,0,0,0,True,False,0.004374941822582246
2019-12-17,True,375,1539293.0,0,0,0,True,False,0.002223251505326651
2019-12-18,True,375,1552951.0,0,0,0,True,False,0.00018451886705395104
2019-12-19,True,375,1672598.0,0,0,0,True,False,-0.008856088560885489
2019-12-20,True,375,3131699.0,0,0,0,True,False,0.0007399870502267092
2019-12-23,True,375,1423705.0,0,0,0,True,False,0.0016480498077273698
2019-12-24,True,375,1083991.0,0,0,0,True,False,0.0015707290030491095
2019-12-26,True,375,753428.0,0,0,0,True,False,-0.0013841469041248056
2019-12-27,True,375,1091264.0,0,0,0,True,False,0.004083147735709058
2019-12-30,True,375,1414560.0,0,0,0,True,False,0.0008194482381864709
2019-12-31,True,375,1240179.0,0,0,0,True,False,-0.0012855831037650312
2020-01-01,True,375,998732.0,0,0,0,True,False,0.0023206163557041304
2020-01-02,True,375,981988.0,0,0,0,True,False,-0.003439620712094471
2020-01-03,True,375,1540549.0,0,0,0,True,False,-0.005177514792899296
2020-01-06,True,375,1488786.0,0,0,0,True,False,-0.0041705282669137755
2020-01-07,True,375,1624308.0,0,0,0,True,False,0.010652463382156974
2020-01-08,True,375,3376716.0,0,0,0,True,False,-0.015548984069445715
2020-01-09,True,375,2100372.0,0,0,0,True,False,0.009319132750095216
2020-01-10,True,375,1346221.0,0,0,0,True,False,-0.0012829912023460954
2020-01-13,True,375,1175948.0,0,0,0,True,False,-0.0011111111111111738
2020-01-14,True,375,1551603.0,0,0,0,True,False,-0.0051948051948050855
2020-01-15,True,375,1224350.0,0,0,0,True,False,-0.005667564805351577
2020-01-16,True,375,1747355.0,0,0,0,True,False,-0.0036390781002146877
2020-01-17,True,375,2557824.0,0,0,0,True,False,-0.004284649776452931
2020-01-20,True,375,1489751.0,0,0,0,True,False,0.004523181304183943
2020-01-21,True,375,2384986.0,0,0,0,True,False,-0.0032728632878249453
2020-01-22,True,375,1900447.0,0,0,0,True,False,0.0
2020-01-23,True,375,2655760.0,0,0,0,True,False,-0.0011494252873563982
2020-01-24,True,375,4532968.0,0,0,0,True,False,0.0027472527472527375
2020-01-27,True,375,13971212.0,0,0,0,True,False,0.006542056074766434
2020-01-28,True,375,3904616.0,0,0,0,True,False,0.00391791044776113
2020-01-29,True,375,2724521.0,0,0,0,True,False,0.005771050141911038
2020-01-30,True,375,1733213.0,0,0,0,True,False,0.0014234200037956946
2020-01-31,True,375,2095157.0,0,0,0,True,False,-0.0020711730370929216
2020-02-01,True,375,694307.0,0,0,0,True,False,-0.0034233548877899977
2020-02-03,True,375,4842053.0,0,0,0,True,False,-0.001980198019801982
2020-02-04,True,375,2256094.0,0,0,0,True,False,0.006971340046475705
2020-02-05,True,375,2436650.0,0,0,0,True,False,-0.0029212212589522224
2020-02-06,True,375,1372015.0,0,0,0,True,False,0.0030629292741786163
2020-02-07,True,375,1755530.0,0,0,0,True,False,-0.00027721308445749493
2020-02-10,True,375,2265021.0,0,0,0,True,False,0.006258172987110067
2020-02-11,True,375,2395667.0,0,0,0,True,False,0.004671150971599314
2020-02-12,True,375,1940671.0,0,0,0,True,False,0.011115227862171118
2020-02-13,True,375,1049085.0,0,0,0,True,False,-0.0007280669821623231
2020-02-14,True,375,1167474.0,0,0,0,True,False,0.0022220164799555686
2020-02-17,True,375,2179513.0,0,0,0,True,False,-0.005312328265249966
2020-02-18,True,375,1360252.0,0,0,0,True,False,-0.0023971971233633926
2020-02-19,True,375,2011029.0,0,0,0,True,False,0.004713929198632005
2020-02-20,True,375,2957328.0,0,0,0,True,False,-0.0009157509157509125
2020-02-24,True,375,2857939.0,0,0,0,True,False,-0.01235697940503433
2020-02-25,True,375,2234737.0,0,0,0,True,False,0.003581189331825607
2020-02-26,True,375,2478382.0,0,0,0,True,False,-0.007628555283480831
2020-02-27,True,375,2240304.0,0,0,0,True,False,0.0005741626794257826
2020-02-28,True,375,4935868.0,0,0,0,True,False,-0.02488335925349916
2020-03-02,True,375,4711516.0,0,0,0,True,False,0.019865556335908474
2020-03-03,True,375,2655664.0,0,0,0,True,False,0.0078078671674244315
2020-03-04,True,375,1635738.0,0,0,0,True,False,0.0011607661056296514
2020-03-05,True,375,2388354.0,0,0,0,True,False,0.0015718636408292852
2020-03-06,True,375,5598202.0,0,0,0,True,False,-0.037698412698412676
2020-03-09,True,375,4604510.0,0,0,0,True,False,-0.02243259930026753
2020-03-11,True,375,6595989.0,0,0,0,True,False,-0.016393442622950838
2020-03-12,True,375,6214747.0,0,0,0,True,False,-0.059177317151756004
2020-03-13,False,315,,0,0,0,False,False,-0.07379605035223469
2020-03-16,True,375,5279134.0,0,0,0,True,False,-0.0572285809534393
2020-03-17,True,375,6437158.0,0,0,0,True,False,0.013698630136986356
2020-03-18,True,375,8480641.0,0,0,0,True,False,0.005859108870418517
2020-03-19,True,375,5757080.0,0,0,0,True,False,-0.06064840693124651
2020-03-20,False,376,11375381.0,0,0,1,False,False,-0.022063208109719623
2020-03-23,False,317,6077026.0,0,0,0,False,False,-0.09654471544715448
2020-03-24,True,375,7288909.0,0,0,0,True,False,0.04716312056737593
2020-03-25,True,375,7357524.0,0,0,0,True,False,-0.04873555518338646
2020-03-26,True,375,8896422.0,0,0,0,True,False,0.021735681421545472
2020-03-27,True,375,11797459.0,0,0,0,True,False,0.07330316742081444
2020-03-30,True,375,5491414.0,0,0,0,True,False,-0.02553505535055345
2020-03-31,True,375,7232695.0,0,0,0,True,False,0.02916006339144217
2020-04-01,True,375,5648743.0,0,0,0,True,False,-0.004214140783518117
2020-04-03,True,375,7397547.0,0,0,0,True,False,-0.0070580686557587535
2020-04-07,True,375,10528623.0,0,0,0,True,False,0.07048611111111125
2020-04-08,True,375,6911749.0,0,0,0,True,False,-0.003703132232680151
2020-04-09,False,374,6316142.0,0,0,0,False,False,0.04643475523374785
2020-04-13,True,375,4730646.0,0,0,0,True,False,-0.0026319637373883875
2020-04-15,True,375,5783913.0,0,0,0,True,False,0.03534743202416912
2020-04-16,True,375,7376391.0,0,0,0,True,False,-0.008836075563680601
2020-04-17,True,375,6910565.0,0,0,0,True,False,0.05693430656934306
2020-04-20,False,373,9882236.0,0,0,0,False,False,0.0015982951518380695
2020-04-21,True,375,9747395.0,0,0,0,True,False,-0.05579399141630892
2020-04-22,True,375,6269711.0,0,0,0,True,False,-0.01062215477996964
2020-04-23,True,375,6779025.0,0,0,0,True,False,0.0109939087802704
2020-04-24,True,375,6386010.0,0,0,0,True,False,-0.03800711743772245
2020-04-27,True,375,5167079.0,0,0,0,True,False,0.006824925816023786
2020-04-28,True,375,4817885.0,0,0,0,True,False,0.02151313889691009
2020-04-29,True,375,5853206.0,0,0,0,True,False,-0.02216066481994461
2020-04-30,True,375,12135677.0,0,0,0,True,False,0.03889039978243147
2020-05-04,True,375,6864484.0,0,0,0,True,False,-0.04913256522314924
2020-05-05,True,375,6128152.0,0,0,0,True,False,0.0235294117647058
2020-05-06,True,375,7508119.0,0,0,0,True,False,-0.001506024096385561
2020-05-07,True,375,4827043.0,0,0,0,True,False,-0.018208302986161717
2020-05-08,True,375,5432565.0,0,0,0,True,False,0.018354055654233203
2020-05-11,True,375,21206591.0,0,0,0,True,False,0.015939222404290243
2020-05-12,True,375,9812249.0,0,0,0,True,False,-0.011644154634373516
2020-05-13,True,375,23256658.0,0,0,0,True,False,0.06511627906976747
2020-05-14,True,375,6610294.0,0,0,0,True,False,-0.021352313167259718
2020-05-15,True,375,4952357.0,0,0,0,True,False,0.005496183206106897
2020-05-18,True,375,11436464.0,0,0,0,True,False,-0.006211180124223614
2020-05-19,True,375,10957881.0,0,0,0,True,False,0.02094763092269325
2020-05-20,True,375,5988374.0,0,0,0,True,False,-0.005818786367414841
2020-05-21,True,375,5554814.0,0,0,0,True,False,-0.0032573289902280145
2020-05-22,True,375,6880175.0,0,0,0,True,False,-0.010194015126603118
2020-05-26,True,375,7345417.0,0,0,0,True,False,0.012136752136752138
2020-05-27,True,375,6937494.0,0,0,0,True,False,0.006971603468797882
2020-05-28,True,375,12774252.0,0,0,0,True,False,0.01098039215686275
2020-05-29,True,375,8550737.0,0,0,0,True,False,-0.008596868283696657
2020-06-01,True,375,9864500.0,0,0,0,True,False,0.027895694360218215
2020-06-02,True,375,6906253.0,0,0,0,True,False,-0.002515909427260654
2020-06-03,True,375,11214197.0,0,0,0,True,False,0.02476735862562629
2020-06-04,True,375,8637781.0,0,0,0,True,False,-0.0006997900629811538
2020-06-05,True,375,5934853.0,0,0,0,True,False,0.0038720780152015077
2020-06-08,True,375,7780556.0,0,0,0,True,False,0.018760422456920445
2020-06-09,True,375,5155949.0,0,0,0,True,False,-0.0026315789473684292
2020-06-10,True,375,6080088.0,0,0,0,True,False,0.005916305916305875
2020-06-11,True,375,6135390.0,0,0,0,True,False,-0.011221770234254413
2020-06-12,True,375,6326420.0,0,0,0,True,False,-0.050241687417606706
2020-06-15,True,375,4908570.0,0,0,0,True,False,-0.005247813411078717
2020-06-16,True,375,8382204.0,0,0,0,True,False,0.033519553072625774
2020-06-17,True,375,5745183.0,0,0,0,True,False,-0.011386861313868568
2020-06-18,True,375,3775583.0,0,0,0,True,False,-0.006574141709276837
2020-06-19,True,375,6159475.0,0,0,0,True,False,-0.0011383039271485318
2020-06-22,True,375,6373202.0,0,0,0,True,False,0.008796041781198527
2020-06-23,True,375,4447519.0,0,0,0,True,False,0.003126274296588294
2020-06-24,True,375,5927504.0,0,0,0,True,False,0.010638297872340496
2020-06-25,True,375,10808170.0,0,0,0,True,False,-0.009308320206215082
2020-06-26,True,375,5832635.0,0,0,0,True,False,0.014550641940085596
2020-06-29,True,375,4115364.0,0,0,0,True,False,-0.014978601997146956
2020-06-30,True,375,5757279.0,0,0,0,True,False,0.012842965557501307
2020-07-01,True,375,4720870.0,0,0,0,True,False,0.0059633678830044445
2020-07-02,True,375,6003023.0,0,0,0,True,False,0.009933774834437248
2020-07-03,True,375,4204493.0,0,0,0,True,False,0.0030257186081692478
2020-07-06,True,375,4901721.0,0,0,0,True,False,0.01968121968121972
2020-07-07,True,375,3729115.0,0,0,0,True,False,0.0008271298593880427
2020-07-08,True,375,7641649.0,0,0,0,True,False,0.008809396689802407
2020-07-09,True,375,6596044.0,0,0,0,True,False,0.013983165897366145
2020-07-10,True,375,4167803.0,0,0,0,True,False,-0.01816224942822553
2020-07-13,True,375,4383541.0,0,0,0,True,False,0.011669908307863519
2020-07-14,True,375,3936192.0,0,0,0,True,False,-0.007342558599265803
2020-07-15,True,375,4466103.0,0,0,0,True,False,0.009969657563935863
2020-07-16,True,375,6192242.0,0,0,0,True,False,0.00014371945961477728
2020-07-17,True,375,3302262.0,0,0,0,True,False,0.0034802784222738303
2020-07-20,True,375,10591762.0,0,0,0,True,False,0.009019165727170098
2020-07-21,True,375,9257792.0,0,0,0,True,False,0.02457884562275603
2020-07-22,True,375,13068970.0,0,0,0,True,False,0.021787930806813627
2020-07-23,True,375,3749185.0,0,0,0,True,False,0.0014397905759162555
2020-07-24,True,375,5567925.0,0,0,0,True,False,-0.016464032421479202
2020-07-27,True,375,18980871.0,0,0,0,True,False,0.006799163179916468
2020-07-28,True,375,13663397.0,0,0,0,True,False,0.006971556051310612
2020-07-29,True,375,11523383.0,0,0,0,True,False,0.003551640858076466
2020-07-30,True,375,4087416.0,0,0,0,True,False,0.006264236902050024
2020-07-31,True,375,8140749.0,0,0,0,True,False,0.0030399536768963564
2020-08-03,True,375,4501086.0,0,0,0,True,False,-0.0011520737327188613
2020-08-04,True,375,3540888.0,0,0,0,True,False,0.009454545454545382
2020-08-05,True,375,6782366.0,0,0,0,True,False,0.00569151963574277
2020-08-06,True,375,3339343.0,0,0,0,True,False,0.000991220617388766
2020-08-07,True,375,4937689.0,0,0,0,True,False,-0.00013908205841450805
2020-08-10,True,375,2960040.0,0,0,0,True,False,0.0039095224797542905
2020-08-11,True,375,11484139.0,0,0,0,True,False,0.01453249245955579
2020-08-12,True,375,5128615.0,0,0,0,True,False,-0.0020463847203274765
2020-08-13,True,375,3438244.0,0,0,0,True,False,0.008197841235141334
2020-08-14,True,375,3281720.0,0,0,0,True,False,0.010600706713780994
2020-08-17,True,375,6126012.0,0,0,0,True,False,0.01413133832086455
2020-08-18,True,375,4446820.0,0,0,0,True,False,0.002076699432368878
2020-08-19,True,375,8031623.0,0,0,0,True,False,0.012178619756427533
2020-08-20,True,375,6677926.0,0,0,0,True,False,-0.02172464347594294
2020-08-21,True,375,3436425.0,0,0,0,True,False,0.008586615783017448
2020-08-24,True,375,3085729.0,0,0,0,True,False,0.009561001885268094
2020-08-25,True,375,6560109.0,0,0,0,True,False,0.00750691426313721
2020-08-26,True,375,6505257.0,0,0,0,True,False,0.0068732978861365535
2020-08-27,True,375,6750103.0,0,0,0,True,False,0.0005131494547787607
2020-08-28,True,375,6656011.0,0,0,0,True,False,0.002928071292170431
2020-08-31,True,375,12910275.0,0,0,0,True,False,0.013312164142647909
2020-09-01,True,375,4864947.0,0,0,0,True,False,0.00675934192067329
2020-09-02,True,375,3782238.0,0,0,0,True,False,-0.014380249427335179
2020-09-03,True,375,3054562.0,0,0,0,True,False,-0.0003821169277800074
2020-09-04,True,375,7520095.0,0,0,0,True,False,-0.02458056964494726
2020-09-07,True,375,3104054.0,0,0,0,True,False,-0.0023999999999999577
2020-09-08,True,375,3740119.0,0,0,0,True,False,-0.004278074866310266
2020-09-09,True,375,3309371.0,0,0,0,True,False,-0.0030918134157815746
2020-09-10,True,375,3459064.0,0,0,0,True,False,0.01101591187270512
2020-09-11,True,375,3501708.0,0,0,0,True,False,0.004037685060565233
2020-09-14,True,375,2930333.0,0,0,0,True,False,0.009323064450749818
2020-09-15,True,375,4362639.0,0,0,0,True,False,0.00013736263736263687
2020-09-16,True,375,1805293.0,0,0,0,True,False,-0.0009416195856872811
2020-09-17,True,375,2549939.0,0,0,0,True,False,-0.011356045424181671
2020-09-18,True,375,2984627.0,0,0,0,True,False,0.003525901817195587
2020-09-21,True,375,3374723.0,0,0,0,True,False,-0.005425200054251955
2020-09-22,True,375,4700541.0,0,0,0,True,False,0.009265858873841681
2020-09-23,True,375,3697335.0,0,0,0,True,False,0.005356639413589104
2020-09-24,True,375,2606040.0,0,0,0,True,False,-0.023910582908885036
2020-09-25,True,375,3587757.0,0,0,0,True,False,0.004295023696682332
2020-09-28,True,375,2689604.0,0,0,0,True,False,0.011510791366906581
2020-09-29,True,375,2448724.0,0,0,0,True,False,0.0019281090758849206
2020-09-30,True,375,2732161.0,0,0,0,True,False,-0.004045758928571397
2020-10-01,True,375,3447332.0,0,0,0,True,False,0.013437057991513512
2020-10-05,True,375,5642841.0,0,0,0,True,False,0.006378935939196584
2020-10-06,True,375,2746019.0,0,0,0,True,False,0.009908944831280353
2020-10-07,True,375,3246960.0,0,0,0,True,False,-0.0022359594896750323
2020-10-08,True,375,3386040.0,0,0,0,True,False,0.005878510777269863
2020-10-09,True,375,3234720.0,0,0,0,True,False,0.009169572517112368
2020-10-12,True,375,5933899.0,0,0,0,True,False,0.0011166253101737578
2020-10-13,True,375,3169325.0,0,0,0,True,False,-0.006565093521615162
2020-10-14,True,375,2395967.0,0,0,0,True,False,-0.0027816411682891617
2020-10-15,True,375,4705275.0,0,0,0,True,False,0.002834257547751129
2020-10-16,True,375,3419539.0,0,0,0,True,False,0.009609224855861687
2020-10-19,True,375,4874496.0,0,0,0,True,False,0.016175913054467417
2020-10-20,True,375,4451065.0,0,0,0,True,False,-0.0054119061936259705
2020-10-21,True,375,5610203.0,0,0,0,True,False,0.005438066465256908
2020-10-22,True,375,4965341.0,0,0,0,True,False,-0.009632536567962924
2020-10-23,True,375,4127178.0,0,0,0,True,False,0.00846432889963733
2020-10-26,True,375,2712152.0,0,0,0,True,False,0.004083103158400325
2020-10-27,True,375,4933804.0,0,0,0,True,False,0.0029618659755648036
2020-10-28,True,375,2637568.0,0,0,0,True,False,-0.0006095330976472191
2020-10-29,True,375,5071865.0,0,0,0,True,False,-0.012586532410320928
2020-10-30,True,375,4133322.0,0,0,0,True,False,0.0012534469791927183
2020-11-02,True,375,24712897.0,0,0,0,True,False,0.05985512771635526
2020-11-03,False,374,10873825.0,0,0,0,False,False,0.02126637029917111
2020-11-04,True,375,7260775.0,0,0,0,True,False,-0.0178551375631667
2020-11-05,True,375,4846334.0,0,0,0,True,False,0.024873330262551896
2020-11-06,True,375,2578370.0,0,0,0,True,False,0.003879949788885284
2020-11-09,True,375,9585028.0,0,0,0,True,False,0.014313084638791995
2020-11-10,True,375,15976393.0,0,0,0,True,False,0.04630626749946165
2020-11-11,True,375,6084116.0,0,0,0,True,False,-0.00020624935547075562
2020-11-12,True,375,4137510.0,0,0,0,True,False,-0.016741527153940394
2020-11-13,True,375,3610465.0,0,0,0,True,False,-0.0075582615998320835
2020-11-14,False,60,,0,0,60,False,False,0.008129244700555871
2020-11-17,True,375,4568721.0,0,0,0,True,False,0.009986615875630545
2020-11-18,True,375,4559622.0,0,0,0,True,False,0.0018476698829807958
2020-11-19,True,375,4416364.0,0,0,0,True,False,-0.01487736228387615
2020-11-20,True,375,5725881.0,0,0,0,True,False,0.005979230043008599
2020-11-23,True,375,4134783.0,0,0,0,True,False,0.009428032683846732
2020-11-24,True,375,3778631.0,0,0,0,True,False,0.0121716848174247
2020-11-25,True,375,4521603.0,0,0,0,True,False,0.011681268251981791
2020-11-26,True,375,3252871.0,0,0,0,True,False,0.006141465480728581
2020-11-27,True,375,3048946.0,0,0,0,True,False,-0.0012578616352201255
2020-12-01,True,375,3825646.0,0,0,0,True,False,0.010639418518908705
2020-12-02,True,375,2507682.0,0,0,0,True,False,0.004440313919867878
2020-12-03,True,375,3650286.0,0,0,0,True,False,0.005632040050062681
2020-12-04,True,375,4539770.0,0,0,0,True,False,0.003526970954356834
2020-12-07,True,375,8095713.0,0,0,0,True,False,0.002979145978152964
2020-12-08,True,375,3094996.0,0,0,0,True,False,0.004911591355599265
2020-12-09,True,375,3502314.0,0,0,0,True,False,0.0034431874077718305
2020-12-10,True,375,2829800.0,0,0,0,True,False,-0.005091051497943977
2020-12-11,True,375,3379332.0,0,0,0,True,False,0.0060252864480443424
2020-12-14,True,375,4218976.0,0,0,0,True,False,0.0046538685282140335
2020-12-15,True,375,3516688.0,0,0,0,True,False,-0.0038022813688213253
2020-12-16,True,375,2605684.0,0,0,0,True,False,0.006483452680472013
2020-12-17,True,375,3171528.0,0,0,0,True,False,0.002535595865028162
2020-12-18,True,375,2331170.0,0,0,0,True,False,0.005280657148445167
2020-12-21,True,375,3950342.0,0,0,0,True,False,-0.002616532609749034
2020-12-22,True,375,5493004.0,0,0,0,True,False,0.008824424383811813
2020-12-23,True,375,1808555.0,0,0,0,True,False,-0.00389260405230063
2020-12-24,True,375,2056329.0,0,0,0,True,False,0.0034653465346534684
2020-12-28,True,375,2547429.0,0,0,0,True,False,0.005555014131176428
2020-12-29,True,375,2798025.0,0,0,0,True,False,0.00393852065321787
2020-12-30,True,375,3689752.0,0,0,0,True,False,0.0029239766081869956
2020-12-31,True,375,4168527.0,0,0,0,True,False,0.00588235294117645
2021-01-01,False,376,1077446.0,0,0,1,False,False,0.002902621722846277
2021-01-04,True,375,1736807.0,0,0,0,True,False,0.00852595680181878
2021-01-05,True,375,3178597.0,0,0,0,True,False,-0.009497837126199116
2021-01-06,True,375,4554087.0,0,0,0,True,False,0.003913165005124508
2021-01-07,True,375,2764222.0,0,0,0,True,False,0.013305193613507127
2021-01-08,True,375,2803208.0,0,0,0,True,False,0.008759797141539849
2021-01-11,True,375,2353728.0,0,0,0,True,False,0.006740535549399684
2021-01-12,True,375,1965673.0,0,0,0,True,False,-0.00770359501100526
2021-01-13,True,375,4808597.0,0,0,0,True,False,0.006938104801898826
2021-01-14,False,376,2140174.0,0,0,1,False,False,-0.003507194244604439
2021-01-15,True,375,1998419.0,0,0,0,True,False,-0.006502890173410436
2021-01-18,True,375,3186790.0,0,0,0,True,False,0.00470523110988097
2021-01-19,True,375,4777568.0,0,0,0,True,False,0.015161502966380969
2021-01-20,True,375,3524495.0,0,0,0,True,False,-0.0010054844606945945
2021-01-21,True,375,1934085.0,0,0,0,True,False,0.00735093928668662
2021-01-22,True,375,4326515.0,0,0,0,True,False,0.0
2021-01-25,True,375,4495102.0,0,0,0,True,False,0.008552631578947256
2021-01-27,True,375,4165850.0,0,0,0,True,False,0.0010237319683572554
2021-01-28,True,375,4626719.0,0,0,0,True,False,-0.01568477429227222
2021-01-29,True,375,3561229.0,0,0,0,True,False,0.009654519640321935
2021-02-01,False,376,13708743.0,0,0,1,False,False,0.025069637883008422
2021-02-02,True,375,9113845.0,0,0,0,True,False,0.006981519507186951
2021-02-03,True,375,4132188.0,0,0,0,True,False,0.008003880669415375
2021-02-04,True,375,3564393.0,0,0,0,True,False,-0.0037031073901143685
2021-02-05,True,375,6542094.0,0,0,0,True,False,0.0032734530938123285
2021-02-08,True,375,4350940.0,0,0,0,True,False,0.00867098865478133
2021-02-09,True,375,4970141.0,0,0,0,True,False,0.0029388403494836624
2021-02-10,True,375,3718779.0,0,0,0,True,False,0.0028501306309873797
2021-02-11,True,375,2121861.0,0,0,0,True,False,-0.009090909090909038
2021-02-12,True,375,1895029.0,0,0,0,True,False,-0.0018223595594643038
2021-02-15,True,375,4060227.0,0,0,0,True,False,0.012208314016380672
2021-02-16,True,375,3498767.0,0,0,0,True,False,-0.0017788319003855246
2021-02-17,True,375,2821104.0,0,0,0,True,False,-0.005090025070272786
2021-02-18,False,376,3370253.0,0,0,1,False,False,-0.00664781844578588
2021-02-19,True,375,3221049.0,0,0,0,True,False,-0.014575903240812482
2021-02-22,True,375,3505949.0,0,0,0,True,False,-0.005992808629644464
2021-02-23,True,375,2617382.0,0,0,0,True,False,0.010105159382188589
2021-02-24,False,224,2580533.0,0,0,76,False,False,0.00016260162601633432
2021-02-25,True,375,5993224.0,0,0,0,True,False,0.00421875000000016
2021-02-26,True,375,5396634.0,0,0,0,True,False,-0.022257551669316422
2021-03-01,True,375,3991213.0,0,0,0,True,False,0.017671691792294775
2021-03-02,True,375,3643584.0,0,0,0,True,False,0.0008203445447088065
2021-03-03,True,375,2663279.0,0,0,0,True,False,0.011539405843358663
2021-03-04,True,375,4782759.0,0,0,0,True,False,-0.02251184834123221
2021-03-05,True,375,4921426.0,0,0,0,True,False,-0.013830813766484207
2021-03-08,True,375,1857051.0,0,0,0,True,False,0.0
2021-03-09,True,375,2014738.0,0,0,0,True,False,0.009771719494169995
2021-03-10,True,375,2231354.0,0,0,0,True,False,0.007531447800657176
2021-03-12,True,375,3491153.0,0,0,0,True,False,0.008706070287540113
2021-03-15,True,375,2976810.0,0,0,0,True,False,-0.002526693292036919
2021-03-16,True,375,2523025.0,0,0,0,True,False,0.006384742951907274
2021-03-17,True,375,2389591.0,0,0,0,True,False,0.004792332268370503
2021-03-18,True,375,2823930.0,0,0,0,True,False,0.01242658949697839
2021-03-19,True,375,5140108.0,0,0,0,True,False,-0.006563039723661457
2021-03-22,True,375,3526540.0,0,0,0,True,False,-0.00025553662691646384
2021-03-23,True,375,4401932.0,0,0,0,True,False,0.004271641530816828
2021-03-24,True,375,2597881.0,0,0,0,True,False,-0.010238907849829393
2021-03-25,True,375,2791775.0,0,0,0,True,False,-0.002020202020202033
2021-03-26,True,375,3916375.0,0,0,0,True,False,0.02436032246757791
2021-03-30,True,375,3254532.0,0,0,0,True,False,0.0033617791569693356
2021-03-31,True,375,2581219.0,0,0,0,True,False,-0.011387600168705214
2021-04-01,True,375,1937638.0,0,0,0,True,False,0.008323322464389715
2021-04-05,True,375,3021374.0,0,0,0,True,False,-0.004623791509037356
2021-04-06,True,375,4393785.0,0,0,0,True,False,0.004720279720279885
2021-04-07,True,375,2661680.0,0,0,0,True,False,-0.0016740088105727802
2021-04-08,True,375,2451622.0,0,0,0,True,False,0.00910273081924573
2021-04-09,True,375,3314683.0,0,0,0,True,False,-0.004768510490723132
2021-04-12,True,375,4901121.0,0,0,0,True,False,-0.02545068928950156
2021-04-13,True,375,3123360.0,0,0,0,True,False,0.0001848770567574043
2021-04-15,True,375,4591705.0,0,0,0,True,False,0.011618553936902254
2021-04-16,True,375,3594533.0,0,0,0,True,False,-0.001650595082964057
2021-04-19,True,375,5005039.0,0,0,0,True,False,-0.02689313517338998
2021-04-20,True,375,4105698.0,0,0,0,True,False,0.009916912355936836
2021-04-22,True,375,3800065.0,0,0,0,True,False,-0.011195700850873291
2021-04-23,True,375,5538907.0,0,0,0,True,False,-0.013245606441000701
2021-04-26,True,375,18813224.0,0,0,0,True,False,0.060886421711163985
2021-04-27,True,375,3999423.0,0,0,0,True,False,0.007728894173602674
2021-04-28,True,375,2948837.0,0,0,0,True,False,-0.0016694490818029983
2021-04-29,True,375,4062076.0,0,0,0,True,False,0.004598999515894597
2021-04-30,True,375,4068064.0,0,0,0,True,False,-0.01755233494363928
2021-05-03,True,375,3323086.0,0,0,0,True,False,-0.01192262798065713
2021-05-04,True,375,2528038.0,0,0,0,True,False,-0.0022575250836120997
2021-05-05,True,375,2412652.0,0,0,0,True,False,0.0055743243243242535
2021-05-06,False,374,,0,0,0,False,False,-0.0023171135385635644
2021-05-07,True,375,1962813.0,0,0,0,True,False,0.003360931223870711
2021-05-10,True,375,2143825.0,0,0,0,True,False,0.0055130420472311314
2021-05-11,True,375,3066707.0,0,0,0,True,False,-0.012458268870613076
2021-05-12,True,375,1937867.0,0,0,0,True,False,-0.007813142528168449
2021-05-14,True,375,2379863.0,0,0,0,True,False,-0.00529278333193306
2021-05-17,True,375,2550337.0,0,0,0,True,False,0.011316010058675552
2021-05-18,True,375,3836013.0,0,0,0,True,False,0.00657156595608277
2021-05-19,True,375,2247251.0,0,0,0,True,False,-0.010415022881489655
2021-05-20,True,375,2210042.0,0,0,0,True,False,0.005684547638110438
2021-05-21,True,375,2073728.0,0,0,0,True,False,0.004600855597707509
2021-05-24,True,375,3930863.0,0,0,0,True,False,0.0007000622277535395
2021-05-25,True,375,1402068.0,0,0,0,True,False,0.008454199953463082
2021-05-26,True,375,1994486.0,0,0,0,True,False,-0.0002309468822170313
2021-05-27,True,375,1487678.0,0,0,0,True,False,-0.004434250764525971
2021-05-28,True,375,1382435.0,0,0,0,True,False,0.0068854716548083506
2021-05-31,True,375,2823064.0,0,0,0,True,False,-0.002942770851080301
2021-06-01,True,375,1458348.0,0,0,0,True,False,0.0033215067562466505
2021-06-02,True,375,2284332.0,0,0,0,True,False,-0.0032277897325545535
2021-06-03,True,375,1411542.0,0,0,0,True,False,0.006856702619414623
2021-06-04,True,375,1312241.0,0,0,0,True,False,0.004306367271608602
2021-06-07,True,375,759720.0,0,0,0,True,False,0.0018633540372672286
2021-06-08,True,375,1180414.0,0,0,0,True,False,0.0018552875695734272
2021-06-09,True,375,2579279.0,0,0,0,True,False,0.002255229800139924
2021-06-10,True,375,1518833.0,0,0,0,True,False,-0.00015734403272738007
2021-06-11,True,375,1137388.0,0,0,0,True,False,0.004680187207488196
2021-06-14,True,375,1751762.0,0,0,0,True,False,-0.0007073803348265351
2021-06-15,True,375,1877849.0,0,0,0,True,False,0.002915681639085843
2021-06-16,True,375,1782502.0,0,0,0,True,False,0.0012420431609998506
2021-06-17,True,375,975428.0,0,0,0,True,False,-0.008457984180437084
2021-06-18,True,375,939097.0,0,0,0,True,False,0.0016625762014093048
2021-06-21,True,375,2476664.0,0,0,0,True,False,-0.01797398502167913
2021-06-22,True,375,2810699.0,0,0,0,True,False,0.007137192704202988
2021-06-23,True,375,1069991.0,0,0,0,True,False,0.00531408629441632
2021-06-24,True,375,1096487.0,0,0,0,True,False,0.0031197504199664827
2021-06-25,True,375,2441995.0,0,0,0,True,False,0.0017322834645669971
2021-06-28,True,375,2133485.0,0,0,0,True,False,0.0038550501156515704
2021-06-29,True,375,1005274.0,0,0,0,True,False,-0.005845254576219094
2021-06-30,True,375,1427203.0,0,0,0,True,False,-0.0026562500000000266
2021-07-01,True,375,1196314.0,0,0,0,True,False,0.0039591416580884164
2021-07-02,True,375,1473132.0,0,0,0,True,False,0.000791452314998109
2021-07-05,True,375,976406.0,0,0,0,True,False,0.003904724716907504
2021-07-06,True,375,1018804.0,0,0,0,True,False,-0.0028591298972256984
2021-07-07,True,375,1600485.0,0,0,0,True,False,0.003004853994914791
2021-07-08,True,375,1151465.0,0,0,0,True,False,-0.003828483920367498
2021-07-09,True,375,1068716.0,0,0,0,True,False,-0.003894080996884708
2021-07-12,True,375,1590549.0,0,0,0,True,False,0.011508651060831543
2021-07-13,True,375,2836725.0,0,0,0,True,False,0.013693331270308029
2021-07-14,True,375,1430381.0,0,0,0,True,False,-0.0024862502825283572
2021-07-15,True,375,1031503.0,0,0,0,True,False,0.0013550135501354532
2021-07-16,True,375,1164419.0,0,0,0,True,False,0.0030808536218815963
2021-07-19,True,375,2488247.0,0,0,0,True,False,-0.02277887089450592
2021-07-20,True,375,2186373.0,0,0,0,True,False,-0.011354976375552606
2021-07-22,True,375,2093802.0,0,0,0,True,False,0.016830294530154166
2021-07-23,True,375,1742300.0,0,0,0,True,False,-7.621951219505263e-05
2021-07-26,True,375,8413395.0,0,0,0,True,False,0.0063637709042474455
2021-07-27,True,375,2462073.0,0,0,0,True,False,0.00539541759053952
2021-07-28,True,375,1996709.0,0,0,0,True,False,-0.0001474926253687281
2021-07-29,True,375,2213911.0,0,0,0,True,False,0.00918099679393758
2021-07-30,True,375,1261407.0,0,0,0,True,False,-0.0015986048539456954
2021-08-02,True,375,840636.0,0,0,0,True,False,0.0026383290582630003
2021-08-03,True,375,995786.0,0,0,0,True,False,0.0014662756598240456
2021-08-04,True,375,4920509.0,0,0,0,True,False,0.005651354876104797
2021-08-05,True,375,2652986.0,0,0,0,True,False,0.004845165367600712
2021-08-06,True,375,1233456.0,0,0,0,True,False,0.005060584461867412
2021-08-09,True,375,1155129.0,0,0,0,True,False,-0.003571938848406897
2021-08-10,True,375,1667496.0,0,0,0,True,False,0.0015647226173542972
2021-08-11,True,375,1067163.0,0,0,0,True,False,0.007633043230132808
2021-08-12,True,375,1039001.0,0,0,0,True,False,-0.00043240126837695847
2021-08-13,True,375,2319218.0,0,0,0,True,False,0.006620159453302854
2021-08-16,True,375,1597070.0,0,0,0,True,False,-0.00269771404231145
2021-08-17,True,375,918250.0,0,0,0,True,False,-0.0036306684701360448
2021-08-18,True,375,1849311.0,0,0,0,True,False,-0.0012825080156750879
2021-08-20,True,375,2151586.0,0,0,0,True,False,-0.0044402387538214905
2021-08-23,True,375,1250148.0,0,0,0,True,False,0.011731065327370116
2021-08-24,True,375,969771.0,0,0,0,True,False,0.001098901098901095
2021-08-25,True,375,1849179.0,0,0,0,True,False,0.010028860028860054
2021-08-26,True,375,1281889.0,0,0,0,True,False,0.0031163936802434122
2021-08-27,True,375,1286619.0,0,0,0,True,False,-0.001792500179250034
2021-08-30,True,375,1306380.0,0,0,0,True,False,0.007219958538851934
2021-08-31,True,375,2070251.0,0,0,0,True,False,0.0014025245441795509
2021-09-01,True,375,2453333.0,0,0,0,True,False,0.012665274878218558
2021-09-02,True,375,1282855.0,0,0,0,True,False,0.005568703884170967
2021-09-03,True,375,1238739.0,0,0,0,True,False,-0.002889179335488823
2021-09-06,True,375,906815.0,0,0,0,True,False,0.0015878494994820969
2021-09-07,True,375,885054.0,0,0,0,True,False,-0.0001386962552011317
2021-09-08,True,375,858143.0,0,0,0,True,False,0.0006284477340967598
2021-09-09,True,375,768088.0,0,0,0,True,False,-0.0011778563015312216
2021-09-13,True,375,924590.0,0,0,0,True,False,-0.0029166666666666785
2021-09-14,True,375,823754.0,0,0,0,True,False,0.00791351656892525
2021-09-15,True,375,632146.0,0,0,0,True,False,-0.0012006497634013957
2021-09-16,True,375,1475799.0,0,0,0,True,False,0.009817671809256634
2021-09-17,True,375,2502467.0,0,0,0,True,False,0.008254230293025078
2021-09-20,True,375,1022328.0,0,0,0,True,False,-0.01709697515055031
2021-09-21,True,375,862287.0,0,0,0,True,False,0.001619718309859186
2021-09-22,True,375,1202070.0,0,0,0,True,False,0.001470691224875642
2021-09-23,True,375,1381479.0,0,0,0,True,False,0.010301953818827814
2021-09-24,True,375,2072620.0,0,0,0,True,False,0.007810320781032054
2021-09-27,True,375,1138934.0,0,0,0,True,False,0.003462603878116255
2021-09-28,True,375,1647707.0,0,0,0,True,False,0.005616438356164322
2021-09-29,True,375,3007337.0,0,0,0,True,False,-0.011943008800111676
2021-09-30,True,375,1436840.0,0,0,0,True,False,-0.0005633802816901179
2021-10-01,True,375,1792618.0,0,0,0,True,False,-0.012679868927197524
2021-10-04,True,375,2010449.0,0,0,0,True,False,0.0067157712305025985
2021-10-05,True,375,1467483.0,0,0,0,True,False,-0.010282776349614497
2021-10-06,True,375,2074135.0,0,0,0,True,False,-0.0019342359767892114
2021-10-07,True,375,1221893.0,0,0,0,True,False,0.012042074718897178
2021-10-08,True,375,1091733.0,0,0,0,True,False,0.005769641712372708
2021-10-11,True,375,1250214.0,0,0,0,True,False,-0.002911725019529854
2021-10-12,True,375,959155.0,0,0,0,True,False,-0.00793372182826646
2021-10-13,True,375,1018541.0,0,0,0,True,False,0.006556683587140455
2021-10-14,True,375,820424.0,0,0,0,True,False,0.001904358865848499
2021-10-18,True,375,5111696.0,0,0,0,True,False,0.01692582909040863
2021-10-19,True,375,1562299.0,0,0,0,True,False,0.015877287405812623
2021-10-20,True,375,1377772.0,0,0,0,True,False,-0.004200560074676618
2021-10-21,True,375,2046668.0,0,0,0,True,False,0.002879142952795455
2021-10-22,True,375,1406608.0,0,0,0,True,False,0.00039567396465312044
2021-10-25,True,375,35309414.0,0,0,0,True,False,0.0554089709762533
2021-10-26,True,375,3828592.0,0,0,0,True,False,-0.021605667060212497
2021-10-27,True,375,5718630.0,0,0,0,True,False,-0.0036667468141379223
2021-10-28,True,375,2941513.0,0,0,0,True,False,-0.0028229923719143013
2021-10-29,True,375,2403824.0,0,0,0,True,False,-0.0036831262875336446
2021-11-01,False,374,1878523.0,0,0,0,False,False,0.0021091811414393202
2021-11-02,True,375,1445961.0,0,0,0,True,False,0.004656938838869973
2021-11-03,True,375,986058.0,0,0,0,True,False,0.007877954232837325
2021-11-04,False,60,,0,0,60,False,False,0.00445859872611476
2021-11-08,True,375,2614652.0,0,0,0,True,False,0.016666666666666607
2021-11-09,True,375,1148011.0,0,0,0,True,False,0.0032631646298546535
2021-11-10,True,375,1537146.0,0,0,0,True,False,-0.006727168877324496
2021-11-11,True,375,998467.0,0,0,0,True,False,-0.00486867392696988
2021-11-12,True,375,1637266.0,0,0,0,True,False,0.0021399390441607657
2021-11-15,True,375,2004515.0,0,0,0,True,False,-0.0009643201542912649
2021-11-16,True,375,1850150.0,0,0,0,True,False,0.0004528106604566595
2021-11-17,True,375,1544907.0,0,0,0,True,False,-0.0018365472910927272
2021-11-18,True,375,1693704.0,0,0,0,True,False,0.0069110774698875055
2021-11-22,True,375,3044245.0,0,0,0,True,False,0.00932737782448756
2021-11-23,True,375,4987002.0,0,0,0,True,False,-0.02036094400740396
2021-11-24,True,375,3196831.0,0,0,0,True,False,-0.0036520584329349237
2021-11-25,True,375,3295028.0,0,0,0,True,False,-0.004089709762532978
2021-11-26,True,375,1833251.0,0,0,0,True,False,-0.01807068828062719
2021-11-29,True,375,3407644.0,0,0,0,True,False,0.010638297872340496
2021-11-30,True,375,2226172.0,0,0,0,True,False,-0.0017409470752088874
2021-12-01,True,375,3033190.0,0,0,0,True,False,0.006179775280898747
2021-12-02,True,375,2688454.0,0,0,0,True,False,-0.0033012379642365364
2021-12-03,True,375,4292663.0,0,0,0,True,False,-0.0038711461357665566
2021-12-06,True,375,2838090.0,0,0,0,True,False,0.002579655581119722
2021-12-07,True,375,2368237.0,0,0,0,True,False,0.011426153195090993
2021-12-08,True,375,8023093.0,0,0,0,True,False,0.017827980402830734
2021-12-09,True,375,2651620.0,0,0,0,True,False,0.007298785747462011
2021-12-10,True,375,1104802.0,0,0,0,True,False,0.0029166114278138533
2021-12-13,True,375,2063256.0,0,0,0,True,False,0.007460223146497524
2021-12-14,True,375,1830604.0,0,0,0,True,False,-0.005034112737630103
2021-12-15,True,375,1055659.0,0,0,0,True,False,-0.00026392187912371856
2021-12-16,True,375,2068614.0,0,0,0,True,False,0.007845744680851086
2021-12-17,True,375,1280874.0,0,0,0,True,False,0.0
2021-12-20,False,371,,0,0,0,False,False,-0.014951989026063095
2021-12-21,True,375,3274366.0,0,0,0,True,False,0.014155926473695235
2021-12-22,True,375,1221360.0,0,0,0,True,False,0.00728155339805836
2021-12-23,True,375,1026746.0,0,0,0,True,False,0.007291808641133768
2021-12-24,True,375,1408534.0,0,0,0,True,False,0.006997804610318292
2021-12-27,True,375,1499994.0,0,0,0,True,False,-0.005494505494505475
2021-12-28,True,375,1343276.0,0,0,0,True,False,0.005295315682281032
2021-12-29,True,375,1233484.0,0,0,0,True,False,0.0020366598778003286
2021-12-30,True,375,1563348.0,0,0,0,True,False,0.0006140410725250511
2021-12-31,True,375,1527725.0,0,0,0,True,False,0.0007472826086956097
2022-01-03,True,375,752602.0,0,0,0,True,False,0.0030372570194383552
2022-01-04,True,375,1862206.0,0,0,0,True,False,0.003331591324797545
2022-01-05,True,375,3236934.0,0,0,0,True,False,-0.0005818087788480586
2022-01-06,True,375,2067227.0,0,0,0,True,False,-0.015184243964421862
2022-01-07,True,375,2362033.0,0,0,0,True,False,0.007311335749252912
2022-01-10,True,375,1895741.0,0,0,0,True,False,0.007237256135934622
2022-01-11,True,375,1938376.0,0,0,0,True,False,0.0002470508307084174
2022-01-12,True,375,1414620.0,0,0,0,True,False,0.01061728395061734
2022-01-13,True,375,1325667.0,0,0,0,True,False,-0.002793635369852998
2022-01-14,True,375,1395468.0,0,0,0,True,False,-0.00364077669902918
2022-01-17,True,375,1563801.0,0,0,0,True,False,0.0020162522148223783
2022-01-18,True,375,980994.0,0,0,0,True,False,0.0007923447309075016
2022-01-19,True,375,2002172.0,0,0,0,True,False,-0.008505467800729027
2022-01-20,True,375,1922467.0,0,0,0,True,False,-0.008397135095085106
2022-01-21,True,375,1884111.0,0,0,0,True,False,-0.010961941125754326
2022-01-24,True,375,7714248.0,0,0,0,True,False,0.0037037037037037646
2022-01-25,True,375,3745472.0,0,0,0,True,False,-0.0037878787878787845
2022-01-27,True,375,3675528.0,0,0,0,True,False,-0.017480334623548477
2022-01-28,True,375,2220330.0,0,0,0,True,False,0.00846925972396484
2022-01-31,True,375,2706859.0,0,0,0,True,False,0.008307240079238332
2022-02-01,True,375,3971233.0,0,0,0,True,False,0.017378068116953083
2022-02-02,True,375,1897884.0,0,0,0,True,False,0.004374884466079143
2022-02-03,True,375,1753571.0,0,0,0,True,False,-0.002022802500919574
2022-02-04,True,375,1042917.0,0,0,0,True,False,0.0034696406443617267
2022-02-07,True,375,1575298.0,0,0,0,True,False,-0.006782825140012494
2022-02-08,True,375,1372746.0,0,0,0,True,False,0.006113092205807469
2022-02-09,True,375,1402039.0,0,0,0,True,False,0.009177215189873467
2022-02-10,True,375,1469386.0,0,0,0,True,False,0.005363936880184772
2022-02-11,True,375,1974018.0,0,0,0,True,False,-0.009447448567344141
2022-02-14,True,375,4111344.0,0,0,0,True,False,-0.02216592780240656
2022-02-15,True,375,2189593.0,0,0,0,True,False,0.0004650544778102006
2022-02-16,True,375,1448402.0,0,0,0,True,False,0.0009032258064516352
2022-02-17,True,375,1286079.0,0,0,0,True,False,0.005114083398898517
2022-02-18,True,375,1721254.0,0,0,0,True,False,-0.0011368195800455227
2022-02-21,True,375,1015720.0,0,0,0,True,False,-0.0023395721925133506
2022-02-22,True,375,1645341.0,0,0,0,True,False,-0.021792409087898368
2022-02-23,True,375,1473180.0,0,0,0,True,False,0.005798067310896382
2022-02-24,True,375,3359866.0,0,0,0,True,False,-0.042444593687038346
2022-02-25,True,375,3160707.0,0,0,0,True,False,0.02735066959540866
2022-02-28,True,375,2221838.0,0,0,0,True,False,-0.012093468160699561
2022-03-02,True,375,5428241.0,0,0,0,True,False,-0.0345384770753383
2022-03-03,True,375,3210891.0,0,0,0,True,False,0.00013937282229958825
2022-03-04,True,375,2150712.0,0,0,0,True,False,-0.012716102300328602
2022-03-07,False,353,,0,0,0,False,False,-0.03561046511627908
2022-03-08,True,375,4137929.0,0,0,0,True,False,-0.01786259541984736
2022-03-09,True,375,4714515.0,0,0,0,True,False,0.002564102564102555
2022-03-10,True,375,6735658.0,0,0,0,True,False,0.03597820407553942
2022-03-11,True,375,3961930.0,0,0,0,True,False,-0.0012583271650629113
2022-03-14,True,375,3784198.0,0,0,0,True,False,0.00014749262536883911
2022-03-15,True,375,4312296.0,0,0,0,True,False,0.005014326647564404
2022-03-16,True,375,2626523.0,0,0,0,True,False,0.01719548168933005
2022-03-17,True,375,3748396.0,0,0,0,True,False,0.01585055193886209
2022-03-21,True,375,2457960.0,0,0,0,True,False,0.0015279899986109235
2022-03-22,True,375,1426947.0,0,0,0,True,False,-0.005263896687254355
2022-03-23,True,375,1716716.0,0,0,0,True,False,0.0057570923215648495
2022-03-24,True,375,3789301.0,0,0,0,True,False,-0.01960921144452188
2022-03-25,True,375,2805168.0,0,0,0,True,False,0.0013493359846601383
2022-03-28,True,375,1687863.0,0,0,0,True,False,0.0006414368184735064
2022-03-29,True,375,1970899.0,0,0,0,True,False,0.005348346235045653
2022-03-30,True,375,2876652.0,0,0,0,True,False,0.00768639508070712
2022-03-31,True,375,2806684.0,0,0,0,True,False,0.014325861950784669
2022-04-01,True,375,1128766.0,0,0,0,True,False,-0.008750341810226936
2022-04-04,True,375,4080427.0,0,0,0,True,False,0.00569259962049351
2022-04-05,True,375,1938744.0,0,0,0,True,False,0.002214319264577602
2022-04-06,True,375,2145951.0,0,0,0,True,False,-0.009401420358471468
2022-04-07,True,375,1743055.0,0,0,0,True,False,-0.0032454361054766734
2022-04-08,True,375,2058247.0,0,0,0,True,False,0.0012685271731873726
2022-04-11,True,375,2006742.0,0,0,0,True,False,-0.002915838303512275
2022-04-12,True,375,2153572.0,0,0,0,True,False,-0.004078410735429583
2022-04-13,True,375,2791782.0,0,0,0,True,False,0.00732984293193728
2022-04-18,True,375,2233528.0,0,0,0,True,False,-0.013788575180564644
2022-04-19,True,375,2847047.0,0,0,0,True,False,0.002632271650434337
2022-04-20,True,375,2346623.0,0,0,0,True,False,0.00914654208067378
2022-04-21,True,375,1052204.0,0,0,0,True,False,0.0031055900621117516
2022-04-22,True,375,1478139.0,0,0,0,True,False,-0.00870817783015776
2022-04-25,True,375,11972880.0,0,0,0,True,False,0.0008701472556893464
2022-04-26,True,375,3531757.0,0,0,0,True,False,0.01728591297436921
2022-04-27,True,375,3293113.0,0,0,0,True,False,-0.00577420853520938
2022-04-28,True,375,2049128.0,0,0,0,True,False,0.003734637061180157
2022-04-29,True,375,2204089.0,0,0,0,True,False,0.003478260869565153
2022-05-02,True,375,1162841.0,0,0,0,True,False,-0.015202475447329444
2022-05-04,True,375,991175.0,0,0,0,True,False,0.0069495985426086815
2022-05-05,True,375,1724320.0,0,0,0,True,False,0.006611570247933907
2022-05-06,True,375,1742318.0,0,0,0,True,False,-0.015057755775577664
2022-05-09,True,375,1665260.0,0,0,0,True,False,-0.021775312066574237
2022-05-10,True,375,2346327.0,0,0,0,True,False,-0.008578259035297409
2022-05-11,True,375,1831293.0,0,0,0,True,False,0.012122920778122381
2022-05-12,True,375,3064977.0,0,0,0,True,False,-0.012766848053579083
2022-05-13,True,375,1917446.0,0,0,0,True,False,0.009195402298850519
2022-05-16,True,375,1499979.0,0,0,0,True,False,0.0004435245416913869
2022-05-17,True,375,1015480.0,0,0,0,True,False,0.002850252137689191
2022-05-18,True,375,2383892.0,0,0,0,True,False,0.0007023951675213524
2022-05-19,True,375,3180290.0,0,0,0,True,False,-0.021528905202230497
2022-05-20,True,375,1930966.0,0,0,0,True,False,0.006373117033603659
2022-05-23,True,375,3256828.0,0,0,0,True,False,-0.0006338028169015075
2022-05-24,True,375,1268585.0,0,0,0,True,False,0.002891396332863172
2022-05-25,True,375,1398743.0,0,0,0,True,False,0.00465608465608458
2022-05-26,True,375,1414828.0,0,0,0,True,False,0.01217975640487201
2022-05-27,True,375,1616328.0,0,0,0,True,False,0.0018437585359190045
2022-05-30,True,375,1405854.0,0,0,0,True,False,0.011550932180491635
2022-05-31,True,375,1114634.0,0,0,0,True,False,-0.010812975570684835
2022-06-01,True,375,1923826.0,0,0,0,True,False,-0.0006680026720107257
2022-06-02,True,375,1687484.0,0,0,0,True,False,-0.002523407928813448
2022-06-03,True,375,1307046.0,0,0,0,True,False,0.008065591254499349
2022-06-06,True,375,1088795.0,0,0,0,True,False,-0.006376266863547864
2022-06-07,True,375,1301193.0,0,0,0,True,False,-0.007700033478406421
2022-06-08,True,375,848431.0,0,0,0,True,False,0.00217687074829942
2022-06-09,True,375,946540.0,0,0,0,True,False,-0.002819613506636398
2022-06-10,True,375,716793.0,0,0,0,True,False,-0.010242403550699941
2022-06-13,True,375,2100114.0,0,0,0,True,False,-0.024991322457480036
2022-06-14,True,375,1669491.0,0,0,0,True,False,-0.008139534883720989
2022-06-15,True,375,854636.0,0,0,0,True,False,0.0037228994817140038
2022-06-16,True,375,1392724.0,0,0,0,True,False,0.017885705976443234
2022-06-17,True,375,2736049.0,0,0,0,True,False,-0.010393631136665138
2022-06-20,True,375,1129338.0,0,0,0,True,False,-0.0037034347541935464
2022-06-21,True,375,1187134.0,0,0,0,True,False,0.0069996354356542945
2022-06-22,True,375,972794.0,0,0,0,True,False,-0.0017972681524083267
2022-06-23,True,375,1554229.0,0,0,0,True,False,0.0043655413271246335
2022-06-24,True,375,1759620.0,0,0,0,True,False,0.015643974569611974
2022-06-27,True,375,1182608.0,0,0,0,True,False,0.02008397480755786
2022-06-28,True,375,840303.0,0,0,0,True,False,-0.010024364775496064
2022-06-29,True,375,902831.0,0,0,0,True,False,-0.01011022958646346
2022-06-30,True,375,982478.0,0,0,0,True,False,0.000355871886120962
2022-07-01,True,375,945749.0,0,0,0,True,False,-0.003894080996884708
2022-07-04,True,375,935795.0,0,0,0,True,False,-0.0016288951841358923
2022-07-05,True,375,2144002.0,0,0,0,True,False,0.003469571854833209
2022-07-06,True,375,1245370.0,0,0,0,True,False,0.006823562177969533
2022-07-07,True,375,1772674.0,0,0,0,True,False,0.011754193016222159
2022-07-08,True,375,2131184.0,0,0,0,True,False,0.01267017118210001
2022-07-11,True,375,2093911.0,0,0,0,True,False,-0.0016528925619834212
2022-07-12,True,375,1976456.0,0,0,0,True,False,-0.005457735039958278
2022-07-13,True,375,1526362.0,0,0,0,True,False,0.00784132841328411
2022-07-14,True,375,1032247.0,0,0,0,True,False,-0.004843096928282331
2022-07-15,True,375,600891.0,0,0,0,True,False,0.0027957132396991824
2022-07-18,True,375,919549.0,0,0,0,True,False,0.009171263374759153
2022-07-19,True,375,1011900.0,0,0,0,True,False,-0.005440414507772107
2022-07-20,True,375,1379101.0,0,0,0,True,False,0.01198487470358267
2022-07-21,True,375,628910.0,0,0,0,True,False,0.0046720000000000095
2022-07-22,True,375,1158618.0,0,0,0,True,False,0.0045830681094845005
2022-07-25,True,375,7143160.0,0,0,0,True,False,0.00374999999999992
2022-07-26,True,375,720542.0,0,0,0,True,False,0.0020000000000000018
2022-07-27,True,375,865970.0,0,0,0,True,False,-0.0011307953260459858
2022-07-28,True,375,2254262.0,0,0,0,True,False,0.008057464084946897
2022-07-29,True,375,1288769.0,0,0,0,True,False,0.00996861731585752
2022-08-01,True,375,1191057.0,0,0,0,True,False,0.0023204689789937394
2022-08-02,True,375,1467837.0,0,0,0,True,False,-0.005397537752441117
2022-08-03,True,375,917548.0,0,0,0,True,False,0.004606879606879666
2022-08-04,True,375,869399.0,0,0,0,True,False,-0.003024803387779773
2022-08-05,True,375,1426439.0,0,0,0,True,False,0.005312977099236615
2022-08-08,True,375,1910709.0,0,0,0,True,False,-0.00089568280886132
2022-08-10,True,375,6086923.0,0,0,0,True,False,0.005912565695174399
2022-08-11,True,375,6893427.0,0,0,0,True,False,0.012836365777542325
2022-08-12,True,375,1606844.0,0,0,0,True,False,0.005762514551804543
2022-08-16,True,375,1658181.0,0,0,0,True,False,0.005246051206021507
2022-08-17,True,375,1071239.0,0,0,0,True,False,0.00045382346267297535
2022-08-18,True,375,1054830.0,0,0,0,True,False,-0.0023226829820984785
2022-08-19,True,375,1310253.0,0,0,0,True,False,-0.0011286681715575453
2022-08-22,True,375,1345817.0,0,0,0,True,False,-0.0028225806451613877
2022-08-23,True,375,2903265.0,0,0,0,True,False,-0.010128805620608916
2022-08-24,True,375,1275275.0,0,0,0,True,False,-0.01153336024450724
2022-08-25,True,375,1129448.0,0,0,0,True,False,0.00028635244258623516
2022-08-26,True,375,642827.0,0,0,0,True,False,0.006157918968692444
2022-08-29,True,375,1169951.0,0,0,0,True,False,-0.025563134063162796
2022-08-30,True,375,840040.0,0,0,0,True,False,0.002504805731927462
2022-09-01,True,375,4099400.0,0,0,0,True,False,-0.028809363042988978
2022-09-02,True,375,1313999.0,0,0,0,True,False,-0.0015420640813296194
2022-09-05,True,375,1447559.0,0,0,0,True,False,5.737234652891665e-05
2022-09-06,True,375,1007102.0,0,0,0,True,False,0.0017026106696935717
2022-09-07,True,375,1339326.0,0,0,0,True,False,-0.006165158371040813
2022-09-08,True,375,2145148.0,0,0,0,True,False,0.01026811180832854
2022-09-09,True,375,2267248.0,0,0,0,True,False,0.011727434415295557
2022-09-12,True,375,877519.0,0,0,0,True,False,0.003659550873301942
2022-09-13,True,375,761460.0,0,0,0,True,False,0.007662624035281285
2022-09-14,True,375,1431584.0,0,0,0,True,False,-0.011717460666739954
2022-09-15,True,375,2060789.0,0,0,0,True,False,0.0007614489285325821
2022-09-16,True,375,895516.0,0,0,0,True,False,-0.00288812598768462
2022-09-19,True,375,1127305.0,0,0,0,True,False,-0.005549450549450552
2022-09-20,True,375,1050040.0,0,0,0,True,False,0.007982261640798294
2022-09-21,True,375,1388183.0,0,0,0,True,False,-0.00447549394170943
2022-09-22,True,375,1308782.0,0,0,0,True,False,-0.011726206708481013
2022-09-23,True,375,2092839.0,0,0,0,True,False,-0.001163112711160319
2022-09-26,True,375,2210949.0,0,0,0,True,False,-0.015447292480054275
2022-09-27,True,375,1270596.0,0,0,0,True,False,0.004587688734030149
2022-09-28,True,375,1403402.0,0,0,0,True,False,-0.01631701631701632
2022-09-29,True,375,1522260.0,0,0,0,True,False,0.010719754977029039
2022-09-30,True,375,1722656.0,0,0,0,True,False,0.00041491316460207095
2022-10-03,True,375,1077138.0,0,0,0,True,False,-0.00687344769826137
2022-10-04,True,375,1478112.0,0,0,0,True,False,0.021915057002776184
2022-10-06,True,375,1676722.0,0,0,0,True,False,0.007152333160292956
2022-10-07,True,375,1112978.0,0,0,0,True,False,-0.009261350801897383
2022-10-10,True,375,1348639.0,0,0,0,True,False,-0.012737050665157068
2022-10-11,True,375,1038664.0,0,0,0,True,False,0.001644363801315496
2022-10-12,True,375,1213671.0,0,0,0,True,False,0.0028307336799537897
2022-10-13,True,375,4048153.0,0,0,0,True,False,-0.006337500720170586
2022-10-14,True,375,1576817.0,0,0,0,True,False,0.03489461358313806
2022-10-17,True,375,1750374.0,0,0,0,True,False,0.0010906377360657693
2022-10-18,True,375,1568869.0,0,0,0,True,False,0.01077270163564581
2022-10-19,True,375,889720.0,0,0,0,True,False,0.004464036605100086
2022-10-20,True,375,1103925.0,0,0,0,True,False,-0.0031372549019607066
2022-10-21,True,375,1547469.0,0,0,0,True,False,-0.00286339902307553
2022-10-24,False,60,,0,0,60,False,False,0.01670696856451981
2022-10-25,True,375,4008318.0,0,0,0,True,False,0.009429413340476867
2022-10-27,True,375,3512598.0,0,0,0,True,False,0.0027612344342176076
2022-10-28,True,375,1235529.0,0,0,0,True,False,-0.0064397424103036505
2022-10-31,True,375,1123293.0,0,0,0,True,False,0.0037947533410329637
2022-11-01,True,375,1323530.0,0,0,0,True,False,0.013480055020632653
2022-11-02,True,375,1383109.0,0,0,0,True,False,0.013597577759427493
2022-11-03,True,375,2474293.0,0,0,0,True,False,-0.00276686403630122
2022-11-04,True,375,919214.0,0,0,0,True,False,-0.002970297029702973
2022-11-07,True,375,1506391.0,0,0,0,True,False,0.004136789851075573
2022-11-09,True,375,1606053.0,0,0,0,True,False,0.002560889227919194
2022-11-10,True,375,1529787.0,0,0,0,True,False,0.00011019890903063434
2022-11-11,True,375,2043089.0,0,0,0,True,False,0.017472527472527366
2022-11-14,True,375,1617454.0,0,0,0,True,False,-0.003029468465987284
2022-11-15,True,375,2250002.0,0,0,0,True,False,0.007326621923937404
2022-11-16,True,375,2032343.0,0,0,0,True,False,-0.0006023436644398972
2022-11-17,True,375,1726565.0,0,0,0,True,False,0.00027389756231177564
2022-11-18,True,375,1046177.0,0,0,0,True,False,0.0008705114254623503
2022-11-21,True,375,955333.0,0,0,0,True,False,-0.007546145494028322
2022-11-22,True,375,1471516.0,0,0,0,True,False,0.002006725241349372
2022-11-23,True,375,1387751.0,0,0,0,True,False,0.0037355855124250326
2022-11-24,True,375,796954.0,0,0,0,True,False,0.0011332973556394954
2022-11-25,True,375,1177882.0,0,0,0,True,False,0.002986666666666693
2022-11-28,True,375,955229.0,0,0,0,True,False,-0.006451612903225823
2022-11-29,True,375,1965279.0,0,0,0,True,False,-0.0028838451268358156
2022-11-30,True,375,1456794.0,0,0,0,True,False,0.0020081382444643303
2022-12-01,True,375,1064253.0,0,0,0,True,False,0.0022014886256420674
2022-12-02,True,375,2193596.0,0,0,0,True,False,-0.011921869178774913
2022-12-05,True,375,1519567.0,0,0,0,True,False,0.008611410118406937
2022-12-06,True,375,2698839.0,0,0,0,True,False,-0.00968898881216207
2022-12-07,True,375,1693633.0,0,0,0,True,False,-0.00032527377209146113
2022-12-08,True,375,1064897.0,0,0,0,True,False,0.0016242555495398214
2022-12-09,True,375,899749.0,0,0,0,True,False,-0.001285897985426554
2022-12-12,True,375,808548.0,0,0,0,True,False,-0.005589895189465288
2022-12-13,True,375,1082952.0,0,0,0,True,False,0.001616379310344751
2022-12-14,True,375,1645392.0,0,0,0,True,False,0.00359191550956961
2022-12-15,True,375,1240703.0,0,0,0,True,False,-0.005428881650380024
2022-12-16,True,375,801830.0,0,0,0,True,False,-0.00027601435274637875
2022-12-19,True,375,722879.0,0,0,0,True,False,0.0035366931918656697
2022-12-20,True,375,618361.0,0,0,0,True,False,-0.001047466784277029
2022-12-21,True,375,878834.0,0,0,0,True,False,0.00032968844441993994
2022-12-22,True,375,1334242.0,0,0,0,True,False,0.007327031713183052
2022-12-23,True,375,1592930.0,0,0,0,True,False,-0.008254716981132115
2022-12-26,True,375,774326.0,0,0,0,True,False,0.00375939849624074
2022-12-27,True,375,590519.0,0,0,0,True,False,0.004700615556799237
2022-12-28,True,375,1506646.0,0,0,0,True,False,-0.007092198581560294
2022-12-29,True,375,796853.0,0,0,0,True,False,-0.0007233876801513439
2022-12-30,True,375,685187.0,0,0,0,True,False,0.0005506607929515184
2023-01-02,True,375,819408.0,0,0,0,True,False,0.002073642324721181
2023-01-03,True,375,488329.0,0,0,0,True,False,-0.004873186399379725
2023-01-04,True,375,2790966.0,0,0,0,True,False,-0.0036021058464948963
2023-01-05,True,375,1500074.0,0,0,0,True,False,0.0018905693950177493
2023-01-06,True,375,1508455.0,0,0,0,True,False,0.00028451120974160027
2023-01-09,True,375,3566681.0,0,0,0,True,False,0.004307869040781176
2023-01-10,True,375,1216968.0,0,0,0,True,False,0.0032088012835205237
2023-01-11,True,375,2568566.0,0,0,0,True,False,0.00028980467165129475
2023-01-12,True,375,2291726.0,0,0,0,True,False,0.0008094357076782188
2023-01-13,True,375,1237503.0,0,0,0,True,False,0.0022602144305998717
2023-01-16,True,375,1312445.0,0,0,0,True,False,0.007175660160734898
2023-01-17,True,375,1346419.0,0,0,0,True,False,0.0022543352601156474
2023-01-18,True,375,1427768.0,0,0,0,True,False,-0.0031711254612546425
2023-01-19,True,375,565939.0,0,0,0,True,False,-0.002585463947141653
2023-01-20,True,375,2486022.0,0,0,0,True,False,0.00970986013177666
2023-01-23,True,375,3746161.0,0,0,0,True,False,0.011525890246000259
2023-01-24,True,375,2055747.0,0,0,0,True,False,0.010344827586206806
2023-01-25,True,375,1276263.0,0,0,0,True,False,0.0018354938625673167
2023-01-27,True,375,6354753.0,0,0,0,True,False,-0.020256859311150066
2023-01-30,True,375,10746780.0,0,0,0,True,False,-0.02224395013444147
2023-01-31,True,375,3242611.0,0,0,0,True,False,0.0018800412396142718
2023-02-01,True,375,5019790.0,0,0,0,True,False,0.01042228212039542
2023-02-02,True,375,4589758.0,0,0,0,True,False,-0.025469090053526267
2023-02-03,True,375,3661484.0,0,0,0,True,False,0.008220615671641784
2023-02-06,True,375,937563.0,0,0,0,True,False,-0.001159420289855051
2023-02-07,True,375,717536.0,0,0,0,True,False,-0.0015181595235314038
2023-02-08,True,375,683621.0,0,0,0,True,False,0.0004694284708366414
2023-02-09,True,375,714183.0,0,0,0,True,False,0.0022765746307864543
2023-02-10,True,375,660251.0,0,0,0,True,False,-0.00632984901277589
2023-02-13,True,375,686575.0,0,0,0,True,False,-0.0023380874444703936
2023-02-14,True,375,1295048.0,0,0,0,True,False,0.005179517363154806
2023-02-15,True,375,1009153.0,0,0,0,True,False,0.0016184971098265333
2023-02-16,True,375,1991641.0,0,0,0,True,False,0.004069234296194546
2023-02-17,True,375,703155.0,0,0,0,True,False,0.0006343713956169506
2023-02-20,True,375,526557.0,0,0,0,True,False,0.0007540603248259448
2023-02-21,True,375,1283565.0,0,0,0,True,False,0.0015238541788769044
2023-02-22,True,375,1047130.0,0,0,0,True,False,-0.004211265134234088
2023-02-23,True,375,1333259.0,0,0,0,True,False,-0.0013728064939716456
2023-02-24,True,375,764428.0,0,0,0,True,False,0.003865826097299907
2023-02-27,True,375,1183010.0,0,0,0,True,False,-0.007619501160783471
2023-02-28,True,375,1268385.0,0,0,0,True,False,-0.0034969110618953136
2023-03-01,True,375,1204231.0,0,0,0,True,False,0.011531932330386852
2023-03-02,True,375,621939.0,0,0,0,True,False,-0.003911951888830534
2023-03-03,True,375,1219170.0,0,0,0,True,False,0.006520206766917225
2023-03-06,True,375,1473263.0,0,0,0,True,False,0.005710659898477299
2023-03-08,True,375,1424481.0,0,0,0,True,False,-0.0022449919410546526
2023-03-09,True,375,1046747.0,0,0,0,True,False,-0.0055045871559632475
2023-03-10,True,375,1141888.0,0,0,0,True,False,-0.013661840261559921
2023-03-13,True,375,718986.0,0,0,0,True,False,-0.0008312058421895419
2023-03-14,True,375,1803544.0,0,0,0,True,False,-0.004633808750075241
2023-03-15,True,375,632908.0,0,0,0,True,False,0.004744744744744844
2023-03-16,True,375,1804156.0,0,0,0,True,False,0.0076512023317951705
2023-03-17,True,375,851752.0,0,0,0,True,False,0.007570710435467198
2023-03-20,True,375,912566.0,0,0,0,True,False,-0.0011933174224343368
2023-03-21,True,375,1215483.0,0,0,0,True,False,0.007348987273704921
2023-03-22,True,375,1308081.0,0,0,0,True,False,0.006926915174640502
2023-03-23,True,375,1343577.0,0,0,0,True,False,-0.0013400920584979437
2023-03-24,True,375,1255124.0,0,0,0,True,False,-0.0018733169418101436
2023-03-27,True,375,1036517.0,0,0,0,True,False,0.0041106347994597225
2023-03-28,True,375,1749258.0,0,0,0,True,False,0.01128841607565012
2023-03-29,True,375,2724373.0,0,0,0,True,False,0.00017504959738579018
2023-03-31,True,375,2447238.0,0,0,0,True,False,0.008128654970760207
2023-04-03,True,375,2398338.0,0,0,0,True,False,0.003763256927813874
2023-04-05,True,375,1892924.0,0,0,0,True,False,0.0018079096045198195
2023-04-06,True,375,1751620.0,0,0,0,True,False,-0.003333521667890915
2023-04-10,True,375,2522225.0,0,0,0,True,False,0.005713959202331198
2023-04-11,True,375,3505089.0,0,0,0,True,False,0.007263085081853804
2023-04-12,True,375,4815069.0,0,0,0,True,False,0.000622947106127647
2023-04-13,True,375,3136863.0,0,0,0,True,False,0.00011223344556676729
2023-04-17,True,375,4745771.0,0,0,0,True,False,0.021492204899777212
2023-04-18,False,376,4180011.0,0,0,1,False,False,0.009281903068030228
2023-04-19,True,375,3301733.0,0,0,0,True,False,-0.0001116071428571841
2023-04-20,True,375,3598493.0,0,0,0,True,False,-0.0002801120448179262
2023-04-21,True,375,4425488.0,0,0,0,True,False,0.0006152125279641485
2023-04-24,True,375,7172131.0,0,0,0,True,False,0.019603424966200933
2023-04-25,True,375,6311731.0,0,0,0,True,False,0.0013258203513422107
2023-04-26,True,375,5680560.0,0,0,0,True,False,-0.0019163381515550082
2023-04-27,True,375,1590728.0,0,0,0,True,False,-0.00709606986899558
2023-04-28,True,375,2086418.0,0,0,0,True,False,-0.002615803814713824
2023-05-02,True,375,911833.0,0,0,0,True,False,0.005112585663004543
2023-05-03,True,375,1513410.0,0,0,0,True,False,-0.002657266811279868
2023-05-04,True,375,1316959.0,0,0,0,True,False,-0.0018444179234025082
2023-05-05,True,375,3099614.0,0,0,0,True,False,0.004343105320304019
2023-05-08,True,375,1152155.0,0,0,0,True,False,0.00010788650339854655
2023-05-09,True,375,1210184.0,0,0,0,True,False,0.0035727616914627003
2023-05-10,True,375,3394487.0,0,0,0,True,False,0.0014465577283686581
2023-05-11,True,375,2904001.0,0,0,0,True,False,0.003683536194746928
2023-05-12,True,375,1204325.0,0,0,0,True,False,0.00015964240102173122
2023-05-15,True,375,1098769.0,0,0,0,True,False,-0.0006882676831850842
2023-05-16,True,375,2411915.0,0,0,0,True,False,0.006196049356564037
2023-05-17,True,375,2133516.0,0,0,0,True,False,0.002858352741901271
2023-05-18,True,375,2180257.0,0,0,0,True,False,0.005889219015280167
2023-05-19,True,375,2028934.0,0,0,0,True,False,0.00522979397781298
2023-05-22,True,375,1806262.0,0,0,0,True,False,-0.004136125654450318
2023-05-23,True,375,2154459.0,0,0,0,True,False,0.0036900369003689537
2023-05-24,True,375,2661063.0,0,0,0,True,False,-0.0045215562565720235
2023-05-25,True,375,2304126.0,0,0,0,True,False,-0.004250797024442088
2023-05-26,True,375,899376.0,0,0,0,True,False,0.0004258037044921892
2023-05-29,True,375,1626934.0,0,0,0,True,False,0.0035244608100999386
2023-05-30,True,375,1648223.0,0,0,0,True,False,-0.0029531192321889943
2023-05-31,True,375,1666014.0,0,0,0,True,False,-0.0019446050349503086
2023-06-01,True,375,1434303.0,0,0,0,True,False,0.0031010196573111326
2023-06-02,True,375,1834705.0,0,0,0,True,False,0.0069407367859049
2023-06-05,True,375,1014864.0,0,0,0,True,False,0.006833226564168182
2023-06-06,True,375,911609.0,0,0,0,True,False,-0.000527983104540608
2023-06-07,True,375,1277545.0,0,0,0,True,False,0.0018565669424994713
2023-06-08,True,375,1108239.0,0,0,0,True,False,-0.003617021276595689
2023-06-09,True,375,1136804.0,0,0,0,True,False,0.0026092976196814277
2023-06-12,True,375,842766.0,0,0,0,True,False,-0.0012245115263802564
2023-06-13,True,375,1218245.0,0,0,0,True,False,-0.0009607173356105392
2023-06-14,True,375,812614.0,0,0,0,True,False,0.0024370860927152016
2023-06-15,True,375,1008255.0,0,0,0,True,False,0.001170710940825881
2023-06-16,True,375,1134647.0,0,0,0,True,False,0.0024811218985976158
2023-06-19,True,375,1761208.0,0,0,0,True,False,-0.0005888335742197937
2023-06-20,False,376,1103692.0,0,0,1,False,False,-0.0033008658008657488
2023-06-21,True,375,875611.0,0,0,0,True,False,-0.00021547080370609706
2023-06-22,True,375,2521978.0,0,0,0,True,False,-0.0006486486486486642
2023-06-23,True,375,1073651.0,0,0,0,True,False,0.0003780922545100207
2023-06-26,True,375,1276416.0,0,0,0,True,False,0.0034635783093408534
2023-06-27,True,375,1702640.0,0,0,0,True,False,0.003236245954692629
2023-06-28,True,375,1519299.0,0,0,0,True,False,0.0047897817988291624
2023-06-30,True,375,2104314.0,0,0,0,True,False,0.0006383657835939971
2023-07-03,True,375,1383132.0,0,0,0,True,False,0.003265699448578463
2023-07-04,True,375,1768955.0,0,0,0,True,False,0.004560156954239281
2023-07-05,True,375,2840389.0,0,0,0,True,False,-0.0026467630088401473
2023-07-06,True,375,809444.0,0,0,0,True,False,-0.004587634240433736
2023-07-07,True,375,1318084.0,0,0,0,True,False,-0.004699738903394257
2023-07-10,True,375,1445611.0,0,0,0,True,False,0.0011111699031693956
2023-07-11,True,375,1169811.0,0,0,0,True,False,0.0006858348720653051
2023-07-12,True,375,1387590.0,0,0,0,True,False,0.002642985516439378
2023-07-13,True,375,1309532.0,0,0,0,True,False,0.0040258501959953286
2023-07-14,True,375,1401784.0,0,0,0,True,False,0.003397804495556711
2023-07-17,True,375,1167997.0,0,0,0,True,False,-0.0018658650357624706
2023-07-18,True,375,2627898.0,0,0,0,True,False,0.006172839506172867
2023-07-19,True,375,2039198.0,0,0,0,True,False,0.004149802756288734
2023-07-20,True,375,2272541.0,0,0,0,True,False,0.002567921524318173
2023-07-21,True,375,2321498.0,0,0,0,True,False,0.0013582172141455295
2023-07-24,True,375,2972064.0,0,0,0,True,False,0.00495000000000001
2023-07-25,True,375,1631338.0,0,0,0,True,False,0.007107213065174589
2023-07-26,True,375,728724.0,0,0,0,True,False,-0.0008049099506992619
2023-07-27,True,375,1429319.0,0,0,0,True,False,0.006071249372804788
2023-07-28,True,375,1232598.0,0,0,0,True,False,-0.0061362036012473364
2023-07-31,True,375,856077.0,0,0,0,True,False,-0.0010030090270812808
2023-08-01,True,375,906402.0,0,0,0,True,False,0.004663991975927706
2023-08-02,True,375,1578233.0,0,0,0,True,False,-0.01044543765379402
2023-08-03,True,375,1521475.0,0,0,0,True,False,-0.00938324203692431
2023-08-04,True,375,2002556.0,0,0,0,True,False,0.0022245214692186988
2023-08-07,True,375,980692.0,0,0,0,True,False,0.0001030025235617682
2023-08-08,True,375,1551656.0,0,0,0,True,False,0.0011799712702647014
2023-08-09,True,375,1403258.0,0,0,0,True,False,-0.006167176350662551
2023-08-10,True,375,1536679.0,0,0,0,True,False,-0.0014902363823227072
2023-08-11,True,375,1636257.0,0,0,0,True,False,-5.189682910378135e-05
2023-08-14,True,375,1250549.0,0,0,0,True,False,-0.0072702547204351875
2023-08-16,True,375,899894.0,0,0,0,True,False,-0.0047445255474452
2023-08-17,True,375,2756106.0,0,0,0,True,False,0.0009937238493724632
2023-08-18,True,375,1164486.0,0,0,0,True,False,-0.0022105263157895516
2023-08-21,True,375,1304371.0,0,0,0,True,False,0.0018441435270561968
2023-08-22,True,375,2017774.0,0,0,0,True,False,0.0037256651099333293
2023-08-23,True,375,1429126.0,0,0,0,True,False,0.004210526315789442
2023-08-24,True,375,2586593.0,0,0,0,True,False,0.0056876938986556436
2023-08-25,True,375,662645.0,0,0,0,True,False,-0.005062767990907657
2023-08-28,True,375,893254.0,0,0,0,True,False,0.00010310872815377792
2023-08-29,True,375,1147711.0,0,0,0,True,False,0.001955939880584623
2023-08-30,True,375,1166590.0,0,0,0,True,False,0.0028417898108918926
2023-08-31,True,375,2171284.0,0,0,0,True,False,0.0015649452269170805
2023-09-01,True,375,578535.0,0,0,0,True,False,-0.003073396884930024
2023-09-04,True,375,751351.0,0,0,0,True,False,0.0011368334022323623
2023-09-05,True,375,713717.0,0,0,0,True,False,-0.0029989658738366343
2023-09-06,True,375,2001193.0,0,0,0,True,False,-0.007168643630737548
2023-09-07,True,375,899647.0,0,0,0,True,False,-0.0026563883535601907
2023-09-08,True,375,1247206.0,0,0,0,True,False,0.00472506360662539
2023-09-11,True,375,700118.0,0,0,0,True,False,0.0036028617015801956
2023-09-12,True,375,2672690.0,0,0,0,True,False,0.008248472505091753
2023-09-13,True,375,1601197.0,0,0,0,True,False,0.00025264008892933454
2023-09-14,True,375,808811.0,0,0,0,True,False,0.0023738572655183088
2023-09-15,True,375,910401.0,0,0,0,True,False,0.0026322450012654652
2023-09-18,True,375,1122262.0,0,0,0,True,False,-0.0018650133575280892
2023-09-20,True,375,2810327.0,0,0,0,True,False,-0.00798423366516765
2023-09-21,True,375,1986416.0,0,0,0,True,False,-0.007595321282090284
2023-09-22,True,375,1587719.0,0,0,0,True,False,-0.0030227225349176434
2023-09-25,True,375,896412.0,0,0,0,True,False,-0.001261166579085704
2023-09-26,True,375,1312296.0,0,0,0,True,False,0.0020376175548588726
2023-09-27,True,375,2108129.0,0,0,0,True,False,-0.0033701948393891623
2023-09-28,True,375,3998011.0,0,0,0,True,False,0.0037154989384289294
2023-09-29,True,375,535567.0,0,0,0,True,False,0.004296398451175021
2023-10-03,True,375,1031887.0,0,0,0,True,False,-0.001469045120671586
2023-10-04,True,375,3236528.0,0,0,0,True,False,-0.005319148936170248
2023-10-05,True,375,1220792.0,0,0,0,True,False,0.0010704345964460682
2023-10-06,True,375,643612.0,0,0,0,True,False,0.00707936338957782
2023-10-09,True,375,738631.0,0,0,0,True,False,-0.005131732091842145
2023-10-10,True,375,654675.0,0,0,0,True,False,0.001490947816826349
2023-10-11,True,375,1733189.0,0,0,0,True,False,0.0032569867619247628
2023-10-12,True,375,690249.0,0,0,0,True,False,0.0008928571428572507
2023-10-13,True,375,737883.0,0,0,0,True,False,-0.005027494108405306
2023-10-16,True,375,556522.0,0,0,0,True,False,-0.002051659740123113
2023-10-17,True,375,1040868.0,0,0,0,True,False,0.00515518148342986
2023-10-18,True,375,1170412.0,0,0,0,True,False,-0.0055526453640648565
2023-10-19,True,375,837431.0,0,0,0,True,False,-0.008474576271186418
2023-10-20,True,375,845650.0,0,0,0,True,False,-0.0030486174252554177
2023-10-23,True,375,1697252.0,0,0,0,True,False,0.008565310492505418
2023-10-25,True,375,1372638.0,0,0,0,True,False,-0.005423692406830716
2023-10-26,True,375,2762567.0,0,0,0,True,False,-0.003379114889906276
2023-10-27,True,375,934701.0,0,0,0,True,False,0.00659340659340657
2023-10-30,True,375,618472.0,0,0,0,True,False,-0.005361050328227535
2023-10-31,True,375,1104571.0,0,0,0,True,False,0.005463889640248798
2023-11-01,True,375,1297532.0,0,0,0,True,False,-0.002673942701227894
2023-11-02,True,375,902674.0,0,0,0,True,False,0.006178915135607976
2023-11-03,True,375,1264530.0,0,0,0,True,False,0.009238628335416443
2023-11-06,True,375,669326.0,0,0,0,True,False,0.008574490889603492
2023-11-07,True,375,1125047.0,0,0,0,True,False,-0.0030639197041733013
2023-11-08,False,375,1024444.0,0,1,0,True,False,0.00010544630147091283
2023-11-09,True,375,844509.0,0,0,0,True,False,-0.0015494763838426184
2023-11-10,True,375,1217578.0,0,0,0,True,False,-0.002722904431393447
2023-11-12,False,60,,0,0,60,False,False,0.002179691653375837
2023-11-13,False,375,809432.0,0,1,0,True,False,-0.0013267526402377383
2023-11-15,True,375,2050037.0,0,0,0,True,False,0.011026656674874236
2023-11-16,True,375,1523676.0,0,0,0,True,False,-0.0031847133757961776
2023-11-17,True,375,2248845.0,0,0,0,True,False,-0.00903743315508021
2023-11-20,True,375,1154315.0,0,0,0,True,False,0.0013032145960034658
2023-11-21,False,375,536044.0,0,1,0,True,False,0.003746131711819256
2023-11-22,True,375,1649662.0,0,0,0,True,False,-0.004528546013262247
2023-11-23,False,375,623963.0,0,1,0,True,False,-0.0002166377816291698
2023-11-24,True,375,531073.0,0,0,0,True,False,-0.0016792156437895889
2023-11-28,True,375,1477901.0,0,0,0,True,False,-0.00010764262648010892
2023-11-29,True,375,984619.0,0,0,0,True,False,0.0008601225674658153
2023-11-30,True,375,1683794.0,0,0,0,True,False,-0.0013826110077106435
2023-12-01,True,375,2824695.0,0,0,0,True,False,0.0010160427807486272
2023-12-04,True,375,7749654.0,0,0,0,True,False,0.0175809091389052
2023-12-05,True,375,5212348.0,0,0,0,True,False,0.01099233561920121
2023-12-06,True,375,2739771.0,0,0,0,True,False,0.0031161893456002066
2023-12-07,True,375,1182213.0,0,0,0,True,False,-0.006332901166849481
2023-12-08,True,375,1625614.0,0,0,0,True,False,-0.0024574953608506034
2023-12-11,True,375,1754757.0,0,0,0,True,False,-0.004349975284231311
2023-12-12,True,375,1140053.0,0,0,0,True,False,0.0017235436056532993
2023-12-13,True,375,1446365.0,0,0,0,True,False,0.0007889546351085297
2023-12-14,True,375,3467465.0,0,0,0,True,False,0.008832527385769229
2023-12-15,True,375,1825387.0,0,0,0,True,False,0.009283883758038902
2023-12-18,True,375,1285490.0,0,0,0,True,False,-0.004013151532733628
2023-12-19,True,375,1103863.0,0,0,0,True,False,0.0005366115420264439
2023-12-20,True,375,1041895.0,0,0,0,True,False,0.007889546351084853
2023-12-21,True,375,2599474.0,0,0,0,True,False,-0.00732144635919918
2023-12-22,True,375,3303839.0,0,0,0,True,False,-0.0010955629699714864
2023-12-26,True,375,1059570.0,0,0,0,True,False,0.0001507916561949152
2023-12-27,True,375,1158290.0,0,0,0,True,False,0.0020081329384005198
2023-12-28,True,375,2022319.0,0,0,0,True,False,0.004684541014651655
2023-12-29,True,375,1090310.0,0,0,0,True,False,-0.0014917209487345096
2024-01-01,True,375,432923.0,0,0,0,True,False,-0.006860977564102533
2024-01-02,True,375,796407.0,0,0,0,True,False,0.003018108651911433
2024-01-03,True,375,2437696.0,0,0,0,True,False,0.002545306454897256
2024-01-04,True,375,2543497.0,0,0,0,True,False,5.0691945049807785e-05
2024-01-05,True,375,1572918.0,0,0,0,True,False,-0.0006574621959236637
2024-01-08,True,375,826221.0,0,0,0,True,False,0.0014608835826910305
2024-01-09,True,375,896069.0,0,0,0,True,False,0.0033062054933876706
2024-01-10,True,375,1013064.0,0,0,0,True,False,-0.003783231083844596
2024-01-11,True,375,701651.0,0,0,0,True,False,0.0028211586901762953
2024-01-12,True,375,730802.0,0,0,0,True,False,0.004442649434571955
2024-01-15,True,375,1932405.0,0,0,0,True,False,0.0015469833824042212
2024-01-16,True,375,1010702.0,0,0,0,True,False,-0.003861386138613865
2024-01-17,True,375,8350937.0,0,0,0,True,False,-0.01994047619047623
2024-01-18,True,375,2255950.0,0,0,0,True,False,-0.005666156202143946
2024-01-19,True,375,3435106.0,0,0,0,True,False,0.00384810126582269
2024-01-20,True,375,1229795.0,0,0,0,True,False,0.005950000000000122
2024-01-23,True,375,14339231.0,0,0,0,True,False,0.0472658953821814
2024-01-24,True,375,3777534.0,0,0,0,True,False,0.0015079287868469127
2024-01-25,True,375,4295652.0,0,0,0,True,False,-0.00010015022533804707
2024-01-29,True,375,2678185.0,0,0,0,True,False,0.01090188305252715
2024-01-30,True,375,2931179.0,0,0,0,True,False,-0.0031429553602120297
2024-01-31,True,375,2611229.0,0,0,0,True,False,0.0018721056261701285
2024-02-01,True,375,1746306.0,0,0,0,True,False,0.009027032302137306
2024-02-02,True,375,1893878.0,0,0,0,True,False,0.012101102761783888
2024-02-05,True,375,2417374.0,0,0,0,True,False,-0.0019521717911176184
2024-02-06,True,375,1618682.0,0,0,0,True,False,0.0020068526676455534
2024-02-07,True,375,2116895.0,0,0,0,True,False,0.00024324981756262964
2024-02-08,True,375,2498203.0,0,0,0,True,False,-0.0004879953152450156
2024-02-09,True,375,1665942.0,0,0,0,True,False,-0.0030749067446315115
2024-02-12,True,375,863167.0,0,0,0,True,False,-0.0005440427320837493
2024-02-13,True,375,2652367.0,0,0,0,True,False,0.011970626697515252
2024-02-14,True,375,1684144.0,0,0,0,True,False,-0.008836090520838447
2024-02-15,True,375,1078127.0,0,0,0,True,False,0.002302792748652749
2024-02-16,True,375,515894.0,0,0,0,True,False,0.004023157688156198
2024-02-19,True,375,950312.0,0,0,0,True,False,0.00039102595434759024
2024-02-20,True,375,1030041.0,0,0,0,True,False,0.0
2024-02-21,True,375,2233334.0,0,0,0,True,False,0.006572054481378986
2024-02-22,True,375,1746756.0,0,0,0,True,False,0.0060975609756097615
2024-02-23,True,375,2409562.0,0,0,0,True,False,0.00796005840516223
2024-02-26,True,375,1248865.0,0,0,0,True,False,-0.007679623085983578
2024-02-27,True,375,1009530.0,0,0,0,True,False,-0.002846975088967918
2024-02-28,True,375,745361.0,0,0,0,True,False,0.0014130946773434072
2024-02-29,True,375,1855825.0,0,0,0,True,False,-0.0033919357920886295
2024-03-01,True,375,1354647.0,0,0,0,True,False,4.73956111664009e-05
2024-03-02,False,105,125959.0,0,0,0,False,False,0.0020737327188939947
2024-03-04,True,375,1064042.0,0,0,0,True,False,-0.0026755235722853987
2024-03-05,True,375,1152077.0,0,0,0,True,False,-0.004308369236410314
2024-03-06,True,375,2351712.0,0,0,0,True,False,-0.006940295077446312
2024-03-07,True,375,1250572.0,0,0,0,True,False,-0.0036851683348497755
2024-03-11,True,375,1344440.0,0,0,0,True,False,0.001334560515416472
2024-03-12,True,375,3330612.0,0,0,0,True,False,-0.00018565792527269753
2024-03-13,True,375,1333401.0,0,0,0,True,False,0.0019533975163947837
2024-03-14,True,375,2114940.0,0,0,0,True,False,-0.001848428835489857
2024-03-15,True,375,1089991.0,0,0,0,True,False,-0.011480473972981686
2024-03-18,True,375,955426.0,0,0,0,True,False,0.0010708632088647363
2024-03-19,True,375,977867.0,0,0,0,True,False,-0.0033730708806948284
2024-03-20,True,375,1231348.0,0,0,0,True,False,-0.0013407924545749683
2024-03-21,True,375,1467259.0,0,0,0,True,False,0.004969630038652806
2024-03-22,True,375,1608681.0,0,0,0,True,False,-0.0003236245954691963
2024-03-26,True,375,1633331.0,0,0,0,True,False,-0.007801743919229054
2024-03-27,True,375,1436531.0,0,0,0,True,False,0.00027690603655150525
2024-03-28,True,375,2210697.0,0,0,0,True,False,0.0
2024-04-01,True,375,1778997.0,0,0,0,True,False,0.0
2024-04-02,True,375,1813717.0,0,0,0,True,False,-0.0038682078820424515
2024-04-03,True,375,2151388.0,0,0,0,True,False,-0.007524350274661917
2024-04-04,True,375,3007352.0,0,0,0,True,False,0.006868705620272086
2024-04-05,True,375,2979996.0,0,0,0,True,False,-0.009763546342140494
2024-04-08,True,375,1196647.0,0,0,0,True,False,-0.005212177121771355
2024-04-09,True,375,1095488.0,0,0,0,True,False,0.004553817847286146
2024-04-10,True,375,1084434.0,0,0,0,True,False,0.002934007402726424
2024-04-12,True,375,1652912.0,0,0,0,True,False,-0.004779942279942273
2024-04-15,True,375,1787905.0,0,0,0,True,False,-0.0025385312783318126
2024-04-16,True,375,1446266.0,0,0,0,True,False,-0.006542316258351888
2024-04-18,True,375,1636808.0,0,0,0,True,False,0.004912280701754312
2024-04-19,True,375,1661522.0,0,0,0,True,False,-0.0021322971948445346
2024-04-22,True,375,1885045.0,0,0,0,True,False,0.010112359550561667
2024-04-23,True,375,2087069.0,0,0,0,True,False,0.011540760494735292
2024-04-24,True,375,480979.0,0,0,0,True,False,0.0037678628865505104
2024-04-25,True,375,1989266.0,0,0,0,True,False,-0.005474452554744547
2024-04-26,True,375,1737767.0,0,0,0,True,False,0.0011252137906201387
2024-04-29,True,375,4142178.0,0,0,0,True,False,-0.002475804636506873
2024-04-30,True,375,1999517.0,0,0,0,True,False,0.003069872016603137
2024-05-02,True,375,4998002.0,0,0,0,True,False,-0.006302977613562244
2024-05-03,True,375,2161321.0,0,0,0,True,False,0.001579640193067
2024-05-06,True,375,3366676.0,0,0,0,True,False,0.001447495394332643
2024-05-07,True,375,1638624.0,0,0,0,True,False,-0.000913838120104371
2024-05-08,True,375,2140196.0,0,0,0,True,False,-0.003758401131942035
2024-05-09,True,375,975164.0,0,0,0,True,False,-0.005281846426986259
2024-05-10,True,375,1618788.0,0,0,0,True,False,0.003635710759010591
2024-05-13,True,375,1213729.0,0,0,0,True,False,-0.005275865152463477
2024-05-14,True,375,3212647.0,0,0,0,True,False,-0.0006656903208627218
2024-05-15,True,375,776374.0,0,0,0,True,False,0.0013385686239515415
2024-05-16,True,375,1690659.0,0,0,0,True,False,0.007021598080170666
2024-05-17,True,375,2221377.0,0,0,0,True,False,0.0018157661647475454
2024-05-18,False,105,66743.0,0,0,0,False,False,0.0004422821760283746
2024-05-21,True,375,1842025.0,0,0,0,True,False,-0.008657243816254323
2024-05-22,True,375,2417682.0,0,0,0,True,False,0.004598830200473358
2024-05-23,True,375,1622836.0,0,0,0,True,False,0.0012565632993761788
2024-05-24,True,375,706668.0,0,0,0,True,False,-0.005719313682358118
2024-05-27,True,375,909724.0,0,0,0,True,False,-0.00044154009184038667
2024-05-28,True,375,618444.0,0,0,0,True,False,0.0026116595104246354
2024-05-29,True,375,1692649.0,0,0,0,True,False,-0.00972468916518654
2024-05-30,True,375,2722995.0,0,0,0,True,False,-0.0063405797101449
2024-05-31,True,375,2845868.0,0,0,0,True,False,4.472471935224043e-05
2024-06-03,True,375,8008679.0,0,0,0,True,False,0.04292017649418378
2024-06-04,True,375,7517924.0,0,0,0,True,False,-0.006009099493518799
2024-06-05,True,375,6245562.0,0,0,0,True,False,0.008364312267657992
2024-06-06,True,375,2970127.0,0,0,0,True,False,0.013645224171539905
2024-06-07,True,375,1469456.0,0,0,0,True,False,-0.0012143017764784103
2024-06-10,True,375,2083465.0,0,0,0,True,False,-0.004460303300624413
2024-06-11,True,375,1225545.0,0,0,0,True,False,-4.4650830505421624e-05
2024-06-12,True,375,1937414.0,0,0,0,True,False,0.0035810205908684
2024-06-13,True,375,1718844.0,0,0,0,True,False,0.0048352435530085724
2024-06-14,True,375,2040279.0,0,0,0,True,False,0.0033324326758534806
2024-06-18,True,375,2048594.0,0,0,0,True,False,0.00805393421112166
2024-06-19,True,375,5156494.0,0,0,0,True,False,0.0019542527204086113
2024-06-20,True,375,3511375.0,0,0,0,True,False,0.007947945325123218
2024-06-21,True,375,2237584.0,0,0,0,True,False,0.006008991872730407
2024-06-24,True,375,2718112.0,0,0,0,True,False,-0.0023760152064973283
2024-06-25,True,375,2440157.0,0,0,0,True,False,0.000641299700726794
2024-06-26,True,375,2995816.0,0,0,0,True,False,-0.0016611295681062677
2024-06-27,True,375,3168429.0,0,0,0,True,False,0.014327002477291462
2024-06-28,True,375,1514886.0,0,0,0,True,False,0.008631319358816336
2024-07-01,True,375,1243992.0,0,0,0,True,False,0.001962831488828476
2024-07-02,True,375,2780628.0,0,0,0,True,False,0.007408633748603233
2024-07-03,True,375,5935151.0,0,0,0,True,False,0.004153032972564752
2024-07-04,True,375,4104503.0,0,0,0,True,False,0.02416666666666667
2024-07-05,True,375,2638688.0,0,0,0,True,False,-0.005641462721701407
2024-07-08,True,375,1136565.0,0,0,0,True,False,-0.0025162337662336665
2024-07-09,True,375,1912130.0,0,0,0,True,False,-0.0008495145631067791
2024-07-10,True,375,4329751.0,0,0,0,True,False,0.005619104956853249
2024-07-11,True,375,2367941.0,0,0,0,True,False,0.003502415458937147
2024-07-12,True,375,667902.0,0,0,0,True,False,-0.003306451612903105
2024-07-15,True,375,1060505.0,0,0,0,True,False,-0.001134062373430611
2024-07-16,True,375,1498757.0,0,0,0,True,False,-0.0008123476848090894
2024-07-18,True,375,1789873.0,0,0,0,True,False,-0.0030274896056190492
2024-07-19,True,375,1310233.0,0,0,0,True,False,-0.003883572887055986
2024-07-22,True,375,1303512.0,0,0,0,True,False,-0.007563327864260283
2024-07-23,True,375,2240830.0,0,0,0,True,False,-0.0014883346741753067
2024-07-24,True,375,2213489.0,0,0,0,True,False,-0.0016299918500407573
2024-07-25,True,375,2512959.0,0,0,0,True,False,-0.017202021849013427
2024-07-26,True,375,2586796.0,0,0,0,True,False,-0.005723357145841046
2024-07-29,True,375,4772875.0,0,0,0,True,False,-0.0015201314708298552
2024-07-30,True,375,2246267.0,0,0,0,True,False,0.0020238734459543384
2024-07-31,True,375,4288861.0,0,0,0,True,False,0.010151232649678876
2024-08-01,True,375,1267689.0,0,0,0,True,False,-0.002960282871474318
2024-08-02,True,375,2650084.0,0,0,0,True,False,-0.009474947246472798
2024-08-05,True,375,1907115.0,0,0,0,True,False,-0.012778752192432963
2024-08-06,True,375,1402434.0,0,0,0,True,False,0.0026880573452234824
2024-08-07,True,375,1183806.0,0,0,0,True,False,0.009634323884559315
2024-08-08,True,375,936158.0,0,0,0,True,False,-0.005581593523647177
2024-08-09,True,375,1046297.0,0,0,0,True,False,0.010174293809564583
2024-08-12,True,375,920549.0,0,0,0,True,False,0.0
2024-08-13,True,375,2143429.0,0,0,0,True,False,0.009125799573560744
2024-08-14,True,375,2625535.0,0,0,0,True,False,-0.002947584262463221
2024-08-16,True,375,1934256.0,0,0,0,True,False,0.00757836720633831
2024-08-19,True,375,1679882.0,0,0,0,True,False,0.0021034917963820288
2024-08-20,True,375,893774.0,0,0,0,True,False,-0.0029718943703829215
2024-08-21,True,375,1531061.0,0,0,0,True,False,-0.00025482035165202976
2024-08-22,True,375,1017751.0,0,0,0,True,False,0.005401267384000263
2024-08-23,True,375,1125586.0,0,0,0,True,False,0.0018054330940084906
2024-08-26,True,375,1146938.0,0,0,0,True,False,0.0008301855464696306
2024-08-27,True,375,2608639.0,0,0,0,True,False,-0.0007000782440391706
2024-08-28,True,375,796064.0,0,0,0,True,False,0.0010234157524151577
2024-08-29,True,375,867616.0,0,0,0,True,False,-0.0016789516789516012
2024-08-30,True,375,1178676.0,0,0,0,True,False,0.007288510359511946
2024-09-02,True,375,810815.0,0,0,0,True,False,0.005681818181818121
2024-09-03,True,375,1040077.0,0,0,0,True,False,-0.0022764227642275703
2024-09-04,True,375,2106503.0,0,0,0,True,False,-0.005414728060324059
2024-09-05,True,375,1133438.0,0,0,0,True,False,0.0025915127955944417
2024-09-06,True,375,1725637.0,0,0,0,True,False,-0.00760917958473295
2024-09-09,True,375,1707169.0,0,0,0,True,False,-0.005415684815411881
2024-09-10,True,375,2552630.0,0,0,0,True,False,0.0
2024-09-11,True,375,1499922.0,0,0,0,True,False,-0.005009291427648055
2024-09-12,True,375,855766.0,0,0,0,True,False,0.0
2024-09-13,True,375,1009772.0,0,0,0,True,False,0.0048154093097914075
2024-09-16,True,375,1171749.0,0,0,0,True,False,0.002002402883460208
2024-09-17,True,375,1442735.0,0,0,0,True,False,-0.0030858092336906173
2024-09-18,True,375,730351.0,0,0,0,True,False,-0.0033170115305639625
2024-09-19,True,375,1528383.0,0,0,0,True,False,0.0021390790292470374
2024-09-20,True,375,837471.0,0,0,0,True,False,0.0018567228841095407
2024-09-23,True,375,2071838.0,0,0,0,True,False,-0.01400103711386036
2024-09-24,True,375,1115920.0,0,0,0,True,False,-0.001247495558159839
2024-09-25,True,375,1215473.0,0,0,0,True,False,-0.0070075757575757125
2024-09-26,True,375,2063602.0,0,0,0,True,False,-0.004524886877828038
2024-09-27,True,375,1394963.0,0,0,0,True,False,0.005696178656305451
2024-09-30,True,375,2256461.0,0,0,0,True,False,-0.01102181400688873
2024-10-01,True,375,1172855.0,0,0,0,True,False,-0.0025137470542027085
2024-10-03,True,375,2920084.0,0,0,0,True,False,-0.01924581442653739
2024-10-04,True,375,1779487.0,0,0,0,True,False,-0.0085463290535438
2024-10-07,True,375,1045416.0,0,0,0,True,False,0.00048350054393808684
2024-10-08,True,375,1518051.0,0,0,0,True,False,0.004045307443365731
2024-10-09,True,375,1407532.0,0,0,0,True,False,0.00513463248969015
2024-10-10,True,375,1004470.0,0,0,0,True,False,-0.00036080821039130573
2024-10-11,True,375,1470547.0,0,0,0,True,False,-0.00562700964630225
2024-10-14,True,375,1172577.0,0,0,0,True,False,-0.0018801602223493807
2024-10-15,True,375,1264119.0,0,0,0,True,False,0.004825628548256411
2024-10-16,True,375,931773.0,0,0,0,True,False,-0.005971337579617875
2024-10-17,True,375,1946657.0,0,0,0,True,False,0.0035742971887551267
2024-10-18,True,375,1077872.0,0,0,0,True,False,-0.003287337662337575
2024-10-21,True,375,1226354.0,0,0,0,True,False,-0.0021700532649437942
2024-10-22,True,375,2184232.0,0,0,0,True,False,0.007196532941036171
2024-10-23,True,375,1456834.0,0,0,0,True,False,-0.005794930421413547
2024-10-24,True,375,1492683.0,0,0,0,True,False,-0.00259274032708412
2024-10-25,False,750,,750,0,0,False,False,-0.005937674344464794
2024-10-28,False,750,,750,0,0,False,False,0.020562083201016268
2024-10-29,False,750,,750,0,0,False,False,0.005369283065512764
2024-10-30,True,375,2146568.0,0,0,0,True,False,-0.0057447527503473594
2024-10-31,True,375,2100056.0,0,0,0,True,False,-0.004379284082254409
2024-11-01,False,120,,120,0,120,False,False,-0.003745752239728062
2024-11-04,True,375,2299185.0,0,0,0,True,False,-0.0013932966947907133
2024-11-05,True,375,1131193.0,0,0,0,True,False,-0.0018817625842874053
2024-11-06,False,750,,750,0,0,False,False,0.006697119851347244
2024-11-07,True,375,1736207.0,0,0,0,True,False,-0.006015325670498006
2024-11-08,False,750,,750,0,0,False,False,-0.007618675522563012
2024-11-11,True,375,1371925.0,0,0,0,True,False,0.002382843526608447
2024-11-12,True,375,1451816.0,0,0,0,True,False,0.005911796003625902
2024-11-13,True,375,1868635.0,0,0,0,True,False,0.0012608353033884967
2024-11-14,True,375,1080332.0,0,0,0,True,False,-0.0033783783783783994
2024-11-18,True,375,1141023.0,0,0,0,True,False,0.0008340283569641116
2024-11-19,False,750,,750,0,0,False,False,0.003833100419245339
2024-11-21,True,375,2077421.0,0,0,0,True,False,0.0036575562700964515
2024-11-22,True,375,1547151.0,0,0,0,True,False,0.0017119878966438407
2024-11-25,True,375,1988836.0,0,0,0,True,False,0.014084507042253502
2024-11-26,True,375,1197681.0,0,0,0,True,False,0.005832693783576204
2024-11-27,True,375,1435944.0,0,0,0,True,False,-0.004828326180257525
2024-11-28,True,375,1967946.0,0,0,0,True,False,-0.0001536983669548908
2024-11-29,False,750,,750,0,0,False,False,-0.003417475728155428
2024-12-02,True,375,1228422.0,0,0,0,True,False,0.0009240009240010227
2024-12-03,False,750,,750,0,0,False,False,0.00038359737619386713
2024-12-04,True,375,1891710.0,0,0,0,True,False,-0.0031758178687584238
2024-12-05,True,375,1311579.0,0,0,0,True,False,0.000494071146245112
2024-12-06,True,375,795896.0,0,0,0,True,False,0.00445176012868953
2024-12-09,True,375,870253.0,0,0,0,True,False,-0.0051918735891648415
2024-12-10,True,375,1044291.0,0,0,0,True,False,-0.0034000755572346497
2024-12-11,True,375,1134546.0,0,0,0,True,False,-0.004994929958312855
2024-12-12,True,375,1107818.0,0,0,0,True,False,-0.0048569277108434505
2024-12-13,True,375,1805529.0,0,0,0,True,False,-0.003945588456335525
2024-12-16,True,375,1343628.0,0,0,0,True,False,-0.0004087851648146845
2024-12-17,False,750,,750,0,0,False,False,-0.0011908306043464378
2024-12-18,True,375,1037925.0,0,0,0,True,False,-0.006559220389805054
2024-12-19,True,375,2286055.0,0,0,0,True,False,-0.023464196218391797
2024-12-20,True,375,1067804.0,0,0,0,True,False,-0.004303993796044958
2024-12-23,True,375,666587.0,0,0,0,True,False,0.0020510835913314374
2024-12-24,True,375,448096.0,0,0,0,True,False,-0.0004239411107256341
2024-12-26,True,375,596687.0,0,0,0,True,False,0.006391006391006426
2024-12-27,True,375,519218.0,0,0,0,True,False,0.0011950655358519136
2024-12-30,False,750,,750,0,0,False,False,-0.001988451684447945
2024-12-31,True,375,477387.0,0,0,0,True,False,-0.005063976187715036
2025-01-01,True,375,532572.0,0,0,0,True,False,-0.0014413712504869336
2025-01-02,True,375,446414.0,0,0,0,True,False,0.0015587249629802624
2025-01-03,True,375,864717.0,0,0,0,True,False,-0.003718048024786924
2025-01-06,True,375,463379.0,0,0,0,True,False,0.0019358407079645978
2025-01-07,True,375,822249.0,0,0,0,True,False,0.0003949447077409296
2025-01-08,True,375,776126.0,0,0,0,True,False,-3.9044198032134325e-05
2025-01-09,True,375,745237.0,0,0,0,True,False,-0.006044325050369448
2025-01-10,True,375,565266.0,0,0,0,True,False,-0.0035615354174910463
2025-01-13,True,375,1494322.0,0,0,0,True,False,-0.013145802533263917
2025-01-14,True,375,702619.0,0,0,0,True,False,0.0019904135185635496
2025-01-15,True,375,1147756.0,0,0,0,True,False,-0.007200611448569982
2025-01-16,True,375,1076767.0,0,0,0,True,False,0.005004439422067852
2025-01-17,True,375,1075804.0,0,0,0,True,False,-0.0076619178738178695
2025-01-20,True,375,1060179.0,0,0,0,True,False,-0.0010610512569375619
2025-01-21,True,375,962355.0,0,0,0,True,False,0.004017857142857073
2025-01-22,True,375,1170529.0,0,0,0,True,False,0.00254601611085592
2025-01-23,True,375,1383101.0,0,0,0,True,False,-0.0011263140330384225
2025-01-24,True,375,957852.0,0,0,0,True,False,0.0005821689953424691
2025-01-27,True,375,3868498.0,0,0,0,True,False,-0.015812880909240712
2025-01-28,True,375,4013880.0,0,0,0,True,False,0.01803713527851447
2025-01-29,True,375,1064637.0,0,0,0,True,False,0.004210948466011555
2025-01-30,True,375,1573822.0,0,0,0,True,False,-0.0011187470033563462
2025-01-31,True,375,813997.0,0,0,0,True,False,-0.0032179889555440377
2025-02-01,True,375,301483.0,0,0,0,True,False,-0.0014366096013408436
2025-02-03,True,375,934828.0,0,0,0,True,False,-0.006098047030689613
2025-02-04,True,375,1983965.0,0,0,0,True,False,0.00786144698511504
2025-02-05,True,375,1060129.0,0,0,0,True,False,0.002763085181968883
2025-02-06,True,375,1276274.0,0,0,0,True,False,0.00536193029490617
2025-02-07,True,375,639556.0,0,0,0,True,False,0.0
2025-02-10,True,375,783007.0,0,0,0,True,False,0.0001591089896579856
2025-02-11,True,375,1275023.0,0,0,0,True,False,-0.002977135598602687
2025-02-12,False,750,,750,0,0,False,False,0.006928036522366066
2025-02-13,True,375,1257297.0,0,0,0,True,False,-0.0002394540447778759
2025-02-14,False,750,,750,0,0,False,False,0.0028834601521825487
2025-02-17,True,375,2099318.0,0,0,0,True,False,-0.006235107227958614
2025-02-18,True,375,644165.0,0,0,0,True,False,0.0009986817401030912
2025-02-19,True,375,1292065.0,0,0,0,True,False,-0.006196933725001075
2025-02-20,True,375,1133155.0,0,0,0,True,False,-0.004875148632580317
2025-02-21,False,750,,750,0,0,False,False,-0.005648359572166917
2025-02-24,True,375,1206649.0,0,0,0,True,False,-0.004301948051948057
2025-02-25,True,375,1913704.0,0,0,0,True,False,0.005657128802164291
2025-02-27,False,750,,750,0,0,False,False,0.0012667538411246237
2025-02-28,True,375,1721328.0,0,0,0,True,False,-0.003278688524590123
2025-03-03,True,375,1028182.0,0,0,0,True,False,0.007826159353925721
2025-03-04,True,375,1326117.0,0,0,0,True,False,-0.00128236948787952
2025-03-05,True,375,1293655.0,0,0,0,True,False,0.003463060686015762
2025-03-06,True,375,1840829.0,0,0,0,True,False,0.010658436213991873
2025-03-07,True,375,1065181.0,0,0,0,True,False,-0.006480721903199371
2025-03-10,True,375,1231852.0,0,0,0,True,False,-0.004450304928300675
2025-03-11,True,375,2470251.0,0,0,0,True,False,0.00354522219473985
2025-03-12,True,375,1092519.0,0,0,0,True,False,0.002250532492062751
2025-03-13,True,375,1192484.0,0,0,0,True,False,0.005303547752018911
2025-03-17,True,375,2430858.0,0,0,0,True,False,0.00672726544668234
2025-03-18,True,375,2871044.0,0,0,0,True,False,0.013281835021479393
2025-03-19,True,375,2081702.0,0,0,0,True,False,-0.0050676319298914585
2025-03-20,True,375,1991395.0,0,0,0,True,False,0.003039513677811634
2025-03-21,True,375,1620380.0,0,0,0,True,False,-0.0019339425884493666
2025-03-24,True,375,2077390.0,0,0,0,True,False,0.013453417541761548
2025-03-25,True,375,1586295.0,0,0,0,True,False,-0.0016162209814869488
2025-03-26,True,375,1343328.0,0,0,0,True,False,0.0015648869182904868
2025-03-27,True,375,1376660.0,0,0,0,True,False,-0.001722265902879161
2025-03-28,True,375,917774.0,0,0,0,True,False,-0.0022404779686333587
2025-04-01,True,375,2363733.0,0,0,0,True,False,-0.005934718100890191
2025-04-02,True,375,872282.0,0,0,0,True,False,0.003034556006524358
2025-04-03,True,375,578988.0,0,0,0,True,False,-0.006687455385655627
2025-04-04,False,750,,750,0,0,False,False,0.00045148425448648943
2025-04-07,True,375,7426986.0,0,0,0,True,False,-0.029775280898876377
2025-04-08,True,375,1588263.0,0,0,0,True,False,0.0044432424078511
2025-04-09,True,375,3050867.0,0,0,0,True,False,0.0037690858043921693
2025-04-11,True,375,2229906.0,0,0,0,True,False,0.0008435582822086118
2025-04-15,True,375,4672125.0,0,0,0,True,False,0.029686368659731066
2025-04-16,True,375,1780390.0,0,0,0,True,False,0.005110732538330609
2025-04-17,True,375,2547638.0,0,0,0,True,False,0.002945508100147265
2025-04-21,True,375,5559992.0,0,0,0,True,False,0.020611229566453337
2025-04-22,True,375,2396967.0,0,0,0,True,False,0.003052893148739688
2025-04-23,True,375,1073416.0,0,0,0,True,False,0.010608203677510586
2025-04-24,True,375,2915661.0,0,0,0,True,False,-0.004708362614195383
2025-04-25,True,375,1633317.0,0,0,0,True,False,0.0064239828693790635
2025-04-28,True,375,1948875.0,0,0,0,True,False,0.002567760342367942
2025-04-29,True,375,1337955.0,0,0,0,True,False,0.0005602240896358524
2025-04-30,True,375,1103573.0,0,0,0,True,False,0.005261311820413894
2025-05-02,True,375,2208220.0,0,0,0,True,False,0.0018254581197783004
2025-05-05,True,375,540474.0,0,0,0,True,False,0.007697690692792136
2025-05-06,True,375,716849.0,0,0,0,True,False,0.0011209191537060459
2025-05-07,True,375,1092365.0,0,0,0,True,False,-0.0034965034965035446
2025-05-08,True,375,1573652.0,0,0,0,True,False,0.0010437687008559848
2025-05-09,False,750,,750,0,0,False,False,-0.008963585434173638
2025-05-12,True,375,1869574.0,0,0,0,True,False,0.015417867435158605
2025-05-13,True,375,1554663.0,0,0,0,True,False,-0.00799063167321079
2025-05-14,True,375,974915.0,0,0,0,True,False,-0.0006290187307799178
2025-05-15,False,750,,750,0,0,False,False,-0.0010508617065994041
2025-05-16,False,750,,750,0,0,False,False,0.00199944842801969
2025-05-19,True,375,625143.0,0,0,0,True,False,-0.0040622418066649235
2025-05-20,True,375,1270963.0,0,0,0,True,False,0.002211472011057314
2025-05-21,True,375,653409.0,0,0,0,True,False,0.002361931226120273
2025-05-22,True,375,1030524.0,0,0,0,True,False,-0.0029749550297496485
2025-05-23,True,375,521535.0,0,0,0,True,False,0.001458232067217624
2025-05-26,True,375,895205.0,0,0,0,True,False,0.005170630816959676
2025-05-27,True,375,1341885.0,0,0,0,True,False,-0.00547757617254363
2025-05-28,True,375,802738.0,0,0,0,True,False,0.0015913651145089691
2025-05-29,True,375,1133607.0,0,0,0,True,False,0.0025466308761785683
2025-05-30,False,750,,750,0,0,False,False,-0.0010947656517276139
2025-06-02,True,375,1370652.0,0,0,0,True,False,-0.002835211949381078
2025-06-03,True,375,1147109.0,0,0,0,True,False,0.004973406092422472
2025-06-04,True,375,882274.0,0,0,0,True,False,0.00027835768963124785
2025-06-05,True,375,1071558.0,0,0,0,True,False,-0.0001397526378309477
2025-06-06,True,375,582605.0,0,0,0,True,False,-0.005287372107395494
2025-06-09,True,375,1040979.0,0,0,0,True,False,0.003424657534246478
2025-06-10,True,375,3018015.0,0,0,0,True,False,0.0031369815266644174
2025-06-11,True,375,837810.0,0,0,0,True,False,-7.032843378584896e-05
2025-06-12,True,375,727232.0,0,0,0,True,False,-0.0010474860335195624
2025-06-13,False,750,,750,0,0,False,False,-0.014671814671814776
2025-06-16,True,375,506773.0,0,0,0,True,False,-0.0007759046342669107
2025-06-17,True,375,997409.0,0,0,0,True,False,-0.0007003291547027501
2025-06-18,True,375,683378.0,0,0,0,True,False,-0.0035161744022503827
2025-06-19,True,375,1194628.0,0,0,0,True,False,-0.0035385704175513455
2025-06-20,True,375,405991.0,0,0,0,True,False,0.0009219858156028771
2025-06-23,True,375,525345.0,0,0,0,True,False,-0.006590016825574918
2025-06-24,True,375,1317015.0,0,0,0,True,False,0.0060601789866818745
2025-06-25,True,375,1573716.0,0,0,0,True,False,-0.0007027406886859211
2025-06-26,True,375,1159535.0,0,0,0,True,False,0.00021060021060015366
2025-06-27,True,375,998614.0,0,0,0,True,False,-0.0007638888888887863
2025-06-30,True,375,783335.0,0,0,0,True,False,0.0026750805953767998
2025-07-01,True,375,675474.0,0,0,0,True,False,0.00048442906574397426
2025-07-02,True,375,1831420.0,0,0,0,True,False,0.0003492351749667666
2025-07-03,True,375,847233.0,0,0,0,True,False,0.003433295964125449
2025-07-04,False,750,,750,0,0,False,False,0.0
2025-07-07,True,375,450827.0,0,0,0,True,False,-0.004158004158004158
2025-07-08,True,375,721711.0,0,0,0,True,False,-0.0027160665784525806
2025-07-09,True,375,1294928.0,0,0,0,True,False,-0.004712404712404639
2025-07-10,True,375,520508.0,0,0,0,True,False,0.0034220266778406394
2025-07-11,True,375,628430.0,0,0,0,True,False,-0.001404494382022503
2025-07-14,True,375,595919.0,0,0,0,True,False,0.002039381153305264
2025-07-15,True,375,453901.0,0,0,0,True,False,-0.0005626274702863476
2025-07-16,True,375,397095.0,0,0,0,True,False,-0.0041899441340782495
2025-07-17,True,375,1899937.0,0,0,0,True,False,-0.002457002457002422
2025-07-18,True,375,1314503.0,0,0,0,True,False,-0.0018330513254372072
2025-07-21,True,375,3650773.0,0,0,0,True,False,0.014929557720613884
2025-07-22,True,375,2029599.0,0,0,0,True,False,0.0065551382724478024
2025-07-23,True,375,884718.0,0,0,0,True,False,0.007678717042674865
2025-07-24,True,375,448993.0,0,0,0,True,False,0.0005380321474208749
2025-07-25,True,375,2227459.0,0,0,0,True,False,0.008170707002498334
2025-07-28,True,375,1135934.0,0,0,0,True,False,-0.0005413086135734879
2025-07-29,True,375,1363024.0,0,0,0,True,False,-0.005443548387096708
2025-07-30,True,375,1119384.0,0,0,0,True,False,0.00188564886524345
2025-07-31,True,375,1471204.0,0,0,0,True,False,-0.006891426254982624
2025-08-01,True,375,498309.0,0,0,0,True,False,-0.0031647700491548303
2025-08-04,True,375,595556.0,0,0,0,True,False,0.004557513094347376
2025-08-05,True,375,909151.0,0,0,0,True,False,-0.006903150844098094
2025-08-06,True,375,904088.0,0,0,0,True,False,-0.0018685121107266944
2025-08-07,True,375,548155.0,0,0,0,True,False,-0.0016626255628681141
2025-08-08,True,375,390207.0,0,0,0,True,False,0.003400416377515647
2025-08-11,True,375,844308.0,0,0,0,True,False,-0.0028631284916200705
2025-08-12,True,375,747716.0,0,0,0,True,False,-0.004383218534752653
2025-08-13,True,375,1329948.0,0,0,0,True,False,0.0022513015336991238
2025-08-14,True,375,815006.0,0,0,0,True,False,-0.005563772096626618
2025-08-18,True,375,1829847.0,0,0,0,True,False,0.015690669655365808
2025-08-19,True,375,829839.0,0,0,0,True,False,-0.0036204135626262124
2025-08-20,True,375,712763.0,0,0,0,True,False,-0.0029925534135988308
2025-08-21,True,375,937400.0,0,0,0,True,False,0.007062937062936925
2025-08-22,True,375,969465.0,0,0,0,True,False,-0.0002768740915068957
2025-08-25,True,375,974107.0,0,0,0,True,False,0.0
2025-08-26,True,375,810127.0,0,0,0,True,False,-0.0020965825704102325
2025-08-28,True,375,3035274.0,0,0,0,True,False,-0.004946996466431042
2025-08-29,True,375,1013296.0,0,0,0,True,False,-0.003935317687464246
2025-09-01,True,375,764809.0,0,0,0,True,False,0.0013608365563670954
2025-09-02,True,375,484025.0,0,0,0,True,False,0.002055279943302679
2025-09-03,True,375,1594922.0,0,0,0,True,False,-0.0014378145219267058
2025-09-04,True,375,1285849.0,0,0,0,True,False,0.009523127595589376
2025-09-05,True,375,622826.0,0,0,0,True,False,0.0021306818181818787
2025-09-08,True,375,627968.0,0,0,0,True,False,-7.131141695781995e-05
2025-09-09,True,375,554162.0,0,0,0,True,False,-0.0028510334996436626
2025-09-10,True,375,828028.0,0,0,0,True,False,0.00541928123217339
2025-09-11,True,375,890574.0,0,0,0,True,False,-0.0037768118007552864
2025-09-12,True,375,678563.0,0,0,0,True,False,0.0024971461187215382
2025-09-15,True,375,501289.0,0,0,0,True,False,0.0031746031746031633
2025-09-16,True,375,962926.0,0,0,0,True,False,-0.0028208744710860323
2025-09-17,True,375,693221.0,0,0,0,True,False,-0.001616985376827973
2025-09-18,True,375,1218443.0,0,0,0,True,False,0.009808072255151012
2025-09-19,False,750,,750,0,0,False,False,-0.004778972520908087
2025-09-22,True,375,1186346.0,0,0,0,True,False,0.0009982174688056844
2025-09-23,True,375,1239152.0,0,0,0,True,False,-0.00798744829553566
2025-09-24,True,375,1349963.0,0,0,0,True,False,-0.006947926366306034
2025-09-25,True,375,1649697.0,0,0,0,True,False,-0.004338394793926281
2025-09-26,True,375,2855660.0,0,0,0,True,False,-0.004149377593360981
2025-09-29,True,375,1480213.0,0,0,0,True,False,-0.0021284403669725727
2025-09-30,True,375,1547194.0,0,0,0,True,False,0.0027407407407407103
2025-10-01,True,375,2238273.0,0,0,0,True,False,-0.0006672103195196621
2025-10-03,True,375,1841602.0,0,0,0,True,False,-0.0003643252696007293
2025-10-06,True,375,814490.0,0,0,0,True,False,0.00439560439560438
2025-10-07,True,375,1238724.0,0,0,0,True,False,-0.00021995747488834372
2025-10-08,True,375,1427237.0,0,0,0,True,False,-0.0019636363636363896
2025-10-09,True,375,582978.0,0,0,0,True,False,-0.0019672131147541183
2025-10-10,True,375,1377208.0,0,0,0,True,False,-0.0026928675400291757
2025-10-13,True,375,548952.0,0,0,0,True,False,-0.004278462654097259
2025-10-14,True,375,675768.0,0,0,0,True,False,0.005792903692976026
2025-10-15,True,375,1000168.0,0,0,0,True,False,0.0012276140958984438
2025-10-16,True,375,1650496.0,0,0,0,True,False,0.0014295925661187425
2025-10-17,False,750,,750,0,0,False,False,-0.0038097925779596586
2025-10-20,True,375,5169207.0,0,0,0,True,False,0.00340964442279601
2025-10-21,False,61,,0,0,0,False,False,-0.006101938262742301
2025-10-23,True,375,2352552.0,0,0,0,True,False,0.0026786360674726506
2025-10-24,False,750,,750,0,0,False,False,0.0027853111485742765
2025-10-27,True,375,1058871.0,0,0,0,True,False,0.002975326560232139
2025-10-28,True,375,3313075.0,0,0,0,True,False,-0.00478399536097418
2025-10-29,True,375,2745329.0,0,0,0,True,False,-0.0011711316059143106
2025-10-30,True,375,637779.0,0,0,0,True,False,-0.006707494896471156
2025-10-31,True,375,1900253.0,0,0,0,True,False,-0.003963593658250164
2025-11-03,True,375,1462270.0,0,0,0,True,False,-0.0035679774028097855
2025-11-04,True,375,611150.0,0,0,0,True,False,-0.004744255003706566
2025-11-06,True,375,3146315.0,0,0,0,True,False,-0.005161193806567543
2025-11-07,True,375,753232.0,0,0,0,True,False,7.574036203905621e-05
2025-11-08,False,90,,0,3,0,False,False,-0.02577089229852514
2025-11-10,False,375,608293.0,0,0,0,True,True,0.4281612251409126
2025-11-11,True,375,705690.0,0,0,0,True,False,0.0010388839418224993
2025-11-12,True,375,769008.0,0,0,0,True,False,0.008094186902133815
2025-11-13,True,375,2091761.0,0,0,0,True,False,0.0002944423997055523
2025-11-14,True,375,633722.0,0,0,0,True,False,-0.008228670420095341
2025-11-17,True,375,560738.0,0,0,0,True,False,0.0013836294785900538
2025-11-18,True,375,707296.0,0,0,0,True,False,0.0007976216372997946
2025-11-19,True,375,1215688.0,0,0,0,True,False,0.002554744525547381
2025-11-20,True,375,1445490.0,0,0,0,True,False,-0.002385427208327462
2025-11-21,True,375,1496968.0,0,0,0,True,False,-0.0065123010130245795
2025-11-24,True,375,571364.0,0,0,0,True,False,0.0031409788166545383
2025-11-25,True,375,1183775.0,0,0,0,True,False,-0.0007320644216690653
2025-11-26,True,375,1009728.0,0,0,0,True,False,0.0022846193529366676
2025-11-27,True,375,2018512.0,0,0,0,True,False,0.0029090909090909722
2025-11-28,True,375,727033.0,0,0,0,True,False,-0.0013630820001435673
2025-12-01,True,375,820489.0,0,0,0,True,False,0.004033419763756818
2025-12-02,True,375,1793136.0,0,0,0,True,False,-0.006042296072507614
2025-12-03,True,375,929314.0,0,0,0,True,False,-0.0049497743485222845
2025-12-04,True,375,1246454.0,0,0,0,True,False,-0.0021582733812949284
2025-12-05,False,750,,750,0,0,False,False,-0.003391787544201552
2025-12-08,True,375,705488.0,0,0,0,True,False,-0.003949730700179566
2025-12-09,True,375,1703005.0,0,0,0,True,False,-0.005118961788031617
2025-12-10,True,375,823936.0,0,0,0,True,False,0.0021090909090910603
2025-12-11,True,375,636071.0,0,0,0,True,False,-0.0005862953462806297
2025-12-12,True,375,295465.0,0,0,0,True,False,0.005143277002204183
2025-12-15,True,375,662251.0,0,0,0,True,False,-0.007465417551050346
2025-12-16,True,375,949559.0,0,0,0,True,False,-0.00073260073260073
2025-12-17,True,375,802850.0,0,0,0,True,False,-0.001170788818966706
2025-12-18,True,375,554031.0,0,0,0,True,False,-0.0053195419283339485
2025-12-19,True,375,1219925.0,0,0,0,True,False,-0.002210759027265974
2025-12-22,True,375,815124.0,0,0,0,True,False,0.0027320386915750117
2025-12-23,True,375,498779.0,0,0,0,True,False,-0.004680073126142714
2025-12-24,True,375,1324060.0,0,0,0,True,False,0.0010275983558425406
2025-12-26,True,375,290145.0,0,0,0,True,False,-0.0018395879323032105
2025-12-29,True,375,454758.0,0,0,0,True,False,0.0008142116950407008
2025-12-30,True,375,490038.0,0,0,0,True,False,0.00044686080285982754
2025-12-31,True,375,307860.0,0,0,0,True,False,-0.003118040089086893
