session,valid,minute_count,opening_volume,duplicate_timestamps,malformed_rows,outside_session_rows,complete_minute_grid,corporate_action_suspect,overnight_gap_pct
2018-01-01,True,375,124599.0,0,0,0,True,False,
2018-01-02,True,375,285231.0,0,0,0,True,False,0.0049410944039682825
2018-01-03,True,375,232097.0,0,0,0,True,False,0.0002334040028786344
2018-01-04,False,375,193674.0,0,1,0,True,False,-0.0014669926650366927
2018-01-05,False,375,366654.0,0,1,0,True,False,0.000295566502463096
2018-01-08,False,375,161471.0,0,1,0,True,False,0.009793489398597144
2018-01-09,True,375,427510.0,0,0,0,True,False,0.004287535246629837
2018-01-10,True,375,393615.0,0,0,0,True,False,0.0066352533897489074
2018-01-11,False,375,531426.0,0,1,0,True,False,0.0021462488129153634
2018-01-12,False,375,442279.0,0,1,0,True,False,0.008639108221086822
2018-01-15,True,375,812771.0,0,0,0,True,False,0.001242282090742064
2018-01-16,True,375,660502.0,0,0,0,True,False,0.00024051803885294376
2018-01-17,True,375,1800140.0,0,0,0,True,False,-0.00014222222222226577
2018-01-18,True,375,332396.0,0,0,0,True,False,-0.002613240418118501
2018-01-19,True,375,197501.0,0,0,0,True,False,-0.004780530204259059
2018-01-22,False,375,175524.0,0,1,0,True,False,-0.010643689812468216
2018-01-23,False,375,583362.0,0,1,0,True,False,0.006009929448654416
2018-01-24,False,375,677035.0,0,1,0,True,False,-0.000986428109799764
2018-01-25,False,375,269431.0,0,1,0,True,False,0.0006264497231769361
2018-01-29,True,375,348037.0,0,0,0,True,False,-0.006083326233279451
2018-01-30,True,375,159253.0,0,0,0,True,False,-0.0014061123534592213
2018-01-31,True,375,188350.0,0,0,0,True,False,-0.007568493150684863
2018-02-01,False,375,409852.0,0,1,0,True,False,-0.004584037787809581
2018-02-02,True,375,334467.0,0,0,0,True,False,-0.006997533369487274
2018-02-05,True,375,379741.0,0,0,0,True,False,-0.004366812227074246
2018-02-06,True,375,369978.0,0,0,0,True,False,-0.03427568042142226
2018-02-07,True,375,250686.0,0,0,0,True,False,0.00413892387979109
2018-02-08,False,294,294181.0,0,0,0,False,False,0.013357400722021628
2018-02-09,False,375,184664.0,0,1,0,True,False,-0.012507066139061718
2018-02-12,True,375,149654.0,0,0,0,True,False,0.0025179856115107313
2018-02-14,False,375,240338.0,0,1,0,True,False,0.004541326067211582
2018-02-15,True,375,163129.0,0,0,0,True,False,0.010999083409715782
2018-02-16,False,375,491499.0,0,1,0,True,False,0.010327795240233417
2018-02-19,True,375,144938.0,0,0,0,True,False,0.002131438721136858
2018-02-20,False,375,295220.0,0,1,0,True,False,-0.026924094154985423
2018-02-21,False,375,186672.0,0,1,0,True,False,0.01021216656395807
2018-02-22,True,375,531388.0,0,0,0,True,False,0.00043665834104755774
2018-02-23,True,375,420684.0,0,0,0,True,False,0.0038826574633303856
2018-02-26,False,375,140070.0,0,1,0,True,False,-0.002945252945253052
2018-02-27,False,375,172272.0,0,1,0,True,False,0.004386118811186446
2018-02-28,True,375,263656.0,0,0,0,True,False,-0.00017424638438756634
2018-03-01,False,375,376944.0,0,1,0,True,False,-0.00020515626068517978
2018-03-05,True,375,467510.0,0,0,0,True,False,0.00043093789323078724
2018-03-06,True,375,219360.0,0,0,0,True,False,0.002466155040096396
2018-03-07,True,375,251297.0,0,0,0,True,False,0.007677543186180413
2018-03-08,False,375,416769.0,0,1,0,True,False,0.0017436791630340842
2018-03-09,True,375,99771.0,0,0,0,True,False,0.004476476891700276
2018-03-12,True,375,163470.0,0,0,0,True,False,0.010309278350515427
2018-03-13,False,375,420393.0,0,1,0,True,False,-0.003209459459459385
2018-03-14,True,375,160756.0,0,0,0,True,False,-0.0016920473773265332
2018-03-15,False,375,105107.0,0,1,0,True,False,-0.0009313351960036353
2018-03-16,True,375,166265.0,0,0,0,True,False,8.46095270325975e-05
2018-03-19,False,375,124759.0,0,1,0,True,False,-0.00512820512820511
2018-03-20,True,375,248476.0,0,0,0,True,False,0.0012195121951219523
2018-03-21,True,375,216903.0,0,0,0,True,False,0.0053925946280140025
2018-03-22,False,357,208176.0,0,0,0,False,False,-0.0005492619292826184
2018-03-23,True,375,485953.0,0,0,0,True,False,-0.009479656794907365
2018-03-26,True,375,185598.0,0,0,0,True,False,0.0
2018-03-27,True,375,92868.0,0,0,0,True,False,0.00334025614399458
2018-03-28,True,375,171820.0,0,0,0,True,False,-0.002256748546133114
2018-04-02,True,375,377903.0,0,0,0,True,False,0.0007539230297184396
2018-04-03,True,375,153073.0,0,0,0,True,False,-0.003202252133368666
2018-04-04,True,375,192256.0,0,0,0,True,False,0.004037212568018145
2018-04-05,True,375,284060.0,0,0,0,True,False,0.014746215494211956
2018-04-06,True,375,149450.0,0,0,0,True,False,-0.002617801047120394
2018-04-09,True,375,149388.0,0,0,0,True,False,-0.0022703891588917724
2018-04-10,True,375,401901.0,0,0,0,True,False,0.0004858474439026761
2018-04-11,True,375,238198.0,0,0,0,True,False,0.0029964294044819706
2018-04-12,True,375,655288.0,0,0,0,True,False,0.004410849266340611
2018-04-13,True,375,516639.0,0,0,0,True,False,0.007725321888411907
2018-04-16,True,375,2345011.0,0,0,0,True,False,-0.05650684931506844
2018-04-17,False,373,349996.0,0,0,0,False,False,-0.006610841780520071
2018-04-18,False,376,417191.0,0,0,1,False,False,-0.0016182668539826972
2018-04-19,True,375,149773.0,0,0,0,True,False,-0.0017407367934918483
2018-04-20,True,375,1079105.0,0,0,0,True,False,0.004940885830245101
2018-04-23,True,375,260390.0,0,0,0,True,False,-0.009884203923164359
2018-04-24,True,375,489687.0,0,0,0,True,False,0.0
2018-04-25,True,375,574269.0,0,0,0,True,False,-0.0017331022530329143
2018-04-26,True,375,253839.0,0,0,0,True,False,0.01560607633482114
2018-04-27,True,375,279474.0,0,0,0,True,False,0.0024977486279373906
2018-04-30,True,375,250582.0,0,0,0,True,False,-0.00265014685527154
2018-05-02,True,375,369053.0,0,0,0,True,False,-0.0008833627787592224
2018-05-03,True,375,256953.0,0,0,0,True,False,0.004328495931549492
2018-05-04,True,375,221640.0,0,0,0,True,False,0.005942275042444711
2018-05-07,True,375,168341.0,0,0,0,True,False,0.00996922024623803
2018-05-08,True,375,172542.0,0,0,0,True,False,-0.005152027027026995
2018-05-09,True,375,119815.0,0,0,0,True,False,0.0
2018-05-10,True,375,72567.0,0,0,0,True,False,0.0034129692832765013
2018-05-11,True,375,44187.0,0,0,0,True,False,0.0019658119658119144
2018-05-14,True,375,66529.0,0,0,0,True,False,0.0009634888438132538
2018-05-15,True,375,152858.0,0,0,0,True,False,-0.0020159596808064784
2018-05-16,True,375,167300.0,0,0,0,True,False,-0.00664323962516733
2018-05-17,True,375,147817.0,0,0,0,True,False,0.004535528305056324
2018-05-18,True,375,149553.0,0,0,0,True,False,0.0025423728813558366
2018-05-21,True,375,217661.0,0,0,0,True,False,-0.0003728813559322752
2018-05-22,True,375,76466.0,0,0,0,True,False,-0.006930358350236698
2018-05-23,True,375,141172.0,0,0,0,True,False,0.0
2018-05-24,True,375,506473.0,0,0,0,True,False,0.01314209360147478
2018-05-25,True,375,447306.0,0,0,0,True,False,0.008278688524590017
2018-05-28,True,375,299317.0,0,0,0,True,False,0.0016273393002441683
2018-05-29,True,375,109054.0,0,0,0,True,False,0.00161702829799526
2018-05-30,True,375,185498.0,0,0,0,True,False,-0.0019681810726587257
2018-05-31,True,375,215743.0,0,0,0,True,False,0.0010740251156642344
2018-06-01,True,375,168108.0,0,0,0,True,False,-0.006138933764135657
2018-06-04,True,375,152543.0,0,0,0,True,False,-0.0009000163639339975
2018-06-05,True,375,163150.0,0,0,0,True,False,0.0
2018-06-06,True,375,131230.0,0,0,0,True,False,0.005218076203603594
2018-06-07,True,375,219566.0,0,0,0,True,False,-8.076892011943393e-05
2018-06-08,True,375,306143.0,0,0,0,True,False,0.0
2018-06-11,True,375,113036.0,0,0,0,True,False,0.005370193835398718
2018-06-12,True,375,747195.0,0,0,0,True,False,0.003774781919111847
2018-06-13,True,375,219325.0,0,0,0,True,False,0.006195393169181829
2018-06-14,True,375,310237.0,0,0,0,True,False,-0.017254901960784275
2018-06-15,True,375,303601.0,0,0,0,True,False,-0.0024193548387096975
2018-06-18,True,375,526549.0,0,0,0,True,False,-0.003724394785847296
2018-06-19,True,375,247405.0,0,0,0,True,False,-0.0022120398167166933
2018-06-20,True,375,211430.0,0,0,0,True,False,0.00523349436392917
2018-06-21,True,375,120785.0,0,0,0,True,False,0.003624764390314672
2018-06-22,True,375,96871.0,0,0,0,True,False,-0.002327634641624554
2018-06-25,True,375,362454.0,0,0,0,True,False,0.008632862644415873
2018-06-26,True,375,211924.0,0,0,0,True,False,-0.0005198242049052615
2018-06-27,True,375,272592.0,0,0,0,True,False,0.0030937500000001172
2018-06-28,True,375,440131.0,0,0,0,True,False,0.0037750688163586954
2018-06-29,True,375,305339.0,0,0,0,True,False,0.010682529548250441
2018-07-02,True,375,187212.0,0,0,0,True,False,0.0022883295194509046
2018-07-03,True,375,327752.0,0,0,0,True,False,-0.0038890135367585232
2018-07-04,True,375,157998.0,0,0,0,True,False,-0.002169741697417016
2018-07-05,True,375,179863.0,0,0,0,True,False,-0.0009641056066450604
2018-07-06,True,375,440807.0,0,0,0,True,False,0.0029226583754371482
2018-07-09,True,375,485463.0,0,0,0,True,False,0.007613424487259213
2018-07-10,True,375,184255.0,0,0,0,True,False,0.005610205963725745
2018-07-11,True,375,489814.0,0,0,0,True,False,0.01350769230769222
2018-07-12,True,375,465916.0,0,0,0,True,False,0.005794639200279006
2018-07-13,True,375,720546.0,0,0,0,True,False,0.015632240724149593
2018-07-16,True,375,2122380.0,0,0,0,True,False,-0.004232804232804144
2018-07-17,True,375,701924.0,0,0,0,True,False,-0.004715568862275421
2018-07-18,True,375,324889.0,0,0,0,True,False,0.010788381742738551
2018-07-19,True,375,146257.0,0,0,0,True,False,-0.0011325028312570984
2018-07-20,True,375,453890.0,0,0,0,True,False,0.00762941122830485
2018-07-23,True,375,283121.0,0,0,0,True,False,0.0007845459255422238
2018-07-24,True,375,234734.0,0,0,0,True,False,0.01671844947477452
2018-07-25,True,375,122391.0,0,0,0,True,False,0.0026465798045602895
2018-07-26,True,375,194142.0,0,0,0,True,False,-0.001882475600220257
2018-07-27,True,375,154481.0,0,0,0,True,False,-0.0003639804906456767
2018-07-30,True,375,170004.0,0,0,0,True,False,-0.0005544369546820471
2018-07-31,True,375,229833.0,0,0,0,True,False,-0.0018060695780903746
2018-08-01,True,375,149897.0,0,0,0,True,False,-0.0030701754385965563
2018-08-02,True,375,115888.0,0,0,0,True,False,0.005621301775147858
2018-08-03,True,375,181469.0,0,0,0,True,False,0.009457662184128912
2018-08-06,True,375,119859.0,0,0,0,True,False,0.00021965791940026236
2018-08-07,True,375,136975.0,0,0,0,True,False,0.007331378299120228
2018-08-08,True,375,199427.0,0,0,0,True,False,0.003511338697878452
2018-08-09,True,375,378247.0,0,0,0,True,False,0.008560939794419964
2018-08-10,True,375,169434.0,0,0,0,True,False,0.004741673071066987
2018-08-13,True,375,361072.0,0,0,0,True,False,0.005599525414900164
2018-08-14,True,375,271472.0,0,0,0,True,False,0.00423295454545447
2018-08-16,True,375,273105.0,0,0,0,True,False,0.0053287482415129706
2018-08-17,True,375,233002.0,0,0,0,True,False,0.00027962250961199864
2018-08-20,True,375,1023334.0,0,0,0,True,False,-0.027439109840522447
2018-08-21,True,375,408450.0,0,0,0,True,False,0.0012966431349950014
2018-08-23,True,375,379583.0,0,0,0,True,False,0.0056309558186542485
2018-08-24,True,375,202601.0,0,0,0,True,False,-0.0024999999999999467
2018-08-27,True,375,166492.0,0,0,0,True,False,0.0026389049994199887
2018-08-28,True,375,241566.0,0,0,0,True,False,0.0008474576271186862
2018-08-29,True,375,199572.0,0,0,0,True,False,0.005329593267882071
2018-08-30,True,375,132315.0,0,0,0,True,False,0.0012756909992912568
2018-08-31,True,375,465187.0,0,0,0,True,False,0.004936182215640628
2018-09-03,True,375,491202.0,0,0,0,True,False,0.006250000000000089
2018-09-04,True,375,1884638.0,0,0,0,True,False,0.0054309984681799595
2018-09-05,True,375,1676732.0,0,0,0,True,False,0.011589065375962937
2018-09-06,True,375,972405.0,0,0,0,True,False,0.005007545616682707
2018-09-07,True,375,1773810.0,0,0,0,True,False,0.011501377410468416
2018-09-10,True,375,796201.0,0,0,0,True,False,0.005108991825613085
2018-09-11,True,375,1545582.0,0,0,0,True,False,0.002588555858310526
2018-09-12,True,375,939225.0,0,0,0,True,False,0.014583617282267758
2018-09-14,True,375,1565843.0,0,0,0,True,False,0.001349709812390243
2018-09-17,True,375,1671493.0,0,0,0,True,False,0.00013607293509321217
2018-09-18,True,375,654151.0,0,0,0,True,False,0.004264685651396372
2018-09-19,True,375,464160.0,0,0,0,True,False,0.010143115186883378
2018-09-21,True,375,1427509.0,0,0,0,True,False,-0.007507820646506791
2018-09-24,True,375,587785.0,0,0,0,True,False,-0.005069708491761804
2018-09-25,True,375,1642286.0,0,0,0,True,False,-0.0023612750885478873
2018-09-26,True,375,597652.0,0,0,0,True,False,0.007162534435261714
2018-09-27,True,375,690470.0,0,0,0,True,False,0.0029170718155300257
2018-09-28,True,375,857778.0,0,0,0,True,False,-0.00455612315338938
2018-10-01,True,375,1112461.0,0,0,0,True,False,0.0079267459341259
2018-10-03,True,375,1247806.0,0,0,0,True,False,0.0011440877582609144
2018-10-04,True,375,1326191.0,0,0,0,True,False,0.0
2018-10-05,True,375,2079932.0,0,0,0,True,False,0.002812939521800173
2018-10-08,True,375,1143009.0,0,0,0,True,False,0.003529411764705781
2018-10-09,True,375,424220.0,0,0,0,True,False,0.0034282515916883582
2018-10-10,True,375,1008774.0,0,0,0,True,False,-0.0015256588072122268
2018-10-11,True,375,2580900.0,0,0,0,True,False,-0.02191761262226033
2018-10-12,True,375,1996526.0,0,0,0,True,False,0.0016289056715534933
2018-10-15,True,375,1009813.0,0,0,0,True,False,0.01540957015409572
2018-10-16,True,375,1501283.0,0,0,0,True,False,0.008522727272727293
2018-10-17,True,375,6271946.0,0,0,0,True,False,0.024678885842112974
2018-10-19,True,375,2310490.0,0,0,0,True,False,-0.026222537207654106
2018-10-22,True,375,1083580.0,0,0,0,True,False,0.007607900512070387
2018-10-23,True,375,1084748.0,0,0,0,True,False,-0.006686260102865438
2018-10-24,True,375,866274.0,0,0,0,True,False,0.0
2018-10-25,True,375,1113723.0,0,0,0,True,False,-0.011301606827093136
2018-10-26,True,375,771972.0,0,0,0,True,False,-0.003089757454039832
2018-10-29,True,375,683265.0,0,0,0,True,False,-0.0005520069395156257
2018-10-30,True,375,841355.0,0,0,0,True,False,-0.007738740133106381
2018-10-31,True,375,1282040.0,0,0,0,True,False,0.0075884049172862955
2018-11-01,True,375,796639.0,0,0,0,True,False,0.005466870763175091
2018-11-02,True,375,678642.0,0,0,0,True,False,-0.0015742128935531952
2018-11-05,True,375,570487.0,0,0,0,True,False,0.000452352231604225
2018-11-06,True,375,1409715.0,0,0,0,True,False,0.006328160313394449
2018-11-07,False,60,,0,0,60,False,False,0.008693045563548996
2018-11-09,True,375,927405.0,0,0,0,True,False,0.0022879917337073064
2018-11-12,True,375,820312.0,0,0,0,True,False,0.011082435099438293
2018-11-13,True,375,644303.0,0,0,0,True,False,-0.003529323421190944
2018-11-14,True,375,1329220.0,0,0,0,True,False,0.0008268811546268129
2018-11-15,True,375,709607.0,0,0,0,True,False,0.002452483139178563
2018-11-16,True,375,1962379.0,0,0,0,True,False,0.00640536830867755
2018-11-19,True,375,657050.0,0,0,0,True,False,0.010736196319018454
2018-11-20,True,375,1040177.0,0,0,0,True,False,-0.0003834649896464759
2018-11-21,True,375,1913269.0,0,0,0,True,False,-0.0009366219169528733
2018-11-22,True,375,1783446.0,0,0,0,True,False,0.004439063761097595
2018-11-26,True,375,3455201.0,0,0,0,True,False,0.0001610565308423073
2018-11-27,True,375,2903951.0,0,0,0,True,False,0.00692208628461044
2018-11-28,True,375,1951580.0,0,0,0,True,False,-7.800312012473665e-05
2018-11-29,True,375,1509163.0,0,0,0,True,False,0.009022556390977376
2018-11-30,True,375,826649.0,0,0,0,True,False,-0.006761833208114187
2018-12-03,True,375,851892.0,0,0,0,True,False,0.004701492537313445
2018-12-04,True,375,946495.0,0,0,0,True,False,0.00014870994125937287
2018-12-05,True,375,659734.0,0,0,0,True,False,0.0
2018-12-06,True,375,1003330.0,0,0,0,True,False,-0.007413932320340488
2018-12-07,True,375,571358.0,0,0,0,True,False,0.0037341299477222645
2018-12-10,True,375,837197.0,0,0,0,True,False,-0.015938303341902382
2018-12-11,True,375,987409.0,0,0,0,True,False,-0.0016410562434728826
2018-12-12,True,375,1199642.0,0,0,0,True,False,0.005718529520980287
2018-12-13,True,375,919187.0,0,0,0,True,False,0.005751364105589074
2018-12-14,True,375,1949819.0,0,0,0,True,False,0.0023713710836448243
2018-12-17,True,375,862332.0,0,0,0,True,False,0.00807193938964823
2018-12-18,True,375,1594802.0,0,0,0,True,False,-0.009379509379509376
2018-12-19,True,375,1060235.0,0,0,0,True,False,-0.008050221565731208
2018-12-20,True,375,2145431.0,0,0,0,True,False,-0.007518796992481258
2018-12-21,True,375,2441939.0,0,0,0,True,False,-0.01109611635927421
2018-12-24,True,375,1974211.0,0,0,0,True,False,0.015455950540958163
2018-12-26,True,375,1310346.0,0,0,0,True,False,-0.0023130300693908756
2018-12-27,True,375,1819409.0,0,0,0,True,False,0.013744370243826687
2018-12-28,True,375,876104.0,0,0,0,True,False,0.011898405918694399
2018-12-31,True,375,654421.0,0,0,0,True,False,0.005484460694698434
2019-01-01,True,375,327138.0,0,0,0,True,False,0.002198635329795362
2019-01-02,True,375,693690.0,0,0,0,True,False,7.508071176509645e-05
2019-01-03,True,375,895003.0,0,0,0,True,False,0.0059880239520957446
2019-01-04,True,375,1218869.0,0,0,0,True,False,0.004185664100455844
2019-01-07,True,375,832385.0,0,0,0,True,False,0.007270524083611063
2019-01-08,True,375,1510760.0,0,0,0,True,False,0.005062914153823428
2019-01-09,True,375,3801933.0,0,0,0,True,False,0.024714403046367517
2019-01-10,True,375,1394200.0,0,0,0,True,False,0.008880994671403242
2019-01-11,True,375,1645256.0,0,0,0,True,False,-0.0011747430249632318
2019-01-14,True,375,7535090.0,0,0,0,True,False,0.03309709943742223
2019-01-15,True,375,2831411.0,0,0,0,True,False,0.008412947383430902
2019-01-16,True,375,2065412.0,0,0,0,True,False,0.0021968968831524993
2019-01-17,True,375,1368487.0,0,0,0,True,False,-0.00020381819417092384
2019-01-18,True,375,872310.0,0,0,0,True,False,-0.00436442989634489
2019-01-21,True,375,1668293.0,0,0,0,True,False,0.006407634628493586
2019-01-22,True,375,672390.0,0,0,0,True,False,-0.002690884628321566
2019-01-23,True,375,945991.0,0,0,0,True,False,-0.006224899598393563
2019-01-24,True,375,1331713.0,0,0,0,True,False,-0.0048520467436615755
2019-01-25,True,375,1098724.0,0,0,0,True,False,-0.008174386920980936
2019-01-28,True,375,1080793.0,0,0,0,True,False,0.0009585102012872326
2019-01-29,True,375,958435.0,0,0,0,True,False,-0.007523939808481539
2019-01-30,True,375,902815.0,0,0,0,True,False,-0.0029450037668652396
2019-01-31,True,375,1302181.0,0,0,0,True,False,0.0023470937456855356
2019-02-01,True,375,1284612.0,0,0,0,True,False,0.0018000000000000238
2019-02-04,True,375,636519.0,0,0,0,True,False,0.00039645830580137265
2019-02-05,True,375,720944.0,0,0,0,True,False,-0.011774044185738797
2019-02-06,True,375,812807.0,0,0,0,True,False,0.0007284768211919257
2019-02-07,True,375,649308.0,0,0,0,True,False,-0.0009819324430478948
2019-02-08,True,375,628177.0,0,0,0,True,False,-0.003931847968545177
2019-02-11,True,375,525044.0,0,0,0,True,False,0.007885398869759586
2019-02-12,True,375,1783362.0,0,0,0,True,False,-0.00013150108488402257
2019-02-13,True,375,699432.0,0,0,0,True,False,-0.0003997867803837707
2019-02-14,True,375,439518.0,0,0,0,True,False,-0.003978779840848823
2019-02-15,True,375,696614.0,0,0,0,True,False,0.0026338893766459925
2019-02-18,True,375,958841.0,0,0,0,True,False,0.0004042854255104089
2019-02-19,True,375,1406049.0,0,0,0,True,False,-0.002564102564102555
2019-02-20,True,375,811760.0,0,0,0,True,False,0.003450655624568588
2019-02-21,True,375,1341710.0,0,0,0,True,False,-0.003443386672068005
2019-02-22,True,375,465200.0,0,0,0,True,False,-0.002043596730245234
2019-02-25,True,375,552918.0,0,0,0,True,False,0.0008844740781057681
2019-02-26,True,375,1701893.0,0,0,0,True,False,-0.008476821192052952
2019-02-27,True,375,684655.0,0,0,0,True,False,0.004652417234171757
2019-02-28,True,375,795611.0,0,0,0,True,False,0.005718175629680022
2019-03-01,True,375,650797.0,0,0,0,True,False,0.002043596730245234
2019-03-05,True,375,635772.0,0,0,0,True,False,-0.0013486176668914274
2019-03-06,True,375,632074.0,0,0,0,True,False,0.0045718184919822935
2019-03-07,True,375,640981.0,0,0,0,True,False,0.0023898941618298863
2019-03-08,True,375,1493864.0,0,0,0,True,False,-0.0006220624827203425
2019-03-11,True,375,952536.0,0,0,0,True,False,0.00014021312394829621
2019-03-12,True,375,1711301.0,0,0,0,True,False,-0.0029531711432991825
2019-03-13,True,375,1292944.0,0,0,0,True,False,0.005309734513274433
2019-03-14,True,375,1236317.0,0,0,0,True,False,0.007052186177715081
2019-03-15,True,375,1185661.0,0,0,0,True,False,0.0050109393746911035
2019-03-18,True,375,1132601.0,0,0,0,True,False,0.00215277777777767
2019-03-19,True,375,595526.0,0,0,0,True,False,0.0046511627906975495
2019-03-20,True,375,3502648.0,0,0,0,True,False,0.001997795535960467
2019-03-22,True,375,1484105.0,0,0,0,True,False,0.01016949152542379
2019-03-25,True,375,1004154.0,0,0,0,True,False,-0.003489932885906044
2019-03-26,True,375,1296116.0,0,0,0,True,False,0.0017712378227399128
2019-03-27,True,375,981214.0,0,0,0,True,False,0.003022808463863713
2019-03-28,True,375,2494394.0,0,0,0,True,False,0.0015091233365345236
2019-03-29,True,375,905724.0,0,0,0,True,False,0.006630581867388408
2019-04-01,True,375,1276897.0,0,0,0,True,False,-0.00020211547530823992
2019-04-02,True,375,1521370.0,0,0,0,True,False,0.006631299734747964
2019-04-03,True,375,1129705.0,0,0,0,True,False,0.0013245033112583293
2019-04-04,True,375,1562278.0,0,0,0,True,False,-0.00033260160979176057
2019-04-05,True,375,809626.0,0,0,0,True,False,0.0026036451031443697
2019-04-08,True,375,796850.0,0,0,0,True,False,0.004607991573958303
2019-04-09,True,375,1146048.0,0,0,0,True,False,0.0011051160371839952
2019-04-10,True,375,1259658.0,0,0,0,True,False,0.00460223537146609
2019-04-11,True,375,2053233.0,0,0,0,True,False,-0.002322495023224902
2019-04-12,True,375,1759363.0,0,0,0,True,False,-0.0004035512510087713
2019-04-15,True,375,9142916.0,0,0,0,True,False,-0.031149732620320836
2019-04-16,True,375,3363442.0,0,0,0,True,False,-0.0004119747322165468
2019-04-18,True,375,2476457.0,0,0,0,True,False,-0.002071823204419898
2019-04-22,True,375,1170992.0,0,0,0,True,False,0.002166317260656747
2019-04-23,True,375,1018443.0,0,0,0,True,False,0.0036046028004992348
2019-04-24,True,375,1178206.0,0,0,0,True,False,0.0033066960595207195
2019-04-25,True,375,795308.0,0,0,0,True,False,0.001972789115646245
2019-04-26,True,375,1572198.0,0,0,0,True,False,0.0013012807341963306
2019-04-30,True,375,1404553.0,0,0,0,True,False,-0.0008123476848090894
2019-05-02,True,375,733825.0,0,0,0,True,False,-0.0024704546972024177
2019-05-03,True,375,1108222.0,0,0,0,True,False,-0.01074238795757787
2019-05-06,False,372,1984762.0,0,0,0,False,False,-0.011885019347705916
2019-05-07,True,375,953961.0,0,0,0,True,False,0.004531827372237229
2019-05-08,True,375,774658.0,0,0,0,True,False,-0.004693539480949749
2019-05-09,True,375,1343313.0,0,0,0,True,False,0.00027818346199315336
2019-05-10,True,375,1489949.0,0,0,0,True,False,-0.0016620498614958734
2019-05-13,True,375,1071733.0,0,0,0,True,False,6.97836706209376e-05
2019-05-14,True,375,936008.0,0,0,0,True,False,-0.002089136490250665
2019-05-15,True,375,536065.0,0,0,0,True,False,0.0012605042016806678
2019-05-16,True,375,591532.0,0,0,0,True,False,0.00650031453134825
2019-05-17,True,375,1113251.0,0,0,0,True,False,0.0
2019-05-20,True,375,2422769.0,0,0,0,True,False,-0.0066252587991717515
2019-05-21,True,375,1435295.0,0,0,0,True,False,0.0013857132959189666
2019-05-22,True,375,997220.0,0,0,0,True,False,0.0010574550581601283
2019-05-23,True,375,1100156.0,0,0,0,True,False,0.0071131769842947
2019-05-24,True,375,778027.0,0,0,0,True,False,0.0004264392324093702
2019-05-27,True,375,2142250.0,0,0,0,True,False,-0.0022566995768689146
2019-05-28,True,375,1284360.0,0,0,0,True,False,0.0035236081747709314
2019-05-29,True,375,1980118.0,0,0,0,True,False,-0.001170234735320519
2019-05-30,True,375,1417765.0,0,0,0,True,False,-0.0010992030777685624
2019-05-31,True,375,921120.0,0,0,0,True,False,0.005323505323505229
2019-06-03,True,375,1552966.0,0,0,0,True,False,-0.010239370719468455
2019-06-04,True,375,1995567.0,0,0,0,True,False,-0.010601892236462462
2019-06-06,True,375,1656596.0,0,0,0,True,False,0.0021771669614913947
2019-06-07,True,375,658627.0,0,0,0,True,False,0.00047586675730793004
2019-06-10,True,375,947296.0,0,0,0,True,False,0.002438033319788868
2019-06-11,True,375,814058.0,0,0,0,True,False,0.0026560424966799445
2019-06-12,True,375,897255.0,0,0,0,True,False,0.003912466843501328
2019-06-13,True,375,742922.0,0,0,0,True,False,-0.01726427622841964
2019-06-14,True,375,1101954.0,0,0,0,True,False,0.002223120452708116
2019-06-17,True,375,517611.0,0,0,0,True,False,0.00459707950243371
2019-06-18,True,375,945848.0,0,0,0,True,False,0.0015560516879780106
2019-06-19,True,375,770307.0,0,0,0,True,False,0.0013972985561248041
2019-06-20,True,375,1472370.0,0,0,0,True,False,-0.01881774054125951
2019-06-21,True,375,483009.0,0,0,0,True,False,6.622955162582933e-05
2019-06-24,True,375,818064.0,0,0,0,True,False,0.0015985080591447431
2019-06-25,True,375,451140.0,0,0,0,True,False,-0.0013422818791946067
2019-06-26,True,375,724905.0,0,0,0,True,False,-0.0027514931883765303
2019-06-27,True,375,681489.0,0,0,0,True,False,0.0035163646199620757
2019-06-28,True,375,775358.0,0,0,0,True,False,0.005193385267185935
2019-07-01,True,375,365481.0,0,0,0,True,False,0.004510045100450943
2019-07-02,True,375,452207.0,0,0,0,True,False,0.0031433647669809606
2019-07-03,True,375,625493.0,0,0,0,True,False,0.0022994724739620054
2019-07-04,True,375,577788.0,0,0,0,True,False,-0.0037581141100102577
2019-07-05,True,375,278473.0,0,0,0,True,False,0.0034129692832765013
2019-07-08,True,375,1297393.0,0,0,0,True,False,-0.0021587743732589537
2019-07-09,True,375,442347.0,0,0,0,True,False,0.0007666039445257677
2019-07-10,True,375,1651347.0,0,0,0,True,False,-0.006724572709442378
2019-07-11,True,375,755043.0,0,0,0,True,False,0.0026478991011080755
2019-07-12,True,375,1068600.0,0,0,0,True,False,0.00013842746400882788
2019-07-15,True,375,6697352.0,0,0,0,True,False,0.0443471119627703
2019-07-16,True,375,2852260.0,0,0,0,True,False,-0.0032711179526649925
2019-07-17,True,375,870553.0,0,0,0,True,False,0.0012773023374632597
2019-07-18,True,375,771536.0,0,0,0,True,False,-0.006234256926952231
2019-07-19,True,375,935219.0,0,0,0,True,False,-0.004166666666666652
2019-07-22,True,375,676161.0,0,0,0,True,False,0.0013377500318512148
2019-07-23,True,375,1433239.0,0,0,0,True,False,0.003698507843387322
2019-07-24,True,375,645210.0,0,0,0,True,False,-0.002089533337554572
2019-07-25,True,375,966151.0,0,0,0,True,False,0.002033941397063588
2019-07-26,True,375,772061.0,0,0,0,True,False,-0.000756715853197143
2019-07-29,True,375,621572.0,0,0,0,True,False,0.0001900297713308685
2019-07-30,True,375,794071.0,0,0,0,True,False,-0.00012626262626269646
2019-07-31,True,375,660772.0,0,0,0,True,False,-0.0010105475904755856
2019-08-01,True,375,1162495.0,0,0,0,True,False,-0.010754716981132062
2019-08-02,True,375,2066132.0,0,0,0,True,False,-0.007202180119387558
2019-08-05,True,375,1181052.0,0,0,0,True,False,-0.0030967741935483684
2019-08-06,True,375,1415182.0,0,0,0,True,False,0.002574665293511913
2019-08-07,True,375,655378.0,0,0,0,True,False,0.004643363859151428
2019-08-08,True,375,1343001.0,0,0,0,True,False,0.007854751480813826
2019-08-09,True,375,452292.0,0,0,0,True,False,0.0062253843221953264
2019-08-13,True,375,1162473.0,0,0,0,True,False,-0.007405063291139324
2019-08-14,True,375,681606.0,0,0,0,True,False,0.014396021463159325
2019-08-16,True,375,1050661.0,0,0,0,True,False,0.009708737864077666
2019-08-19,True,375,373287.0,0,0,0,True,False,0.0007741935483871476
2019-08-20,True,375,1345400.0,0,0,0,True,False,0.009254498714653003
2019-08-21,True,375,986115.0,0,0,0,True,False,0.0006309148264984632
2019-08-22,True,375,584951.0,0,0,0,True,False,0.0008132624335313032
2019-08-23,True,375,1707878.0,0,0,0,True,False,0.001320090520492867
2019-08-26,True,375,678086.0,0,0,0,True,False,-0.006677067082683341
2019-08-27,True,375,1662163.0,0,0,0,True,False,-0.01653611836379454
2019-08-28,True,375,725891.0,0,0,0,True,False,0.002418841502227931
2019-08-29,True,375,599108.0,0,0,0,True,False,-0.00995644057249534
2019-08-30,True,375,798375.0,0,0,0,True,False,0.0021031795125572295
2019-09-03,True,375,853508.0,0,0,0,True,False,6.135345726732133e-05
2019-09-04,True,375,885570.0,0,0,0,True,False,-0.0023994093761535717
2019-09-05,True,375,1456342.0,0,0,0,True,False,0.01244054152945484
2019-09-06,True,375,1069418.0,0,0,0,True,False,0.009819183331337467
2019-09-09,True,375,343903.0,0,0,0,True,False,-0.004105920856887879
2019-09-11,True,375,954105.0,0,0,0,True,False,-0.008679927667269549
2019-09-12,True,375,678138.0,0,0,0,True,False,-0.0069334630823501
2019-09-13,True,375,907138.0,0,0,0,True,False,0.0006115459882582996
2019-09-16,True,375,669186.0,0,0,0,True,False,0.0027114967462038564
2019-09-17,True,375,503608.0,0,0,0,True,False,0.004712421459642346
2019-09-18,True,375,540995.0,0,0,0,True,False,-0.0035420543915472003
2019-09-19,True,375,794778.0,0,0,0,True,False,-0.007937939743821065
2019-09-20,True,375,648728.0,0,0,0,True,False,0.0015822784810126667
2019-09-23,False,361,8340092.0,0,17,0,False,False,-0.0004954787563482554
2019-09-24,False,367,2472004.0,0,0,0,False,False,0.002621231979030192
2019-09-25,True,375,1082376.0,0,0,0,True,False,-0.007996977520307147
2019-09-26,True,375,1412571.0,0,0,0,True,False,-0.0038568538189175383
2019-09-27,True,375,872464.0,0,0,0,True,False,0.0032504780114721576
2019-09-30,True,375,714560.0,0,0,0,True,False,0.0037074916901047583
2019-10-01,True,375,549383.0,0,0,0,True,False,0.003169867611411359
2019-10-03,True,375,1377175.0,0,0,0,True,False,-0.0018261964735516445
2019-10-04,True,375,804005.0,0,0,0,True,False,0.004577822990844416
2019-10-07,False,375,1247778.0,0,12,0,True,False,0.005693680015183222
2019-10-09,True,375,673298.0,0,0,0,True,False,0.008430527383367359
2019-10-10,True,375,1794314.0,0,0,0,True,False,0.00210526315789461
2019-10-11,True,375,2382827.0,0,0,0,True,False,-0.0012779552715654896
2019-10-14,True,375,4099453.0,0,0,0,True,False,-0.03549098933431416
2019-10-15,True,375,3009982.0,0,0,0,True,False,-0.017037507946598862
2019-10-16,True,375,2593656.0,0,0,0,True,False,-0.004876462938881665
2019-10-17,True,375,1276741.0,0,0,0,True,False,-0.005188067444876765
2019-10-18,True,375,1796386.0,0,0,0,True,False,-0.007342907271427723
2019-10-22,True,375,25273058.0,0,0,0,True,False,-0.1001302083333333
2019-10-23,True,375,19324511.0,0,0,0,True,False,-0.014855355746677068
2019-10-24,True,375,5490864.0,0,0,0,True,False,-0.0004613255420574669
2019-10-25,True,375,3345272.0,0,0,0,True,False,0.01970055161544515
2019-10-27,False,60,,0,0,60,False,False,0.021974572280646587
2019-10-29,True,375,3383193.0,0,0,0,True,False,0.0019238168526356514
2019-10-30,True,375,3615399.0,0,0,0,True,False,0.014595175910278035
2019-10-31,True,375,4570458.0,0,0,0,True,False,0.009515178975985528
2019-11-01,True,375,2715948.0,0,0,0,True,False,0.004366812227074135
2019-11-04,True,375,1103717.0,0,0,0,True,False,-0.009875108916642561
2019-11-05,True,375,3026493.0,0,0,0,True,False,-0.0031645569620253333
2019-11-06,True,375,2203725.0,0,0,0,True,False,0.001007049345417732
2019-11-07,True,375,2331203.0,0,0,0,True,False,0.006315789473684275
2019-11-08,True,375,1980075.0,0,0,0,True,False,0.0026385224274405594
2019-11-11,True,375,1637054.0,0,0,0,True,False,-0.01327121276295351
2019-11-13,True,375,2343100.0,0,0,0,True,False,-0.00995024875621886
2019-11-14,True,375,2271923.0,0,0,0,True,False,0.007450810185185119
2019-11-15,True,375,800446.0,0,0,0,True,False,0.005602042263508578
2019-11-18,True,375,1174994.0,0,0,0,True,False,0.0007097232079489313
2019-11-19,True,375,1209748.0,0,0,0,True,False,0.0
2019-11-20,True,375,836839.0,0,0,0,True,False,-7.01409833766542e-05
2019-11-21,True,375,1542692.0,0,0,0,True,False,0.003506311360448766
2019-11-22,True,375,4255540.0,0,0,0,True,False,-0.000351123595505598
2019-11-25,True,375,1762137.0,0,0,0,True,False,0.0005772422252687814
2019-11-26,True,375,1171925.0,0,0,0,True,False,0.008583690987124415
2019-11-27,True,375,1060460.0,0,0,0,True,False,0.002382327461738276
2019-11-28,True,375,641301.0,0,0,0,True,False,0.004309725614136006
2019-11-29,True,375,478386.0,0,0,0,True,False,-0.0007840900990805366
2019-12-02,True,375,942743.0,0,0,0,True,False,0.010201149425287381
2019-12-03,True,375,669457.0,0,0,0,True,False,-7.217610970766675e-05
2019-12-04,True,375,1310505.0,0,0,0,True,False,-0.0028612303290415086
2019-12-05,True,375,656755.0,0,0,0,True,False,-0.0025414754677020035
2019-12-06,False,375,543846.0,0,178,0,True,False,0.0007001820473322429
2019-12-09,True,375,957243.0,0,0,0,True,False,0.0028713495342811424
2019-12-10,True,375,746628.0,0,0,0,True,False,-0.004259479086655915
2019-12-11,True,375,812755.0,0,0,0,True,False,0.004415165743920424
2019-12-12,True,375,623018.0,0,0,0,True,False,-0.002083333333333326
2019-12-13,True,375,2321701.0,0,0,0,True,False,-0.003060498220640584
2019-12-16,True,375,661044.0,0,0,0,True,False,0.001124385101897385
2019-12-17,True,375,1546002.0,0,0,0,True,False,0.007630381519075913
2019-12-18,True,375,1435414.0,0,0,0,True,False,0.000684462696783017
2019-12-19,True,375,815987.0,0,0,0,True,False,0.0
2019-12-20,True,375,730041.0,0,0,0,True,False,-0.001366120218579181
2019-12-23,True,375,563181.0,0,0,0,True,False,0.0029452054794520954
2019-12-24,True,375,393121.0,0,0,0,True,False,0.0013587879611387521
2019-12-26,True,375,306263.0,0,0,0,True,False,-0.003064351378958108
2019-12-27,True,375,312629.0,0,0,0,True,False,0.0006856359273226253
2019-12-30,True,375,609729.0,0,0,0,True,False,-0.0006109564863212569
2019-12-31,True,375,387415.0,0,0,0,True,False,-0.003822525597269588
2020-01-01,True,375,371922.0,0,0,0,True,False,0.004098360655737654
2020-01-02,True,375,635280.0,0,0,0,True,False,-0.000608642726719455
2020-01-03,True,375,1201338.0,0,0,0,True,False,-0.0019039847681218136
2020-01-06,True,375,2038670.0,0,0,0,True,False,0.0009390931043735673
2020-01-07,True,375,1551024.0,0,0,0,True,False,-0.0006770480704130222
2020-01-08,True,375,974408.0,0,0,0,True,False,-0.0050096074663738
2020-01-09,True,375,959374.0,0,0,0,True,False,0.005013229355242954
2020-01-10,True,375,1966422.0,0,0,0,True,False,0.017800687285223438
2020-01-13,True,375,10548247.0,0,0,0,True,False,0.027027027027026973
2020-01-14,True,375,2123803.0,0,0,0,True,False,-0.0033009708737863352
2020-01-15,True,375,1171289.0,0,0,0,True,False,-0.0016770947558536475
2020-01-16,True,375,725866.0,0,0,0,True,False,0.005741876549654412
2020-01-17,True,375,554965.0,0,0,0,True,False,0.0044965786901272065
2020-01-20,True,375,720244.0,0,0,0,True,False,0.005407518405107892
2020-01-21,True,375,576297.0,0,0,0,True,False,-0.0005202575274760868
2020-01-22,True,375,2089711.0,0,0,0,True,False,0.009590750837548567
2020-01-23,True,375,1851587.0,0,0,0,True,False,0.009417418977722969
2020-01-24,True,375,1845272.0,0,0,0,True,False,-0.008436121940308072
2020-01-27,True,375,436813.0,0,0,0,True,False,-0.0050446998722861736
2020-01-28,True,375,602665.0,0,0,0,True,False,0.003791530107319696
2020-01-29,True,375,1322277.0,0,0,0,True,False,0.011053984575835507
2020-01-30,True,375,675413.0,0,0,0,True,False,-0.0003797468354429512
2020-01-31,True,375,962375.0,0,0,0,True,False,-6.405329233927226e-05
2020-02-01,True,375,123100.0,0,0,0,True,False,-0.0033431914620033476
2020-02-03,True,375,703591.0,0,0,0,True,False,0.006435006435006496
2020-02-04,True,375,905117.0,0,0,0,True,False,0.00266909706399332
2020-02-05,True,375,951308.0,0,0,0,True,False,-0.008694548454655115
2020-02-06,True,375,628639.0,0,0,0,True,False,-0.00019120458891008774
2020-02-07,True,375,414042.0,0,0,0,True,False,0.005637636080870978
2020-02-10,True,375,392038.0,0,0,0,True,False,-0.002577319587628857
2020-02-11,True,375,767853.0,0,0,0,True,False,0.0077619663648125226
2020-02-12,True,375,311802.0,0,0,0,True,False,0.0016785022595222632
2020-02-13,True,375,539034.0,0,0,0,True,False,0.005185991420705527
2020-02-14,True,375,942886.0,0,0,0,True,False,0.0016389309127584628
2020-02-17,True,375,418056.0,0,0,0,True,False,0.005087116876510311
2020-02-18,True,375,425676.0,0,0,0,True,False,-0.004880522279267274
2020-02-19,True,375,597012.0,0,0,0,True,False,0.0018785222291797243
2020-02-20,True,375,727618.0,0,0,0,True,False,0.003560719640179899
2020-02-24,True,375,1308325.0,0,0,0,True,False,0.004141566265060348
2020-02-25,True,375,1088054.0,0,0,0,True,False,0.003894961678602815
2020-02-26,True,375,606777.0,0,0,0,True,False,-0.006941838649155652
2020-02-27,True,375,612115.0,0,0,0,True,False,-0.005433045701502048
2020-02-28,True,375,1690420.0,0,0,0,True,False,-0.03418968514583731
2020-03-02,True,375,1301841.0,0,0,0,True,False,0.006830601092896238
2020-03-03,True,375,1182230.0,0,0,0,True,False,0.021305377071356046
2020-03-04,True,375,1008481.0,0,0,0,True,False,0.004731125474778386
2020-03-05,True,375,865149.0,0,0,0,True,False,0.007585751978891775
2020-03-06,True,375,826659.0,0,0,0,True,False,-0.017436849433136614
2020-03-09,True,375,853549.0,0,0,0,True,False,-0.01962110960757779
2020-03-11,True,375,3630591.0,0,0,0,True,False,-0.02312588401697313
2020-03-12,True,375,2335818.0,0,0,0,True,False,-0.020743238290698462
2020-03-13,False,315,,0,0,0,False,False,-0.06180665610142633
2020-03-16,True,375,2840165.0,0,0,0,True,False,-0.04623169516215586
2020-03-17,True,375,2531745.0,0,0,0,True,False,0.008401920438957378
2020-03-18,True,375,1635695.0,0,0,0,True,False,0.014376283596749584
2020-03-19,True,375,1766734.0,0,0,0,True,False,-0.04186265286923796
2020-03-20,False,376,2004553.0,0,0,1,False,False,-0.004168176875679497
2020-03-23,False,317,2273516.0,0,0,0,False,False,-0.07040798760543976
2020-03-24,True,375,2189666.0,0,0,0,True,False,-0.013512236605877304
2020-03-25,True,375,2574320.0,0,0,0,True,False,-0.0050000000000000044
2020-03-26,True,375,2524765.0,0,0,0,True,False,0.01317957166392092
2020-03-27,True,375,1407124.0,0,0,0,True,False,0.03914062499999993
2020-03-30,True,375,1742727.0,0,0,0,True,False,-0.044335728481883496
2020-03-31,True,375,1044803.0,0,0,0,True,False,0.04166666666666674
2020-04-01,True,375,2483116.0,0,0,0,True,False,-0.00851828696467638
2020-04-03,True,375,2274348.0,0,0,0,True,False,-0.0008278145695364003
2020-04-07,True,375,2589597.0,0,0,0,True,False,0.04591836734693877
2020-04-08,True,375,2251521.0,0,0,0,True,False,-0.006309148264984188
2020-04-09,False,374,903570.0,0,0,0,False,False,0.023093957608351534
2020-04-13,True,375,1270832.0,0,0,0,True,False,-0.010383889238514854
2020-04-15,True,375,1673277.0,0,0,0,True,False,0.022605965463108335
2020-04-16,True,375,4343770.0,0,0,0,True,False,-0.03132812499999993
2020-04-17,True,375,1403308.0,0,0,0,True,False,0.027768911586338874
2020-04-20,False,373,2327296.0,0,0,0,False,False,0.010260457774269982
2020-04-21,True,375,3677980.0,0,0,0,True,False,-0.03556340732775187
2020-04-22,True,375,1928926.0,0,0,0,True,False,0.0006321112515803584
2020-04-23,True,375,832778.0,0,0,0,True,False,0.008258667705492773
2020-04-24,True,375,1426268.0,0,0,0,True,False,-0.010288675055514451
2020-04-27,True,375,1131249.0,0,0,0,True,False,7.564296520423675e-05
2020-04-28,True,375,1168407.0,0,0,0,True,False,0.011269722013523609
2020-04-29,True,375,914072.0,0,0,0,True,False,0.0029365258640163816
2020-04-30,True,375,2892533.0,0,0,0,True,False,0.033973412112259904
2020-05-04,True,375,1806961.0,0,0,0,True,False,-0.035851561954015065
2020-05-05,True,375,885689.0,0,0,0,True,False,0.009925190726612909
2020-05-06,True,375,720530.0,0,0,0,True,False,0.0035581912527797854
2020-05-07,True,375,1011586.0,0,0,0,True,False,-0.0021739130434783593
2020-05-08,True,375,1275424.0,0,0,0,True,False,0.008324583770811467
2020-05-11,True,375,1260528.0,0,0,0,True,False,0.009615384615384581
2020-05-12,True,375,681080.0,0,0,0,True,False,-0.007678244972577741
2020-05-13,True,375,1922456.0,0,0,0,True,False,0.011206520157182265
2020-05-14,True,375,4847118.0,0,0,0,True,False,-0.050432276657060515
2020-05-15,True,375,1627518.0,0,0,0,True,False,0.010027347310847645
2020-05-18,True,375,1571513.0,0,0,0,True,False,0.010490045941807136
2020-05-19,True,375,1308672.0,0,0,0,True,False,0.006899689134885145
2020-05-20,True,375,505477.0,0,0,0,True,False,-0.002238805970149249
2020-05-21,True,375,701694.0,0,0,0,True,False,0.0007507507507507061
2020-05-22,True,375,1982597.0,0,0,0,True,False,0.0011865915158706386
2020-05-26,True,375,1104655.0,0,0,0,True,False,0.0015898251192369983
2020-05-27,True,375,773383.0,0,0,0,True,False,0.005938416422287318
2020-05-28,True,375,1147730.0,0,0,0,True,False,0.0011328235627301453
2020-05-29,True,375,1700395.0,0,0,0,True,False,-0.02037063233837877
2020-06-01,True,375,2087118.0,0,0,0,True,False,0.01121562952243127
2020-06-02,True,375,821442.0,0,0,0,True,False,0.0013580158673434095
2020-06-03,True,375,1460883.0,0,0,0,True,False,0.003530076249647074
2020-06-04,True,375,1335118.0,0,0,0,True,False,-0.000711743772242035
2020-06-05,True,375,1002136.0,0,0,0,True,False,-7.07163566932012e-05
2020-06-08,True,375,1089362.0,0,0,0,True,False,0.004114934373891321
2020-06-09,True,375,1638164.0,0,0,0,True,False,-0.001456209694195909
2020-06-10,True,375,1109835.0,0,0,0,True,False,-0.0010478519035975742
2020-06-11,True,375,1410247.0,0,0,0,True,False,-0.004126162668718125
2020-06-12,True,375,1304033.0,0,0,0,True,False,-0.041418439716312094
2020-06-15,True,375,1687510.0,0,0,0,True,False,0.0028943560057888007
2020-06-16,True,375,928237.0,0,0,0,True,False,0.020200552245313252
2020-06-17,True,375,1084155.0,0,0,0,True,False,-0.0011417154274298014
2020-06-18,True,375,1009114.0,0,0,0,True,False,0.005109281862049508
2020-06-19,True,375,1459915.0,0,0,0,True,False,-0.006863706401456726
2020-06-22,True,375,1112554.0,0,0,0,True,False,-0.0012711864406779183
2020-06-23,True,375,2115014.0,0,0,0,True,False,-0.01073586917881264
2020-06-24,True,375,1100820.0,0,0,0,True,False,-0.004512948691244856
2020-06-25,True,375,1772933.0,0,0,0,True,False,-0.014471476510067194
2020-06-26,True,375,3400700.0,0,0,0,True,False,0.013557870700727781
2020-06-29,True,375,1912941.0,0,0,0,True,False,-0.015528781793842095
2020-06-30,True,375,1068333.0,0,0,0,True,False,0.0018456490532503533
2020-07-01,True,375,725323.0,0,0,0,True,False,0.004838489845986116
2020-07-02,True,375,1102354.0,0,0,0,True,False,0.008893753848258967
2020-07-03,True,375,1561034.0,0,0,0,True,False,-0.002444341679328832
2020-07-06,True,375,745844.0,0,0,0,True,False,0.0040018369087451156
2020-07-07,True,375,3080254.0,0,0,0,True,False,0.0065410779696493115
2020-07-08,True,375,1770623.0,0,0,0,True,False,-0.006329915179136614
2020-07-09,True,375,1645798.0,0,0,0,True,False,0.007101355713363455
2020-07-10,True,375,1261406.0,0,0,0,True,False,-0.010932804807876728
2020-07-13,True,375,3042571.0,0,0,0,True,False,0.01038594691627126
2020-07-14,True,375,2008126.0,0,0,0,True,False,-0.003956789348071865
2020-07-15,True,375,2852581.0,0,0,0,True,False,0.017899229250270654
2020-07-16,True,375,20690765.0,0,0,0,True,False,0.0796449562192636
2020-07-17,True,375,5643944.0,0,0,0,True,False,0.001098901098901095
2020-07-20,True,375,2731530.0,0,0,0,True,False,0.0030915314121673365
2020-07-21,True,375,2287927.0,0,0,0,True,False,0.0021740283153930395
2020-07-22,True,375,2157685.0,0,0,0,True,False,0.001706939777031069
2020-07-23,True,375,1566482.0,0,0,0,True,False,-0.0038078659631181067
2020-07-24,True,375,2644213.0,0,0,0,True,False,-0.008779149519890228
2020-07-27,True,375,2072165.0,0,0,0,True,False,0.0003799392097263432
2020-07-28,True,375,3654228.0,0,0,0,True,False,-0.001214168822256223
2020-07-29,True,375,1905533.0,0,0,0,True,False,-0.007651467832604619
2020-07-30,True,375,2094020.0,0,0,0,True,False,0.010557277167918544
2020-07-31,True,375,2686736.0,0,0,0,True,False,0.0073793067609000396
2020-08-03,True,375,991892.0,0,0,0,True,False,-0.008059516429014257
2020-08-04,True,375,2225695.0,0,0,0,True,False,0.005390976656547863
2020-08-05,True,375,1402364.0,0,0,0,True,False,0.0004203446826398505
2020-08-06,True,375,1325220.0,0,0,0,True,False,0.009528851244044567
2020-08-07,True,375,1785754.0,0,0,0,True,False,-0.002931194075902366
2020-08-10,True,375,1116121.0,0,0,0,True,False,-0.0030468585837361006
2020-08-11,True,375,1421798.0,0,0,0,True,False,-0.000578673260034801
2020-08-12,True,375,1070653.0,0,0,0,True,False,-0.002630194634402949
2020-08-13,True,375,1114832.0,0,0,0,True,False,0.002046492102639297
2020-08-14,True,375,687115.0,0,0,0,True,False,0.003727816864433464
2020-08-17,True,375,915684.0,0,0,0,True,False,-5.240266205519539e-05
2020-08-18,True,375,971101.0,0,0,0,True,False,0.005004691898655045
2020-08-19,True,375,872380.0,0,0,0,True,False,0.003929273084479323
2020-08-20,True,375,1190650.0,0,0,0,True,False,-0.0019775187343880063
2020-08-21,True,375,763391.0,0,0,0,True,False,0.011819710023114105
2020-08-24,True,375,893292.0,0,0,0,True,False,-0.0031578947368421373
2020-08-25,True,375,928607.0,0,0,0,True,False,-0.0011069527173053206
2020-08-26,True,375,679087.0,0,0,0,True,False,0.002823353931387107
2020-08-27,True,375,1224721.0,0,0,0,True,False,0.006605850896508336
2020-08-28,True,375,930822.0,0,0,0,True,False,0.0006836348338241649
2020-08-31,True,375,1040458.0,0,0,0,True,False,-0.0005877324214574875
2020-09-01,True,375,935095.0,0,0,0,True,False,0.007012393998695465
2020-09-02,True,375,976513.0,0,0,0,True,False,-0.0032136826624544756
2020-09-03,True,375,840004.0,0,0,0,True,False,0.0031398873971415497
2020-09-04,True,375,1536605.0,0,0,0,True,False,-0.021599657827202745
2020-09-07,True,375,1475262.0,0,0,0,True,False,-0.0017381857686040725
2020-09-08,True,375,1726664.0,0,0,0,True,False,0.003669526738978135
2020-09-09,True,375,1073251.0,0,0,0,True,False,-0.004047720494247953
2020-09-10,True,375,1147294.0,0,0,0,True,False,0.007649213531566446
2020-09-11,True,375,596028.0,0,0,0,True,False,-0.005055073697653345
2020-09-14,True,375,2044449.0,0,0,0,True,False,0.013234515616728393
2020-09-15,True,375,2403629.0,0,0,0,True,False,0.004203403731802391
2020-09-16,True,375,1251767.0,0,0,0,True,False,0.004943178922692804
2020-09-17,True,375,2573445.0,0,0,0,True,False,-0.0068869148617626275
2020-09-18,True,375,1089719.0,0,0,0,True,False,0.0
2020-09-21,True,375,2089903.0,0,0,0,True,False,-0.0003994407829038815
2020-09-22,True,375,2606374.0,0,0,0,True,False,0.0019860973187686426
2020-09-23,True,375,2837724.0,0,0,0,True,False,0.01250558284948644
2020-09-24,True,375,2079956.0,0,0,0,True,False,-0.0165220375545424
2020-09-25,True,375,2747800.0,0,0,0,True,False,-0.0020454080589077384
2020-09-28,True,375,1530943.0,0,0,0,True,False,0.007745779543197662
2020-09-29,True,375,1483949.0,0,0,0,True,False,0.006426099851705391
2020-09-30,True,375,707602.0,0,0,0,True,False,-0.004783745129950168
2020-10-01,True,375,970497.0,0,0,0,True,False,0.014008941877794445
2020-10-05,True,375,3356317.0,0,0,0,True,False,-0.0004908939178243088
2020-10-06,True,375,1760717.0,0,0,0,True,False,0.006583341284228661
2020-10-07,True,375,1598743.0,0,0,0,True,False,-0.010932841118841408
2020-10-08,True,375,5676237.0,0,0,0,True,False,0.017740429505135324
2020-10-09,True,375,1956402.0,0,0,0,True,False,0.0010054844606945945
2020-10-12,True,375,2546762.0,0,0,0,True,False,0.009483572295384102
2020-10-13,True,375,2173147.0,0,0,0,True,False,-0.003204002808988804
2020-10-14,True,375,3526897.0,0,0,0,True,False,0.0017241379310344307
2020-10-15,True,375,16923641.0,0,0,0,True,False,0.03690685413005279
2020-10-16,True,375,4428915.0,0,0,0,True,False,0.0005389624971927631
2020-10-19,True,375,1995950.0,0,0,0,True,False,0.004869411243913158
2020-10-20,True,375,2391091.0,0,0,0,True,False,-0.007671500155203681
2020-10-21,True,375,2773321.0,0,0,0,True,False,0.004621885729377606
2020-10-22,True,375,1714793.0,0,0,0,True,False,-0.004142140832788299
2020-10-23,True,375,1955294.0,0,0,0,True,False,-0.0020698463029020786
2020-10-26,True,375,971520.0,0,0,0,True,False,-0.00013364219529587995
2020-10-27,True,375,1149630.0,0,0,0,True,False,-0.007628791958355752
2020-10-28,True,375,1213186.0,0,0,0,True,False,0.000913659205116435
2020-10-29,True,375,1085476.0,0,0,0,True,False,-0.007283017117409529
2020-10-30,True,375,1421606.0,0,0,0,True,False,-0.0009319664492077884
2020-11-02,True,375,1144634.0,0,0,0,True,False,0.005001415494951367
2020-11-03,False,374,904000.0,0,0,0,False,False,0.0030878637597080427
2020-11-04,True,375,4917431.0,0,0,0,True,False,0.004798193621224911
2020-11-05,True,375,1685595.0,0,0,0,True,False,0.013607305936073066
2020-11-06,True,375,1443745.0,0,0,0,True,False,0.0027603058961942484
2020-11-09,True,375,2859233.0,0,0,0,True,False,0.00920464700625545
2020-11-10,True,375,3191017.0,0,0,0,True,False,-0.018720817549114588
2020-11-11,True,375,2242982.0,0,0,0,True,False,0.002194586686174116
2020-11-12,True,375,2052561.0,0,0,0,True,False,0.0036476868327401935
2020-11-13,True,375,1234757.0,0,0,0,True,False,0.00035727045373357136
2020-11-14,False,60,,0,0,60,False,False,0.01206106190751699
2020-11-17,True,375,2021073.0,0,0,0,True,False,0.009390706286923622
2020-11-18,True,375,1507300.0,0,0,0,True,False,0.002220248667850866
2020-11-19,True,375,1925569.0,0,0,0,True,False,-0.010479917240138636
2020-11-20,True,375,1753470.0,0,0,0,True,False,0.00861793807851896
2020-11-23,True,375,875437.0,0,0,0,True,False,0.0009057971014492239
2020-11-24,True,375,1808736.0,0,0,0,True,False,0.005709266578831862
2020-11-25,True,375,1509231.0,0,0,0,True,False,-0.0035056967572304476
2020-11-26,True,375,1195330.0,0,0,0,True,False,0.0010278870218092262
2020-11-27,True,375,930443.0,0,0,0,True,False,0.0
2020-12-01,False,376,2169772.0,0,0,1,False,False,-0.006562682608891035
2020-12-02,True,375,1019979.0,0,0,0,True,False,-0.0026823798425750223
2020-12-03,True,375,1831613.0,0,0,0,True,False,0.004378283712784592
2020-12-04,True,375,1868589.0,0,0,0,True,False,0.0
2020-12-07,True,375,1236028.0,0,0,0,True,False,0.011728395061728403
2020-12-08,True,375,1975806.0,0,0,0,True,False,0.0018812617578860547
2020-12-09,True,375,1691116.0,0,0,0,True,False,0.013052905464006948
2020-12-10,True,375,2140812.0,0,0,0,True,False,-0.01661073112706568
2020-12-11,True,375,1440648.0,0,0,0,True,False,-0.007106164383561597
2020-12-14,True,375,717029.0,0,0,0,True,False,0.003776824034334769
2020-12-15,True,375,699337.0,0,0,0,True,False,-0.00644606789858182
2020-12-16,True,375,1201070.0,0,0,0,True,False,0.00485100485100487
2020-12-17,True,375,852110.0,0,0,0,True,False,0.001632302405498276
2020-12-18,True,375,4101606.0,0,0,0,True,False,0.02022597895463152
2020-12-21,True,375,1445496.0,0,0,0,True,False,0.002066551389650506
2020-12-22,True,375,1642502.0,0,0,0,True,False,0.005615109749872227
2020-12-23,True,375,3862333.0,0,0,0,True,False,0.014754098360655776
2020-12-24,True,375,1641483.0,0,0,0,True,False,-0.0016374455848875424
2020-12-28,True,375,874350.0,0,0,0,True,False,0.0007676767676767504
2020-12-29,True,375,1162418.0,0,0,0,True,False,-0.0035903021501473287
2020-12-30,True,375,782025.0,0,0,0,True,False,0.002520302436292532
2020-12-31,True,375,732980.0,0,0,0,True,False,-0.0005226550878463243
2021-01-01,False,376,1000622.0,0,0,1,False,False,0.0035101715197447536
2021-01-04,True,375,997341.0,0,0,0,True,False,0.007542675664946374
2021-01-05,True,375,1655135.0,0,0,0,True,False,-0.004310512213117956
2021-01-06,True,375,1025276.0,0,0,0,True,False,0.007478591079939534
2021-01-07,True,375,1436263.0,0,0,0,True,False,0.010802168233045917
2021-01-08,True,375,1986180.0,0,0,0,True,False,0.009277536517962925
2021-01-11,True,375,5329165.0,0,0,0,True,False,0.02333206252382758
2021-01-12,True,375,1505109.0,0,0,0,True,False,0.0014898797194664581
2021-01-13,False,376,2564090.0,0,0,1,False,False,-0.0019251725390483365
2021-01-14,False,376,7364794.0,0,0,1,False,False,-0.02063154862636385
2021-01-15,True,375,3309506.0,0,0,0,True,False,-0.007661437431594309
2021-01-18,True,375,1325741.0,0,0,0,True,False,-0.004019651630192134
2021-01-19,True,375,1045875.0,0,0,0,True,False,0.007633587786259444
2021-01-20,True,375,1924010.0,0,0,0,True,False,0.0007957559681697202
2021-01-21,True,375,1300859.0,0,0,0,True,False,0.00832804272323262
2021-01-22,True,375,1344272.0,0,0,0,True,False,-0.011177347242920965
2021-01-25,True,375,815210.0,0,0,0,True,False,0.006736526946107713
2021-01-27,True,375,1335978.0,0,0,0,True,False,-0.011535580524344669
2021-01-28,True,375,764540.0,0,0,0,True,False,-0.008481406148060033
2021-01-29,True,375,833935.0,0,0,0,True,False,0.00763807285546414
2021-02-01,False,376,1012105.0,0,0,1,False,False,0.00043999999999999595
2021-02-02,True,375,1257078.0,0,0,0,True,False,0.010180727645805465
2021-02-03,True,375,1427400.0,0,0,0,True,False,0.002471557473519015
2021-02-04,True,375,773771.0,0,0,0,True,False,0.0
2021-02-05,True,375,1036032.0,0,0,0,True,False,0.005785770132916479
2021-02-08,True,375,719813.0,0,0,0,True,False,0.00981932443047917
2021-02-09,True,375,2470852.0,0,0,0,True,False,-0.002366412213740343
2021-02-10,True,375,1205576.0,0,0,0,True,False,-0.008948374760994304
2021-02-11,True,375,643880.0,0,0,0,True,False,-0.006168080185042446
2021-02-12,True,375,1843472.0,0,0,0,True,False,0.009905587370376168
2021-02-15,True,375,940682.0,0,0,0,True,False,0.0060975609756097615
2021-02-16,True,375,855968.0,0,0,0,True,False,0.0015243902439023849
2021-02-17,True,375,1219803.0,0,0,0,True,False,-0.0031672460409424286
2021-02-18,False,376,1367895.0,0,0,1,False,False,-0.0035142522452167313
2021-02-19,True,375,1093170.0,0,0,0,True,False,0.0052351960290069055
2021-02-22,True,375,1410308.0,0,0,0,True,False,0.0015467904098993568
2021-02-23,True,375,964792.0,0,0,0,True,False,0.005537317565162292
2021-02-24,False,225,1018850.0,0,0,76,False,False,-0.006269716088328159
2021-02-25,True,375,1097573.0,0,0,0,True,False,0.012375265184253914
2021-02-26,True,375,1947975.0,0,0,0,True,False,-0.004705882352941226
2021-03-01,True,375,1136890.0,0,0,0,True,False,0.007416267942583765
2021-03-02,True,375,2024437.0,0,0,0,True,False,0.008851298190401202
2021-03-03,True,375,1364264.0,0,0,0,True,False,0.008562691131498434
2021-03-04,True,375,3774490.0,0,0,0,True,False,-0.004437152764830921
2021-03-05,True,375,1159122.0,0,0,0,True,False,-0.004570657875018647
2021-03-08,True,375,748319.0,0,0,0,True,False,0.002118003025718629
2021-03-09,True,375,1063753.0,0,0,0,True,False,-0.004902511133565324
2021-03-10,True,375,1375259.0,0,0,0,True,False,0.009147701918786444
2021-03-12,True,375,1714976.0,0,0,0,True,False,0.004756677643614982
2021-03-15,True,375,887591.0,0,0,0,True,False,-0.003853704646259004
2021-03-16,True,375,787308.0,0,0,0,True,False,0.010277342468748785
2021-03-17,True,375,925592.0,0,0,0,True,False,0.005634006284083837
2021-03-18,True,375,2061015.0,0,0,0,True,False,0.0047941748972677445
2021-03-19,True,375,1563032.0,0,0,0,True,False,-0.008646392367322564
2021-03-22,True,375,702175.0,0,0,0,True,False,0.0008525149190110604
2021-03-23,True,375,929206.0,0,0,0,True,False,0.0006926722566533705
2021-03-24,True,375,966023.0,0,0,0,True,False,-0.008723901299459769
2021-03-25,True,375,1091146.0,0,0,0,True,False,-0.006088560885608829
2021-03-26,True,375,539077.0,0,0,0,True,False,0.0059848881574025015
2021-03-30,True,375,1385059.0,0,0,0,True,False,0.006651718983557542
2021-03-31,True,375,1442191.0,0,0,0,True,False,-0.004788823677672638
2021-04-01,True,375,1231342.0,0,0,0,True,False,0.009288378556278731
2021-04-05,True,375,2005802.0,0,0,0,True,False,0.003426510369702429
2021-04-06,True,375,1593278.0,0,0,0,True,False,0.00565371024734973
2021-04-07,True,375,703013.0,0,0,0,True,False,-0.002652050919377702
2021-04-08,True,375,970339.0,0,0,0,True,False,0.0
2021-04-09,True,375,1213100.0,0,0,0,True,False,0.011470281543274341
2021-04-12,True,375,5067832.0,0,0,0,True,False,0.022900763358778553
2021-04-13,True,375,3110235.0,0,0,0,True,False,0.000733265826320828
2021-04-15,True,375,7929111.0,0,0,0,True,False,-0.05106837606837611
2021-04-16,True,375,2489566.0,0,0,0,True,False,0.0022026431718060735
2021-04-19,True,375,1836494.0,0,0,0,True,False,-0.007113218731475968
2021-04-20,True,375,1084748.0,0,0,0,True,False,0.012481644640234935
2021-04-22,True,375,1766740.0,0,0,0,True,False,0.004185495221868285
2021-04-23,True,375,933742.0,0,0,0,True,False,-0.00662006731018161
2021-04-26,True,375,1612988.0,0,0,0,True,False,-0.0012369742859285049
2021-04-27,True,375,617904.0,0,0,0,True,False,0.0007434944237918462
2021-04-28,True,375,638574.0,0,0,0,True,False,0.007493137473106204
2021-04-29,True,375,671224.0,0,0,0,True,False,0.008998377341790764
2021-04-30,True,375,1194542.0,0,0,0,True,False,-0.007153392330383479
2021-05-03,True,375,687696.0,0,0,0,True,False,-0.005341246290801238
2021-05-04,True,375,631789.0,0,0,0,True,False,0.003706449221645647
2021-05-05,True,375,633375.0,0,0,0,True,False,0.007588279489105787
2021-05-06,False,374,,0,0,0,False,False,0.00298284862043241
2021-05-07,True,375,690622.0,0,0,0,True,False,0.00389705882352942
2021-05-10,True,375,870862.0,0,0,0,True,False,-0.0021068973164782845
2021-05-11,True,375,1121194.0,0,0,0,True,False,-0.002313432835820861
2021-05-12,True,375,771005.0,0,0,0,True,False,-0.0015389812694718286
2021-05-14,True,375,751193.0,0,0,0,True,False,-0.00018838067967752448
2021-05-17,True,375,995660.0,0,0,0,True,False,0.0001136234518803736
2021-05-18,True,375,530974.0,0,0,0,True,False,0.007113017951902556
2021-05-19,True,375,613891.0,0,0,0,True,False,0.0026148673888681806
2021-05-20,True,375,765074.0,0,0,0,True,False,0.010302326452628074
2021-05-21,True,375,846500.0,0,0,0,True,False,0.004135772569767937
2021-05-24,True,375,569057.0,0,0,0,True,False,0.00047935103244833854
2021-05-25,True,375,667941.0,0,0,0,True,False,0.006410493941527484
2021-05-26,True,375,415602.0,0,0,0,True,False,0.0028592375366569556
2021-05-27,True,375,1469217.0,0,0,0,True,False,0.006594982078853118
2021-05-28,True,375,768088.0,0,0,0,True,False,0.000603307544893017
2021-05-31,True,375,949607.0,0,0,0,True,False,-0.0044043475172267366
2021-06-01,True,375,601873.0,0,0,0,True,False,0.0035842293906809264
2021-06-02,True,375,2054083.0,0,0,0,True,False,-0.005295007564296461
2021-06-03,True,375,1614058.0,0,0,0,True,False,0.005141202027516334
2021-06-04,True,375,460561.0,0,0,0,True,False,0.0022648835202760953
2021-06-07,True,375,403313.0,0,0,0,True,False,0.00396968603392267
2021-06-08,True,375,1293186.0,0,0,0,True,False,0.003955411722402102
2021-06-09,True,375,1057635.0,0,0,0,True,False,0.0002830856334041787
2021-06-10,True,375,609777.0,0,0,0,True,False,0.006360424028268641
2021-06-11,True,375,569183.0,0,0,0,True,False,0.004036929125565969
2021-06-14,True,375,1775688.0,0,0,0,True,False,0.017253898551225832
2021-06-15,True,375,1082539.0,0,0,0,True,False,0.00273972602739736
2021-06-16,True,375,719024.0,0,0,0,True,False,-0.0008819538670284954
2021-06-17,True,375,981517.0,0,0,0,True,False,-0.0026369168356998873
2021-06-18,True,375,1330102.0,0,0,0,True,False,0.0046604527296938425
2021-06-21,True,375,1191446.0,0,0,0,True,False,-0.011258278145695355
2021-06-22,True,375,1088546.0,0,0,0,True,False,0.005126498002663071
2021-06-23,True,375,754084.0,0,0,0,True,False,0.009031660436034095
2021-06-24,True,375,1175869.0,0,0,0,True,False,0.009314703925482393
2021-06-25,True,375,2311127.0,0,0,0,True,False,0.01060752169720347
2021-06-28,True,375,1206421.0,0,0,0,True,False,-0.0006988564167724753
2021-06-29,True,375,941912.0,0,0,0,True,False,-0.00573248407643312
2021-06-30,True,375,1068944.0,0,0,0,True,False,0.005790147152910929
2021-07-01,True,375,725549.0,0,0,0,True,False,-0.00230939576083522
2021-07-02,True,375,1023757.0,0,0,0,True,False,-0.0013772340016654505
2021-07-05,True,375,691308.0,0,0,0,True,False,0.0020114942528737245
2021-07-06,True,375,495241.0,0,0,0,True,False,-0.004837638726404525
2021-07-07,True,375,785142.0,0,0,0,True,False,0.0025928297055057836
2021-07-08,True,375,483029.0,0,0,0,True,False,0.0035199999999999676
2021-07-09,True,375,900170.0,0,0,0,True,False,-0.002564102564102555
2021-07-12,True,375,420961.0,0,0,0,True,False,0.0036104543421304758
2021-07-13,True,375,556903.0,0,0,0,True,False,0.006076276664511937
2021-07-14,True,375,719306.0,0,0,0,True,False,0.005499838240051735
2021-07-15,True,375,3588049.0,0,0,0,True,False,-0.012362114872575103
2021-07-16,True,375,790552.0,0,0,0,True,False,-0.0033248891703610006
2021-07-19,True,375,957083.0,0,0,0,True,False,-0.0077404849847437784
2021-07-20,True,375,575863.0,0,0,0,True,False,-0.004046486031530239
2021-07-22,True,375,924505.0,0,0,0,True,False,0.008526030228652726
2021-07-23,True,375,776926.0,0,0,0,True,False,-0.0002831969792322919
2021-07-26,True,375,557058.0,0,0,0,True,False,0.003620108918059639
2021-07-27,True,375,459506.0,0,0,0,True,False,0.0006858282935344739
2021-07-28,True,375,657904.0,0,0,0,True,False,0.0023417741280793436
2021-07-29,True,375,744958.0,0,0,0,True,False,-0.00392181274900405
2021-07-30,True,375,603915.0,0,0,0,True,False,-0.003404518724853034
2021-08-02,True,375,587480.0,0,0,0,True,False,0.00974096478982478
2021-08-03,True,375,859632.0,0,0,0,True,False,0.009191176470588314
2021-08-04,True,375,1080117.0,0,0,0,True,False,0.008428239132404869
2021-08-05,False,376,939272.0,0,0,1,False,False,0.0003032140691328067
2021-08-06,True,375,307979.0,0,0,0,True,False,0.003026634382566673
2021-08-09,True,375,828453.0,0,0,0,True,False,0.004353609868182451
2021-08-10,True,375,436886.0,0,0,0,True,False,0.0030066145520144527
2021-08-11,True,375,292772.0,0,0,0,True,False,0.0003882567272943671
2021-08-12,True,375,409628.0,0,0,0,True,False,0.0024177661035162945
2021-08-13,True,375,672226.0,0,0,0,True,False,0.007151547523665425
2021-08-16,True,375,498844.0,0,0,0,True,False,-0.0036465474488753813
2021-08-17,True,375,879959.0,0,0,0,True,False,0.0005578554860683482
2021-08-18,True,375,946955.0,0,0,0,True,False,-0.0034582132564840995
2021-08-20,True,375,980138.0,0,0,0,True,False,-0.009351728915314883
2021-08-23,True,375,917838.0,0,0,0,True,False,0.0038749602382812665
2021-08-24,True,375,832470.0,0,0,0,True,False,0.00597838583582444
2021-08-25,True,375,1017210.0,0,0,0,True,False,-0.002033110659308779
2021-08-26,True,375,595604.0,0,0,0,True,False,-0.002875215641173101
2021-08-27,True,375,1164562.0,0,0,0,True,False,0.0009283973540674673
2021-08-30,True,375,706242.0,0,0,0,True,False,-0.0023140011716461517
2021-08-31,True,375,1413287.0,0,0,0,True,False,0.0001764861605437762
2021-09-01,True,375,1168284.0,0,0,0,True,False,-0.0020431990659661725
2021-09-02,True,375,818746.0,0,0,0,True,False,5.9621404083998186e-05
2021-09-03,True,375,863098.0,0,0,0,True,False,0.005931022211678183
2021-09-06,True,375,528448.0,0,0,0,True,False,0.0027344898559247266
2021-09-07,True,375,524859.0,0,0,0,True,False,-0.0005777007510109344
2021-09-08,True,375,802031.0,0,0,0,True,False,-0.004186182669789318
2021-09-09,True,375,508786.0,0,0,0,True,False,-0.0061309909803689555
2021-09-13,True,375,864448.0,0,0,0,True,False,-0.0029325513196480912
2021-09-14,True,375,614696.0,0,0,0,True,False,0.003016234438300236
2021-09-15,True,375,467367.0,0,0,0,True,False,0.004002371775867264
2021-09-16,True,375,510750.0,0,0,0,True,False,0.00245470485096444
2021-09-17,True,375,438507.0,0,0,0,True,False,-0.0025567931348634554
2021-09-20,True,375,1014676.0,0,0,0,True,False,-0.004137115839243477
2021-09-21,True,375,888880.0,0,0,0,True,False,0.007467109162024421
2021-09-22,True,375,668438.0,0,0,0,True,False,-0.00037842400954801736
2021-09-23,True,375,422871.0,0,0,0,True,False,0.009529915775362108
2021-09-24,True,375,2434401.0,0,0,0,True,False,0.009126915791286327
2021-09-27,True,375,791686.0,0,0,0,True,False,0.0026359049940480883
2021-09-28,True,375,1031516.0,0,0,0,True,False,-0.007544979686593178
2021-09-29,True,375,815826.0,0,0,0,True,False,-0.015982682955758554
2021-09-30,True,375,790676.0,0,0,0,True,False,0.0082889283599763
2021-10-01,True,375,971892.0,0,0,0,True,False,-0.007924213536701696
2021-10-04,True,375,390322.0,0,0,0,True,False,0.004142651296830113
2021-10-05,True,375,695852.0,0,0,0,True,False,-0.006480765800582766
2021-10-06,True,375,869557.0,0,0,0,True,False,0.006147662115032038
2021-10-07,True,375,684702.0,0,0,0,True,False,0.008579200669596165
2021-10-08,True,375,619240.0,0,0,0,True,False,0.008814742508947981
2021-10-11,True,375,2533179.0,0,0,0,True,False,-0.024277054268062703
2021-10-12,True,375,1240608.0,0,0,0,True,False,-0.009596928982725572
2021-10-13,True,375,1526437.0,0,0,0,True,False,0.004620442496223731
2021-10-14,True,375,9558451.0,0,0,0,True,False,0.02693208430913341
2021-10-18,True,375,2315937.0,0,0,0,True,False,0.015169194865811031
2021-10-19,True,375,1731694.0,0,0,0,True,False,0.009460211463550472
2021-10-20,True,375,1128037.0,0,0,0,True,False,0.003235536057033306
2021-10-21,True,375,809732.0,0,0,0,True,False,0.008394018566902028
2021-10-22,True,375,909367.0,0,0,0,True,False,-0.004040978941377338
2021-10-25,True,375,937114.0,0,0,0,True,False,0.002444916610879977
2021-10-26,True,375,679071.0,0,0,0,True,False,0.0009658159681573686
2021-10-27,True,375,799313.0,0,0,0,True,False,0.00011703434958154624
2021-10-28,True,375,561730.0,0,0,0,True,False,-0.0026972157772622296
2021-10-29,True,375,721300.0,0,0,0,True,False,-0.004015593399185113
2021-11-01,False,374,515895.0,0,0,0,False,False,0.003889886295631362
2021-11-02,True,375,385698.0,0,0,0,True,False,-0.003732330208363943
2021-11-03,True,375,490451.0,0,0,0,True,False,0.005885815185403098
2021-11-04,False,60,,0,0,60,False,False,0.007519680413582419
2021-11-08,True,375,736548.0,0,0,0,True,False,0.014365288771621243
2021-11-09,True,375,661193.0,0,0,0,True,False,-0.0030172413793103647
2021-11-10,True,375,685892.0,0,0,0,True,False,-0.009184845005740572
2021-11-11,True,375,1106716.0,0,0,0,True,False,-0.005195177956371921
2021-11-12,True,375,644301.0,0,0,0,True,False,0.004610951008645614
2021-11-15,True,375,513082.0,0,0,0,True,False,0.003830338534332123
2021-11-16,True,375,616176.0,0,0,0,True,False,0.0028011204481792618
2021-11-17,True,375,668694.0,0,0,0,True,False,-0.00025097601784718204
2021-11-18,True,375,465183.0,0,0,0,True,False,-0.004998464159057248
2021-11-22,True,375,566590.0,0,0,0,True,False,0.006459620321006554
2021-11-23,True,375,1182762.0,0,0,0,True,False,-0.01487537614262191
2021-11-24,True,375,752875.0,0,0,0,True,False,0.006478482184174128
2021-11-25,True,375,672149.0,0,0,0,True,False,0.005798130398769308
2021-11-26,True,375,463583.0,0,0,0,True,False,-0.011582002902757682
2021-11-29,True,375,1060165.0,0,0,0,True,False,0.0005917159763313418
2021-11-30,True,375,814197.0,0,0,0,True,False,0.004922768541445466
2021-12-01,True,375,737463.0,0,0,0,True,False,-0.002065694917226746
2021-12-02,True,375,550763.0,0,0,0,True,False,-0.0016881075731999262
2021-12-03,True,375,1565340.0,0,0,0,True,False,0.013795077275329026
2021-12-06,True,375,653627.0,0,0,0,True,False,-0.004832029452370046
2021-12-07,True,375,625718.0,0,0,0,True,False,0.003598820058996921
2021-12-08,True,375,771582.0,0,0,0,True,False,0.012591662040959406
2021-12-09,True,375,404537.0,0,0,0,True,False,0.0037662634101802706
2021-12-10,True,375,277769.0,0,0,0,True,False,0.0
2021-12-13,True,375,288805.0,0,0,0,True,False,0.005691357673373032
2021-12-14,True,375,702614.0,0,0,0,True,False,-0.009215798511734374
2021-12-15,True,375,331973.0,0,0,0,True,False,0.0005733944954129377
2021-12-16,True,375,943374.0,0,0,0,True,False,0.01599515822237585
2021-12-17,True,375,4004803.0,0,0,0,True,False,0.024659385204368833
2021-12-20,False,371,,0,0,0,False,False,-0.011684037301151973
2021-12-21,True,375,554930.0,0,0,0,True,False,0.0006111450636145932
2021-12-22,True,375,561576.0,0,0,0,True,False,0.005675869289689661
2021-12-23,True,375,629769.0,0,0,0,True,False,0.003424657534246478
2021-12-24,True,375,1280799.0,0,0,0,True,False,0.009050992646068456
2021-12-27,True,375,296628.0,0,0,0,True,False,-0.0017978372286472366
2021-12-28,True,375,472622.0,0,0,0,True,False,0.007068273092369459
2021-12-29,True,375,289193.0,0,0,0,True,False,-0.000901761086356867
2021-12-30,True,375,334297.0,0,0,0,True,False,0.000663746183459546
2021-12-31,True,375,276007.0,0,0,0,True,False,-0.003217129898212101
2022-01-03,True,375,331859.0,0,0,0,True,False,-0.003615538900031634
2022-01-04,True,375,443558.0,0,0,0,True,False,-0.00028962611900995583
2022-01-05,True,375,1372826.0,0,0,0,True,False,-0.0005260389268806342
2022-01-06,True,375,1091489.0,0,0,0,True,False,-0.010822510822510845
2022-01-07,True,375,913020.0,0,0,0,True,False,-0.002773963196923912
2022-01-10,True,375,932660.0,0,0,0,True,False,-0.0005506607929515184
2022-01-11,True,375,607210.0,0,0,0,True,False,0.0010793308148948633
2022-01-12,True,375,792817.0,0,0,0,True,False,0.004298995109893067
2022-01-13,True,375,5138543.0,0,0,0,True,False,0.014917421417155019
2022-01-14,True,375,705153.0,0,0,0,True,False,-0.007017358729488721
2022-01-17,True,375,930476.0,0,0,0,True,False,0.007038961038960956
2022-01-18,True,375,494337.0,0,0,0,True,False,-0.008741393981588907
2022-01-19,True,375,1010356.0,0,0,0,True,False,-0.0007822685788787531
2022-01-20,True,375,861229.0,0,0,0,True,False,-0.011260053619302934
2022-01-21,True,375,2374353.0,0,0,0,True,False,-0.016546131930747388
2022-01-24,True,375,1305948.0,0,0,0,True,False,-0.012863534675615185
2022-01-25,True,375,1847329.0,0,0,0,True,False,-0.0042675893886967575
2022-01-27,True,375,2153438.0,0,0,0,True,False,-0.012761020881670526
2022-01-28,True,375,1939756.0,0,0,0,True,False,-0.003556609365737984
2022-01-31,True,375,866847.0,0,0,0,True,False,0.01928211213289832
2022-02-01,True,375,953921.0,0,0,0,True,False,0.016255718272578212
2022-02-02,True,375,672780.0,0,0,0,True,False,0.0089957982008404
2022-02-03,True,375,536281.0,0,0,0,True,False,-0.004838754789807886
2022-02-04,True,375,1390174.0,0,0,0,True,False,-0.002476530553475742
2022-02-07,True,375,613414.0,0,0,0,True,False,-0.010229885057471244
2022-02-08,True,375,961883.0,0,0,0,True,False,-0.002333722287047868
2022-02-09,True,375,700886.0,0,0,0,True,False,0.015451246634671678
2022-02-10,True,375,589849.0,0,0,0,True,False,0.009574468085106425
2022-02-11,True,375,1262742.0,0,0,0,True,False,-0.017836983517724003
2022-02-14,True,375,1020315.0,0,0,0,True,False,-0.01727045414897954
2022-02-15,True,375,831876.0,0,0,0,True,False,0.008907363420427528
2022-02-16,True,375,715063.0,0,0,0,True,False,-0.0021526980482204916
2022-02-17,True,375,633615.0,0,0,0,True,False,0.007219174126479988
2022-02-18,True,375,689515.0,0,0,0,True,False,-0.008120649651972123
2022-02-21,True,375,518339.0,0,0,0,True,False,-0.002901609074122957
2022-02-22,True,375,1461909.0,0,0,0,True,False,-0.01711477305579645
2022-02-23,True,375,479153.0,0,0,0,True,False,0.009809578765147098
2022-02-24,True,375,2297002.0,0,0,0,True,False,-0.030294337024499463
2022-02-25,True,375,1491371.0,0,0,0,True,False,0.024002866013852486
2022-02-28,True,375,803374.0,0,0,0,True,False,-0.007551622418879078
2022-03-02,True,375,1473227.0,0,0,0,True,False,-0.005235602094240788
2022-03-03,True,375,1111445.0,0,0,0,True,False,0.010366802737070913
2022-03-04,True,375,1398045.0,0,0,0,True,False,-0.015477089261861976
2022-03-07,False,353,,0,0,0,False,False,-0.014460770079563368
2022-03-08,True,375,1507944.0,0,0,0,True,False,-0.012385057471264393
2022-03-09,True,375,1373138.0,0,0,0,True,False,0.009326833666770007
2022-03-10,True,375,1213182.0,0,0,0,True,False,0.015272427077600348
2022-03-11,True,375,609790.0,0,0,0,True,False,-0.004445420119642107
2022-03-14,True,375,1756536.0,0,0,0,True,False,0.00557263643351269
2022-03-15,True,375,1030693.0,0,0,0,True,False,-0.0014013749338974701
2022-03-16,True,375,788432.0,0,0,0,True,False,0.014689880304679104
2022-03-17,True,375,1146082.0,0,0,0,True,False,0.018697033898305015
2022-03-21,True,375,1660858.0,0,0,0,True,False,-0.005371315571470525
2022-03-22,True,375,713763.0,0,0,0,True,False,-0.002668535540041539
2022-03-23,True,375,860044.0,0,0,0,True,False,0.005299417064122958
2022-03-24,True,375,714753.0,0,0,0,True,False,-0.006875334403424249
2022-03-25,True,375,396696.0,0,0,0,True,False,0.005393628610144363
2022-03-28,True,375,463798.0,0,0,0,True,False,-0.006389776357827448
2022-03-29,True,375,394659.0,0,0,0,True,False,0.0017373640178548477
2022-03-30,True,375,761637.0,0,0,0,True,False,0.013020764273780738
2022-03-31,True,375,430462.0,0,0,0,True,False,0.0001315962626662337
2022-04-01,True,375,1578195.0,0,0,0,True,False,-0.011602933473022548
2022-04-04,True,375,1729308.0,0,0,0,True,False,-0.008941682399832174
2022-04-05,True,375,736939.0,0,0,0,True,False,0.001488569909622539
2022-04-06,True,375,750472.0,0,0,0,True,False,-0.0029561945713517668
2022-04-07,True,375,1019713.0,0,0,0,True,False,-0.004863520861225767
2022-04-08,True,375,660396.0,0,0,0,True,False,0.003882265480877667
2022-04-11,True,375,1653833.0,0,0,0,True,False,-0.003296703296703285
2022-04-12,True,375,1064096.0,0,0,0,True,False,-0.007062146892655385
2022-04-13,True,375,1042539.0,0,0,0,True,False,0.009810691063927734
2022-04-18,True,375,8667926.0,0,0,0,True,False,-0.08359256828105832
2022-04-19,True,375,3872891.0,0,0,0,True,False,0.00878328402366857
2022-04-20,True,375,2286837.0,0,0,0,True,False,0.006389776357827559
2022-04-21,True,375,839549.0,0,0,0,True,False,0.0012554927809165228
2022-04-22,True,375,1539460.0,0,0,0,True,False,-0.007209158415841688
2022-04-25,True,375,871907.0,0,0,0,True,False,-0.009353446918401453
2022-04-26,True,375,774270.0,0,0,0,True,False,0.007988751837412877
2022-04-27,True,375,1358826.0,0,0,0,True,False,-0.0025684931506848585
2022-04-28,True,375,1119152.0,0,0,0,True,False,0.008770520769749712
2022-04-29,True,375,842847.0,0,0,0,True,False,0.006329113924050667
2022-05-02,True,375,1242335.0,0,0,0,True,False,-0.010905612244897944
2022-05-04,True,375,1127551.0,0,0,0,True,False,0.0017805114923923337
2022-05-05,True,375,876692.0,0,0,0,True,False,0.015194898158391368
2022-05-06,True,375,691002.0,0,0,0,True,False,-0.022698612862547263
2022-05-09,True,375,776846.0,0,0,0,True,False,-0.003236245954692518
2022-05-10,True,375,767888.0,0,0,0,True,False,-0.009630359469853578
2022-05-11,True,375,816961.0,0,0,0,True,False,-0.0006769825918762074
2022-05-12,True,375,773181.0,0,0,0,True,False,-0.011103853690398457
2022-05-13,True,375,849142.0,0,0,0,True,False,0.006358879247532645
2022-05-16,True,375,526140.0,0,0,0,True,False,0.0055270693214357625
2022-05-17,True,375,684692.0,0,0,0,True,False,0.0013061388526072193
2022-05-18,True,375,1186587.0,0,0,0,True,False,0.0006574621959236637
2022-05-19,True,375,2377117.0,0,0,0,True,False,-0.022151794262322166
2022-05-20,True,375,1955675.0,0,0,0,True,False,0.015799776286353318
2022-05-23,True,375,572909.0,0,0,0,True,False,-0.002673063742289261
2022-05-24,True,375,560685.0,0,0,0,True,False,-0.0006464563982171434
2022-05-25,True,375,929106.0,0,0,0,True,False,-0.00602618272494293
2022-05-26,True,375,1550786.0,0,0,0,True,False,0.0
2022-05-27,True,375,1628936.0,0,0,0,True,False,0.011204874120242403
2022-05-30,True,375,1585232.0,0,0,0,True,False,0.014324693042292003
2022-05-31,True,375,1595716.0,0,0,0,True,False,-0.012485292195058117
2022-06-01,True,375,1760251.0,0,0,0,True,False,0.001986754966887494
2022-06-02,True,375,1206222.0,0,0,0,True,False,-0.0020174848688634395
2022-06-03,True,375,2443762.0,0,0,0,True,False,0.011206896551724244
2022-06-06,True,375,803044.0,0,0,0,True,False,-0.003942181340341633
2022-06-07,True,375,654883.0,0,0,0,True,False,-0.007930809399477878
2022-06-08,True,375,661305.0,0,0,0,True,False,0.009026948095048448
2022-06-09,True,375,900217.0,0,0,0,True,False,-0.0092734672092869
2022-06-10,True,375,1084915.0,0,0,0,True,False,-0.018752063387256546
2022-06-13,True,375,1246423.0,0,0,0,True,False,-0.021288135593220403
2022-06-14,True,375,988873.0,0,0,0,True,False,-0.012016956872087814
2022-06-15,True,375,629020.0,0,0,0,True,False,0.0001388888888889106
2022-06-16,True,375,655709.0,0,0,0,True,False,0.01174980651516222
2022-06-17,True,375,1397719.0,0,0,0,True,False,-0.005149293760057239
2022-06-20,True,375,504322.0,0,0,0,True,False,-0.003476951752813928
2022-06-21,True,375,686953.0,0,0,0,True,False,0.0038419512882874596
2022-06-22,True,375,1058604.0,0,0,0,True,False,-0.00886879701842791
2022-06-23,True,375,794539.0,0,0,0,True,False,0.0020182336975431703
2022-06-24,True,375,924090.0,0,0,0,True,False,0.0007206836198907496
2022-06-27,True,375,875242.0,0,0,0,True,False,0.01855963366405322
2022-06-28,True,375,624727.0,0,0,0,True,False,-0.005180645379744719
2022-06-29,True,375,648048.0,0,0,0,True,False,-0.014333781965006676
2022-06-30,True,375,1358273.0,0,0,0,True,False,0.000717213114754145
2022-07-01,True,375,673568.0,0,0,0,True,False,-0.0037684138403563106
2022-07-04,True,375,797210.0,0,0,0,True,False,-0.0005064145847399892
2022-07-05,True,375,1049675.0,0,0,0,True,False,0.0086137281292058
2022-07-06,True,375,761228.0,0,0,0,True,False,0.003588597738506394
2022-07-07,True,375,606724.0,0,0,0,True,False,0.00747369126617059
2022-07-08,True,375,540140.0,0,0,0,True,False,0.011449744633975412
2022-07-11,True,375,973103.0,0,0,0,True,False,-0.012810353935552077
2022-07-12,True,375,551140.0,0,0,0,True,False,-0.0059839521283829855
2022-07-13,True,375,607471.0,0,0,0,True,False,0.009046624913013224
2022-07-14,True,375,754536.0,0,0,0,True,False,0.0021064263268759653
2022-07-15,True,375,915576.0,0,0,0,True,False,0.009071877180739651
2022-07-18,False,376,965406.0,0,0,1,False,False,0.010558594975084601
2022-07-19,True,375,429762.0,0,0,0,True,False,-0.012846313812303056
2022-07-20,True,375,975816.0,0,0,0,True,False,0.011760345059981248
2022-07-21,True,375,478101.0,0,0,0,True,False,0.003306878306878369
2022-07-22,True,375,1386100.0,0,0,0,True,False,0.0013054830287206887
2022-07-25,True,375,2031789.0,0,0,0,True,False,-0.018175787728026638
2022-07-26,True,375,1084031.0,0,0,0,True,False,-0.003561917443408724
2022-07-27,True,375,858429.0,0,0,0,True,False,0.0006896551724138167
2022-07-28,True,375,966257.0,0,0,0,True,False,0.018998978549540357
2022-07-29,True,375,847953.0,0,0,0,True,False,0.010282098602689027
2022-08-01,True,375,552511.0,0,0,0,True,False,0.011642949547218562
2022-08-02,True,375,507749.0,0,0,0,True,False,-0.0031904608443442672
2022-08-03,True,375,547170.0,0,0,0,True,False,0.005909474641210499
2022-08-04,True,375,1686372.0,0,0,0,True,False,0.01121090515319434
2022-08-05,True,375,1002341.0,0,0,0,True,False,0.005249999999999977
2022-08-08,True,375,400339.0,0,0,0,True,False,0.0
2022-08-10,True,375,778241.0,0,0,0,True,False,0.002566401781020966
2022-08-11,True,375,687283.0,0,0,0,True,False,0.018750000000000044
2022-08-12,True,375,350646.0,0,0,0,True,False,-0.003212851405622552
2022-08-16,True,375,586443.0,0,0,0,True,False,0.00925199937274579
2022-08-17,True,375,517844.0,0,0,0,True,False,0.0009090909090909705
2022-08-18,True,375,533806.0,0,0,0,True,False,-0.008335925349922335
2022-08-19,True,375,664543.0,0,0,0,True,False,0.00018927444794947235
2022-08-22,True,375,480429.0,0,0,0,True,False,-0.0037688442211055717
2022-08-23,True,375,1002036.0,0,0,0,True,False,-0.018389346861128697
2022-08-24,True,375,465900.0,0,0,0,True,False,-0.008397932816537446
2022-08-25,True,375,304577.0,0,0,0,True,False,0.006501950585175553
2022-08-26,True,375,542900.0,0,0,0,True,False,0.009967105263158027
2022-08-29,True,375,2173820.0,0,0,0,True,False,-0.03815168980875028
2022-08-30,True,375,601071.0,0,0,0,True,False,0.006456461585761408
2022-09-01,True,375,1933440.0,0,0,0,True,False,-0.020034901671253214
2022-09-02,True,375,801707.0,0,0,0,True,False,0.00749829584185413
2022-09-05,True,375,670646.0,0,0,0,True,False,-0.0013420971127705572
2022-09-06,True,375,481782.0,0,0,0,True,False,3.421727972630073e-05
2022-09-07,True,375,649558.0,0,0,0,True,False,-0.01095504653319146
2022-09-08,True,375,911110.0,0,0,0,True,False,0.008409106446981562
2022-09-09,True,375,516800.0,0,0,0,True,False,0.008813559322033981
2022-09-12,True,375,1378796.0,0,0,0,True,False,0.009293864726310552
2022-09-13,True,375,910758.0,0,0,0,True,False,0.011405109489051046
2022-09-14,True,375,3095572.0,0,0,0,True,False,-0.031381429957942464
2022-09-15,True,375,2235173.0,0,0,0,True,False,0.0
2022-09-16,True,375,1651488.0,0,0,0,True,False,-0.004505920570051392
2022-09-19,True,375,1519215.0,0,0,0,True,False,0.010159651669085612
2022-09-20,True,375,1127822.0,0,0,0,True,False,0.012039965497412375
2022-09-21,True,375,1834434.0,0,0,0,True,False,-0.0058357348703169665
2022-09-22,True,375,1284383.0,0,0,0,True,False,-0.010608254887762514
2022-09-23,True,375,1799774.0,0,0,0,True,False,-0.0003654970760234022
2022-09-26,True,375,1430023.0,0,0,0,True,False,-0.005011522844496352
2022-09-27,True,375,2117190.0,0,0,0,True,False,0.008175668342799147
2022-09-28,True,375,1396440.0,0,0,0,True,False,-0.012884753042233354
2022-09-29,True,375,641133.0,0,0,0,True,False,0.007819225251076034
2022-09-30,True,375,974175.0,0,0,0,True,False,-0.00895469140206917
2022-10-03,True,375,882068.0,0,0,0,True,False,-0.001273164521148673
2022-10-04,True,375,1206399.0,0,0,0,True,False,0.018618834080717628
2022-10-06,True,375,1510928.0,0,0,0,True,False,0.011904761904761862
2022-10-07,True,375,847714.0,0,0,0,True,False,-0.005261348005502153
2022-10-10,True,375,664173.0,0,0,0,True,False,-0.017326903203582544
2022-10-11,True,375,3641120.0,0,0,0,True,False,-0.0014677771709447063
2022-10-12,True,375,1323154.0,0,0,0,True,False,0.008421052631578885
2022-10-13,True,375,876149.0,0,0,0,True,False,0.0006993006993007977
2022-10-14,True,375,3849449.0,0,0,0,True,False,0.044303797468354444
2022-10-17,True,375,908604.0,0,0,0,True,False,-6.77048070412134e-05
2022-10-18,True,375,991192.0,0,0,0,True,False,0.012743125419181656
2022-10-19,True,375,479327.0,0,0,0,True,False,0.00033255736614568043
2022-10-20,True,375,511531.0,0,0,0,True,False,-0.008769866603944743
2022-10-21,True,375,681062.0,0,0,0,True,False,-0.0004663557628248327
2022-10-24,False,60,,0,0,60,False,False,0.011894845566920997
2022-10-25,True,375,832357.0,0,0,0,True,False,0.006653491436100056
2022-10-27,True,375,1443606.0,0,0,0,True,False,0.0031454783748361415
2022-10-28,True,375,511584.0,0,0,0,True,False,0.0006557377049181135
2022-10-31,True,375,1194911.0,0,0,0,True,False,0.01173553719008269
2022-11-01,True,375,717589.0,0,0,0,True,False,0.008539515552957955
2022-11-02,True,375,497434.0,0,0,0,True,False,0.0
2022-11-03,True,375,638818.0,0,0,0,True,False,-0.009207688097614297
2022-11-04,True,375,934899.0,0,0,0,True,False,-0.006274304761282212
2022-11-07,True,375,782905.0,0,0,0,True,False,0.0029004614370469195
2022-11-09,True,375,550566.0,0,0,0,True,False,0.014598540145985384
2022-11-10,True,375,715881.0,0,0,0,True,False,-0.01626312477228309
2022-11-11,True,375,2196770.0,0,0,0,True,False,0.029041916167664716
2022-11-14,True,375,635158.0,0,0,0,True,False,0.002641629535327983
2022-11-15,True,375,410205.0,0,0,0,True,False,-0.002623261694058243
2022-11-16,True,375,598260.0,0,0,0,True,False,0.000720551378446066
2022-11-17,True,375,466085.0,0,0,0,True,False,-0.0017499999999999183
2022-11-18,True,375,320362.0,0,0,0,True,False,0.0038471241170534576
2022-11-21,True,375,473941.0,0,0,0,True,False,-0.007714500752634357
2022-11-22,True,375,466852.0,0,0,0,True,False,0.0007654037504785105
2022-11-23,True,375,499852.0,0,0,0,True,False,0.001260318860671683
2022-11-24,True,375,344037.0,0,0,0,True,False,0.004075700609775357
2022-11-25,True,375,1019898.0,0,0,0,True,False,-0.0022018348623852324
2022-11-28,True,375,654192.0,0,0,0,True,False,-0.0012576301340448959
2022-11-29,True,375,461858.0,0,0,0,True,False,0.0
2022-11-30,True,375,801473.0,0,0,0,True,False,-0.004149505133091536
2022-12-01,True,375,1257079.0,0,0,0,True,False,0.012347188264058673
2022-12-02,True,375,702199.0,0,0,0,True,False,0.0001509889778046336
2022-12-05,True,375,598152.0,0,0,0,True,False,-0.001797739114537289
2022-12-06,True,375,523976.0,0,0,0,True,False,-0.009146341463414642
2022-12-07,True,375,613690.0,0,0,0,True,False,-0.0037174721189591198
2022-12-08,True,375,495130.0,0,0,0,True,False,0.002184769038701573
2022-12-09,True,375,1530349.0,0,0,0,True,False,0.004938271604938205
2022-12-12,True,375,2007832.0,0,0,0,True,False,-0.012361412004587846
2022-12-13,True,375,700756.0,0,0,0,True,False,0.0012943308309603108
2022-12-14,True,375,873828.0,0,0,0,True,False,0.007001909611712209
2022-12-15,True,375,965100.0,0,0,0,True,False,-0.0029543505193939668
2022-12-16,True,375,1252482.0,0,0,0,True,False,-0.009740259740259716
2022-12-19,True,375,1158202.0,0,0,0,True,False,-0.008286475288546868
2022-12-20,True,375,1173232.0,0,0,0,True,False,-0.005894430094708358
2022-12-21,True,375,1401598.0,0,0,0,True,False,0.006042897934789737
2022-12-22,True,375,974799.0,0,0,0,True,False,0.0062165200714239255
2022-12-23,True,375,756886.0,0,0,0,True,False,-0.007434210526315765
2022-12-26,True,375,465570.0,0,0,0,True,False,0.0014683307748781793
2022-12-27,True,375,725084.0,0,0,0,True,False,0.006398507015029864
2022-12-28,True,375,436494.0,0,0,0,True,False,-0.007451859667633953
2022-12-29,True,375,664947.0,0,0,0,True,False,-0.003973509933774877
2022-12-30,True,375,782166.0,0,0,0,True,False,0.00592495062541154
2023-01-02,True,375,440647.0,0,0,0,True,False,0.0035794776614079815
2023-01-03,True,375,365069.0,0,0,0,True,False,-0.002984780897402395
2023-01-04,True,375,531339.0,0,0,0,True,False,-0.0004928536224740876
2023-01-05,True,375,1481915.0,0,0,0,True,False,0.007290969899665711
2023-01-06,True,375,1016324.0,0,0,0,True,False,-0.003795066413662229
2023-01-09,True,375,2554988.0,0,0,0,True,False,-0.0011036004966201718
2023-01-10,True,375,1435410.0,0,0,0,True,False,-0.0014486406360543214
2023-01-11,True,375,1058418.0,0,0,0,True,False,-0.0005439216752787246
2023-01-12,True,375,965072.0,0,0,0,True,False,0.007409673362564151
2023-01-13,True,375,2256723.0,0,0,0,True,False,6.741270055266035e-05
2023-01-16,True,375,801685.0,0,0,0,True,False,0.004056120752709669
2023-01-17,True,375,848472.0,0,0,0,True,False,0.0021328958162427636
2023-01-18,True,375,834109.0,0,0,0,True,False,0.0038666493371457555
2023-01-19,True,375,873992.0,0,0,0,True,False,-0.0033009708737863352
2023-01-20,True,375,617821.0,0,0,0,True,False,0.0026075619295957697
2023-01-23,True,375,648054.0,0,0,0,True,False,0.005173204112369989
2023-01-24,True,375,761516.0,0,0,0,True,False,0.007101355713363455
2023-01-25,True,375,282050.0,0,0,0,True,False,-0.002289510173809295
2023-01-27,True,375,728767.0,0,0,0,True,False,0.002724088727461549
2023-01-30,True,375,597580.0,0,0,0,True,False,0.006716712761754229
2023-01-31,True,375,902008.0,0,0,0,True,False,0.007087126137841349
2023-02-01,True,375,913640.0,0,0,0,True,False,0.005345501955671406
2023-02-02,True,375,1374988.0,0,0,0,True,False,0.004433226547584379
2023-02-03,True,375,1190958.0,0,0,0,True,False,0.010436432637571214
2023-02-06,True,375,542077.0,0,0,0,True,False,0.0014727540500736325
2023-02-07,True,375,427430.0,0,0,0,True,False,0.003036599009109686
2023-02-08,True,375,619735.0,0,0,0,True,False,0.0012791813239527716
2023-02-09,True,375,874031.0,0,0,0,True,False,0.003899371069182367
2023-02-10,True,375,663694.0,0,0,0,True,False,-0.0021961026909990133
2023-02-13,True,375,670326.0,0,0,0,True,False,-0.006624576244829483
2023-02-14,True,375,1040447.0,0,0,0,True,False,0.011101894978625682
2023-02-15,True,375,391942.0,0,0,0,True,False,-0.00439974858579506
2023-02-16,True,375,583749.0,0,0,0,True,False,0.0018785222291797243
2023-02-17,True,375,545731.0,0,0,0,True,False,-0.004372267332916957
2023-02-20,True,375,308788.0,0,0,0,True,False,-3.154574132491206e-05
2023-02-21,True,375,438796.0,0,0,0,True,False,0.001723111626304119
2023-02-22,True,375,669117.0,0,0,0,True,False,-0.011385199240986688
2023-02-23,True,375,525331.0,0,0,0,True,False,0.00515430913049042
2023-02-24,True,375,523676.0,0,0,0,True,False,0.005348972095121418
2023-02-27,True,375,716171.0,0,0,0,True,False,-0.0051679586563307955
2023-02-28,True,375,729082.0,0,0,0,True,False,0.003177124702144596
2023-03-01,True,375,841312.0,0,0,0,True,False,0.0002680965147454639
2023-03-02,True,375,664332.0,0,0,0,True,False,-0.007684597393919135
2023-03-03,True,375,763215.0,0,0,0,True,False,0.010191948360795067
2023-03-06,True,375,795840.0,0,0,0,True,False,0.009217367816868105
2023-03-08,True,375,582226.0,0,0,0,True,False,-0.010423236514522816
2023-03-09,True,375,896374.0,0,0,0,True,False,0.00033456005352960894
2023-03-10,True,375,483203.0,0,0,0,True,False,-0.013913278400648377
2023-03-13,True,375,1286964.0,0,0,0,True,False,-0.006109150149334774
2023-03-14,True,375,1032732.0,0,0,0,True,False,0.0014246499183432348
2023-03-15,True,375,1016384.0,0,0,0,True,False,0.011856595011082494
2023-03-16,True,375,1062369.0,0,0,0,True,False,-0.0015492957746479075
2023-03-17,True,375,838660.0,0,0,0,True,False,0.016346837242359635
2023-03-20,True,375,1231462.0,0,0,0,True,False,-0.0027745583535279117
2023-03-21,True,375,1625208.0,0,0,0,True,False,-0.004978662873399764
2023-03-22,True,375,1066721.0,0,0,0,True,False,0.007540394973069908
2023-03-23,True,375,830135.0,0,0,0,True,False,-0.004853670813259492
2023-03-24,True,375,1611026.0,0,0,0,True,False,0.008684277460848211
2023-03-27,True,375,632323.0,0,0,0,True,False,0.005913939481895447
2023-03-28,True,375,894905.0,0,0,0,True,False,0.0028093934591555403
2023-03-29,True,375,955316.0,0,0,0,True,False,0.0002901494269549332
2023-03-31,True,375,1186359.0,0,0,0,True,False,0.010944700460829626
2023-04-03,True,375,817195.0,0,0,0,True,False,0.006523111454022512
2023-04-05,True,375,812705.0,0,0,0,True,False,-0.007760728587122179
2023-04-06,True,375,330602.0,0,0,0,True,False,-0.006908160044885481
2023-04-10,True,375,446554.0,0,0,0,True,False,0.0011248989348613403
2023-04-11,True,375,611536.0,0,0,0,True,False,0.0013314646110722528
2023-04-12,True,375,876161.0,0,0,0,True,False,0.007665977322969475
2023-04-13,True,375,1483693.0,0,0,0,True,False,-0.013470958712386238
2023-04-17,True,375,20094286.0,0,0,0,True,False,-0.09660404624277463
2023-04-18,False,376,3439162.0,0,0,1,False,False,0.007936822889797135
2023-04-19,True,375,1917437.0,0,0,0,True,False,-0.003693407466243137
2023-04-20,True,375,1585734.0,0,0,0,True,False,-0.00020309517039684977
2023-04-21,True,375,1609269.0,0,0,0,True,False,0.0037597057621576724
2023-04-24,True,375,1492241.0,0,0,0,True,False,0.0008149959250203231
2023-04-25,True,375,806350.0,0,0,0,True,False,-0.0023599300158684278
2023-04-26,True,375,1490728.0,0,0,0,True,False,0.000570357695754975
2023-04-27,True,375,894486.0,0,0,0,True,False,0.002159123314458
2023-04-28,True,375,1565251.0,0,0,0,True,False,0.006976744186046657
2023-05-02,True,375,1776141.0,0,0,0,True,False,0.0012370311252991595
2023-05-03,True,375,984381.0,0,0,0,True,False,-0.009544672195274662
2023-05-04,True,375,597284.0,0,0,0,True,False,0.0005519416518826592
2023-05-05,True,375,869736.0,0,0,0,True,False,0.005029074336005079
2023-05-08,True,375,728969.0,0,0,0,True,False,0.0016264677880037937
2023-05-09,True,375,646763.0,0,0,0,True,False,-0.00039478878799836803
2023-05-10,True,375,705080.0,0,0,0,True,False,0.003538013994810907
2023-05-11,True,375,983314.0,0,0,0,True,False,0.004150197628458585
2023-05-12,True,375,1649082.0,0,0,0,True,False,-0.003696343402225799
2023-05-15,True,375,589086.0,0,0,0,True,False,0.0023255813953488857
2023-05-16,True,375,878033.0,0,0,0,True,False,0.005244755244755206
2023-05-17,True,375,1137932.0,0,0,0,True,False,-0.0026898734177216443
2023-05-18,True,375,984629.0,0,0,0,True,False,0.008170458186478546
2023-05-19,True,375,1094666.0,0,0,0,True,False,0.004880195207808136
2023-05-22,True,375,1257298.0,0,0,0,True,False,0.00311268715524049
2023-05-23,True,375,2429115.0,0,0,0,True,False,0.005962059620596261
2023-05-24,True,375,1085678.0,0,0,0,True,False,-0.0034594095940959635
2023-05-25,True,375,466111.0,0,0,0,True,False,-0.004154165705054336
2023-05-26,True,375,675497.0,0,0,0,True,False,3.8286304988588427e-05
2023-05-29,True,375,840570.0,0,0,0,True,False,0.012689969604863238
2023-05-30,True,375,562364.0,0,0,0,True,False,0.0
2023-05-31,True,375,1364241.0,0,0,0,True,False,-0.0021546836017238835
2023-06-01,True,375,525363.0,0,0,0,True,False,0.005359179019384319
2023-06-02,True,375,1828453.0,0,0,0,True,False,-0.00870882241575166
2023-06-05,True,375,806192.0,0,0,0,True,False,0.0031926760780089936
2023-06-06,True,375,1947528.0,0,0,0,True,False,-0.013323124042879053
2023-06-07,True,375,782021.0,0,0,0,True,False,0.007416081186572887
2023-06-08,True,375,745839.0,0,0,0,True,False,-0.002017380509000577
2023-06-09,True,375,794656.0,0,0,0,True,False,-0.0006623290606614374
2023-06-12,True,375,802119.0,0,0,0,True,False,0.0055270430319778185
2023-06-13,True,375,860406.0,0,0,0,True,False,0.005725338491296084
2023-06-14,True,375,533122.0,0,0,0,True,False,0.0011495574203932435
2023-06-15,True,375,1020390.0,0,0,0,True,False,-0.006182795698924659
2023-06-16,True,375,429537.0,0,0,0,True,False,0.0
2023-06-19,True,375,610495.0,0,0,0,True,False,0.003801101543712715
2023-06-20,False,376,353917.0,0,0,1,False,False,0.0011605415860735935
2023-06-21,True,375,616764.0,0,0,0,True,False,-0.00348792640858564
2023-06-22,True,375,1308301.0,0,0,0,True,False,-0.007008086253369239
2023-06-23,True,375,1476765.0,0,0,0,True,False,-0.00549279314374751
2023-06-26,True,375,527427.0,0,0,0,True,False,0.003594848700323894
2023-06-27,False,376,622714.0,0,0,1,False,False,0.007318800661052949
2023-06-28,True,375,472821.0,0,0,0,True,False,0.008639899917901372
2023-06-30,True,375,3535958.0,0,0,0,True,False,0.009024296182028602
2023-07-03,True,375,1780150.0,0,0,0,True,False,-0.005867623425645507
2023-07-04,True,375,1327291.0,0,0,0,True,False,0.008477119279819867
2023-07-05,True,375,1021261.0,0,0,0,True,False,0.010906789755806834
2023-07-06,True,375,698673.0,0,0,0,True,False,-0.002563150074294196
2023-07-07,True,375,649597.0,0,0,0,True,False,-0.006701414743112477
2023-07-10,True,375,482256.0,0,0,0,True,False,0.005680963130173078
2023-07-11,True,375,690435.0,0,0,0,True,False,0.0037260067745576997
2023-07-12,True,375,535177.0,0,0,0,True,False,0.0029695619896066283
2023-07-13,True,375,916380.0,0,0,0,True,False,0.0014253563390849155
2023-07-14,True,375,1837922.0,0,0,0,True,False,0.00998536942209216
2023-07-17,True,375,1642693.0,0,0,0,True,False,-3.5063113604461016e-05
2023-07-18,True,375,2534504.0,0,0,0,True,False,0.006633673791723638
2023-07-19,True,375,2720168.0,0,0,0,True,False,0.006775067750677488
2023-07-20,True,375,1428336.0,0,0,0,True,False,-0.004062288422478022
2023-07-21,True,375,16478507.0,0,0,0,True,False,-0.08494195113498526
2023-07-24,True,375,2171480.0,0,0,0,True,False,0.0026543048338254494
2023-07-25,True,375,1016423.0,0,0,0,True,False,0.0007485029940119681
2023-07-26,True,375,537423.0,0,0,0,True,False,0.0055029386441058925
2023-07-27,True,375,1233125.0,0,0,0,True,False,0.007116382505559571
2023-07-28,True,375,1083506.0,0,0,0,True,False,-0.0006643292120318556
2023-07-31,True,375,1169240.0,0,0,0,True,False,0.0060793674474117765
2023-08-01,True,375,1013585.0,0,0,0,True,False,0.005314437555358653
2023-08-02,True,375,856001.0,0,0,0,True,False,0.0031134390681659685
2023-08-03,True,375,1799809.0,0,0,0,True,False,-0.005121780463539616
2023-08-04,True,375,761498.0,0,0,0,True,False,0.0035923753665689784
2023-08-07,True,375,427650.0,0,0,0,True,False,0.007184325108853473
2023-08-08,True,375,501039.0,0,0,0,True,False,-0.0006815898981202828
2023-08-09,True,375,492683.0,0,0,0,True,False,-0.0037790174554616085
2023-08-10,True,375,454916.0,0,0,0,True,False,-0.0010767353384537603
2023-08-11,True,375,676855.0,0,0,0,True,False,0.0007189072609632419
2023-08-14,True,375,527761.0,0,0,0,True,False,-0.0008011945081759508
2023-08-16,True,375,1601083.0,0,0,0,True,False,0.012814530313363548
2023-08-17,True,375,799900.0,0,0,0,True,False,0.001834344574572988
2023-08-18,True,375,577907.0,0,0,0,True,False,-0.004820985466146732
2023-08-21,True,375,522358.0,0,0,0,True,False,0.0019826964671953995
2023-08-22,True,375,382868.0,0,0,0,True,False,-0.00014235888675351305
2023-08-23,True,375,452551.0,0,0,0,True,False,0.008547008547008517
2023-08-24,True,375,562838.0,0,0,0,True,False,0.01030561478322678
2023-08-25,True,375,446383.0,0,0,0,True,False,-0.0077247191011236005
2023-08-28,True,375,321744.0,0,0,0,True,False,0.0025414754677020035
2023-08-29,True,375,300614.0,0,0,0,True,False,0.006076020912816116
2023-08-30,True,375,365716.0,0,0,0,True,False,0.006346967559943684
2023-08-31,True,375,476441.0,0,0,0,True,False,0.00010452961672480221
2023-09-01,True,375,337437.0,0,0,0,True,False,-0.0038635572572224275
2023-09-04,True,375,608390.0,0,0,0,True,False,0.0006934812760055475
2023-09-05,True,375,442956.0,0,0,0,True,False,-0.002043596730245234
2023-09-06,True,375,471438.0,0,0,0,True,False,0.0033175355450236754
2023-09-07,True,375,415081.0,0,0,0,True,False,-0.0035235126710936315
2023-09-08,True,375,323114.0,0,0,0,True,False,-0.002589790772166478
2023-09-11,True,375,458816.0,0,0,0,True,False,0.000408441116405589
2023-09-12,True,375,744271.0,0,0,0,True,False,0.005084745762711895
2023-09-13,True,375,788047.0,0,0,0,True,False,0.0026648900732844094
2023-09-14,True,375,705302.0,0,0,0,True,False,0.004672897196261738
2023-09-15,True,375,557958.0,0,0,0,True,False,0.008537355080888931
2023-09-18,True,375,605072.0,0,0,0,True,False,-0.004695767195767142
2023-09-20,True,375,789243.0,0,0,0,True,False,-0.00919524800322169
2023-09-21,False,375,695500.0,0,1,0,True,False,-0.0038197352990451128
2023-09-22,True,375,493479.0,0,0,0,True,False,-0.00539999999999996
2023-09-25,True,375,506782.0,0,0,0,True,False,-0.003444816053511768
2023-09-26,True,375,598412.0,0,0,0,True,False,0.002541683611223977
2023-09-27,True,375,379571.0,0,0,0,True,False,-0.0033540967896502627
2023-09-28,True,375,613318.0,0,0,0,True,False,-0.0007488087134104315
2023-09-29,True,375,964965.0,0,0,0,True,False,-0.008172311101876994
2023-10-03,True,375,646853.0,0,0,0,True,False,0.0045820216859040475
2023-10-04,True,375,525974.0,0,0,0,True,False,-0.003252544329031659
2023-10-05,True,375,678518.0,0,0,0,True,False,0.0017247326664366902
2023-10-06,True,375,361084.0,0,0,0,True,False,0.005749093148997408
2023-10-09,True,375,853749.0,0,0,0,True,False,-0.009667387777176795
2023-10-10,True,375,577095.0,0,0,0,True,False,0.005522615619176774
2023-10-11,True,375,1218146.0,0,0,0,True,False,0.0011703728473499986
2023-10-12,True,375,1224685.0,0,0,0,True,False,0.0009057059474690821
2023-10-13,True,375,5574170.0,0,0,0,True,False,-0.0338994705356529
2023-10-16,True,375,719548.0,0,0,0,True,False,-0.0006280530355897707
2023-10-17,True,375,469579.0,0,0,0,True,False,0.005059316120027857
2023-10-18,True,375,463553.0,0,0,0,True,False,-0.0006930006930007115
2023-10-19,True,375,683224.0,0,0,0,True,False,-0.01092346637999797
2023-10-20,True,375,493394.0,0,0,0,True,False,-0.002789400278940035
2023-10-23,True,375,342549.0,0,0,0,True,False,-0.001680672268907668
2023-10-25,True,375,760201.0,0,0,0,True,False,-0.00709723207948898
2023-10-26,True,375,1146664.0,0,0,0,True,False,-0.01235422740524783
2023-10-27,True,375,852082.0,0,0,0,True,False,0.0026838235294117663
2023-10-30,True,375,491156.0,0,0,0,True,False,-0.000506860721914526
2023-10-31,True,375,425060.0,0,0,0,True,False,3.623450974710174e-05
2023-11-01,True,375,346571.0,0,0,0,True,False,0.002043422733077893
2023-11-02,True,375,492596.0,0,0,0,True,False,0.011816838995568624
2023-11-03,True,375,390511.0,0,0,0,True,False,0.0062340503098796685
2023-11-06,True,375,217484.0,0,0,0,True,False,0.004250720461095092
2023-11-07,True,375,195757.0,0,0,0,True,False,-0.0028845126598054938
2023-11-08,True,375,340800.0,0,0,0,True,False,0.0003559985760057671
2023-11-09,True,375,341457.0,0,0,0,True,False,0.0016540812657317439
2023-11-10,True,375,260094.0,0,0,0,True,False,-0.005083514887436413
2023-11-12,False,60,,0,0,60,False,False,0.010324699014958139
2023-11-13,True,375,705359.0,0,0,0,True,False,-0.006587473002159894
2023-11-15,True,375,2111318.0,0,0,0,True,False,0.0183803457688807
2023-11-16,False,375,613858.0,0,1,0,True,False,0.002903682719546774
2023-11-17,True,375,622559.0,0,0,0,True,False,-0.002733564013840839
2023-11-20,True,375,397974.0,0,0,0,True,False,0.0033398274422486995
2023-11-21,True,375,412427.0,0,0,0,True,False,0.0031653274896517036
2023-11-22,True,375,255340.0,0,0,0,True,False,-0.0026388888888888573
2023-11-23,True,375,448182.0,0,0,0,True,False,0.007273725382556773
2023-11-24,False,375,298803.0,0,1,0,True,False,-0.003584352920902978
2023-11-28,True,375,674123.0,0,0,0,True,False,0.004871259568545616
2023-11-29,True,375,787274.0,0,0,0,True,False,0.005613305613305641
2023-11-30,True,375,418096.0,0,0,0,True,False,-0.004077576754386025
2023-12-01,True,375,381849.0,0,0,0,True,False,0.004575950455874889
2023-12-04,True,375,967900.0,0,0,0,True,False,0.005715662982474168
2023-12-05,True,375,976338.0,0,0,0,True,False,0.0006143764079458158
2023-12-06,True,375,891811.0,0,0,0,True,False,0.001271565056017554
2023-12-07,True,375,736457.0,0,0,0,True,False,-0.001457627118644167
2023-12-08,True,375,672229.0,0,0,0,True,False,0.0012938372488935368
2023-12-11,True,375,623013.0,0,0,0,True,False,-0.0006706908115359234
2023-12-12,True,375,1124561.0,0,0,0,True,False,-0.008023095773607714
2023-12-13,True,375,1304400.0,0,0,0,True,False,-0.0006770480704130222
2023-12-14,True,375,2727981.0,0,0,0,True,False,0.00927618193730817
2023-12-15,True,375,2378902.0,0,0,0,True,False,0.011321381142098241
2023-12-18,True,375,1626252.0,0,0,0,True,False,-0.005864823738270353
2023-12-19,True,375,848820.0,0,0,0,True,False,0.0045425463851567205
2023-12-20,True,375,920566.0,0,0,0,True,False,0.007110682110682109
2023-12-21,True,375,1353678.0,0,0,0,True,False,-0.006368386675375537
2023-12-22,True,375,880159.0,0,0,0,True,False,-0.00363506539872116
2023-12-26,True,375,2135656.0,0,0,0,True,False,-0.016403947199794877
2023-12-27,True,375,621026.0,0,0,0,True,False,-0.0010351966873705098
2023-12-28,True,375,736246.0,0,0,0,True,False,0.00022312890475584268
2023-12-29,True,375,464380.0,0,0,0,True,False,-0.015932311621966844
2024-01-01,True,375,246235.0,0,0,0,True,False,-0.0022690437601297075
2024-01-02,True,375,625665.0,0,0,0,True,False,-0.0012919896640827266
2024-01-03,True,375,1209776.0,0,0,0,True,False,-0.008512720156555798
2024-01-04,True,375,1658432.0,0,0,0,True,False,0.008679624664879482
2024-01-05,True,375,1310373.0,0,0,0,True,False,-0.004130865829477859
2024-01-08,True,375,1031289.0,0,0,0,True,False,-0.002641878669275899
2024-01-09,True,375,804352.0,0,0,0,True,False,0.015075707702435936
2024-01-10,True,375,521572.0,0,0,0,True,False,-0.0033332244044311787
2024-01-11,True,375,1775941.0,0,0,0,True,False,0.003355704697986628
2024-01-12,True,375,7897487.0,0,0,0,True,False,0.027428796947970735
2024-01-15,True,375,3116832.0,0,0,0,True,False,0.018544891640866812
2024-01-16,True,375,759722.0,0,0,0,True,False,-0.003755299818291924
2024-01-17,False,375,1106769.0,0,1,0,True,False,-0.002923076923076917
2024-01-18,True,375,946939.0,0,0,0,True,False,0.0010054844606948166
2024-01-19,True,375,627522.0,0,0,0,True,False,0.00300610330064055
2024-01-20,True,375,169224.0,0,0,0,True,False,0.004644569774105101
2024-01-23,True,375,1115477.0,0,0,0,True,False,0.0003940707508562902
2024-01-24,True,375,855613.0,0,0,0,True,False,0.010901339829476386
2024-01-25,True,375,872634.0,0,0,0,True,False,-2.9886431560099957e-05
2024-01-29,True,375,743575.0,0,0,0,True,False,-0.0005102040816326037
2024-01-30,True,375,512871.0,0,0,0,True,False,0.004956929121958664
2024-01-31,True,375,903497.0,0,0,0,True,False,-0.0031750831569398175
2024-02-01,True,375,988257.0,0,0,0,True,False,0.001690055832201498
2024-02-02,True,375,713529.0,0,0,0,True,False,0.006676737160120849
2024-02-05,True,375,361769.0,0,0,0,True,False,0.0008563160692138805
2024-02-06,True,375,1337781.0,0,0,0,True,False,0.002228163992869847
2024-02-07,True,375,566218.0,0,0,0,True,False,0.0005787037037037202
2024-02-08,True,375,631090.0,0,0,0,True,False,0.0023612750885477762
2024-02-09,True,375,666502.0,0,0,0,True,False,-0.00490253987005318
2024-02-12,True,375,362078.0,0,0,0,True,False,-0.00020949302687500726
2024-02-13,True,375,461930.0,0,0,0,True,False,0.0034581445265919886
2024-02-14,True,375,830874.0,0,0,0,True,False,-0.011991549379593458
2024-02-15,True,375,488029.0,0,0,0,True,False,0.006119510439164921
2024-02-16,True,375,679961.0,0,0,0,True,False,0.005357142857142838
2024-02-19,True,375,1156495.0,0,0,0,True,False,0.0037382627380566635
2024-02-20,True,375,195796.0,0,0,0,True,False,-0.008240141259564404
2024-02-21,True,375,656829.0,0,0,0,True,False,-0.008763619137849288
2024-02-22,True,375,846577.0,0,0,0,True,False,0.007869249394673039
2024-02-23,True,375,629020.0,0,0,0,True,False,0.011172352152539755
2024-02-26,True,375,220689.0,0,0,0,True,False,-5.969971045638456e-05
2024-02-27,True,375,320241.0,0,0,0,True,False,0.00060240963855418
2024-02-28,True,375,314302.0,0,0,0,True,False,0.0030030030030030463
2024-02-29,True,375,431614.0,0,0,0,True,False,-0.0006002400960384291
2024-03-01,True,375,516108.0,0,0,0,True,False,-0.0031357324175004253
2024-03-02,False,105,140148.0,0,0,0,False,False,0.0030535735881001003
2024-03-04,True,375,420976.0,0,0,0,True,False,0.0016010149830836262
2024-03-05,True,375,417992.0,0,0,0,True,False,0.0
2024-03-06,True,375,1047278.0,0,0,0,True,False,-0.0007481296758105049
2024-03-07,True,375,716326.0,0,0,0,True,False,-0.0011739264751313705
2024-03-11,True,375,668289.0,0,0,0,True,False,-0.0033775409023301117
2024-03-12,True,375,649019.0,0,0,0,True,False,0.0
2024-03-13,True,375,452521.0,0,0,0,True,False,-0.0009291377601585715
2024-03-14,True,375,1232653.0,0,0,0,True,False,0.0008679479231246123
2024-03-15,True,375,701277.0,0,0,0,True,False,-0.005363798902997097
2024-03-18,True,375,571758.0,0,0,0,True,False,-0.0008887799197033752
2024-03-19,True,375,883736.0,0,0,0,True,False,-0.006023720349563111
2024-03-20,True,375,524249.0,0,0,0,True,False,-0.00223428024257899
2024-03-21,True,375,2209040.0,0,0,0,True,False,0.005270600334233322
2024-03-22,True,375,3591551.0,0,0,0,True,False,-0.022179363548698205
2024-03-26,True,375,1371747.0,0,0,0,True,False,-0.012868437593039794
2024-03-27,True,375,870288.0,0,0,0,True,False,0.0019087164718882832
2024-03-28,True,375,1127226.0,0,0,0,True,False,0.0
2024-04-01,True,375,1589367.0,0,0,0,True,False,0.019896338404949088
2024-04-02,True,375,1415337.0,0,0,0,True,False,-0.008447412353923212
2024-04-03,True,375,1660157.0,0,0,0,True,False,-0.003302109306557055
2024-04-04,True,375,1589940.0,0,0,0,True,False,0.006448345712356529
2024-04-05,True,375,1093576.0,0,0,0,True,False,-0.006010745466756284
2024-04-08,True,375,761558.0,0,0,0,True,False,0.0017224492552940784
2024-04-09,True,375,2653649.0,0,0,0,True,False,0.00982717722805826
2024-04-10,True,375,1491125.0,0,0,0,True,False,0.002070462514609961
2024-04-12,True,375,2349217.0,0,0,0,True,False,-0.0016594756057085602
2024-04-15,True,375,1552466.0,0,0,0,True,False,-0.0032663231976293172
2024-04-16,True,375,1304282.0,0,0,0,True,False,-0.011041439476554005
2024-04-18,True,375,3912882.0,0,0,0,True,False,0.004169022046353721
2024-04-19,True,375,7642129.0,0,0,0,True,False,-0.031400797258549606
2024-04-22,True,375,1132806.0,0,0,0,True,False,0.005630510995431992
2024-04-23,True,375,769653.0,0,0,0,True,False,0.005925409550366023
2024-04-24,True,375,496689.0,0,0,0,True,False,0.00336934245718834
2024-04-25,True,375,645290.0,0,0,0,True,False,-0.009452059572390148
2024-04-26,True,375,553000.0,0,0,0,True,False,0.0009733713411668177
2024-04-29,True,375,739181.0,0,0,0,True,False,-0.0014315642458100353
2024-04-30,True,375,639027.0,0,0,0,True,False,-0.0009052924791086436
2024-05-02,True,375,1552504.0,0,0,0,True,False,-0.006154387198874622
2024-05-03,True,375,540389.0,0,0,0,True,False,0.003280538996084381
2024-05-06,True,375,1337780.0,0,0,0,True,False,0.0030019424333391775
2024-05-07,True,375,431183.0,0,0,0,True,False,-0.0017164074541123897
2024-05-08,True,375,587615.0,0,0,0,True,False,-0.0032986111111110716
2024-05-09,True,375,486371.0,0,0,0,True,False,-0.00031512605042016695
2024-05-10,True,375,2192455.0,0,0,0,True,False,0.0002439534397433718
2024-05-13,True,375,565854.0,0,0,0,True,False,-0.0006311803071744615
2024-05-14,True,375,330596.0,0,0,0,True,False,0.0018612818261634079
2024-05-15,True,375,361996.0,0,0,0,True,False,0.00038584306710154337
2024-05-16,True,375,1769416.0,0,0,0,True,False,0.009823943661971812
2024-05-17,True,375,1009908.0,0,0,0,True,False,0.004135079255685792
2024-05-18,False,105,80804.0,0,0,0,False,False,0.0
2024-05-21,True,375,1103029.0,0,0,0,True,False,-0.00990099009900991
2024-05-22,True,375,1343543.0,0,0,0,True,False,-0.004736860436766355
2024-05-23,True,375,1155177.0,0,0,0,True,False,0.0002750464140823805
2024-05-24,True,375,727562.0,0,0,0,True,False,-0.0019034023316678583
2024-05-27,True,375,1019161.0,0,0,0,True,False,0.006324353890332368
2024-05-28,True,375,581055.0,0,0,0,True,False,0.00305914343983682
2024-05-29,True,375,852895.0,0,0,0,True,False,0.0016404647983596643
2024-05-30,True,375,1035496.0,0,0,0,True,False,-0.006985787535703336
2024-05-31,True,375,2794053.0,0,0,0,True,False,-0.01745827089939711
2024-06-03,True,375,1592472.0,0,0,0,True,False,0.023454157782516027
2024-06-04,True,375,2159733.0,0,0,0,True,False,0.0004970531846908433
2024-06-05,True,375,2401375.0,0,0,0,True,False,7.14260204992545e-05
2024-06-06,True,375,1486509.0,0,0,0,True,False,0.010489877268435865
2024-06-07,True,375,3604418.0,0,0,0,True,False,0.005431093007467691
2024-06-10,True,375,1466254.0,0,0,0,True,False,-0.003560346235505496
2024-06-11,True,375,548428.0,0,0,0,True,False,0.001301648755089868
2024-06-12,True,375,1091526.0,0,0,0,True,False,0.007420282104418696
2024-06-13,True,375,1429519.0,0,0,0,True,False,0.0058196252565008155
2024-06-14,True,375,1010125.0,0,0,0,True,False,0.006492637215528729
2024-06-18,True,375,1064981.0,0,0,0,True,False,0.0057104467584816465
2024-06-19,True,375,555095.0,0,0,0,True,False,0.004002668445630464
2024-06-20,True,375,1282002.0,0,0,0,True,False,0.004005959278265081
2024-06-21,True,375,4204647.0,0,0,0,True,False,0.0190620671459667
2024-06-24,True,375,950370.0,0,0,0,True,False,-0.00036063208969905336
2024-06-25,True,375,297875.0,0,0,0,True,False,-0.0002620545073376279
2024-06-26,True,375,663658.0,0,0,0,True,False,0.0006493506493505663
2024-06-27,True,375,767114.0,0,0,0,True,False,-0.001103788592020316
2024-06-28,True,375,1288420.0,0,0,0,True,False,0.0016242038216560672
2024-07-01,True,375,593281.0,0,0,0,True,False,-0.0045638783391313
2024-07-02,True,375,1524113.0,0,0,0,True,False,0.006431273644388336
2024-07-03,True,375,1417917.0,0,0,0,True,False,0.0030864197530864335
2024-07-04,True,375,1385294.0,0,0,0,True,False,-0.0006444683136411777
2024-07-05,True,375,850350.0,0,0,0,True,False,0.001516116316443883
2024-07-08,True,375,691084.0,0,0,0,True,False,0.001218694777892937
2024-07-09,True,375,640279.0,0,0,0,True,False,-0.0006321683373972098
2024-07-10,True,375,2643226.0,0,0,0,True,False,0.0004830334500662836
2024-07-11,True,375,1060642.0,0,0,0,True,False,0.006686930091185372
2024-07-12,True,375,2218222.0,0,0,0,True,False,0.016949152542372836
2024-07-15,True,375,1464286.0,0,0,0,True,False,0.011633017845108062
2024-07-16,True,375,821571.0,0,0,0,True,False,0.005617320070216536
2024-07-18,True,375,1498327.0,0,0,0,True,False,-0.0035360268969913955
2024-07-19,True,375,11626547.0,0,0,0,True,False,0.044788804215416755
2024-07-22,True,375,1637542.0,0,0,0,True,False,0.0055299539170508005
2024-07-23,True,375,689332.0,0,0,0,True,False,0.0
2024-07-24,True,375,633109.0,0,0,0,True,False,0.0025096841071525766
2024-07-25,True,375,832295.0,0,0,0,True,False,-0.008552595740044744
2024-07-26,True,375,1788580.0,0,0,0,True,False,-0.0005475401757604192
2024-07-29,True,375,764671.0,0,0,0,True,False,0.007234042553191378
2024-07-30,True,375,417616.0,0,0,0,True,False,-0.002053388090349162
2024-07-31,True,375,457533.0,0,0,0,True,False,0.0009598976109215229
2024-08-01,True,375,2096114.0,0,0,0,True,False,-0.00690208667736758
2024-08-02,True,375,1362854.0,0,0,0,True,False,-0.003783783783783745
2024-08-05,True,375,906850.0,0,0,0,True,False,-0.01871907641561299
2024-08-06,True,375,1024155.0,0,0,0,True,False,0.0036778332145404047
2024-08-07,True,375,1079578.0,0,0,0,True,False,0.02277904328018221
2024-08-08,True,375,812589.0,0,0,0,True,False,-0.006724330357142816
2024-08-09,True,375,755595.0,0,0,0,True,False,0.018545140885566358
2024-08-12,True,375,344757.0,0,0,0,True,False,0.0013271587507763805
2024-08-13,True,375,690325.0,0,0,0,True,False,0.008356545961002881
2024-08-14,True,375,1838986.0,0,0,0,True,False,0.0033686906651075876
2024-08-16,True,375,1546467.0,0,0,0,True,False,0.016483516483516425
2024-08-19,True,375,346093.0,0,0,0,True,False,0.001642478257357416
2024-08-20,True,375,753758.0,0,0,0,True,False,0.008042895442359255
2024-08-21,True,375,295811.0,0,0,0,True,False,0.0021913415285943483
2024-08-22,True,375,528900.0,0,0,0,True,False,0.0064102564102563875
2024-08-23,True,375,585239.0,0,0,0,True,False,-0.0009308758211654666
2024-08-26,True,375,576111.0,0,0,0,True,False,0.0021704761649561366
2024-08-27,True,375,344885.0,0,0,0,True,False,-0.0009850905218317108
2024-08-28,True,375,473292.0,0,0,0,True,False,0.0041600842548710215
2024-08-29,True,375,696185.0,0,0,0,True,False,-0.0025799793601650745
2024-08-30,True,375,465682.0,0,0,0,True,False,0.004041032017407575
2024-09-02,True,375,605763.0,0,0,0,True,False,-0.0022846288119930946
2024-09-03,True,375,635991.0,0,0,0,True,False,0.00382750701709611
2024-09-04,True,375,803309.0,0,0,0,True,False,-0.010201452934205824
2024-09-05,True,375,350764.0,0,0,0,True,False,0.0028895715103867126
2024-09-06,True,375,717529.0,0,0,0,True,False,-0.005690636316606268
2024-09-09,True,375,478297.0,0,0,0,True,False,-0.007352941176470562
2024-09-10,True,375,695989.0,0,0,0,True,False,0.00099842354177615
2024-09-11,True,375,698993.0,0,0,0,True,False,0.0002873338035158657
2024-09-12,True,375,738148.0,0,0,0,True,False,0.006299171436786155
2024-09-13,True,375,289065.0,0,0,0,True,False,0.003421133861508441
2024-09-16,True,375,196431.0,0,0,0,True,False,0.001415337107565584
2024-09-17,True,375,190144.0,0,0,0,True,False,0.0008992805755396738
2024-09-18,True,375,1406527.0,0,0,0,True,False,-0.005769230769230749
2024-09-19,True,375,1010904.0,0,0,0,True,False,0.009564068692206051
2024-09-20,True,375,420860.0,0,0,0,True,False,0.004746835443038
2024-09-23,True,375,308422.0,0,0,0,True,False,-0.0005235602094241232
2024-09-24,True,375,983013.0,0,0,0,True,False,-0.0036939313984168942
2024-09-25,True,375,407472.0,0,0,0,True,False,-0.007184210526315793
2024-09-26,True,375,739462.0,0,0,0,True,False,-0.0011578947368421355
2024-09-27,True,375,3922335.0,0,0,0,True,False,0.020116156282998787
2024-09-30,True,375,1428429.0,0,0,0,True,False,-0.014675052410901501
2024-10-01,True,375,438135.0,0,0,0,True,False,-0.0013847464848742996
2024-10-03,True,375,1859109.0,0,0,0,True,False,-0.008656873032528822
2024-10-04,True,375,728566.0,0,0,0,True,False,0.00029115934356793716
2024-10-07,True,375,671881.0,0,0,0,True,False,0.0011452368558042547
2024-10-08,True,375,710755.0,0,0,0,True,False,0.004015231976789435
2024-10-09,True,375,535830.0,0,0,0,True,False,0.003391659600709085
2024-10-10,True,375,689815.0,0,0,0,True,False,-0.0005615109749872449
2024-10-11,True,375,999381.0,0,0,0,True,False,0.00023467445438196677
2024-10-14,True,375,489707.0,0,0,0,True,False,-0.001343842873756218
2024-10-15,True,375,1079011.0,0,0,0,True,False,-0.003051881993896277
2024-10-16,True,375,513552.0,0,0,0,True,False,-0.0025510204081632404
2024-10-17,True,375,1062412.0,0,0,0,True,False,0.008915072206871377
2024-10-18,True,375,2707489.0,0,0,0,True,False,-0.041113924050632966
2024-10-21,True,375,861239.0,0,0,0,True,False,0.0032360742705570544
2024-10-22,True,375,664182.0,0,0,0,True,False,0.004378141722069184
2024-10-23,True,375,439795.0,0,0,0,True,False,-0.004477893771411612
2024-10-24,True,375,426879.0,0,0,0,True,False,-0.0036931970240324796
2024-10-25,False,750,,750,0,0,False,False,-8.048937540239276e-05
2024-10-28,False,750,,750,0,0,False,False,-0.0033762057877813056
2024-10-29,False,750,,750,0,0,False,False,-0.010187667560321745
2024-10-30,True,375,634300.0,0,0,0,True,False,-0.0043207695861300355
2024-10-31,True,375,668727.0,0,0,0,True,False,-0.006114847962643832
2024-11-01,False,120,,120,0,120,False,False,0.0008792081454380707
2024-11-04,True,375,2631802.0,0,0,0,True,False,-0.017714741398951905
2024-11-05,True,375,530852.0,0,0,0,True,False,-0.0017299566092849883
2024-11-06,False,750,,750,0,0,False,False,0.0062749572162008604
2024-11-07,True,375,686325.0,0,0,0,True,False,-0.006956426478240685
2024-11-08,False,750,,750,0,0,False,False,0.008403361344537785
2024-11-11,True,375,529425.0,0,0,0,True,False,0.001670363372491046
2024-11-12,True,375,557243.0,0,0,0,True,False,0.007240330525125627
2024-11-13,True,375,669835.0,0,0,0,True,False,5.373455131651994e-05
2024-11-14,True,375,573727.0,0,0,0,True,False,-0.0018191546281434157
2024-11-18,True,375,919154.0,0,0,0,True,False,-0.00847184986595173
2024-11-19,False,750,,750,0,0,False,False,0.00575741715104261
2024-11-21,True,375,1414353.0,0,0,0,True,False,0.010699588477366184
2024-11-22,True,375,547921.0,0,0,0,True,False,0.01095965103598684
2024-11-25,True,375,1166885.0,0,0,0,True,False,0.014185898793140028
2024-11-26,True,375,1438370.0,0,0,0,True,False,0.007377049180327999
2024-11-27,True,375,1050593.0,0,0,0,True,False,0.005155712946568025
2024-11-28,True,375,791894.0,0,0,0,True,False,-0.006253405641038934
2024-11-29,False,750,,750,0,0,False,False,-0.004945438907703048
2024-12-02,True,375,408905.0,0,0,0,True,False,0.001077005923532548
2024-12-03,False,750,,750,0,0,False,False,0.005086686729340206
2024-12-04,True,375,797538.0,0,0,0,True,False,-0.0031746031746031633
2024-12-05,True,375,725475.0,0,0,0,True,False,0.0042283298097252064
2024-12-06,True,375,479427.0,0,0,0,True,False,-0.0011369509043928083
2024-12-09,True,375,576170.0,0,0,0,True,False,0.0027097446586763496
2024-12-10,True,375,904241.0,0,0,0,True,False,0.006253405641038823
2024-12-11,True,375,445145.0,0,0,0,True,False,0.00405731600842274
2024-12-12,True,375,1020214.0,0,0,0,True,False,0.004015655975194488
2024-12-13,True,375,524145.0,0,0,0,True,False,-0.007732607929071489
2024-12-16,True,375,354296.0,0,0,0,True,False,-0.0017758879439719877
2024-12-17,False,750,,750,0,0,False,False,-0.0056588520614390125
2024-12-18,True,375,342333.0,0,0,0,True,False,-0.0036474164133738496
2024-12-19,True,375,1425813.0,0,0,0,True,False,-0.022022199185861235
2024-12-20,True,375,1731822.0,0,0,0,True,False,0.013677187580189987
2024-12-23,True,375,332119.0,0,0,0,True,False,0.0011671335200746924
2024-12-24,True,375,178880.0,0,0,0,True,False,0.003149401353461645
2024-12-26,True,375,340692.0,0,0,0,True,False,0.0029947198360784633
2024-12-27,True,375,212109.0,0,0,0,True,False,0.00020953378732335715
2024-12-30,False,750,,750,0,0,False,False,-0.0006781429316640164
2024-12-31,True,375,581465.0,0,0,0,True,False,-0.002477596204533472
2025-01-01,True,375,136124.0,0,0,0,True,False,-0.006178240924880063
2025-01-02,True,375,346438.0,0,0,0,True,False,0.001061007957559701
2025-01-03,True,375,425765.0,0,0,0,True,False,-0.0009208338662233251
2025-01-06,True,375,1028909.0,0,0,0,True,False,0.006652570780258937
2025-01-07,True,375,496362.0,0,0,0,True,False,0.003094378545642096
2025-01-08,True,375,744922.0,0,0,0,True,False,0.0005184033177811909
2025-01-09,True,375,844992.0,0,0,0,True,False,0.0006726167378088288
2025-01-10,True,375,1225176.0,0,0,0,True,False,0.0074636569318389245
2025-01-13,True,375,855255.0,0,0,0,True,False,-0.004985247736290499
2025-01-14,True,375,746974.0,0,0,0,True,False,0.00298013245033113
2025-01-15,True,375,435844.0,0,0,0,True,False,0.004643962848297267
2025-01-16,True,375,630944.0,0,0,0,True,False,0.0073271334511824104
2025-01-17,True,375,4200187.0,0,0,0,True,False,-0.0359626051404911
2025-01-20,True,375,918220.0,0,0,0,True,False,0.0029986244841815335
2025-01-21,True,375,832724.0,0,0,0,True,False,0.0033370104798675637
2025-01-22,True,375,766078.0,0,0,0,True,False,0.0014406028368794122
2025-01-23,True,375,884429.0,0,0,0,True,False,0.0011315264831077698
2025-01-24,True,375,375246.0,0,0,0,True,False,0.00037537537537546406
2025-01-27,True,375,1244141.0,0,0,0,True,False,-0.014000000000000012
2025-01-28,True,375,1277689.0,0,0,0,True,False,0.0038398244651673963
2025-01-29,True,375,677254.0,0,0,0,True,False,0.007646095030038325
2025-01-30,True,375,321156.0,0,0,0,True,False,-0.0032990129566072834
2025-01-31,True,375,520586.0,0,0,0,True,False,0.0013915649753799553
2025-02-01,True,375,115136.0,0,0,0,True,False,-0.0014073661010648442
2025-02-03,True,375,586130.0,0,0,0,True,False,-0.01449275362318836
2025-02-04,True,375,859052.0,0,0,0,True,False,0.013357652486454707
2025-02-05,True,375,507557.0,0,0,0,True,False,0.00583128842449665
2025-02-06,True,375,753702.0,0,0,0,True,False,0.009398941631782565
2025-02-07,True,375,765244.0,0,0,0,True,False,0.0029000653167863266
2025-02-10,True,375,513584.0,0,0,0,True,False,0.002051443900899619
2025-02-11,True,375,469198.0,0,0,0,True,False,0.001648936170212778
2025-02-12,False,750,,750,0,0,False,False,0.0031931878658861823
2025-02-13,True,375,539846.0,0,0,0,True,False,0.002064730646502033
2025-02-14,False,750,,750,0,0,False,False,0.007252872626517748
2025-02-17,True,375,693603.0,0,0,0,True,False,-0.0077981651376146655
2025-02-18,True,375,192153.0,0,0,0,True,False,-0.0004340513265693735
2025-02-19,True,375,442361.0,0,0,0,True,False,-0.00032467532467528315
2025-02-20,True,375,399416.0,0,0,0,True,False,-0.0026238744959399263
2025-02-21,False,750,,750,0,0,False,False,-0.0023001095290252627
2025-02-24,True,375,646635.0,0,0,0,True,False,-0.008236914600550982
2025-02-25,True,375,961546.0,0,0,0,True,False,-0.010124787294384485
2025-02-27,False,750,,750,0,0,False,False,-0.006537427479835878
2025-02-28,True,375,954562.0,0,0,0,True,False,-0.004509359047078831
2025-03-03,True,375,1079375.0,0,0,0,True,False,-0.00041346721795632035
2025-03-04,True,375,906147.0,0,0,0,True,False,-0.009351256575102274
2025-03-05,True,375,938743.0,0,0,0,True,False,0.009317507418397764
2025-03-06,True,375,1386255.0,0,0,0,True,False,0.004686584651435233
2025-03-07,True,375,1043938.0,0,0,0,True,False,-0.0051985981308412255
2025-03-10,True,375,792718.0,0,0,0,True,False,0.0005934718100890635
2025-03-11,True,375,2105009.0,0,0,0,True,False,-0.011793770771447831
2025-03-12,True,375,2286993.0,0,0,0,True,False,-0.018056388722255456
2025-03-13,True,375,1277088.0,0,0,0,True,False,0.00578598157290644
2025-03-17,True,375,1861245.0,0,0,0,True,False,-0.021437618746041776
2025-03-18,True,375,914534.0,0,0,0,True,False,0.004969334801069314
2025-03-19,True,375,1257226.0,0,0,0,True,False,-0.0035432336669360964
2025-03-20,True,375,1750081.0,0,0,0,True,False,0.002266431629312393
2025-03-21,True,375,1859858.0,0,0,0,True,False,-0.01932817501009909
2025-03-24,True,375,1344694.0,0,0,0,True,False,0.0015983452425722966
2025-03-25,True,375,1977756.0,0,0,0,True,False,0.006932463377144815
2025-03-26,True,375,921186.0,0,0,0,True,False,0.00416859657248736
2025-03-27,True,375,787158.0,0,0,0,True,False,-0.0021575984990619412
2025-03-28,True,375,1125478.0,0,0,0,True,False,-0.009345794392523366
2025-04-01,True,375,3336465.0,0,0,0,True,False,-0.018961121733588326
2025-04-02,True,375,1048924.0,0,0,0,True,False,0.0032675467259182245
2025-04-03,True,375,1574736.0,0,0,0,True,False,-0.009903225806451532
2025-04-04,False,750,,750,0,0,False,False,-0.023599411686054284
2025-04-07,True,375,8437603.0,0,0,0,True,False,-0.0714285714285714
2025-04-08,True,375,2009536.0,0,0,0,True,False,0.018577834721332342
2025-04-09,True,375,1919859.0,0,0,0,True,False,-0.016071428571428625
2025-04-11,True,375,4051160.0,0,0,0,True,False,0.006597717546362292
2025-04-15,True,375,1190666.0,0,0,0,True,False,0.020903954802259817
2025-04-16,True,375,1343048.0,0,0,0,True,False,-0.003775167785235012
2025-04-17,True,375,2452704.0,0,0,0,True,False,-0.010055232969834349
2025-04-21,True,375,4797877.0,0,0,0,True,False,-0.012397562513133065
2025-04-22,True,375,2124458.0,0,0,0,True,False,-0.006211180124223614
2025-04-23,True,375,3056797.0,0,0,0,True,False,0.016163035839775075
2025-04-24,True,375,953273.0,0,0,0,True,False,-0.004807041299932258
2025-04-25,True,375,1502326.0,0,0,0,True,False,0.0016972165648336812
2025-04-28,True,375,782704.0,0,0,0,True,False,0.00013513513513507824
2025-04-29,True,375,515359.0,0,0,0,True,False,0.0003374957813027102
2025-04-30,True,375,668196.0,0,0,0,True,False,-0.0008010680907877266
2025-05-02,True,375,3067300.0,0,0,0,True,False,0.005497820985584934
2025-05-05,True,375,427834.0,0,0,0,True,False,0.008655126498002597
2025-05-06,True,375,539216.0,0,0,0,True,False,-0.0005972526378659193
2025-05-07,True,375,692768.0,0,0,0,True,False,-0.007279947054930513
2025-05-08,True,375,658953.0,0,0,0,True,False,-0.0005302226935312015
2025-05-09,False,750,,750,0,0,False,False,-0.0035192563081009043
2025-05-12,True,375,1613351.0,0,0,0,True,False,0.019771762208067978
2025-05-13,True,375,1876297.0,0,0,0,True,False,-0.008931321219587285
2025-05-14,True,375,928257.0,0,0,0,True,False,0.003890554244530886
2025-05-15,False,750,,750,0,0,False,False,-0.0018834756403817154
2025-05-16,False,750,,750,0,0,False,False,0.00192606399502937
2025-05-19,True,375,1209503.0,0,0,0,True,False,-0.008116270290675742
2025-05-20,True,375,1103018.0,0,0,0,True,False,0.007766865652480748
2025-05-21,True,375,490931.0,0,0,0,True,False,0.0028141989126959643
2025-05-22,True,375,817780.0,0,0,0,True,False,-0.007275512157763786
2025-05-23,True,375,843471.0,0,0,0,True,False,-0.0006447453255964408
2025-05-26,True,375,486232.0,0,0,0,True,False,0.0003192644147882451
2025-05-27,True,375,920611.0,0,0,0,True,False,-0.0013274336283185528
2025-05-28,True,375,653065.0,0,0,0,True,False,0.006878104700038135
2025-05-29,True,375,2324852.0,0,0,0,True,False,0.010942868049370169
2025-05-30,False,750,,750,0,0,False,False,-0.009769933816577425
2025-06-02,True,375,1183001.0,0,0,0,True,False,-0.0012164671233754198
2025-06-03,True,375,895311.0,0,0,0,True,False,0.0051579626047710825
2025-06-04,True,375,585151.0,0,0,0,True,False,0.0
2025-06-05,True,375,649030.0,0,0,0,True,False,-0.0013548387096773418
2025-06-06,True,375,378172.0,0,0,0,True,False,-0.00012862563508908575
2025-06-09,True,375,921592.0,0,0,0,True,False,0.0063775510204082675
2025-06-10,True,375,875412.0,0,0,0,True,False,0.007633587786259444
2025-06-11,True,375,940905.0,0,0,0,True,False,-0.00244667503136764
2025-06-12,True,375,1315147.0,0,0,0,True,False,-0.006756756756756799
2025-06-13,False,750,,750,0,0,False,False,-0.01806853582554513
2025-06-16,True,375,428700.0,0,0,0,True,False,-0.0031152647975077885
2025-06-17,True,375,621079.0,0,0,0,True,False,-0.0008630787251093786
2025-06-18,True,375,980802.0,0,0,0,True,False,-0.010378510378510342
2025-06-19,True,375,558315.0,0,0,0,True,False,-0.004963235294117574
2025-06-20,True,375,520192.0,0,0,0,True,False,0.0012987816191476487
2025-06-23,True,375,1867903.0,0,0,0,True,False,-0.010506798516687232
2025-06-24,True,375,968908.0,0,0,0,True,False,0.010285858522117719
2025-06-25,True,375,796226.0,0,0,0,True,False,0.006583945302608418
2025-06-26,True,375,585978.0,0,0,0,True,False,-0.002294573643410902
2025-06-27,True,375,664155.0,0,0,0,True,False,0.0029736092181884555
2025-06-30,True,375,749248.0,0,0,0,True,False,0.0024829298572315306
2025-07-01,True,375,555269.0,0,0,0,True,False,0.003492578271173663
2025-07-02,True,375,1954143.0,0,0,0,True,False,0.009357454772301876
2025-07-03,True,375,811526.0,0,0,0,True,False,0.005529324055665974
2025-07-04,False,750,,750,0,0,False,False,0.005009586245284137
2025-07-07,True,375,367664.0,0,0,0,True,False,0.00018296029761533106
2025-07-08,True,375,369523.0,0,0,0,True,False,0.0006761325219741821
2025-07-09,True,375,338130.0,0,0,0,True,False,-0.0005492158418258786
2025-07-10,True,375,763302.0,0,0,0,True,False,0.0037973908250137356
2025-07-11,True,375,3840048.0,0,0,0,True,False,-0.024524339016555485
2025-07-14,True,375,1419494.0,0,0,0,True,False,-0.001693320790216446
2025-07-15,True,375,824476.0,0,0,0,True,False,-0.0034383954154728613
2025-07-16,True,375,724326.0,0,0,0,True,False,-0.0051663306451613655
2025-07-17,True,375,696167.0,0,0,0,True,False,-0.006836544437538894
2025-07-18,True,375,872625.0,0,0,0,True,False,0.007020872865274974
2025-07-21,True,375,947062.0,0,0,0,True,False,-0.005163077698022933
2025-07-22,True,375,2547577.0,0,0,0,True,False,-0.012991927346114984
2025-07-23,True,375,784603.0,0,0,0,True,False,0.0014612452350699634
2025-07-24,True,375,3889710.0,0,0,0,True,False,0.013535185066392952
2025-07-25,True,375,945699.0,0,0,0,True,False,-0.006310367031551856
2025-07-28,True,375,1052418.0,0,0,0,True,False,-0.003029305235429658
2025-07-29,True,375,1207194.0,0,0,0,True,False,-0.0069490403706155
2025-07-30,True,375,524396.0,0,0,0,True,False,0.00422860918401069
2025-07-31,True,375,825102.0,0,0,0,True,False,-0.005467720685111921
2025-08-01,True,375,927559.0,0,0,0,True,False,-0.009941016634634536
2025-08-04,True,375,1352263.0,0,0,0,True,False,-0.004631206156779921
2025-08-05,True,375,695357.0,0,0,0,True,False,-0.0013507125008441756
2025-08-06,True,375,1020089.0,0,0,0,True,False,-0.005479452054794498
2025-08-07,True,375,523564.0,0,0,0,True,False,-0.002093510118632236
2025-08-08,True,375,1492988.0,0,0,0,True,False,-0.011103400416377474
2025-08-11,True,375,668481.0,0,0,0,True,False,-0.0028792134831460148
2025-08-12,True,375,1095211.0,0,0,0,True,False,0.001542776998597617
2025-08-13,True,375,1244442.0,0,0,0,True,False,-0.0005610885117126596
2025-08-14,True,375,2956172.0,0,0,0,True,False,-0.00014021312394840724
2025-08-18,True,375,914048.0,0,0,0,True,False,0.011533149171270685
2025-08-19,True,375,478631.0,0,0,0,True,False,-0.0022980501392757535
2025-08-20,True,375,927876.0,0,0,0,True,False,-0.001247833622183725
2025-08-21,True,375,979548.0,0,0,0,True,False,0.008628185405658462
2025-08-22,True,375,899056.0,0,0,0,True,False,0.002073578595317649
2025-08-25,True,375,2035334.0,0,0,0,True,False,0.012635257745816197
2025-08-26,True,375,884461.0,0,0,0,True,False,-0.0067175373377681424
2025-08-28,True,375,666407.0,0,0,0,True,False,0.0024904967885699403
2025-08-29,True,375,687006.0,0,0,0,True,False,0.0012666666666667492
2025-09-01,True,375,802482.0,0,0,0,True,False,0.00489962572303515
2025-09-02,True,375,323179.0,0,0,0,True,False,-0.000799680127948732
2025-09-03,True,375,695109.0,0,0,0,True,False,0.0033444816053511683
2025-09-04,True,375,693112.0,0,0,0,True,False,0.002702702702702675
2025-09-05,True,375,278222.0,0,0,0,True,False,0.005815942524803219
2025-09-08,True,375,601762.0,0,0,0,True,False,0.004499826929733386
2025-09-09,True,375,2768375.0,0,0,0,True,False,0.031408872484156136
2025-09-10,True,375,1487600.0,0,0,0,True,False,0.005125133120340575
2025-09-11,True,375,1235822.0,0,0,0,True,False,-0.005741501924708015
2025-09-12,True,375,5042210.0,0,0,0,True,False,0.016399947096944922
2025-09-15,True,375,1325249.0,0,0,0,True,False,0.00039344262295082366
2025-09-16,True,375,866491.0,0,0,0,True,False,-0.0006625149065854208
2025-09-17,True,375,490097.0,0,0,0,True,False,0.002246448629005693
2025-09-18,True,375,2376333.0,0,0,0,True,False,0.018731514952349704
2025-09-19,False,750,,750,0,0,False,False,0.0017510863220699946
2025-09-22,True,375,4682351.0,0,0,0,True,False,-0.039079714841218416
2025-09-23,True,375,1654878.0,0,0,0,True,False,-0.005263508561529795
2025-09-24,True,375,996254.0,0,0,0,True,False,-0.008929761428761784
2025-09-25,True,375,1125857.0,0,0,0,True,False,-0.003946752291123179
2025-09-26,True,375,1447769.0,0,0,0,True,False,-0.010863733905579376
2025-09-29,True,375,676777.0,0,0,0,True,False,0.005371160997107882
2025-09-30,True,375,621384.0,0,0,0,True,False,-0.004278222467568371
2025-10-01,True,375,514586.0,0,0,0,True,False,0.0023568556772495253
2025-10-03,True,375,1390001.0,0,0,0,True,False,-0.006146833344844338
2025-10-06,True,375,386395.0,0,0,0,True,False,0.0007609823590453146
2025-10-07,True,375,533743.0,0,0,0,True,False,0.0018984337921215122
2025-10-08,True,375,1058058.0,0,0,0,True,False,-0.000754406419312792
2025-10-09,True,375,815005.0,0,0,0,True,False,0.006702412868632601
2025-10-10,True,375,1038373.0,0,0,0,True,False,0.00019871497648527026
2025-10-13,True,375,549168.0,0,0,0,True,False,-0.009920634920634885
2025-10-14,True,375,677501.0,0,0,0,True,False,0.0044224068614311385
2025-10-15,True,375,1116776.0,0,0,0,True,False,-0.002755376344085958
2025-10-16,True,375,1511752.0,0,0,0,True,False,-0.00040691759918609627
2025-10-17,False,750,,750,0,0,False,False,-0.010272108843537353
2025-10-20,True,375,1269787.0,0,0,0,True,False,0.009513888888888822
2025-10-21,False,61,,0,0,0,False,False,0.010460108019416214
2025-10-23,True,375,4204204.0,0,0,0,True,False,0.02651257647858607
2025-10-24,False,750,,750,0,0,False,False,0.009508196721311535
2025-10-27,True,375,1390736.0,0,0,0,True,False,-0.009121333420828215
2025-10-28,True,375,891290.0,0,0,0,True,False,-0.0034553790949565233
2025-10-29,True,375,428557.0,0,0,0,True,False,-0.0013313806417254437
2025-10-30,True,375,773028.0,0,0,0,True,False,-0.0027792482795130358
2025-10-31,True,375,447396.0,0,0,0,True,False,-0.0033444816053511683
2025-11-03,True,375,481980.0,0,0,0,True,False,0.00026992374654155604
2025-11-04,True,375,746437.0,0,0,0,True,False,-0.004239569313593483
2025-11-06,True,375,706656.0,0,0,0,True,False,0.007838593142935002
2025-11-07,True,375,1366279.0,0,0,0,True,False,0.0027285129604366354
2025-11-08,False,91,,0,3,0,False,False,0.01556156968876854
2025-11-10,True,375,1431905.0,0,0,0,True,False,-0.007261825449700221
2025-11-11,True,375,1876536.0,0,0,0,True,False,0.006733562186427289
2025-11-12,True,375,1592381.0,0,0,0,True,False,0.005550114267058426
2025-11-13,True,375,1782281.0,0,0,0,True,False,0.0032860824742266814
2025-11-14,True,375,1150541.0,0,0,0,True,False,-0.012987012987012991
2025-11-17,True,375,930910.0,0,0,0,True,False,-0.006508168415460203
2025-11-18,True,375,496921.0,0,0,0,True,False,-0.0006635700066357497
2025-11-19,True,375,1300916.0,0,0,0,True,False,0.0024885660478881633
2025-11-20,True,375,1384057.0,0,0,0,True,False,0.008430609597924743
2025-11-21,True,375,1031553.0,0,0,0,True,False,-0.003449847035084219
2025-11-24,True,375,2961811.0,0,0,0,True,False,0.012628715756751507
2025-11-25,True,375,495988.0,0,0,0,True,False,0.001551791025475202
2025-11-26,True,375,883285.0,0,0,0,True,False,0.0012416677558488853
2025-11-27,True,375,1217039.0,0,0,0,True,False,0.0043023181146857326
2025-11-28,True,375,297732.0,0,0,0,True,False,0.0
2025-12-01,True,375,911768.0,0,0,0,True,False,0.0028239522495348
2025-12-02,True,375,826647.0,0,0,0,True,False,0.002238567316917184
2025-12-03,True,375,2133470.0,0,0,0,True,False,-0.005054382597568852
2025-12-04,True,375,2943948.0,0,0,0,True,False,-0.0048235592790047965
2025-12-05,False,750,,750,0,0,False,False,0.010544815465729274
2025-12-08,True,375,1339957.0,0,0,0,True,False,0.001982774645269192
2025-12-09,True,375,669368.0,0,0,0,True,False,-0.004228855721392977
2025-12-10,True,375,602279.0,0,0,0,True,False,0.006257822277847325
2025-12-11,True,375,1140704.0,0,0,0,True,False,0.00832912670368513
2025-12-12,True,375,399478.0,0,0,0,True,False,0.0032577371256734544
2025-12-15,True,375,382113.0,0,0,0,True,False,-0.007824726134585291
2025-12-16,True,375,478380.0,0,0,0,True,False,-0.004046062869592304
2025-12-17,True,375,514152.0,0,0,0,True,False,-0.003390681903804982
2025-12-18,True,375,703301.0,0,0,0,True,False,0.005305867665418296
2025-12-19,True,375,2166037.0,0,0,0,True,False,0.01407411959928706
2025-12-22,True,375,4709936.0,0,0,0,True,False,0.017114914425427896
2025-12-23,True,375,986342.0,0,0,0,True,False,-0.004151838671411667
2025-12-24,True,375,557329.0,0,0,0,True,False,-0.0021626817253393993
2025-12-26,True,375,193846.0,0,0,0,True,False,-0.002159568086382624
2025-12-29,True,375,416070.0,0,0,0,True,False,0.0006035003017501595
2025-12-30,True,375,223863.0,0,0,0,True,False,0.0012158054711246535
2025-12-31,True,375,327219.0,0,0,0,True,False,-0.0015398829688944016
