session,valid,minute_count,opening_volume,duplicate_timestamps,malformed_rows,outside_session_rows,complete_minute_grid,corporate_action_suspect,overnight_gap_pct
2018-01-01,True,375,527481.0,0,0,0,True,False,
2018-01-02,False,375,1265280.0,0,1,0,True,False,0.0030557677616500634
2018-01-03,True,375,527019.0,0,0,0,True,False,0.0023014959723821615
2018-01-04,False,375,1790087.0,0,1,0,True,False,0.0
2018-01-05,False,375,1078744.0,0,1,0,True,False,0.0005730659025786622
2018-01-08,True,375,847622.0,0,0,0,True,False,0.0038022813688212143
2018-01-09,True,375,1309814.0,0,0,0,True,False,-0.0009407337723423836
2018-01-10,False,375,2016410.0,0,1,0,True,False,0.012028127313101322
2018-01-11,True,375,968542.0,0,0,0,True,False,0.0005568962316686576
2018-01-12,False,375,1264349.0,0,1,0,True,False,0.0011113169105390064
2018-01-15,False,375,760552.0,0,1,0,True,False,0.003181733108740481
2018-01-16,True,375,1074908.0,0,0,0,True,False,0.001680672268907557
2018-01-17,True,375,1572519.0,0,0,0,True,False,-0.0022848438690024064
2018-01-18,True,375,1248536.0,0,0,0,True,False,0.006006006006006093
2018-01-19,True,375,3252426.0,0,0,0,True,False,0.007299270072992803
2018-01-22,True,375,1193889.0,0,0,0,True,False,0.0029175784099197966
2018-01-23,True,375,2141763.0,0,0,0,True,False,0.0047671433810048125
2018-01-24,True,375,2432268.0,0,0,0,True,False,-0.0005419075144510455
2018-01-25,False,375,1261259.0,0,1,0,True,False,0.0016039921582604588
2018-01-29,True,375,1162318.0,0,0,0,True,False,0.0016031350195937488
2018-01-30,True,375,1078889.0,0,0,0,True,False,-0.0007267441860464574
2018-01-31,True,375,1768727.0,0,0,0,True,False,-0.00670897552130556
2018-02-01,True,375,1043283.0,0,0,0,True,False,0.0023954302561266516
2018-02-02,True,375,10537672.0,0,0,0,True,False,-0.0029069767441860517
2018-02-05,True,375,3089271.0,0,0,0,True,False,-0.0025524156791248975
2018-02-06,True,375,3980574.0,0,0,0,True,False,-0.035203716940672036
2018-02-07,True,375,1776324.0,0,0,0,True,False,0.01090909090909098
2018-02-08,False,294,792520.0,0,0,0,False,False,0.00181686046511631
2018-02-09,True,375,4578192.0,0,0,0,True,False,-0.008778346744696353
2018-02-12,True,375,628859.0,0,0,0,True,False,0.003499079189686949
2018-02-14,True,375,2403495.0,0,0,0,True,False,0.0
2018-02-15,False,375,1684382.0,0,1,0,True,False,0.0031996988518727676
2018-02-16,True,375,820244.0,0,0,0,True,False,0.006902985074626944
2018-02-19,True,375,427389.0,0,0,0,True,False,-0.0005635919594212391
2018-02-20,True,375,697778.0,0,0,0,True,False,0.0015174506828528056
2018-02-21,True,375,809800.0,0,0,0,True,False,0.0005685048322909836
2018-02-22,True,375,784309.0,0,0,0,True,False,-0.0031710501772058697
2018-02-23,True,375,654955.0,0,0,0,True,False,0.001497846845160078
2018-02-26,True,375,1055977.0,0,0,0,True,False,-0.0003722315280102473
2018-02-27,True,375,2252886.0,0,0,0,True,False,0.007329449351625605
2018-02-28,False,375,1594791.0,0,1,0,True,False,-0.006001500375093838
2018-03-01,False,375,1028317.0,0,1,0,True,False,-0.002830722777882655
2018-03-05,True,375,774009.0,0,0,0,True,False,-0.001327517542195955
2018-03-06,False,375,1289908.0,0,1,0,True,False,0.00384541434339547
2018-03-07,False,375,1793188.0,0,1,0,True,False,0.001953125
2018-03-08,True,375,1620942.0,0,0,0,True,False,0.0023103581055063938
2018-03-09,True,375,438864.0,0,0,0,True,False,0.0029041626331074433
2018-03-12,True,375,6737902.0,0,0,0,True,False,0.017929438982070556
2018-03-13,True,375,900500.0,0,0,0,True,False,-0.0009262689885142228
2018-03-14,True,375,831827.0,0,0,0,True,False,-0.0063021316033363695
2018-03-15,True,375,709052.0,0,0,0,True,False,-0.0029873039581778116
2018-03-16,False,375,843247.0,0,1,0,True,False,0.0026345502446367686
2018-03-19,True,375,1081123.0,0,0,0,True,False,-0.003061029271092419
2018-03-20,True,375,691728.0,0,0,0,True,False,-0.002315708220764323
2018-03-21,True,375,834448.0,0,0,0,True,False,0.002696456086286547
2018-03-22,False,357,784961.0,0,0,0,False,False,0.0023139220979560005
2018-03-23,True,375,1321175.0,0,0,0,True,False,-0.011396561715279141
2018-03-26,True,375,1151247.0,0,0,0,True,False,-0.00998238402818552
2018-03-27,True,375,922387.0,0,0,0,True,False,0.0
2018-03-28,True,375,536107.0,0,0,0,True,False,-0.0036672457054621743
2018-04-02,True,375,1026062.0,0,0,0,True,False,0.006661442006269613
2018-04-03,True,375,694262.0,0,0,0,True,False,-0.0034775888717157866
2018-04-04,True,375,863387.0,0,0,0,True,False,0.0015438054805094747
2018-04-05,False,375,1111903.0,0,1,0,True,False,-0.013703918162516926
2018-04-06,True,375,767267.0,0,0,0,True,False,0.002694380292532772
2018-04-09,True,375,454427.0,0,0,0,True,False,0.0017261219792865656
2018-04-10,False,375,2112328.0,0,1,0,True,False,0.00244636808430565
2018-04-11,True,375,884767.0,0,0,0,True,False,0.0013130744700804442
2018-04-12,True,375,718660.0,0,0,0,True,False,-0.0007538635506972868
2018-04-13,True,375,741104.0,0,0,0,True,False,0.0032424184627122266
2018-04-16,True,375,658812.0,0,0,0,True,False,0.0
2018-04-17,False,373,441760.0,0,0,0,False,False,0.003972006809154438
2018-04-18,False,376,1661226.0,0,0,1,False,False,0.006367041198501733
2018-04-19,True,375,1946149.0,0,0,0,True,False,0.002712477396021651
2018-04-20,True,375,1569078.0,0,0,0,True,False,-0.0036101083032491488
2018-04-23,True,375,705022.0,0,0,0,True,False,0.0009066183136898776
2018-04-24,True,375,838168.0,0,0,0,True,False,0.0019967326193501833
2018-04-25,True,375,984629.0,0,0,0,True,False,0.0
2018-04-26,True,375,382224.0,0,0,0,True,False,0.002373128879153086
2018-04-27,True,375,1231875.0,0,0,0,True,False,0.003049327354260223
2018-04-30,True,375,584870.0,0,0,0,True,False,-0.00107181136120027
2018-05-02,True,375,666952.0,0,0,0,True,False,-0.0005314437555358209
2018-05-03,True,375,2383287.0,0,0,0,True,False,0.003140265177948187
2018-05-04,True,375,777310.0,0,0,0,True,False,0.009497010200492317
2018-05-07,True,375,584055.0,0,0,0,True,False,0.00505597688696291
2018-05-08,True,375,931807.0,0,0,0,True,False,0.0023008849557522026
2018-05-09,True,375,314838.0,0,0,0,True,False,-0.004244782454899121
2018-05-10,True,375,240358.0,0,0,0,True,False,0.0021250221356470256
2018-05-11,True,375,715052.0,0,0,0,True,False,-0.00035460992907809796
2018-05-14,True,375,929309.0,0,0,0,True,False,-0.00035323207347237595
2018-05-15,True,375,807297.0,0,0,0,True,False,0.005826271186440746
2018-05-16,True,375,963529.0,0,0,0,True,False,-0.008324477506199135
2018-05-17,True,375,1833029.0,0,0,0,True,False,0.005762179151387992
2018-05-18,True,375,1428284.0,0,0,0,True,False,-0.0017917935853789535
2018-05-21,True,375,1082167.0,0,0,0,True,False,0.0003543586109142627
2018-05-22,True,375,754499.0,0,0,0,True,False,0.0030232971723280766
2018-05-23,True,375,622134.0,0,0,0,True,False,0.0
2018-05-24,True,375,967491.0,0,0,0,True,False,0.0
2018-05-25,True,375,1363843.0,0,0,0,True,False,-0.010354223433242549
2018-05-28,True,375,545948.0,0,0,0,True,False,0.004398826979472137
2018-05-29,True,375,653479.0,0,0,0,True,False,-0.0018162005085361477
2018-05-30,True,375,1450851.0,0,0,0,True,False,-0.005292936667275039
2018-05-31,True,375,595260.0,0,0,0,True,False,0.00036751194413797705
2018-06-01,True,375,550505.0,0,0,0,True,False,0.004259259259259185
2018-06-04,True,375,993946.0,0,0,0,True,False,0.0009259259259259967
2018-06-05,True,375,543450.0,0,0,0,True,False,0.002422209800633457
2018-06-06,True,375,700665.0,0,0,0,True,False,0.0007468259895444529
2018-06-07,True,375,469743.0,0,0,0,True,False,-0.0012922281705741723
2018-06-08,True,375,680543.0,0,0,0,True,False,-0.0029422581831554107
2018-06-11,True,375,520859.0,0,0,0,True,False,0.002988419872992143
2018-06-12,True,375,296978.0,0,0,0,True,False,0.00018570102135573308
2018-06-13,True,375,570286.0,0,0,0,True,False,0.0035113657364627127
2018-06-14,True,375,1099230.0,0,0,0,True,False,-0.004110612855007578
2018-06-15,True,375,948256.0,0,0,0,True,False,0.001872659176029856
2018-06-18,True,375,578359.0,0,0,0,True,False,0.0011357183418512218
2018-06-19,True,375,933718.0,0,0,0,True,False,-0.00037735849056608206
2018-06-20,True,375,1130814.0,0,0,0,True,False,0.00131529500187888
2018-06-21,True,375,647768.0,0,0,0,True,False,0.003987089424719814
2018-06-22,True,375,1277352.0,0,0,0,True,False,-0.00038365624400527043
2018-06-25,True,375,1567240.0,0,0,0,True,False,-0.0005653976630231039
2018-06-26,True,375,617200.0,0,0,0,True,False,-0.0009516558812333598
2018-06-27,True,375,720266.0,0,0,0,True,False,0.003599166508808427
2018-06-28,True,375,774634.0,0,0,0,True,False,-0.0038022813688213253
2018-06-29,True,375,716530.0,0,0,0,True,False,0.006923076923077032
2018-07-02,True,375,1890128.0,0,0,0,True,False,0.007547169811320753
2018-07-03,True,375,607232.0,0,0,0,True,False,0.0013300399011970665
2018-07-04,True,375,524958.0,0,0,0,True,False,0.0003756574004509794
2018-07-05,True,375,558101.0,0,0,0,True,False,0.0011350737797957144
2018-07-06,True,375,1485642.0,0,0,0,True,False,0.000550256786500336
2018-07-09,True,375,1076235.0,0,0,0,True,False,0.011773362766740236
2018-07-10,True,375,2039785.0,0,0,0,True,False,0.005474452554744547
2018-07-11,True,375,922938.0,0,0,0,True,False,0.001628075253256256
2018-07-12,True,375,2096068.0,0,0,0,True,False,0.0009074410163338875
2018-07-13,True,375,1108327.0,0,0,0,True,False,0.0028860028860029363
2018-07-16,True,375,1510075.0,0,0,0,True,False,0.0005552470849530255
2018-07-17,True,375,1229593.0,0,0,0,True,False,-0.00404188866433941
2018-07-18,True,375,892995.0,0,0,0,True,False,0.004818383988139496
2018-07-19,True,375,548271.0,0,0,0,True,False,0.002796942010069081
2018-07-20,True,375,423692.0,0,0,0,True,False,0.0
2018-07-23,True,375,4180363.0,0,0,0,True,False,0.01821493624772308
2018-07-24,True,375,1113289.0,0,0,0,True,False,0.001936960732523474
2018-07-25,True,375,1565438.0,0,0,0,True,False,-0.00402943237561304
2018-07-26,True,375,4927950.0,0,0,0,True,False,0.0020949720670391248
2018-07-27,True,375,21808289.0,0,0,0,True,False,0.04166666666666674
2018-07-30,True,375,1964055.0,0,0,0,True,False,0.0013262599469494596
2018-07-31,True,375,1399883.0,0,0,0,True,False,0.0004990019960078307
2018-08-01,True,375,1150737.0,0,0,0,True,False,0.0016803898504453851
2018-08-02,True,375,1511599.0,0,0,0,True,False,0.0
2018-08-03,True,375,870131.0,0,0,0,True,False,0.00435219283562116
2018-08-06,True,375,1310063.0,0,0,0,True,False,0.0034545155453200582
2018-08-07,True,375,536214.0,0,0,0,True,False,0.0026476915439350712
2018-08-08,True,375,621341.0,0,0,0,True,False,-0.0013304506901712365
2018-08-09,True,375,612931.0,0,0,0,True,False,0.0026582488785513725
2018-08-10,True,375,563501.0,0,0,0,True,False,-0.0018178813419269524
2018-08-13,True,375,1685727.0,0,0,0,True,False,0.0013175230566533358
2018-08-14,True,375,2861150.0,0,0,0,True,False,0.0037600130783062014
2018-08-16,True,375,2125239.0,0,0,0,True,False,0.0008126117341133998
2018-08-17,True,375,8046150.0,0,0,0,True,False,0.0011383964872337948
2018-08-20,True,375,2076519.0,0,0,0,True,False,0.0015938795027095054
2018-08-21,True,375,2496666.0,0,0,0,True,False,0.0036700175522577094
2018-08-23,True,375,1585810.0,0,0,0,True,False,0.0038363171355497716
2018-08-24,True,375,644359.0,0,0,0,True,False,-0.002725669392336094
2018-08-27,True,375,863078.0,0,0,0,True,False,0.0016092693916962553
2018-08-28,True,375,748804.0,0,0,0,True,False,0.0009563277016257921
2018-08-29,True,375,1629784.0,0,0,0,True,False,-0.0009615384615384581
2018-08-30,True,375,2618278.0,0,0,0,True,False,0.0020776730062328497
2018-08-31,True,375,1963447.0,0,0,0,True,False,0.009562627371061394
2018-09-03,True,375,1320362.0,0,0,0,True,False,0.010481852315394224
2018-09-04,True,375,1462544.0,0,0,0,True,False,0.0016051364365972098
2018-09-05,True,375,1170715.0,0,0,0,True,False,0.0009674298613349119
2018-09-06,True,375,946943.0,0,0,0,True,False,0.004516129032257954
2018-09-07,True,375,879540.0,0,0,0,True,False,0.005161290322580614
2018-09-10,True,375,842878.0,0,0,0,True,False,-0.0014485755673587786
2018-09-11,True,375,2699583.0,0,0,0,True,False,0.0017967984318849606
2018-09-12,True,375,4297828.0,0,0,0,True,False,0.005232950708980555
2018-09-14,True,375,2662146.0,0,0,0,True,False,0.0029402156158118142
2018-09-17,True,375,584357.0,0,0,0,True,False,-0.006029004399543791
2018-09-18,True,375,1673025.0,0,0,0,True,False,-0.0009917355371901193
2018-09-19,True,375,997517.0,0,0,0,True,False,0.00164473684210531
2018-09-21,True,375,1799735.0,0,0,0,True,False,0.0013333333333331865
2018-09-24,True,375,850691.0,0,0,0,True,False,0.0031244861042591943
2018-09-25,True,375,2015187.0,0,0,0,True,False,-0.006857334002341564
2018-09-26,True,375,868898.0,0,0,0,True,False,0.006143118047484686
2018-09-27,True,375,1162666.0,0,0,0,True,False,0.0013647219379051556
2018-09-28,True,375,4081721.0,0,0,0,True,False,0.0028896821349653212
2018-10-01,True,375,2032705.0,0,0,0,True,False,0.006692320562154963
2018-10-03,True,375,1134632.0,0,0,0,True,False,0.0
2018-10-04,True,375,1230136.0,0,0,0,True,False,-0.004741744284504579
2018-10-05,True,375,2239674.0,0,0,0,True,False,-0.007991660875608098
2018-10-08,True,375,2436669.0,0,0,0,True,False,0.009771986970684043
2018-10-09,True,375,933855.0,0,0,0,True,False,0.006392694063926951
2018-10-10,True,375,1238713.0,0,0,0,True,False,0.007277477141257593
2018-10-11,True,375,1655499.0,0,0,0,True,False,-0.020513768249861397
2018-10-12,True,375,1784211.0,0,0,0,True,False,0.008482563619227168
2018-10-15,True,375,3443631.0,0,0,0,True,False,0.014363636363636356
2018-10-16,True,375,1187887.0,0,0,0,True,False,0.004793183028581671
2018-10-17,True,375,1321680.0,0,0,0,True,False,0.00727337236118486
2018-10-19,True,375,1165095.0,0,0,0,True,False,-0.0036706869428422273
2018-10-22,True,375,1383306.0,0,0,0,True,False,0.004299226139294898
2018-10-23,True,375,1203970.0,0,0,0,True,False,-0.0093522687911326
2018-10-24,True,375,1001743.0,0,0,0,True,False,0.006975933031042825
2018-10-25,True,375,595854.0,0,0,0,True,False,-0.009009009009009139
2018-10-26,True,375,1600097.0,0,0,0,True,False,0.0010366275051831852
2018-10-29,True,375,1707416.0,0,0,0,True,False,0.00696552955884977
2018-10-30,True,375,682490.0,0,0,0,True,False,0.004432624113475114
2018-10-31,True,375,1830930.0,0,0,0,True,False,0.003950439935356487
2018-11-01,True,375,1359028.0,0,0,0,True,False,0.00430416068866557
2018-11-02,True,375,1223775.0,0,0,0,True,False,0.004693140794223893
2018-11-05,True,375,785284.0,0,0,0,True,False,0.004932182490752002
2018-11-06,True,375,952629.0,0,0,0,True,False,0.004107876406501232
2018-11-07,False,60,,0,0,60,False,False,0.015540296349837446
2018-11-09,True,375,2365642.0,0,0,0,True,False,-0.004282655246252598
2018-11-12,True,375,633088.0,0,0,0,True,False,0.00433839479392617
2018-11-13,True,375,588959.0,0,0,0,True,False,-0.00018248175182489224
2018-11-14,True,375,560753.0,0,0,0,True,False,0.005241279595156412
2018-11-15,True,375,596757.0,0,0,0,True,False,0.0025348542458809575
2018-11-16,True,375,908386.0,0,0,0,True,False,0.005102040816326703
2018-11-19,True,375,448674.0,0,0,0,True,False,0.001263537906137202
2018-11-20,True,375,1132103.0,0,0,0,True,False,0.0017574692442883233
2018-11-21,True,375,715302.0,0,0,0,True,False,0.003527336860670305
2018-11-22,True,375,714146.0,0,0,0,True,False,-0.0028288543140028155
2018-11-26,True,375,641796.0,0,0,0,True,False,0.0044642857142858094
2018-11-27,True,375,1136084.0,0,0,0,True,False,0.0021015761821365775
2018-11-28,True,375,1417515.0,0,0,0,True,False,0.0031634446397186267
2018-11-29,True,375,2805650.0,0,0,0,True,False,0.005138199858256476
2018-11-30,True,375,1233405.0,0,0,0,True,False,0.003988208774059254
2018-12-03,True,375,1174019.0,0,0,0,True,False,0.004897673605037456
2018-12-04,True,375,1539079.0,0,0,0,True,False,-0.00881834215167554
2018-12-05,True,375,1842953.0,0,0,0,True,False,-0.002838892831795614
2018-12-06,True,375,1299746.0,0,0,0,True,False,-0.005074302283435972
2018-12-07,True,375,845357.0,0,0,0,True,False,0.00788123167155419
2018-12-10,True,375,1807371.0,0,0,0,True,False,-0.008204193254329972
2018-12-11,True,375,1588267.0,0,0,0,True,False,-0.007763401109057377
2018-12-12,True,375,1322360.0,0,0,0,True,False,0.002910149145143759
2018-12-13,True,375,1626321.0,0,0,0,True,False,0.006311992786294018
2018-12-14,True,375,1055549.0,0,0,0,True,False,-0.0030886627906975272
2018-12-17,True,375,1389874.0,0,0,0,True,False,0.0041689323907920794
2018-12-18,True,375,1077875.0,0,0,0,True,False,-0.0010739216037229937
2018-12-19,True,375,2045276.0,0,0,0,True,False,0.0017953321364452268
2018-12-20,True,375,677493.0,0,0,0,True,False,-0.007593148507857972
2018-12-21,True,375,599372.0,0,0,0,True,False,-0.00035323207347237595
2018-12-24,True,375,893875.0,0,0,0,True,False,0.007952286282306265
2018-12-26,True,375,581859.0,0,0,0,True,False,-0.0010844026748597635
2018-12-27,True,375,993006.0,0,0,0,True,False,0.007402058133237022
2018-12-28,True,375,2555158.0,0,0,0,True,False,-0.00017908309455594296
2018-12-31,True,375,482366.0,0,0,0,True,False,0.0028368794326241176
2019-01-01,True,375,277011.0,0,0,0,True,False,0.0021306818181816567
2019-01-02,True,375,653656.0,0,0,0,True,False,-0.0026501766784452485
2019-01-03,True,375,681962.0,0,0,0,True,False,0.0
2019-01-04,True,375,492137.0,0,0,0,True,False,0.0005376344086021057
2019-01-07,True,375,2931427.0,0,0,0,True,False,0.012464387464387494
2019-01-08,True,375,537488.0,0,0,0,True,False,0.0015982951518380695
2019-01-09,True,375,683865.0,0,0,0,True,False,0.005988023952095967
2019-01-10,True,375,2635970.0,0,0,0,True,False,-0.002572898799313883
2019-01-11,True,375,1840147.0,0,0,0,True,False,0.008290155440414448
2019-01-14,True,375,1200878.0,0,0,0,True,False,-0.0010176390773406485
2019-01-15,True,375,1114984.0,0,0,0,True,False,0.0030575845082383424
2019-01-16,True,375,711175.0,0,0,0,True,False,0.00016894745734075123
2019-01-17,True,375,1253575.0,0,0,0,True,False,-0.0013582342954159277
2019-01-18,True,375,1044095.0,0,0,0,True,False,0.0011949470809151652
2019-01-21,True,375,867897.0,0,0,0,True,False,0.006011679835108197
2019-01-22,True,375,1175826.0,0,0,0,True,False,0.0
2019-01-23,True,375,1707880.0,0,0,0,True,False,0.003960737041501572
2019-01-24,True,375,9760120.0,0,0,0,True,False,0.011956521739130421
2019-01-25,True,375,1185666.0,0,0,0,True,False,0.0035842293906809264
2019-01-28,True,375,1179867.0,0,0,0,True,False,0.0001793078716154639
2019-01-29,True,375,887984.0,0,0,0,True,False,0.00036337209302339524
2019-01-30,True,375,1008526.0,0,0,0,True,False,0.0064678404599354256
2019-01-31,True,375,943782.0,0,0,0,True,False,0.006552602839461352
2019-02-01,True,375,1623802.0,0,0,0,True,False,0.00862533692722356
2019-02-04,True,375,910640.0,0,0,0,True,False,0.00142095914742435
2019-02-05,True,375,812415.0,0,0,0,True,False,-0.00018024513338121828
2019-02-06,True,375,735161.0,0,0,0,True,False,0.0032834731849689103
2019-02-07,True,375,507635.0,0,0,0,True,False,-0.0003597122302159139
2019-02-08,True,375,400084.0,0,0,0,True,False,-0.0016074298981960666
2019-02-11,True,375,1594579.0,0,0,0,True,False,0.0
2019-02-12,True,375,972144.0,0,0,0,True,False,-0.0026997840172786614
2019-02-13,True,375,4538914.0,0,0,0,True,False,0.016515426497277774
2019-02-14,True,375,1149765.0,0,0,0,True,False,0.001989509857116989
2019-02-15,True,375,4080144.0,0,0,0,True,False,0.003597122302158251
2019-02-18,True,375,3367541.0,0,0,0,True,False,-0.0028612303290415086
2019-02-19,True,375,2987490.0,0,0,0,True,False,-0.0009115770282588365
2019-02-20,True,375,707039.0,0,0,0,True,False,0.004710998369269914
2019-02-21,True,375,564239.0,0,0,0,True,False,0.00018125793003420654
2019-02-22,True,375,1050732.0,0,0,0,True,False,0.0018175209014903437
2019-02-25,True,375,4304776.0,0,0,0,True,False,-0.0010917030567686448
2019-02-26,True,375,1174460.0,0,0,0,True,False,-0.005605786618444908
2019-02-27,True,375,889097.0,0,0,0,True,False,0.002178649237472907
2019-02-28,True,375,1467573.0,0,0,0,True,False,0.00781391968017453
2019-03-01,True,375,824933.0,0,0,0,True,False,0.0014490128599891072
2019-03-05,True,375,1625474.0,0,0,0,True,False,0.006108515989938779
2019-03-06,True,375,5907865.0,0,0,0,True,False,0.0035211267605634866
2019-03-07,True,375,1049550.0,0,0,0,True,False,0.0026228361601678962
2019-03-08,True,375,2020630.0,0,0,0,True,False,0.0025902262130892417
2019-03-11,True,375,1134439.0,0,0,0,True,False,0.004456633527596843
2019-03-12,True,375,1146149.0,0,0,0,True,False,0.0035842293906811484
2019-03-13,True,375,1078024.0,0,0,0,True,False,0.001697792869269854
2019-03-14,True,375,717382.0,0,0,0,True,False,0.0013559322033898091
2019-03-15,True,375,1368146.0,0,0,0,True,False,0.001522842639593902
2019-03-18,True,375,863851.0,0,0,0,True,False,0.0022309936502487027
2019-03-19,True,375,756833.0,0,0,0,True,False,0.004774897680764001
2019-03-20,True,375,2170009.0,0,0,0,True,False,0.0003334444814939719
2019-03-22,True,375,1057472.0,0,0,0,True,False,0.004856807904873417
2019-03-25,True,375,1408406.0,0,0,0,True,False,-0.0058577405857740406
2019-03-26,True,375,783261.0,0,0,0,True,False,0.002548853016142827
2019-03-27,True,375,705577.0,0,0,0,True,False,0.0
2019-03-28,True,375,836855.0,0,0,0,True,False,0.004783054321831237
2019-03-29,True,375,1111831.0,0,0,0,True,False,0.0033222591362125353
2019-04-01,True,375,720823.0,0,0,0,True,False,0.0015174506828528056
2019-04-02,True,375,821896.0,0,0,0,True,False,0.0006729475100941684
2019-04-03,True,375,774146.0,0,0,0,True,False,-0.0015077902496229978
2019-04-04,True,375,684137.0,0,0,0,True,False,0.0016920473773265332
2019-04-05,True,375,1330584.0,0,0,0,True,False,-0.001522842639593902
2019-04-08,True,375,553835.0,0,0,0,True,False,-0.002707733965138015
2019-04-09,True,375,805445.0,0,0,0,True,False,0.0006842285323298558
2019-04-10,True,375,560926.0,0,0,0,True,False,0.00016891891891890332
2019-04-11,True,375,623589.0,0,0,0,True,False,0.0008494733265376198
2019-04-12,True,375,1200983.0,0,0,0,True,False,-0.002186343760511411
2019-04-15,True,375,3683577.0,0,0,0,True,False,0.0026050146532072826
2019-04-16,True,375,583124.0,0,0,0,True,False,0.004090983472426757
2019-04-18,True,375,1082789.0,0,0,0,True,False,0.00097418412079886
2019-04-22,True,375,750946.0,0,0,0,True,False,-0.0037704918032785972
2019-04-23,True,375,639924.0,0,0,0,True,False,-0.0019818331957061064
2019-04-24,True,375,793667.0,0,0,0,True,False,0.0013201320132012473
2019-04-25,True,375,1309832.0,0,0,0,True,False,0.00016276041666674068
2019-04-26,True,375,592527.0,0,0,0,True,False,-0.005062877674342547
2019-04-30,True,375,1286759.0,0,0,0,True,False,-0.0008202099737533164
2019-05-02,True,375,833572.0,0,0,0,True,False,-0.001326699834162448
2019-05-03,True,375,388900.0,0,0,0,True,False,0.00016436554898091593
2019-05-06,False,372,507218.0,0,0,0,False,False,-0.0016420361247947435
2019-05-07,True,375,1292964.0,0,0,0,True,False,0.0065306122448980375
2019-05-08,True,375,1414430.0,0,0,0,True,False,-0.007936507936507908
2019-05-09,True,375,1013697.0,0,0,0,True,False,-0.004985044865403743
2019-05-10,True,375,805963.0,0,0,0,True,False,0.0005002501250623848
2019-05-13,True,375,1863857.0,0,0,0,True,False,-0.00689887262325406
2019-05-14,True,375,3957038.0,0,0,0,True,False,0.0070946530541615704
2019-05-15,True,375,2247939.0,0,0,0,True,False,0.0086440677966102
2019-05-16,True,375,686830.0,0,0,0,True,False,0.0011798415641328663
2019-05-17,True,375,731064.0,0,0,0,True,False,-0.00135363790186116
2019-05-20,True,375,1791422.0,0,0,0,True,False,0.018082282680822903
2019-05-21,True,375,998699.0,0,0,0,True,False,0.00016289297931271207
2019-05-22,True,375,2306631.0,0,0,0,True,False,-0.013709809041945631
2019-05-23,True,375,2530478.0,0,0,0,True,False,0.015481937739304064
2019-05-24,True,375,1645624.0,0,0,0,True,False,0.01092422403329274
2019-05-27,True,375,1743443.0,0,0,0,True,False,0.0008591065292096189
2019-05-28,True,375,846192.0,0,0,0,True,False,0.003093846682708845
2019-05-29,True,375,970879.0,0,0,0,True,False,0.00017316017316026944
2019-05-30,True,375,804146.0,0,0,0,True,False,0.002601908065914982
2019-05-31,True,375,1693996.0,0,0,0,True,False,0.0015576323987540608
2019-06-03,True,375,2815523.0,0,0,0,True,False,0.010231556273559317
2019-06-04,True,375,2837450.0,0,0,0,True,False,0.00197344815213496
2019-06-06,True,375,1289191.0,0,0,0,True,False,0.0023235031277926144
2019-06-07,True,375,950710.0,0,0,0,True,False,0.0036258158085569203
2019-06-10,True,375,1393462.0,0,0,0,True,False,0.009247506799637373
2019-06-11,True,375,1262434.0,0,0,0,True,False,0.002677137247902861
2019-06-12,True,375,1127960.0,0,0,0,True,False,0.005359056806002238
2019-06-13,True,375,815683.0,0,0,0,True,False,-0.003928571428571503
2019-06-14,True,375,1339995.0,0,0,0,True,False,0.0016068559185860032
2019-06-17,True,375,1366131.0,0,0,0,True,False,0.0021563342318060563
2019-06-18,True,375,2132594.0,0,0,0,True,False,0.0007247689798877133
2019-06-19,True,375,1260385.0,0,0,0,True,False,0.00036284470246727984
2019-06-20,True,375,1719104.0,0,0,0,True,False,-0.002341076895371774
2019-06-21,True,375,2243671.0,0,0,0,True,False,-0.001263537906137313
2019-06-24,True,375,1227943.0,0,0,0,True,False,0.0
2019-06-25,True,375,1070566.0,0,0,0,True,False,-0.0034420289855071617
2019-06-26,True,375,577709.0,0,0,0,True,False,0.00288132540968844
2019-06-27,True,375,1228276.0,0,0,0,True,False,0.0027056277056276556
2019-06-28,True,375,872825.0,0,0,0,True,False,0.00036496350364978447
2019-07-01,True,375,796461.0,0,0,0,True,False,0.003107292999451561
2019-07-02,True,375,703124.0,0,0,0,True,False,0.0012727272727273142
2019-07-03,True,375,2232919.0,0,0,0,True,False,0.002741729117163194
2019-07-04,True,375,994409.0,0,0,0,True,False,0.0009018759018759592
2019-07-05,True,375,747655.0,0,0,0,True,False,-0.0005399568034558655
2019-07-08,True,375,3013597.0,0,0,0,True,False,-0.0007133939718211302
2019-07-09,True,375,613848.0,0,0,0,True,False,-0.0007216308858019049
2019-07-10,True,375,848652.0,0,0,0,True,False,0.003116978364503309
2019-07-11,True,375,812767.0,0,0,0,True,False,0.005135730007336692
2019-07-12,True,375,705787.0,0,0,0,True,False,-0.0001815211472137035
2019-07-15,True,375,903941.0,0,0,0,True,False,0.0010921004732435957
2019-07-16,True,375,844725.0,0,0,0,True,False,0.0
2019-07-17,True,375,750424.0,0,0,0,True,False,0.001654411764705932
2019-07-18,True,375,1051025.0,0,0,0,True,False,0.0011003117549972519
2019-07-19,True,375,573931.0,0,0,0,True,False,0.00421322586554318
2019-07-22,True,375,1618290.0,0,0,0,True,False,-0.0022338049143708627
2019-07-23,True,375,870904.0,0,0,0,True,False,0.004540295119182636
2019-07-24,True,375,2168387.0,0,0,0,True,False,-0.002398966599003405
2019-07-25,True,375,784544.0,0,0,0,True,False,-0.0009216589861751334
2019-07-26,True,375,605459.0,0,0,0,True,False,0.0009310986964619072
2019-07-29,True,375,1362905.0,0,0,0,True,False,-0.0022172949002218223
2019-07-30,True,375,1028117.0,0,0,0,True,False,0.00280636108512633
2019-07-31,True,375,1855174.0,0,0,0,True,False,0.001491424310216427
2019-08-01,True,375,682722.0,0,0,0,True,False,-0.0005543237250555944
2019-08-02,True,375,1599596.0,0,0,0,True,False,-0.0007479431563200967
2019-08-05,True,375,2148496.0,0,0,0,True,False,0.0018946570670708152
2019-08-06,True,375,1439183.0,0,0,0,True,False,-0.004424778761061843
2019-08-07,True,375,846905.0,0,0,0,True,False,0.0030977734753145914
2019-08-08,True,375,808975.0,0,0,0,True,False,0.006314127861089203
2019-08-09,True,375,975063.0,0,0,0,True,False,0.00407292474786658
2019-08-13,True,375,2089700.0,0,0,0,True,False,-0.0019661816751868066
2019-08-14,True,375,1773757.0,0,0,0,True,False,0.006744328632740659
2019-08-16,True,375,1468840.0,0,0,0,True,False,0.0006033789219630492
2019-08-19,True,375,1526317.0,0,0,0,True,False,0.00336433801701963
2019-08-20,True,375,1782374.0,0,0,0,True,False,0.0
2019-08-21,True,375,1534124.0,0,0,0,True,False,-0.000810044552450484
2019-08-22,True,375,1343292.0,0,0,0,True,False,-0.0004127115146513871
2019-08-23,True,375,1654838.0,0,0,0,True,False,-0.004166666666666652
2019-08-26,True,375,1460605.0,0,0,0,True,False,0.018404907975460016
2019-08-27,True,375,1987715.0,0,0,0,True,False,0.0080578512396694
2019-08-28,True,375,1025294.0,0,0,0,True,False,0.0006097560975610872
2019-08-29,True,375,613569.0,0,0,0,True,False,-0.0063136456211813075
2019-08-30,True,375,1226177.0,0,0,0,True,False,0.004552038071591102
2019-09-03,True,375,1219325.0,0,0,0,True,False,-0.004276985743380868
2019-09-04,True,375,937337.0,0,0,0,True,False,0.0016583747927032544
2019-09-05,True,375,1228725.0,0,0,0,True,False,0.0008271298593878207
2019-09-06,True,375,788979.0,0,0,0,True,False,0.0
2019-09-09,True,375,994946.0,0,0,0,True,False,0.002663934426229586
2019-09-11,True,375,847286.0,0,0,0,True,False,-0.004679552390640884
2019-09-12,True,375,846428.0,0,0,0,True,False,0.004110152075626816
2019-09-13,True,375,1201571.0,0,0,0,True,False,0.0006227942702927702
2019-09-16,True,375,817531.0,0,0,0,True,False,-0.002498958767180315
2019-09-17,True,375,1291346.0,0,0,0,True,False,0.0031374189500104066
2019-09-18,True,375,1829347.0,0,0,0,True,False,0.0027420375448217182
2019-09-19,True,375,1727128.0,0,0,0,True,False,0.005026178010471227
2019-09-20,True,375,1170674.0,0,0,0,True,False,0.002538071065989911
2019-09-23,False,361,37443158.0,0,16,0,False,False,0.053962900505902134
2019-09-24,False,367,2963498.0,0,0,0,False,False,0.0
2019-09-25,True,375,2576122.0,0,0,0,True,False,-0.004293520686963315
2019-09-26,True,375,3034323.0,0,0,0,True,False,0.008975928192574534
2019-09-27,True,375,5652010.0,0,0,0,True,False,-0.0013980427401637519
2019-09-30,True,375,2572093.0,0,0,0,True,False,0.0037431048069345163
2019-10-01,True,375,2849623.0,0,0,0,True,False,0.0001930129318665763
2019-10-03,True,375,1818649.0,0,0,0,True,False,0.006444053895723334
2019-10-04,True,375,2536526.0,0,0,0,True,False,0.006698564593301537
2019-10-07,False,375,3202906.0,0,11,0,True,False,0.0
2019-10-09,True,375,2072204.0,0,0,0,True,False,0.0003980891719745916
2019-10-10,True,375,3063386.0,0,0,0,True,False,-0.0002023881805303107
2019-10-11,True,375,3133671.0,0,0,0,True,False,0.00041135335252984184
2019-10-14,True,375,1529577.0,0,0,0,True,False,0.00532459553553144
2019-10-15,True,375,909369.0,0,0,0,True,False,0.003686258447675561
2019-10-16,True,375,2196014.0,0,0,0,True,False,-0.0016142050040355294
2019-10-17,True,375,1345372.0,0,0,0,True,False,0.00020496003279357744
2019-10-18,True,375,1074051.0,0,0,0,True,False,0.0
2019-10-22,True,375,4491388.0,0,0,0,True,False,-0.0052781161185546654
2019-10-23,True,375,1455235.0,0,0,0,True,False,0.007645875251509171
2019-10-24,True,375,3193453.0,0,0,0,True,False,0.007377866400797517
2019-10-25,True,375,10093800.0,0,0,0,True,False,0.031934123317935326
2019-10-27,False,60,,0,0,60,False,False,0.009083568833265998
2019-10-29,True,375,1055832.0,0,0,0,True,False,0.001796407185628679
2019-10-30,True,375,4614058.0,0,0,0,True,False,0.011457921770051449
2019-10-31,True,375,2476574.0,0,0,0,True,False,0.0030864197530864335
2019-11-01,True,375,2785776.0,0,0,0,True,False,0.004453911696359558
2019-11-04,True,375,1801472.0,0,0,0,True,False,0.005544933078393877
2019-11-05,True,375,947175.0,0,0,0,True,False,0.0
2019-11-06,True,375,1394746.0,0,0,0,True,False,0.0003804451207911619
2019-11-07,True,375,2667043.0,0,0,0,True,False,0.004393505253104113
2019-11-08,True,375,1345695.0,0,0,0,True,False,-0.003948852952237458
2019-11-11,True,375,917618.0,0,0,0,True,False,-0.00019182812200246868
2019-11-13,True,375,1298242.0,0,0,0,True,False,-0.00038610038610042974
2019-11-14,True,375,1133006.0,0,0,0,True,False,0.0003937007874015297
2019-11-15,True,375,1114163.0,0,0,0,True,False,0.0015757337010045003
2019-11-18,True,375,1048932.0,0,0,0,True,False,0.00319170157590265
2019-11-19,True,375,2059153.0,0,0,0,True,False,0.004588986432561892
2019-11-20,True,375,1937652.0,0,0,0,True,False,0.00020060180541636718
2019-11-21,True,375,1215420.0,0,0,0,True,False,0.00279218189070618
2019-11-22,True,375,2137134.0,0,0,0,True,False,0.006106248727864916
2019-11-25,True,375,1426606.0,0,0,0,True,False,0.0010101010101009056
2019-11-26,True,375,1279598.0,0,0,0,True,False,0.004240710823909533
2019-11-27,True,375,811360.0,0,0,0,True,False,0.0034150261149055172
2019-11-28,True,375,1092658.0,0,0,0,True,False,0.0020259319286872746
2019-11-29,True,375,1257080.0,0,0,0,True,False,0.00020267531414686069
2019-12-02,True,375,1384795.0,0,0,0,True,False,0.00020329335230750978
2019-12-03,True,375,861633.0,0,0,0,True,False,-0.00020408163265306367
2019-12-04,True,375,1458040.0,0,0,0,True,False,-0.0032746623004502595
2019-12-05,True,375,1521503.0,0,0,0,True,False,-0.00020559210526305272
2019-12-06,False,375,978774.0,0,174,0,True,False,0.0
2019-12-09,True,375,1058519.0,0,0,0,True,False,0.0
2019-12-10,True,375,1326100.0,0,0,0,True,False,0.0024896265560165887
2019-12-11,True,375,2110394.0,0,0,0,True,False,0.000424628450106157
2019-12-12,True,375,1687424.0,0,0,0,True,False,0.0006305170239597757
2019-12-13,True,375,928801.0,0,0,0,True,False,0.005446166736489344
2019-12-16,True,375,1390017.0,0,0,0,True,False,0.005586592178770999
2019-12-17,True,375,2701795.0,0,0,0,True,False,0.002321164802701059
2019-12-18,True,375,1727959.0,0,0,0,True,False,-0.0016597510373443924
2019-12-19,True,375,2139658.0,0,0,0,True,False,0.004490712390283758
2019-12-20,True,375,932946.0,0,0,0,True,False,0.002667213787443501
2019-12-23,True,375,1173800.0,0,0,0,True,False,0.002277904328018332
2019-12-24,True,375,1061502.0,0,0,0,True,False,-0.0010449320794148065
2019-12-26,True,375,1171394.0,0,0,0,True,False,0.0006282722513089034
2019-12-27,True,375,1098730.0,0,0,0,True,False,0.002321164802701059
2019-12-30,True,375,3397584.0,0,0,0,True,False,0.002949852507374562
2019-12-31,True,375,1097883.0,0,0,0,True,False,0.0010490977759127773
2020-01-01,True,375,593381.0,0,0,0,True,False,0.003364171572750152
2020-01-02,True,375,730878.0,0,0,0,True,False,0.00063011972274718
2020-01-03,True,375,1401578.0,0,0,0,True,False,0.0033305578684430515
2020-01-06,True,375,1548637.0,0,0,0,True,False,-0.003775167785234901
2020-01-07,True,375,1410061.0,0,0,0,True,False,0.003187420314492151
2020-01-08,True,375,1374504.0,0,0,0,True,False,-0.006369426751592355
2020-01-09,True,375,1015225.0,0,0,0,True,False,0.004905097035615258
2020-01-10,True,375,1575657.0,0,0,0,True,False,0.006353240152477735
2020-01-13,True,375,1995380.0,0,0,0,True,False,0.0016799664006719173
2020-01-14,True,375,1151292.0,0,0,0,True,False,0.003550543024227304
2020-01-15,True,375,828133.0,0,0,0,True,False,-0.002262443438913908
2020-01-16,True,375,1392055.0,0,0,0,True,False,0.0020661157024792765
2020-01-17,True,375,1371063.0,0,0,0,True,False,0.0012476606363069909
2020-01-20,True,375,1704796.0,0,0,0,True,False,0.00041675349031056186
2020-01-21,True,375,1124083.0,0,0,0,True,False,-0.0035080478745358468
2020-01-22,True,375,826700.0,0,0,0,True,False,0.004822814007129361
2020-01-23,True,375,1001928.0,0,0,0,True,False,-0.0008392782207302663
2020-01-24,True,375,765956.0,0,0,0,True,False,-0.0023114099600756166
2020-01-27,True,375,1215289.0,0,0,0,True,False,-0.005246589716684125
2020-01-28,True,375,1595398.0,0,0,0,True,False,0.00042616663115269127
2020-01-29,True,375,1019349.0,0,0,0,True,False,0.0025985275010826925
2020-01-30,True,375,1240270.0,0,0,0,True,False,-0.000632644453816944
2020-01-31,True,375,1127955.0,0,0,0,True,False,0.00877192982456143
2020-02-01,True,375,2164149.0,0,0,0,True,False,0.00744205826068467
2020-02-03,True,375,15036903.0,0,0,0,True,False,-0.019384264538198415
2020-02-04,True,375,5417004.0,0,0,0,True,False,0.009820359281437208
2020-02-05,True,375,3451876.0,0,0,0,True,False,0.0004625346901019345
2020-02-06,True,375,4929379.0,0,0,0,True,False,0.009025688498032869
2020-02-07,True,375,2273159.0,0,0,0,True,False,0.0018744142455482393
2020-02-10,True,375,1304046.0,0,0,0,True,False,0.003281762775433572
2020-02-11,True,375,9583346.0,0,0,0,True,False,0.028503562945368266
2020-02-12,True,375,1826593.0,0,0,0,True,False,0.0032910202162670377
2020-02-13,True,375,1500997.0,0,0,0,True,False,0.00046959380136191164
2020-02-14,True,375,1637436.0,0,0,0,True,False,0.0009431737797689355
2020-02-17,True,375,1269452.0,0,0,0,True,False,0.0019267822736031004
2020-02-18,True,375,2823994.0,0,0,0,True,False,0.0014687882496939864
2020-02-19,True,375,1863592.0,0,0,0,True,False,0.005634492895639331
2020-02-20,True,375,1539549.0,0,0,0,True,False,-0.0007241129616220032
2020-02-24,True,375,3805614.0,0,0,0,True,False,-0.0043290043290044045
2020-02-25,True,375,2468252.0,0,0,0,True,False,0.003199606202313632
2020-02-26,True,375,2051470.0,0,0,0,True,False,-0.005698711595639283
2020-02-27,True,375,1637278.0,0,0,0,True,False,-0.0030150753768843908
2020-02-28,True,375,3053157.0,0,0,0,True,False,-0.00964956830878616
2020-03-02,True,375,2826357.0,0,0,0,True,False,0.013719512195121908
2020-03-03,True,375,2198083.0,0,0,0,True,False,0.005615109749872449
2020-03-04,True,375,1846836.0,0,0,0,True,False,0.0046379799020870305
2020-03-05,True,375,2687226.0,0,0,0,True,False,0.0013347570742126003
2020-03-06,True,375,3474081.0,0,0,0,True,False,-0.014658848614072517
2020-03-09,True,375,2498743.0,0,0,0,True,False,-0.013230429988974723
2020-03-11,True,375,6970374.0,0,0,0,True,False,-0.015837104072398245
2020-03-12,True,375,4092496.0,0,0,0,True,False,-0.040590405904059046
2020-03-13,False,315,,0,0,0,False,False,-0.03722721437740695
2020-03-16,True,375,5227888.0,0,0,0,True,False,-0.0318627450980391
2020-03-17,True,375,6114050.0,0,0,0,True,False,0.0030498136225007855
2020-03-18,True,375,2739309.0,0,0,0,True,False,0.01977874622862874
2020-03-19,True,375,11644990.0,0,0,0,True,False,-0.004623513870541718
2020-03-20,False,376,15219122.0,0,0,1,False,False,0.027060653188180295
2020-03-23,False,317,9143208.0,0,0,0,False,False,-0.1040544371987524
2020-03-24,True,375,7217920.0,0,0,0,True,False,0.04790996784565915
2020-03-25,True,375,7053733.0,0,0,0,True,False,0.000662690523525411
2020-03-26,True,375,3985004.0,0,0,0,True,False,0.01902173913043481
2020-03-27,True,375,5123210.0,0,0,0,True,False,0.03316326530612246
2020-03-30,True,375,5097276.0,0,0,0,True,False,-0.04381127450980382
2020-03-31,True,375,4630707.0,0,0,0,True,False,0.024039962535123305
2020-04-01,True,375,3911393.0,0,0,0,True,False,0.01059446733372571
2020-04-03,True,375,8464512.0,0,0,0,True,False,0.007500750075007501
2020-04-07,True,375,5157745.0,0,0,0,True,False,0.04619718309859144
2020-04-08,True,375,4979421.0,0,0,0,True,False,-0.0027570995312931057
2020-04-09,False,374,5719402.0,0,0,0,False,False,0.03023516237402024
2020-04-13,True,375,2022660.0,0,0,0,True,False,-0.0016233766233766378
2020-04-15,True,375,4487138.0,0,0,0,True,False,0.011819681143485417
2020-04-16,True,375,4061949.0,0,0,0,True,False,-0.0028916929547843084
2020-04-17,True,375,4965026.0,0,0,0,True,False,0.01844919786096244
2020-04-20,False,373,3158378.0,0,0,0,False,False,0.009298618490967137
2020-04-21,True,375,6598644.0,0,0,0,True,False,-0.016302846090080036
2020-04-22,True,375,2345951.0,0,0,0,True,False,-0.0022296544035674826
2020-04-23,True,375,2451159.0,0,0,0,True,False,0.0013683634373289344
2020-04-24,True,375,3362281.0,0,0,0,True,False,-0.001654715940430318
2020-04-27,True,375,2266724.0,0,0,0,True,False,0.0022240756185709643
2020-04-28,True,375,1154833.0,0,0,0,True,False,0.0
2020-04-29,True,375,2268815.0,0,0,0,True,False,-0.0005537098560354226
2020-04-30,True,375,4385472.0,0,0,0,True,False,0.015655039824224115
2020-05-04,True,375,6411464.0,0,0,0,True,False,0.0027586206896552667
2020-05-05,True,375,3013050.0,0,0,0,True,False,0.008936292879792473
2020-05-06,True,375,14003364.0,0,0,0,True,False,-0.014942528735632177
2020-05-07,True,375,6839786.0,0,0,0,True,False,-0.005759321006365448
2020-05-08,True,375,2910559.0,0,0,0,True,False,0.017690875232774683
2020-05-11,True,375,3832749.0,0,0,0,True,False,0.009463722397476282
2020-05-12,True,375,1952339.0,0,0,0,True,False,-0.004711055276381937
2020-05-13,True,375,5789157.0,0,0,0,True,False,0.04805077062556684
2020-05-14,True,375,3368318.0,0,0,0,True,False,-0.007242003621001691
2020-05-15,True,375,2378721.0,0,0,0,True,False,-0.01218026796589522
2020-05-18,True,375,2858553.0,0,0,0,True,False,0.010346926354229957
2020-05-19,True,375,2529113.0,0,0,0,True,False,0.009702850212249814
2020-05-20,True,375,6718532.0,0,0,0,True,False,0.007027818448023249
2020-05-21,True,375,2244017.0,0,0,0,True,False,-0.0005691519635742104
2020-05-22,True,375,6964402.0,0,0,0,True,False,-0.0015932023366967973
2020-05-26,True,375,11362857.0,0,0,0,True,False,0.018220793140407254
2020-05-27,True,375,3856077.0,0,0,0,True,False,0.0046972860125260585
2020-05-28,True,375,4536749.0,0,0,0,True,False,-0.0007794232268120149
2020-05-29,True,375,4297209.0,0,0,0,True,False,-0.002879581151832511
2020-06-01,True,375,8051730.0,0,0,0,True,False,0.020304568527918843
2020-06-02,True,375,3645910.0,0,0,0,True,False,0.006982543640897676
2020-06-03,True,375,2865007.0,0,0,0,True,False,0.009591115598182709
2020-06-04,True,375,2364128.0,0,0,0,True,False,0.001519371992909635
2020-06-05,True,375,2123049.0,0,0,0,True,False,0.00849575212393816
2020-06-08,True,375,3293954.0,0,0,0,True,False,0.01323345817727839
2020-06-09,True,375,2529027.0,0,0,0,True,False,0.004051658647759027
2020-06-10,True,375,3171491.0,0,0,0,True,False,0.006052963430012603
2020-06-11,True,375,3529376.0,0,0,0,True,False,0.0030090270812437314
2020-06-12,True,375,4019072.0,0,0,0,True,False,-0.028034979423868345
2020-06-15,True,375,3848924.0,0,0,0,True,False,-0.0002577984016498558
2020-06-16,True,375,3138763.0,0,0,0,True,False,0.017057569296375252
2020-06-17,True,375,4362965.0,0,0,0,True,False,-0.00325027085590468
2020-06-18,True,375,3898774.0,0,0,0,True,False,0.0013815971262780558
2020-06-19,True,375,4766233.0,0,0,0,True,False,0.0016059957173446548
2020-06-22,True,375,4993732.0,0,0,0,True,False,0.01084010840108407
2020-06-23,True,375,4242181.0,0,0,0,True,False,0.00216216216216214
2020-06-24,True,375,12938778.0,0,0,0,True,False,0.008068854222700317
2020-06-25,True,375,9998450.0,0,0,0,True,False,0.0007808433107756585
2020-06-26,True,375,16412909.0,0,0,0,True,False,0.014778325123152802
2020-06-29,True,375,26236718.0,0,0,0,True,False,0.03369065849923425
2020-06-30,True,375,4795112.0,0,0,0,True,False,0.009364717792963884
2020-07-01,True,375,9077518.0,0,0,0,True,False,-0.002817622950819554
2020-07-02,True,375,6682845.0,0,0,0,True,False,0.003681885125184081
2020-07-03,True,375,7111706.0,0,0,0,True,False,0.006776379477250849
2020-07-06,True,375,9720361.0,0,0,0,True,False,-0.03212560386473429
2020-07-07,True,375,6166947.0,0,0,0,True,False,-0.0027424582398405395
2020-07-08,True,375,5367259.0,0,0,0,True,False,-0.0012853470437017567
2020-07-09,True,375,3037016.0,0,0,0,True,False,0.002545824847250522
2020-07-10,True,375,2656022.0,0,0,0,True,False,-0.005098139179199546
2020-07-13,True,375,2743049.0,0,0,0,True,False,0.007197943444730015
2020-07-14,True,375,4280735.0,0,0,0,True,False,-0.001769911504424737
2020-07-15,True,375,2048563.0,0,0,0,True,False,0.0
2020-07-16,True,375,5145137.0,0,0,0,True,False,-0.0015075376884422509
2020-07-17,True,375,2341223.0,0,0,0,True,False,-0.003094378545642096
2020-07-20,True,375,2848900.0,0,0,0,True,False,0.0033444816053511683
2020-07-21,True,375,6375851.0,0,0,0,True,False,-0.0031136481577581643
2020-07-22,True,375,3938448.0,0,0,0,True,False,0.003640145605824152
2020-07-23,True,375,7585654.0,0,0,0,True,False,0.003554201574003546
2020-07-24,True,375,6292634.0,0,0,0,True,False,-0.0004972650422675473
2020-07-27,True,375,6389847.0,0,0,0,True,False,0.0032524393294972587
2020-07-28,True,375,2867332.0,0,0,0,True,False,0.006128702757916216
2020-07-29,True,375,3298381.0,0,0,0,True,False,-0.011749680715197997
2020-07-30,True,375,1596816.0,0,0,0,True,False,0.008130081300812941
2020-07-31,True,375,1852285.0,0,0,0,True,False,0.0
2020-08-03,True,375,2469317.0,0,0,0,True,False,-0.0005151983513652647
2020-08-04,True,375,3331819.0,0,0,0,True,False,-0.002072538860103612
2020-08-05,True,375,2169491.0,0,0,0,True,False,0.004130098089829781
2020-08-06,True,375,2915686.0,0,0,0,True,False,0.007261410788381717
2020-08-07,True,375,2603773.0,0,0,0,True,False,0.0005117707267143778
2020-08-10,True,375,3507396.0,0,0,0,True,False,0.0020408163265306367
2020-08-11,True,375,5164647.0,0,0,0,True,False,0.002757583354224158
2020-08-12,True,375,3053008.0,0,0,0,True,False,-0.004424778761061954
2020-08-13,True,375,7814912.0,0,0,0,True,False,-0.00342801175318308
2020-08-14,True,375,2885779.0,0,0,0,True,False,0.0004962779156327812
2020-08-17,True,375,2450172.0,0,0,0,True,False,0.007631645891630567
2020-08-18,True,375,1810298.0,0,0,0,True,False,0.00629247420085588
2020-08-19,True,375,2990539.0,0,0,0,True,False,-0.0017592359889418985
2020-08-20,True,375,4899431.0,0,0,0,True,False,-0.00805639476334341
2020-08-21,True,375,2873419.0,0,0,0,True,False,0.009688934217236156
2020-08-24,True,375,2099304.0,0,0,0,True,False,0.00025354969574031827
2020-08-25,True,375,1715021.0,0,0,0,True,False,0.0005072279989855044
2020-08-26,True,375,2453106.0,0,0,0,True,False,0.004087889626980035
2020-08-27,True,375,9318569.0,0,0,0,True,False,0.017948717948717885
2020-08-28,True,375,4701264.0,0,0,0,True,False,0.0015440041173442332
2020-08-31,True,375,7263440.0,0,0,0,True,False,0.016083737554250632
2020-09-01,True,375,4469245.0,0,0,0,True,False,0.0010476689366158976
2020-09-02,True,375,3625081.0,0,0,0,True,False,0.0
2020-09-03,True,375,3530503.0,0,0,0,True,False,-0.003384535277271561
2020-09-04,True,375,5652782.0,0,0,0,True,False,-0.0075737790545833406
2020-09-07,True,375,4861730.0,0,0,0,True,False,0.0
2020-09-08,True,375,6337809.0,0,0,0,True,False,-0.004463113678130681
2020-09-09,True,375,3833132.0,0,0,0,True,False,-0.01591511936339518
2020-09-10,True,375,3893214.0,0,0,0,True,False,-0.0008141112618724744
2020-09-11,True,375,2503681.0,0,0,0,True,False,-0.0008105917319644051
2020-09-14,True,375,4334962.0,0,0,0,True,False,0.010057080728459011
2020-09-15,True,375,3388954.0,0,0,0,True,False,0.004366812227074357
2020-09-16,True,375,9520466.0,0,0,0,True,False,0.0
2020-09-17,True,375,7534809.0,0,0,0,True,False,0.0011074197120710672
2020-09-18,True,375,3844179.0,0,0,0,True,False,0.006164191650322337
2020-09-21,True,375,4884218.0,0,0,0,True,False,0.0027855153203342198
2020-09-22,True,375,4618913.0,0,0,0,True,False,0.0025670279520821904
2020-09-23,True,375,3976120.0,0,0,0,True,False,0.005459770114942364
2020-09-24,True,375,3180195.0,0,0,0,True,False,-0.008087810514153748
2020-09-25,True,375,5394682.0,0,0,0,True,False,0.008960573476702427
2020-09-28,True,375,6862968.0,0,0,0,True,False,-0.0008764241893076674
2020-09-29,True,375,3549483.0,0,0,0,True,False,0.006334581053843991
2020-09-30,True,375,3448276.0,0,0,0,True,False,0.002949852507374562
2020-10-01,True,375,2757069.0,0,0,0,True,False,0.014829892410584522
2020-10-05,True,375,3769436.0,0,0,0,True,False,0.001170275014628297
2020-10-06,True,375,5453447.0,0,0,0,True,False,0.0011813349084464075
2020-10-07,True,375,3153795.0,0,0,0,True,False,-0.001175088131609825
2020-10-08,True,375,3731230.0,0,0,0,True,False,0.0032438808611028325
2020-10-09,True,375,2752764.0,0,0,0,True,False,0.002693804250224474
2020-10-12,True,375,13961158.0,0,0,0,True,False,0.014880952380952328
2020-10-13,True,375,6549997.0,0,0,0,True,False,0.002319512902290599
2020-10-14,True,375,7815146.0,0,0,0,True,False,0.004121283485428506
2020-10-15,True,375,6870022.0,0,0,0,True,False,0.00029824038174752765
2020-10-16,True,375,2845104.0,0,0,0,True,False,0.004552352048558417
2020-10-19,True,375,3087373.0,0,0,0,True,False,0.005728067530901493
2020-10-20,True,375,4271003.0,0,0,0,True,False,-0.004444444444444473
2020-10-21,True,375,2054831.0,0,0,0,True,False,0.0032816229116945372
2020-10-22,True,375,1609880.0,0,0,0,True,False,-0.0014898688915375713
2020-10-23,True,375,2005727.0,0,0,0,True,False,0.0005922416345869319
2020-10-26,True,375,2659401.0,0,0,0,True,False,0.003804506877377767
2020-10-27,True,375,3091816.0,0,0,0,True,False,0.0
2020-10-28,True,375,2765009.0,0,0,0,True,False,0.008680035917389972
2020-10-29,True,375,3787461.0,0,0,0,True,False,-0.001814882032667997
2020-10-30,True,375,2509055.0,0,0,0,True,False,0.0012210012210012167
2020-11-02,True,375,2601365.0,0,0,0,True,False,0.00846432889963733
2020-11-03,False,374,2078259.0,0,0,0,False,False,0.0026986506746626837
2020-11-04,True,375,2959134.0,0,0,0,True,False,0.0002941176470590001
2020-11-05,True,375,2208082.0,0,0,0,True,False,0.008836524300441795
2020-11-06,True,375,8739358.0,0,0,0,True,False,0.008571428571428674
2020-11-09,True,375,10660803.0,0,0,0,True,False,0.0008630609896431718
2020-11-10,True,375,8839174.0,0,0,0,True,False,0.011560693641618602
2020-11-11,True,375,10814775.0,0,0,0,True,False,0.006162464985994376
2020-11-12,True,375,6974574.0,0,0,0,True,False,-0.0005396654074475427
2020-11-13,True,375,3859235.0,0,0,0,True,False,-0.003990422984836428
2020-11-14,False,60,,0,0,60,False,False,0.010152284263959421
2020-11-17,True,375,4199625.0,0,0,0,True,False,0.004250797024442088
2020-11-18,True,375,2750778.0,0,0,0,True,False,-0.004529709565680773
2020-11-19,True,375,3072565.0,0,0,0,True,False,-0.009750812567713929
2020-11-20,True,375,5321763.0,0,0,0,True,False,0.00398830098378089
2020-11-23,True,375,4079964.0,0,0,0,True,False,0.003396916644891501
2020-11-24,True,375,7092646.0,0,0,0,True,False,-0.0013099292638197868
2020-11-25,True,375,7065296.0,0,0,0,True,False,0.002301201738685643
2020-11-26,True,375,4522943.0,0,0,0,True,False,0.008268733850129273
2020-11-27,True,375,3719369.0,0,0,0,True,False,-0.0025647601949218
2020-12-01,False,376,3600779.0,0,0,1,False,False,0.007751937984496138
2020-12-02,True,375,2317683.0,0,0,0,True,False,0.0020554984583762703
2020-12-03,True,375,6402454.0,0,0,0,True,False,0.006893030380393128
2020-12-04,True,375,4242766.0,0,0,0,True,False,0.0028018339276616455
2020-12-07,True,375,9671922.0,0,0,0,True,False,-0.0007562389715149997
2020-12-08,True,375,6367687.0,0,0,0,True,False,0.0009818360333824216
2020-12-09,True,375,9420418.0,0,0,0,True,False,0.011596348383913213
2020-12-10,True,375,5729518.0,0,0,0,True,False,0.005840837186663395
2020-12-11,True,375,7648279.0,0,0,0,True,False,0.006335053965274451
2020-12-14,True,375,5705867.0,0,0,0,True,False,0.009261403102569954
2020-12-15,True,375,4802051.0,0,0,0,True,False,-0.0013917884481559062
2020-12-16,True,375,3934776.0,0,0,0,True,False,0.0009365488176069636
2020-12-17,True,375,4068434.0,0,0,0,True,False,-0.0018639328984156878
2020-12-18,True,375,4053373.0,0,0,0,True,False,0.001174536058256903
2020-12-21,True,375,3087132.0,0,0,0,True,False,-0.0011641443538998875
2020-12-22,True,375,9626918.0,0,0,0,True,False,0.00544554455445545
2020-12-23,True,375,3794968.0,0,0,0,True,False,-0.004413928396272748
2020-12-24,True,375,4364007.0,0,0,0,True,False,0.011560693641618602
2020-12-28,True,375,1901907.0,0,0,0,True,False,0.0036014405762305746
2020-12-29,True,375,3397433.0,0,0,0,True,False,0.004293893129770909
2020-12-30,True,375,4233091.0,0,0,0,True,False,0.0049610205527994555
2020-12-31,True,375,2293852.0,0,0,0,True,False,-0.0021327014218008866
2021-01-01,False,376,1590782.0,0,0,1,False,False,0.003825920612147371
2021-01-04,True,375,5402147.0,0,0,0,True,False,0.0004675081813931836
2021-01-05,True,375,2774521.0,0,0,0,True,False,-0.007010983874737087
2021-01-06,True,375,9046733.0,0,0,0,True,False,-0.0016525023607177891
2021-01-07,True,375,4912022.0,0,0,0,True,False,0.003896736483195218
2021-01-08,True,375,7897721.0,0,0,0,True,False,0.005659448818897683
2021-01-11,True,375,8613004.0,0,0,0,True,False,0.009401286491835803
2021-01-12,True,375,5714346.0,0,0,0,True,False,0.0017271157167531026
2021-01-13,False,376,6089449.0,0,0,1,False,False,0.004600484261501059
2021-01-14,True,375,14904867.0,0,0,0,True,False,0.0037878787878788955
2021-01-15,True,375,5709849.0,0,0,0,True,False,0.0037365716954693706
2021-01-18,True,375,8795378.0,0,0,0,True,False,0.0025246729400965062
2021-01-19,True,375,7240644.0,0,0,0,True,False,0.013529007108461277
2021-01-20,True,375,7821147.0,0,0,0,True,False,-0.002055263758849013
2021-01-21,True,375,5117458.0,0,0,0,True,False,0.008287292817679592
2021-01-22,True,375,4673310.0,0,0,0,True,False,-0.0048825854452453354
2021-01-25,True,375,3756975.0,0,0,0,True,False,0.0037878787878788955
2021-01-27,True,375,9795209.0,0,0,0,True,False,-0.0007206341580591191
2021-01-28,True,375,3755444.0,0,0,0,True,False,-0.007117437722419906
2021-01-29,True,375,4053766.0,0,0,0,True,False,0.008218515832729034
2021-02-01,False,376,5651774.0,0,0,1,False,False,0.003937007874015741
2021-02-02,True,375,13701069.0,0,0,0,True,False,0.015931655506811415
2021-02-03,True,375,10134772.0,0,0,0,True,False,0.013962005035477176
2021-02-04,True,375,9915735.0,0,0,0,True,False,-0.002078042022627624
2021-02-05,True,375,13633286.0,0,0,0,True,False,0.008909169926119231
2021-02-08,True,375,8409657.0,0,0,0,True,False,0.016042780748663166
2021-02-09,True,375,12938694.0,0,0,0,True,False,0.0049261083743843415
2021-02-10,True,375,5966365.0,0,0,0,True,False,0.0008741258741258306
2021-02-11,True,375,7203542.0,0,0,0,True,False,0.0035056967572304476
2021-02-12,True,375,28775534.0,0,0,0,True,False,-0.00397088021178027
2021-02-15,True,375,8422696.0,0,0,0,True,False,0.0034451079467157086
2021-02-16,True,375,4576515.0,0,0,0,True,False,0.001371428571428579
2021-02-17,True,375,3505318.0,0,0,0,True,False,-0.003663003663003761
2021-02-18,False,376,3516891.0,0,0,1,False,False,0.0013767783386873234
2021-02-19,True,375,4057820.0,0,0,0,True,False,-0.0011410314924692466
2021-02-22,True,375,8473959.0,0,0,0,True,False,-0.020785219399538146
2021-02-23,True,375,4373684.0,0,0,0,True,False,0.005073689296931638
2021-02-24,False,225,4234372.0,0,0,76,False,False,0.001916626736943039
2021-02-25,True,375,4281097.0,0,0,0,True,False,0.004073807812125629
2021-02-26,True,375,5114387.0,0,0,0,True,False,-0.009321223709368942
2021-03-01,True,375,3089630.0,0,0,0,True,False,0.00883869383746605
2021-03-02,True,375,4915741.0,0,0,0,True,False,0.0
2021-03-03,True,375,3008517.0,0,0,0,True,False,0.010004764173415781
2021-03-04,True,375,4085021.0,0,0,0,True,False,-0.005240590757503494
2021-03-05,True,375,2975998.0,0,0,0,True,False,-0.009051929490233479
2021-03-08,True,375,5222425.0,0,0,0,True,False,-0.0009528346831825241
2021-03-09,True,375,2715461.0,0,0,0,True,False,0.003848003848003767
2021-03-10,True,375,4024702.0,0,0,0,True,False,0.007225433526011571
2021-03-12,True,375,6198453.0,0,0,0,True,False,0.0075078711552434285
2021-03-15,True,375,6416067.0,0,0,0,True,False,0.0031676413255361524
2021-03-16,True,375,6927273.0,0,0,0,True,False,0.004379562043795637
2021-03-17,True,375,16162247.0,0,0,0,True,False,0.018478521718262586
2021-03-18,True,375,8107094.0,0,0,0,True,False,0.010436432637571214
2021-03-19,True,375,17599818.0,0,0,0,True,False,-0.00045641259698769865
2021-03-22,True,375,7812295.0,0,0,0,True,False,0.0024691358024691024
2021-03-23,True,375,7405194.0,0,0,0,True,False,-0.004424778761061954
2021-03-24,True,375,4519653.0,0,0,0,True,False,-0.004728664715154318
2021-03-25,True,375,5140752.0,0,0,0,True,False,-0.005316689782709272
2021-03-26,True,375,4314938.0,0,0,0,True,False,0.0016362786348760316
2021-03-30,True,375,4571374.0,0,0,0,True,False,0.011142721669037403
2021-03-31,True,375,3635675.0,0,0,0,True,False,-0.002795248078266921
2021-04-01,True,375,5727919.0,0,0,0,True,False,0.009637448370812374
2021-04-05,True,375,3341841.0,0,0,0,True,False,-0.011133833219722833
2021-04-06,True,375,5809398.0,0,0,0,True,False,0.00872847369662666
2021-04-07,True,375,2410352.0,0,0,0,True,False,-0.0007047216349542751
2021-04-08,True,375,2903763.0,0,0,0,True,False,0.005616662766206426
2021-04-09,True,375,3560662.0,0,0,0,True,False,0.0011709601873535203
2021-04-12,True,375,5690466.0,0,0,0,True,False,-0.015240328253223967
2021-04-13,True,375,4097924.0,0,0,0,True,False,0.008280565026790088
2021-04-15,True,375,3651027.0,0,0,0,True,False,0.0019175455417066445
2021-04-16,True,375,2358707.0,0,0,0,True,False,0.004345726702076336
2021-04-19,True,375,3737872.0,0,0,0,True,False,-0.014423076923076872
2021-04-20,True,375,2463011.0,0,0,0,True,False,0.0007279786459595261
2021-04-22,True,375,3783029.0,0,0,0,True,False,-0.0059055118110236116
2021-04-23,True,375,2514561.0,0,0,0,True,False,-0.007772649987855207
2021-04-26,True,375,2865525.0,0,0,0,True,False,0.0029239766081872176
2021-04-27,True,375,2139659.0,0,0,0,True,False,-0.0009732360097323145
2021-04-28,True,375,1287533.0,0,0,0,True,False,0.0024330900243310083
2021-04-29,True,375,2393225.0,0,0,0,True,False,0.007050814490639379
2021-04-30,True,375,2280276.0,0,0,0,True,False,-0.0024461839530333096
2021-05-03,True,375,3407715.0,0,0,0,True,False,-0.006419753086419844
2021-05-04,True,375,2551617.0,0,0,0,True,False,0.0004972650422674363
2021-05-05,True,375,2625650.0,0,0,0,True,False,0.008510638297872353
2021-05-06,False,374,,0,0,0,False,False,0.0014851485148514865
2021-05-07,True,375,2001307.0,0,0,0,True,False,-0.0002463054187192837
2021-05-10,True,375,1968977.0,0,0,0,True,False,0.008029197080291928
2021-05-11,True,375,1854592.0,0,0,0,True,False,-0.007785888077858849
2021-05-12,True,375,2340902.0,0,0,0,True,False,-0.000979911807937217
2021-05-14,True,375,3979262.0,0,0,0,True,False,0.006876227897838927
2021-05-17,True,375,10728991.0,0,0,0,True,False,0.017840375586854584
2021-05-18,True,375,3334551.0,0,0,0,True,False,0.006582040432534075
2021-05-19,True,375,6180511.0,0,0,0,True,False,-0.0007136060894384899
2021-05-20,True,375,3002163.0,0,0,0,True,False,0.0028866971373586736
2021-05-21,True,375,1978206.0,0,0,0,True,False,0.002414292612264557
2021-05-24,True,375,2804143.0,0,0,0,True,False,0.0021525950729490706
2021-05-25,True,375,5552603.0,0,0,0,True,False,0.007568590350047311
2021-05-26,True,375,2383628.0,0,0,0,True,False,0.0037914691943128354
2021-05-27,True,375,4403716.0,0,0,0,True,False,0.0007114062129476295
2021-05-28,True,375,3315454.0,0,0,0,True,False,0.006155303030302983
2021-05-31,True,375,23159931.0,0,0,0,True,False,0.009152781037315094
2021-06-01,True,375,9187358.0,0,0,0,True,False,0.004608294930875667
2021-06-02,True,375,25201870.0,0,0,0,True,False,-0.025011579434923603
2021-06-03,True,375,7888014.0,0,0,0,True,False,0.00813202583114081
2021-06-04,True,375,5234434.0,0,0,0,True,False,0.0019129603060736855
2021-06-07,True,375,8944422.0,0,0,0,True,False,0.0033381020505485193
2021-06-08,True,375,3201436.0,0,0,0,True,False,0.0021251475796930652
2021-06-09,True,375,3780076.0,0,0,0,True,False,0.00093545369504211
2021-06-10,True,375,8552657.0,0,0,0,True,False,-0.01834430856067737
2021-06-11,True,375,3222580.0,0,0,0,True,False,0.0026221692491061876
2021-06-14,True,375,5274280.0,0,0,0,True,False,-0.00024038461538467004
2021-06-15,True,375,2342876.0,0,0,0,True,False,0.0002409638554217164
2021-06-16,True,375,4294867.0,0,0,0,True,False,-0.0004827419744146688
2021-06-17,True,375,2951720.0,0,0,0,True,False,-0.0026506024096386582
2021-06-18,True,375,3485301.0,0,0,0,True,False,0.0024330900243310083
2021-06-21,True,375,3150320.0,0,0,0,True,False,-0.00854283622162555
2021-06-22,True,375,2963596.0,0,0,0,True,False,0.006839276990718179
2021-06-23,True,375,1800304.0,0,0,0,True,False,0.0019488428745433328
2021-06-24,True,375,1749813.0,0,0,0,True,False,0.001960303847096112
2021-06-25,True,375,1384207.0,0,0,0,True,False,0.0002451581269919956
2021-06-28,True,375,1611335.0,0,0,0,True,False,0.003900536323744541
2021-06-29,True,375,1864730.0,0,0,0,True,False,-0.0004909180166912108
2021-06-30,True,375,2091478.0,0,0,0,True,False,0.005166051660516757
2021-07-01,True,375,1951050.0,0,0,0,True,False,0.0009866798223976403
2021-07-02,True,375,2082868.0,0,0,0,True,False,0.000984736582964052
2021-07-05,True,375,1665720.0,0,0,0,True,False,0.0024691358024691024
2021-07-06,True,375,1565704.0,0,0,0,True,False,-0.0014738393515106862
2021-07-07,True,375,1586595.0,0,0,0,True,False,-0.000493583415597243
2021-07-08,True,375,2489098.0,0,0,0,True,False,-0.002206423142927183
2021-07-09,True,375,2098598.0,0,0,0,True,False,0.0
2021-07-12,True,375,2298077.0,0,0,0,True,False,0.0027302060064533507
2021-07-13,True,375,1376788.0,0,0,0,True,False,0.004225702212279359
2021-07-14,True,375,2139467.0,0,0,0,True,False,-0.0009898539965356168
2021-07-15,True,375,1920340.0,0,0,0,True,False,0.0024521824423737737
2021-07-16,True,375,6782599.0,0,0,0,True,False,0.006298449612403001
2021-07-19,True,375,3406589.0,0,0,0,True,False,-0.005291005291005235
2021-07-20,True,375,4851992.0,0,0,0,True,False,0.0007209805335255393
2021-07-22,True,375,3542648.0,0,0,0,True,False,0.0019361084220717029
2021-07-23,True,375,2062555.0,0,0,0,True,False,0.0
2021-07-26,True,375,18762937.0,0,0,0,True,False,0.007532956685499137
2021-07-27,True,375,4225666.0,0,0,0,True,False,0.004501303008765722
2021-07-28,True,375,2301935.0,0,0,0,True,False,-0.002394636015325635
2021-07-29,True,375,2871648.0,0,0,0,True,False,-0.00047801147227533036
2021-07-30,True,375,2090765.0,0,0,0,True,False,0.0004854368932039055
2021-08-02,True,375,1240660.0,0,0,0,True,False,0.007073170731707323
2021-08-03,True,375,3520825.0,0,0,0,True,False,0.00048216007714563247
2021-08-04,True,375,2304727.0,0,0,0,True,False,0.005722460658083017
2021-08-05,False,376,1934095.0,0,0,1,False,False,-0.00023963575365448797
2021-08-06,True,375,4484111.0,0,0,0,True,False,0.0018604651162790198
2021-08-09,True,375,6242748.0,0,0,0,True,False,0.0016305613789890927
2021-08-10,True,375,2015057.0,0,0,0,True,False,0.0014038371548901196
2021-08-11,True,375,2560615.0,0,0,0,True,False,-0.0007142857142857784
2021-08-12,True,375,8796944.0,0,0,0,True,False,0.007426928605654082
2021-08-13,True,375,4699752.0,0,0,0,True,False,0.0045476304451890215
2021-08-16,True,375,2305090.0,0,0,0,True,False,0.0007100591715976101
2021-08-17,True,375,1109422.0,0,0,0,True,False,-0.0018939393939393367
2021-08-18,True,375,1301988.0,0,0,0,True,False,0.002630949533604321
2021-08-20,True,375,2736209.0,0,0,0,True,False,-0.01027970356203689
2021-08-23,True,375,1528537.0,0,0,0,True,False,0.006485707422531739
2021-08-24,True,375,1439937.0,0,0,0,True,False,0.0038797284190106307
2021-08-25,True,375,1661943.0,0,0,0,True,False,0.004135246898564704
2021-08-26,True,375,1452421.0,0,0,0,True,False,0.0004847309743092332
2021-08-27,True,375,1548406.0,0,0,0,True,False,0.0007322431047107614
2021-08-30,True,375,1797496.0,0,0,0,True,False,0.00048567265662935455
2021-08-31,True,375,1192671.0,0,0,0,True,False,0.00024038461538467004
2021-09-01,True,375,2558744.0,0,0,0,True,False,-0.000473709142586376
2021-09-02,True,375,3315342.0,0,0,0,True,False,-0.003100405437634124
2021-09-03,True,375,1439207.0,0,0,0,True,False,0.0002384358607534498
2021-09-06,True,375,1421933.0,0,0,0,True,False,0.0026134473746732834
2021-09-07,True,375,4920509.0,0,0,0,True,False,0.008126195028680838
2021-09-08,True,375,3093269.0,0,0,0,True,False,0.0018881283927307813
2021-09-09,True,375,1671455.0,0,0,0,True,False,0.0
2021-09-13,True,375,2148951.0,0,0,0,True,False,0.0018783752054474245
2021-09-14,True,375,1344964.0,0,0,0,True,False,0.004909983633387904
2021-09-15,True,375,2902900.0,0,0,0,True,False,0.001845869866174521
2021-09-16,True,375,33241326.0,0,0,0,True,False,0.005795085767269281
2021-09-17,True,375,27634329.0,0,0,0,True,False,0.010845986984815648
2021-09-20,True,375,10217016.0,0,0,0,True,False,-0.002375296912114022
2021-09-21,True,375,6677863.0,0,0,0,True,False,0.007504288164665418
2021-09-22,True,375,10748805.0,0,0,0,True,False,0.007864238410596025
2021-09-23,True,375,4051146.0,0,0,0,True,False,0.008230452674897082
2021-09-24,True,375,2744741.0,0,0,0,True,False,0.006808335052609804
2021-09-27,True,375,3360136.0,0,0,0,True,False,0.0067170445004198776
2021-09-28,True,375,2271945.0,0,0,0,True,False,0.005660377358490454
2021-09-29,True,375,2277376.0,0,0,0,True,False,-0.005268703898840932
2021-09-30,True,375,2494087.0,0,0,0,True,False,0.008618877443767214
2021-10-01,True,375,2648890.0,0,0,0,True,False,-0.0025445292620865922
2021-10-04,True,375,2180041.0,0,0,0,True,False,0.003401360544217802
2021-10-05,True,375,1409328.0,0,0,0,True,False,-0.0008453085376162184
2021-10-06,True,375,2708255.0,0,0,0,True,False,0.0008525149190110604
2021-10-07,True,375,1483910.0,0,0,0,True,False,0.008876380168867826
2021-10-08,True,375,1525905.0,0,0,0,True,False,0.007510729613734002
2021-10-11,True,375,1771449.0,0,0,0,True,False,0.0002155636990730514
2021-10-12,True,375,6771918.0,0,0,0,True,False,0.0016792611251050804
2021-10-13,True,375,3185639.0,0,0,0,True,False,0.00476387738193873
2021-10-14,True,375,12964071.0,0,0,0,True,False,0.009366281387006792
2021-10-18,True,375,10182773.0,0,0,0,True,False,0.018337885290675038
2021-10-19,True,375,12463023.0,0,0,0,True,False,-0.000764525993883991
2021-10-20,True,375,9131688.0,0,0,0,True,False,-0.0002032520325203624
2021-10-21,True,375,3204407.0,0,0,0,True,False,0.005677210056772131
2021-10-22,True,375,2307537.0,0,0,0,True,False,0.0
2021-10-25,True,375,5065807.0,0,0,0,True,False,-0.010147991543340451
2021-10-26,True,375,1961832.0,0,0,0,True,False,0.0045054709289851225
2021-10-27,True,375,4786926.0,0,0,0,True,False,0.006072026800669983
2021-10-28,True,375,8915905.0,0,0,0,True,False,-0.016317991631799145
2021-10-29,True,375,5826499.0,0,0,0,True,False,0.0
2021-11-01,False,374,2953071.0,0,0,0,False,False,0.0031326918773775247
2021-11-02,True,375,2852534.0,0,0,0,True,False,0.004405286343612369
2021-11-03,True,375,2382590.0,0,0,0,True,False,-0.0002211900022119906
2021-11-04,False,60,,0,0,60,False,False,0.00942760942760934
2021-11-08,True,375,3403987.0,0,0,0,True,False,0.011226062073519616
2021-11-09,True,375,2290152.0,0,0,0,True,False,0.0006530256856769334
2021-11-10,True,375,1853120.0,0,0,0,True,False,-0.006117544242953965
2021-11-11,True,375,1625224.0,0,0,0,True,False,-0.002165439584235651
2021-11-12,True,375,1344440.0,0,0,0,True,False,0.004780530204258948
2021-11-15,True,375,13129376.0,0,0,0,True,False,0.005155746509129866
2021-11-16,True,375,3913183.0,0,0,0,True,False,0.003357817418677911
2021-11-17,True,375,3787675.0,0,0,0,True,False,0.0038281582305401685
2021-11-18,True,375,6024187.0,0,0,0,True,False,0.0031347962382444194
2021-11-22,True,375,3416430.0,0,0,0,True,False,0.0010519671786239915
2021-11-23,True,375,2350682.0,0,0,0,True,False,-0.0067186822713479755
2021-11-24,True,375,1438965.0,0,0,0,True,False,0.003236944324557678
2021-11-25,True,375,2966416.0,0,0,0,True,False,-0.0008802816901407606
2021-11-26,True,375,3049838.0,0,0,0,True,False,-0.01229773462783168
2021-11-29,True,375,7814286.0,0,0,0,True,False,-0.007155635062611743
2021-11-30,True,375,5035842.0,0,0,0,True,False,0.0020311442112388445
2021-12-01,True,375,2895872.0,0,0,0,True,False,0.0013531799729364913
2021-12-02,True,375,2169986.0,0,0,0,True,False,-0.0022482014388489624
2021-12-03,True,375,2659878.0,0,0,0,True,False,-0.0022172949002217113
2021-12-06,True,375,1328859.0,0,0,0,True,False,0.0009031384059607905
2021-12-07,True,375,1554260.0,0,0,0,True,False,0.005281285878300901
2021-12-08,True,375,1406505.0,0,0,0,True,False,0.0018132366273799772
2021-12-09,True,375,1730392.0,0,0,0,True,False,-0.007565643079661677
2021-12-10,True,375,12066115.0,0,0,0,True,False,0.0008474576271186862
2021-12-13,True,375,2774644.0,0,0,0,True,False,0.008902077151335286
2021-12-14,True,375,6882842.0,0,0,0,True,False,0.0006387055567382838
2021-12-15,True,375,10372850.0,0,0,0,True,False,0.00855075641306735
2021-12-16,True,375,4753263.0,0,0,0,True,False,0.009153828979683087
2021-12-17,True,375,3284387.0,0,0,0,True,False,-0.0029089281718504
2021-12-20,False,371,,0,0,0,False,False,-0.008709603483841422
2021-12-21,True,375,3793635.0,0,0,0,True,False,0.006348459910651361
2021-12-22,True,375,2037643.0,0,0,0,True,False,0.007058823529411784
2021-12-23,True,375,3534795.0,0,0,0,True,False,0.006825135325959186
2021-12-24,True,375,2764754.0,0,0,0,True,False,0.0029905682079596208
2021-12-27,True,375,1431204.0,0,0,0,True,False,0.0018348623853210455
2021-12-28,True,375,2211803.0,0,0,0,True,False,0.0013780431786862835
2021-12-29,True,375,1311590.0,0,0,0,True,False,0.00022732439190731313
2021-12-30,True,375,1561174.0,0,0,0,True,False,-0.00046146746654363024
2021-12-31,True,375,2258178.0,0,0,0,True,False,0.002310536044362266
2022-01-03,True,375,922541.0,0,0,0,True,False,0.0002293577981651307
2022-01-04,True,375,2004333.0,0,0,0,True,False,0.0015970796258271136
2022-01-05,True,375,2748817.0,0,0,0,True,False,-0.0006824385805277444
2022-01-06,True,375,1685600.0,0,0,0,True,False,-0.005675368898978461
2022-01-07,True,375,1116789.0,0,0,0,True,False,0.004570383912248621
2022-01-10,True,375,5570331.0,0,0,0,True,False,0.00663767452506292
2022-01-11,True,375,1616504.0,0,0,0,True,False,0.0006720430107527431
2022-01-12,True,375,1850481.0,0,0,0,True,False,0.0022522522522523403
2022-01-13,True,375,1050524.0,0,0,0,True,False,0.006292134831460627
2022-01-14,True,375,1350320.0,0,0,0,True,False,0.0013413816230716247
2022-01-17,True,375,1240985.0,0,0,0,True,False,-0.0013458950201884479
2022-01-18,True,375,3950560.0,0,0,0,True,False,-0.0006674082313682383
2022-01-19,True,375,2116611.0,0,0,0,True,False,0.0018152938506921235
2022-01-20,True,375,1055151.0,0,0,0,True,False,0.0011348161597821704
2022-01-21,True,375,2417868.0,0,0,0,True,False,-0.0025108422734535507
2022-01-24,True,375,2026249.0,0,0,0,True,False,-0.0011504832029451961
2022-01-25,True,375,3113651.0,0,0,0,True,False,0.0014170996693434468
2022-01-27,True,375,4107804.0,0,0,0,True,False,-0.01377217553688137
2022-01-28,True,375,1741787.0,0,0,0,True,False,-0.0011609008590666159
2022-01-31,True,375,1494959.0,0,0,0,True,False,0.0045977011494253706
2022-02-01,True,375,2093511.0,0,0,0,True,False,0.0043172006362190984
2022-02-02,True,375,11406072.0,0,0,0,True,False,0.009214567792891648
2022-02-03,True,375,4298909.0,0,0,0,True,False,0.0012939400474445417
2022-02-04,True,375,27787596.0,0,0,0,True,False,0.016495287060839692
2022-02-07,True,375,3726147.0,0,0,0,True,False,0.0012836970474967568
2022-02-08,True,375,1808520.0,0,0,0,True,False,0.0008691873098654046
2022-02-09,True,375,1431685.0,0,0,0,True,False,0.005627705627705648
2022-02-10,True,375,1997091.0,0,0,0,True,False,-0.006300238974581873
2022-02-11,True,375,2134718.0,0,0,0,True,False,0.0012947777298231156
2022-02-14,True,375,4090280.0,0,0,0,True,False,-0.02523183092516712
2022-02-15,True,375,2390262.0,0,0,0,True,False,0.008441706593657283
2022-02-16,True,375,1548149.0,0,0,0,True,False,0.0038125140165956584
2022-02-17,True,375,2567469.0,0,0,0,True,False,0.0026972353337830768
2022-02-18,True,375,928091.0,0,0,0,True,False,-0.00022451728783112745
2022-02-21,True,375,1555547.0,0,0,0,True,False,-0.0065388951521984096
2022-02-22,True,375,2193610.0,0,0,0,True,False,-0.01398761751891775
2022-02-23,True,375,1244650.0,0,0,0,True,False,0.010722610722610826
2022-02-24,True,375,4641712.0,0,0,0,True,False,-0.02665121668597914
2022-02-25,True,375,2851152.0,0,0,0,True,False,0.011477761836441891
2022-02-28,True,375,2052379.0,0,0,0,True,False,-0.00443614289049743
2022-03-02,True,375,3484662.0,0,0,0,True,False,-0.006487488415199305
2022-03-03,True,375,3471864.0,0,0,0,True,False,0.003949814126394058
2022-03-04,True,375,9460292.0,0,0,0,True,False,-0.007522224754957896
2022-03-07,False,353,,0,0,0,False,False,-0.013552543879138068
2022-03-08,True,375,8040939.0,0,0,0,True,False,-0.009072803717636524
2022-03-09,True,375,3227532.0,0,0,0,True,False,0.003083700440528636
2022-03-10,True,375,4240111.0,0,0,0,True,False,0.007413868294810166
2022-03-11,True,375,2993745.0,0,0,0,True,False,0.0006472491909386147
2022-03-14,True,375,4174888.0,0,0,0,True,False,0.005747126436781658
2022-03-15,True,375,4626559.0,0,0,0,True,False,0.0
2022-03-16,True,375,2561429.0,0,0,0,True,False,0.007979840403191885
2022-03-17,True,375,4541494.0,0,0,0,True,False,0.012801982242411691
2022-03-21,True,375,3771126.0,0,0,0,True,False,0.005314799672935466
2022-03-22,True,375,1630493.0,0,0,0,True,False,0.00143325143325157
2022-03-23,True,375,5927324.0,0,0,0,True,False,0.006202480992396842
2022-03-24,True,375,10647774.0,0,0,0,True,False,0.00019849146486694558
2022-03-25,True,375,2561951.0,0,0,0,True,False,0.003143418467583592
2022-03-28,True,375,2486446.0,0,0,0,True,False,0.005144440047487153
2022-03-29,True,375,2136551.0,0,0,0,True,False,0.0037094884810620066
2022-03-30,True,375,1763595.0,0,0,0,True,False,0.00216067570221945
2022-03-31,True,375,1887708.0,0,0,0,True,False,0.0028123744475692103
2022-04-01,True,375,1819083.0,0,0,0,True,False,-0.002792181890705958
2022-04-04,True,375,1936010.0,0,0,0,True,False,-0.007645559694177684
2022-04-05,True,375,2550825.0,0,0,0,True,False,0.001173020527859281
2022-04-06,True,375,2007380.0,0,0,0,True,False,-0.0055995365900752825
2022-04-07,True,375,1465595.0,0,0,0,True,False,-0.007883099403960814
2022-04-08,True,375,1412772.0,0,0,0,True,False,0.005064277366575887
2022-04-11,True,375,8934273.0,0,0,0,True,False,0.00018608113137341675
2022-04-12,True,375,4720225.0,0,0,0,True,False,-0.0007487832272559114
2022-04-13,True,375,2622087.0,0,0,0,True,False,0.003214218188693607
2022-04-18,True,375,3788232.0,0,0,0,True,False,-0.0040876997398737736
2022-04-19,True,375,2087187.0,0,0,0,True,False,0.0062893081761006275
2022-04-20,True,375,3304809.0,0,0,0,True,False,0.014079074252651758
2022-04-21,True,375,2347667.0,0,0,0,True,False,-0.0003849114703619039
2022-04-22,True,375,1936621.0,0,0,0,True,False,-0.0009606147934678733
2022-04-25,True,375,1773847.0,0,0,0,True,False,-0.008429118773946365
2022-04-26,True,375,2823003.0,0,0,0,True,False,0.00430528375733874
2022-04-27,True,375,1735869.0,0,0,0,True,False,-0.011383368705382924
2022-04-28,True,375,3689059.0,0,0,0,True,False,0.008942457231726264
2022-04-29,True,375,2032275.0,0,0,0,True,False,0.004583651642475095
2022-05-02,True,375,2877320.0,0,0,0,True,False,-0.005780346820809301
2022-05-04,True,375,3841330.0,0,0,0,True,False,0.0007581501137223778
2022-05-05,True,375,1779327.0,0,0,0,True,False,0.004986574606827832
2022-05-06,True,375,7003116.0,0,0,0,True,False,-0.011450381679389277
2022-05-09,True,375,3588511.0,0,0,0,True,False,0.0018821757952192097
2022-05-10,True,375,2087792.0,0,0,0,True,False,-0.004180919802356575
2022-05-11,True,375,1458975.0,0,0,0,True,False,-0.0015420200462604727
2022-05-12,True,375,3051333.0,0,0,0,True,False,-0.0023474178403755097
2022-05-13,True,375,1513600.0,0,0,0,True,False,0.005719921104536452
2022-05-16,True,375,1147297.0,0,0,0,True,False,0.008535402521823388
2022-05-17,True,375,1800659.0,0,0,0,True,False,0.0019646365422396617
2022-05-18,True,375,3061141.0,0,0,0,True,False,0.004152510381276064
2022-05-19,True,375,26925321.0,0,0,0,True,False,-0.015188449278079719
2022-05-20,True,375,10507588.0,0,0,0,True,False,0.00453309156844961
2022-05-23,True,375,5662696.0,0,0,0,True,False,0.0
2022-05-24,True,375,1774129.0,0,0,0,True,False,0.0032834731849689103
2022-05-25,True,375,1790136.0,0,0,0,True,False,0.006452802359881993
2022-05-26,True,375,3762086.0,0,0,0,True,False,-0.015054158252248984
2022-05-27,True,375,1863670.0,0,0,0,True,False,0.0074906367041198685
2022-05-30,True,375,1257618.0,0,0,0,True,False,0.00464252553389044
2022-05-31,True,375,2070436.0,0,0,0,True,False,-0.0007428040854223772
2022-06-01,True,375,2437459.0,0,0,0,True,False,-0.0025796941219828895
2022-06-02,True,375,1444675.0,0,0,0,True,False,-0.0027629397679130863
2022-06-03,True,375,1308436.0,0,0,0,True,False,0.0073260073260073
2022-06-06,True,375,1322421.0,0,0,0,True,False,-0.0009169264624977469
2022-06-07,True,375,1534253.0,0,0,0,True,False,-0.0032834731849691323
2022-06-08,True,375,1678247.0,0,0,0,True,False,-0.00018248175182489224
2022-06-09,True,375,1991498.0,0,0,0,True,False,0.0005604334018309842
2022-06-10,True,375,1736595.0,0,0,0,True,False,-0.0066457448772383465
2022-06-13,True,375,1751705.0,0,0,0,True,False,-0.013150583441378094
2022-06-14,True,375,1298335.0,0,0,0,True,False,-0.006417516043790039
2022-06-15,True,375,686892.0,0,0,0,True,False,0.0
2022-06-16,True,375,1412689.0,0,0,0,True,False,0.013282732447817747
2022-06-17,True,375,2789356.0,0,0,0,True,False,-0.00537634408602139
2022-06-20,True,375,2211256.0,0,0,0,True,False,-0.0007590132827324236
2022-06-21,True,375,1084636.0,0,0,0,True,False,0.004168245547556015
2022-06-22,True,375,1755216.0,0,0,0,True,False,-0.009643916913946726
2022-06-23,True,375,1269129.0,0,0,0,True,False,0.0015088645794039124
2022-06-24,True,375,1022776.0,0,0,0,True,False,-0.001126126126125948
2022-06-27,True,375,1359952.0,0,0,0,True,False,0.003759398496240518
2022-06-28,True,375,1806463.0,0,0,0,True,False,-0.004258470653582758
2022-06-29,True,375,1199630.0,0,0,0,True,False,-0.008834897846493606
2022-06-30,True,375,1826682.0,0,0,0,True,False,0.0012792397660816857
2022-07-01,True,375,4068903.0,0,0,0,True,False,0.004038179148311283
2022-07-04,True,375,5052508.0,0,0,0,True,False,0.00316066725197528
2022-07-05,True,375,3086917.0,0,0,0,True,False,0.005145797598627766
2022-07-06,True,375,2350479.0,0,0,0,True,False,-0.0015704065608096451
2022-07-07,True,375,1645003.0,0,0,0,True,False,0.0058762530245419775
2022-07-08,True,375,1711030.0,0,0,0,True,False,0.003082191780821919
2022-07-11,True,375,2140601.0,0,0,0,True,False,0.0
2022-07-12,True,375,1645522.0,0,0,0,True,False,-0.006274376801763681
2022-07-13,True,375,955747.0,0,0,0,True,False,0.0025662959794696683
2022-07-14,True,375,3645469.0,0,0,0,True,False,-0.0006791171477079638
2022-07-15,True,375,996977.0,0,0,0,True,False,0.004990535191877532
2022-07-18,False,376,1870409.0,0,0,1,False,False,0.003572036060554451
2022-07-19,True,375,1549812.0,0,0,0,True,False,-0.0015231003553900502
2022-07-20,True,375,1181250.0,0,0,0,True,False,0.0013582342954159277
2022-07-21,True,375,4751047.0,0,0,0,True,False,0.004029550033579632
2022-07-22,True,375,1154439.0,0,0,0,True,False,0.0023387905111926788
2022-07-25,True,375,1171783.0,0,0,0,True,False,-0.0030010003334444146
2022-07-26,True,375,898160.0,0,0,0,True,False,0.0
2022-07-27,True,375,972264.0,0,0,0,True,False,0.0024826216484608032
2022-07-28,True,375,961462.0,0,0,0,True,False,0.002960526315789469
2022-07-29,True,375,1282128.0,0,0,0,True,False,0.00593667546174137
2022-08-01,True,375,2400259.0,0,0,0,True,False,0.0006583278472678256
2022-08-02,True,375,15303630.0,0,0,0,True,False,0.007147498375568606
2022-08-03,True,375,3051998.0,0,0,0,True,False,0.005172971225347434
2022-08-04,True,375,1556544.0,0,0,0,True,False,-0.00016231131309851765
2022-08-05,True,375,1367486.0,0,0,0,True,False,0.0014560750687591106
2022-08-08,True,375,820592.0,0,0,0,True,False,-0.0004821600771457435
2022-08-10,True,375,1043176.0,0,0,0,True,False,0.0004792332268370725
2022-08-11,True,375,1107543.0,0,0,0,True,False,0.005138086062941527
2022-08-12,True,375,880166.0,0,0,0,True,False,0.0016353229762877675
2022-08-16,True,375,1634801.0,0,0,0,True,False,0.0016231131309851765
2022-08-17,True,375,1918668.0,0,0,0,True,False,0.0030571198712792125
2022-08-18,True,375,2542108.0,0,0,0,True,False,0.0016000000000000458
2022-08-19,True,375,1298100.0,0,0,0,True,False,0.0025368638021245893
2022-08-22,True,375,1590145.0,0,0,0,True,False,-0.0022443090734208804
2022-08-23,True,375,1150665.0,0,0,0,True,False,-0.0033439490445860143
2022-08-24,True,375,2663905.0,0,0,0,True,False,-0.0006330115524607605
2022-08-25,True,375,973121.0,0,0,0,True,False,0.004777830864787447
2022-08-26,True,375,1183489.0,0,0,0,True,False,0.005591054313099031
2022-08-29,True,375,1770655.0,0,0,0,True,False,-0.010690920695707762
2022-08-30,True,375,1389510.0,0,0,0,True,False,0.0011150047785919437
2022-09-01,True,375,3126935.0,0,0,0,True,False,-0.003741814780168329
2022-09-02,True,375,2681914.0,0,0,0,True,False,0.0025165146272412287
2022-09-05,True,375,3609745.0,0,0,0,True,False,0.004016064257028162
2022-09-06,True,375,1944085.0,0,0,0,True,False,0.0038022813688212143
2022-09-07,True,375,1496708.0,0,0,0,True,False,-0.0027531355154480908
2022-09-08,True,375,1175772.0,0,0,0,True,False,0.009202453987730008
2022-09-09,True,375,1245681.0,0,0,0,True,False,0.001818181818181941
2022-09-12,True,375,1094152.0,0,0,0,True,False,0.005603513554444994
2022-09-13,True,375,2001371.0,0,0,0,True,False,0.0031755632844396864
2022-09-14,True,375,4230453.0,0,0,0,True,False,-0.007793764988009655
2022-09-15,True,375,998289.0,0,0,0,True,False,0.0011904761904761862
2022-09-16,True,375,608890.0,0,0,0,True,False,-0.004493035794518541
2022-09-19,True,375,1475463.0,0,0,0,True,False,-0.006040471156750216
2022-09-20,True,375,2501735.0,0,0,0,True,False,0.008484668055969147
2022-09-21,True,375,1034382.0,0,0,0,True,False,0.0022371364653244186
2022-09-22,True,375,7307179.0,0,0,0,True,False,0.001468428781204123
2022-09-23,True,375,2194695.0,0,0,0,True,False,0.005061460592914013
2022-09-26,True,375,2942136.0,0,0,0,True,False,-0.006195965417867377
2022-09-27,True,375,2799538.0,0,0,0,True,False,0.0073673131859870455
2022-09-28,True,375,2669335.0,0,0,0,True,False,-0.010581222056631923
2022-09-29,True,375,2424755.0,0,0,0,True,False,0.013399045125519926
2022-09-30,True,375,2030811.0,0,0,0,True,False,-0.003888141169433257
2022-10-03,True,375,1885357.0,0,0,0,True,False,0.002710843373493921
2022-10-04,True,375,1713839.0,0,0,0,True,False,0.01231906375115499
2022-10-06,True,375,1939320.0,0,0,0,True,False,0.004046156151656044
2022-10-07,True,375,1229499.0,0,0,0,True,False,0.0022318107424490474
2022-10-10,True,375,1141290.0,0,0,0,True,False,-0.013305426820152455
2022-10-11,True,375,1505649.0,0,0,0,True,False,0.002590278835898241
2022-10-12,True,375,1308382.0,0,0,0,True,False,0.0072174447174446765
2022-10-13,True,375,1407389.0,0,0,0,True,False,0.0006065200909779467
2022-10-14,True,375,958693.0,0,0,0,True,False,0.010491105367188558
2022-10-17,True,375,546968.0,0,0,0,True,False,-0.0028610149073934332
2022-10-18,True,375,2573805.0,0,0,0,True,False,0.00466305655836341
2022-10-19,True,375,1856337.0,0,0,0,True,False,0.007931844888366735
2022-10-20,True,375,5132353.0,0,0,0,True,False,-0.0011514104778352907
2022-10-21,True,375,7903439.0,0,0,0,True,False,0.007272208755169096
2022-10-24,False,60,,0,0,60,False,False,0.011889227200231778
2022-10-25,True,375,4567804.0,0,0,0,True,False,0.004888569374550622
2022-10-27,True,375,2270113.0,0,0,0,True,False,0.0015891360878357297
2022-10-28,True,375,1099657.0,0,0,0,True,False,0.0024516873377560255
2022-10-31,True,375,1355442.0,0,0,0,True,False,0.005780346820809301
2022-11-01,True,375,1218478.0,0,0,0,True,False,0.0007163323782235498
2022-11-02,True,375,2021057.0,0,0,0,True,False,-0.0028612303290415086
2022-11-03,True,375,2477124.0,0,0,0,True,False,0.0002825656965244061
2022-11-04,True,375,829383.0,0,0,0,True,False,-0.00042354934349841944
2022-11-07,True,375,965762.0,0,0,0,True,False,0.004953998584571906
2022-11-09,True,375,3673202.0,0,0,0,True,False,-0.0014124293785310327
2022-11-10,True,375,4762376.0,0,0,0,True,False,-0.004160887656033285
2022-11-11,True,375,1458624.0,0,0,0,True,False,0.011235955056179803
2022-11-14,True,375,1127166.0,0,0,0,True,False,0.0009831460674158965
2022-11-15,True,375,2617735.0,0,0,0,True,False,0.00417266187050358
2022-11-16,True,375,1256519.0,0,0,0,True,False,0.0011584129742252536
2022-11-17,True,375,1113310.0,0,0,0,True,False,-0.0011611030478954065
2022-11-18,True,375,716337.0,0,0,0,True,False,-0.0002908667830134881
2022-11-21,True,375,2389632.0,0,0,0,True,False,-0.005571847507331307
2022-11-22,True,375,697654.0,0,0,0,True,False,-0.0005931198102016033
2022-11-23,True,375,1329424.0,0,0,0,True,False,0.00588235294117645
2022-11-24,True,375,717590.0,0,0,0,True,False,0.001768867924528461
2022-11-25,True,375,1154431.0,0,0,0,True,False,-0.00029316915860455595
2022-11-28,True,375,781174.0,0,0,0,True,False,-0.0008815750808111034
2022-11-29,True,375,1837731.0,0,0,0,True,False,0.0005885815185402432
2022-11-30,True,375,1825331.0,0,0,0,True,False,-0.003213086023075906
2022-12-01,True,375,2915614.0,0,0,0,True,False,0.004114017043784779
2022-12-02,True,375,1360890.0,0,0,0,True,False,-0.0008832621816574626
2022-12-05,True,375,1192455.0,0,0,0,True,False,0.0004444444444444695
2022-12-06,True,375,634550.0,0,0,0,True,False,-0.007427213309566305
2022-12-07,True,375,797524.0,0,0,0,True,False,0.0028143978669825653
2022-12-08,True,375,742226.0,0,0,0,True,False,0.0005882352941175562
2022-12-09,True,375,576915.0,0,0,0,True,False,0.004286136565178733
2022-12-12,True,375,1973959.0,0,0,0,True,False,-0.0029239766081871066
2022-12-13,True,375,999443.0,0,0,0,True,False,0.0036416605972322547
2022-12-14,True,375,977529.0,0,0,0,True,False,0.002753224170410018
2022-12-15,True,375,611723.0,0,0,0,True,False,-0.0010141987829614951
2022-12-16,True,375,947531.0,0,0,0,True,False,-0.003542958370239102
2022-12-19,True,375,1687562.0,0,0,0,True,False,0.0031273268801190746
2022-12-20,True,375,982487.0,0,0,0,True,False,-0.00029398794649404536
2022-12-21,True,375,736156.0,0,0,0,True,False,0.003088689513163656
2022-12-22,True,375,898679.0,0,0,0,True,False,-0.000297840655249515
2022-12-23,True,375,1215380.0,0,0,0,True,False,-0.004512635379061325
2022-12-26,True,375,1312855.0,0,0,0,True,False,0.0007662835249042654
2022-12-27,True,375,1532040.0,0,0,0,True,False,0.002988643156007109
2022-12-28,True,375,565866.0,0,0,0,True,False,-0.0013501350135013412
2022-12-29,True,375,490720.0,0,0,0,True,False,0.0
2022-12-30,True,375,618077.0,0,0,0,True,False,-0.0001490535102102175
2023-01-02,True,375,977957.0,0,0,0,True,False,-0.00030211480362540843
2023-01-03,True,375,603571.0,0,0,0,True,False,-0.004355008259498416
2023-01-04,True,375,840074.0,0,0,0,True,False,0.0019625603864734664
2023-01-05,True,375,1194073.0,0,0,0,True,False,0.005045871559632875
2023-01-06,True,375,1791270.0,0,0,0,True,False,0.0034477589566781486
2023-01-09,True,375,1241800.0,0,0,0,True,False,0.006121230217975615
2023-01-10,True,375,710249.0,0,0,0,True,False,0.0010368834246776704
2023-01-11,True,375,772301.0,0,0,0,True,False,0.004195385076416036
2023-01-12,True,375,583939.0,0,0,0,True,False,0.004216867469879482
2023-01-13,True,375,1377697.0,0,0,0,True,False,0.0010622154779971194
2023-01-16,True,375,1142668.0,0,0,0,True,False,0.003340926347760176
2023-01-17,True,375,1038479.0,0,0,0,True,False,0.0012128562765312267
2023-01-18,True,375,1014077.0,0,0,0,True,False,0.0057211683227942345
2023-01-19,True,375,803484.0,0,0,0,True,False,-0.003282602208296126
2023-01-20,True,375,1470368.0,0,0,0,True,False,0.0
2023-01-23,True,375,906584.0,0,0,0,True,False,0.004634474510390119
2023-01-24,True,375,4817531.0,0,0,0,True,False,0.0010371906949178111
2023-01-25,True,375,593748.0,0,0,0,True,False,0.0
2023-01-27,True,375,3303248.0,0,0,0,True,False,0.00396533999118831
2023-01-30,True,375,2485875.0,0,0,0,True,False,0.004633651896901236
2023-01-31,True,375,1004034.0,0,0,0,True,False,0.006399069226294296
2023-02-01,True,375,1649175.0,0,0,0,True,False,0.0011344299489506326
2023-02-02,True,375,7868720.0,0,0,0,True,False,0.007242339832869149
2023-02-03,True,375,5180951.0,0,0,0,True,False,0.008583124257229624
2023-02-06,True,375,8028774.0,0,0,0,True,False,0.005256241787122251
2023-02-07,True,375,3612109.0,0,0,0,True,False,0.0010430247718382635
2023-02-08,True,375,1687801.0,0,0,0,True,False,0.003615425816818396
2023-02-09,True,375,1007029.0,0,0,0,True,False,-0.001468428781204123
2023-02-10,True,375,1510980.0,0,0,0,True,False,-0.006937033084311706
2023-02-13,True,375,774916.0,0,0,0,True,False,0.005119913769873197
2023-02-14,True,375,1230398.0,0,0,0,True,False,0.002405773857257376
2023-02-15,True,375,2504159.0,0,0,0,True,False,-0.010625890890242351
2023-02-16,True,375,1956454.0,0,0,0,True,False,-0.00026171159382371023
2023-02-17,True,375,753220.0,0,0,0,True,False,-0.003921056071101825
2023-02-20,True,375,1722687.0,0,0,0,True,False,0.003652491521001666
2023-02-21,True,375,802436.0,0,0,0,True,False,0.0022126773395809707
2023-02-22,True,375,669630.0,0,0,0,True,False,-0.0026109660574412663
2023-02-23,True,375,1495320.0,0,0,0,True,False,0.0007809449433815452
2023-02-24,True,375,1680641.0,0,0,0,True,False,0.003741452715778637
2023-02-27,True,375,1346052.0,0,0,0,True,False,-0.0009080295758203683
2023-02-28,True,375,1679040.0,0,0,0,True,False,0.0007849293563579884
2023-03-01,True,375,1304230.0,0,0,0,True,False,-0.0063719633612105975
2023-03-02,True,375,840983.0,0,0,0,True,False,0.002244817113429276
2023-03-03,True,375,1537236.0,0,0,0,True,False,0.0030597312757747464
2023-03-06,True,375,1604437.0,0,0,0,True,False,0.0015572281339215621
2023-03-08,True,375,1236906.0,0,0,0,True,False,-0.0012870012870013214
2023-03-09,True,375,1219233.0,0,0,0,True,False,-0.0014007385712465625
2023-03-10,True,375,916397.0,0,0,0,True,False,-0.0009036922282469328
2023-03-13,True,375,878453.0,0,0,0,True,False,0.0025759917568264346
2023-03-14,True,375,1853709.0,0,0,0,True,False,0.0027297543221109777
2023-03-15,True,375,1388629.0,0,0,0,True,False,0.0019723865877712132
2023-03-16,True,375,777836.0,0,0,0,True,False,0.0038243439272056534
2023-03-17,True,375,3750309.0,0,0,0,True,False,0.009042065260123078
2023-03-20,True,375,686813.0,0,0,0,True,False,-0.008235919234856448
2023-03-21,True,375,2073070.0,0,0,0,True,False,0.00013201320132005812
2023-03-22,True,375,775692.0,0,0,0,True,False,-0.00013262599469499037
2023-03-23,True,375,790892.0,0,0,0,True,False,-0.0023815824292140464
2023-03-24,True,375,3192373.0,0,0,0,True,False,0.0034192530247239006
2023-03-27,True,375,945091.0,0,0,0,True,False,-0.002507257851675826
2023-03-28,True,375,712261.0,0,0,0,True,False,0.0011849901250822192
2023-03-29,True,375,955840.0,0,0,0,True,False,0.0011849901250822192
2023-03-31,True,375,1012690.0,0,0,0,True,False,-0.0026109660574412663
2023-04-03,True,375,920743.0,0,0,0,True,False,0.0018262457605009441
2023-04-05,True,375,1125281.0,0,0,0,True,False,-0.0007911392405063333
2023-04-06,True,375,1961951.0,0,0,0,True,False,-0.0010334582095337108
2023-04-10,True,375,943891.0,0,0,0,True,False,-0.0003870967741934628
2023-04-11,True,375,1566493.0,0,0,0,True,False,0.0014175257731958713
2023-04-12,True,375,1332333.0,0,0,0,True,False,0.004419191919191823
2023-04-13,True,375,666408.0,0,0,0,True,False,0.0039345094555147675
2023-04-17,True,375,895454.0,0,0,0,True,False,-0.0073269327943407125
2023-04-18,False,376,1364814.0,0,0,1,False,False,-0.0001249843769529635
2023-04-19,True,375,1214219.0,0,0,0,True,False,-0.006148055207026326
2023-04-20,True,375,1530213.0,0,0,0,True,False,0.0045203415369161615
2023-04-21,True,375,692159.0,0,0,0,True,False,0.0
2023-04-24,True,375,1289880.0,0,0,0,True,False,0.004901960784313708
2023-04-25,True,375,896203.0,0,0,0,True,False,0.0017156862745097978
2023-04-26,True,375,724184.0,0,0,0,True,False,0.0018237082066869803
2023-04-27,True,375,1604862.0,0,0,0,True,False,0.00024265954865310135
2023-04-28,True,375,935190.0,0,0,0,True,False,0.004807692307692291
2023-05-02,True,375,1762003.0,0,0,0,True,False,0.0012927488541545351
2023-05-03,True,375,1669208.0,0,0,0,True,False,-0.0018832391713747842
2023-05-04,True,375,1128555.0,0,0,0,True,False,-0.003631252196321877
2023-05-05,True,375,807748.0,0,0,0,True,False,0.0038887579542776773
2023-05-08,True,375,1895316.0,0,0,0,True,False,0.0034924330616996624
2023-05-09,True,375,1008954.0,0,0,0,True,False,0.0016199953714417514
2023-05-10,True,375,1732876.0,0,0,0,True,False,-0.00011792452830194922
2023-05-11,True,375,1996018.0,0,0,0,True,False,0.006241168158266586
2023-05-12,True,375,1493516.0,0,0,0,True,False,-0.002017804154302749
2023-05-15,True,375,711590.0,0,0,0,True,False,-0.002138275124732636
2023-05-16,True,375,1261372.0,0,0,0,True,False,0.0038519901949340962
2023-05-17,True,375,526393.0,0,0,0,True,False,-0.0007067970314524885
2023-05-18,True,375,2101284.0,0,0,0,True,False,0.0045555425768017965
2023-05-19,True,375,6412461.0,0,0,0,True,False,0.005133715377268366
2023-05-22,True,375,2409972.0,0,0,0,True,False,0.004045211183819175
2023-05-23,True,375,1365252.0,0,0,0,True,False,0.0021171489061397875
2023-05-24,True,375,1323773.0,0,0,0,True,False,-0.0023293733985557674
2023-05-25,True,375,3801904.0,0,0,0,True,False,0.006797235023041415
2023-05-26,True,375,2693868.0,0,0,0,True,False,0.004531037607612198
2023-05-29,True,375,2145140.0,0,0,0,True,False,0.003155996393146898
2023-05-30,True,375,3300549.0,0,0,0,True,False,-0.01770798529903106
2023-05-31,True,375,3167747.0,0,0,0,True,False,-0.0006672597864768592
2023-06-01,True,375,1033996.0,0,0,0,True,False,0.0022421524663676085
2023-06-02,True,375,1058723.0,0,0,0,True,False,-0.00022722108611683556
2023-06-05,True,375,961827.0,0,0,0,True,False,0.0046280618579974675
2023-06-06,True,375,920808.0,0,0,0,True,False,-0.0011330160888284313
2023-06-07,True,375,838286.0,0,0,0,True,False,0.0013531799729364913
2023-06-08,True,375,1175151.0,0,0,0,True,False,0.0036027921639270044
2023-06-09,True,375,1323686.0,0,0,0,True,False,-0.017941773865944532
2023-06-12,True,375,738356.0,0,0,0,True,False,0.0023920719899761522
2023-06-13,True,375,5898483.0,0,0,0,True,False,0.008115213167219082
2023-06-14,True,375,1258578.0,0,0,0,True,False,0.001458707360861622
2023-06-15,True,375,820991.0,0,0,0,True,False,0.0008996851102114345
2023-06-16,True,375,1492601.0,0,0,0,True,False,0.0032398614679922666
2023-06-19,True,375,1052890.0,0,0,0,True,False,0.002756339581036382
2023-06-20,True,375,624525.0,0,0,0,True,False,0.0017621145374449032
2023-06-21,True,375,662262.0,0,0,0,True,False,-0.0026478375992938785
2023-06-22,True,375,895695.0,0,0,0,True,False,0.000670091579182408
2023-06-23,True,375,1002169.0,0,0,0,True,False,-0.0005583472920156485
2023-06-26,True,375,1335455.0,0,0,0,True,False,0.004044035048303751
2023-06-27,False,376,1007798.0,0,0,1,False,False,0.0017965416573098025
2023-06-28,True,375,1494291.0,0,0,0,True,False,-0.001010214389942754
2023-06-30,True,375,1017182.0,0,0,0,True,False,0.00222717149220486
2023-07-03,True,375,878074.0,0,0,0,True,False,0.00022148394241416902
2023-07-04,True,375,1541742.0,0,0,0,True,False,-0.0007521220586655941
2023-07-05,True,375,1046468.0,0,0,0,True,False,0.0009658725048293793
2023-07-06,True,375,1681067.0,0,0,0,True,False,0.004841595621513539
2023-07-07,True,375,734562.0,0,0,0,True,False,-0.0031612223393044925
2023-07-10,True,375,973441.0,0,0,0,True,False,0.0010649627263046302
2023-07-11,True,375,662252.0,0,0,0,True,False,-0.0021413276231263545
2023-07-12,True,375,1615474.0,0,0,0,True,False,0.01004228329809731
2023-07-13,True,375,702792.0,0,0,0,True,False,0.003493912122816356
2023-07-14,True,375,837775.0,0,0,0,True,False,0.0011641443538998875
2023-07-17,True,375,874704.0,0,0,0,True,False,0.002006123957343453
2023-07-18,True,375,698544.0,0,0,0,True,False,-0.00010579771476937339
2023-07-19,True,375,547665.0,0,0,0,True,False,0.000211573045594049
2023-07-20,True,375,1385716.0,0,0,0,True,False,0.002192753471859543
2023-07-21,True,375,3031556.0,0,0,0,True,False,-0.00010165700925079957
2023-07-24,True,375,1446074.0,0,0,0,True,False,0.0
2023-07-25,True,375,14025838.0,0,0,0,True,False,-0.002345415778251647
2023-07-26,True,375,4045291.0,0,0,0,True,False,0.0075856090160382195
2023-07-27,True,375,1785990.0,0,0,0,True,False,0.0042337002540220325
2023-07-28,True,375,2047866.0,0,0,0,True,False,0.0011773520282565286
2023-07-31,True,375,1153164.0,0,0,0,True,False,0.002136752136752129
2023-08-01,True,375,1125642.0,0,0,0,True,False,0.001612036539494932
2023-08-02,True,375,1281404.0,0,0,0,True,False,-0.0015044057597248806
2023-08-03,True,375,883033.0,0,0,0,True,False,-0.00021729682746629564
2023-08-04,True,375,1056774.0,0,0,0,True,False,-0.00010956502684345004
2023-08-07,True,375,1783848.0,0,0,0,True,False,-0.002526084568918119
2023-08-08,True,375,740805.0,0,0,0,True,False,0.004505989669194355
2023-08-09,True,375,817998.0,0,0,0,True,False,0.00011054609772287449
2023-08-10,True,375,782393.0,0,0,0,True,False,0.001199956365222965
2023-08-11,True,375,1386289.0,0,0,0,True,False,0.0025400331308669255
2023-08-14,True,375,1033031.0,0,0,0,True,False,0.0016741071428572063
2023-08-16,True,375,4393960.0,0,0,0,True,False,0.007033605001674603
2023-08-17,True,375,2204956.0,0,0,0,True,False,0.00222717149220486
2023-08-18,True,375,2518299.0,0,0,0,True,False,0.00011339154099099247
2023-08-21,True,375,1488262.0,0,0,0,True,False,0.0022675736961450532
2023-08-22,True,375,1980913.0,0,0,0,True,False,0.0022321428571427937
2023-08-23,True,375,1448576.0,0,0,0,True,False,0.002640845070422726
2023-08-24,True,375,750658.0,0,0,0,True,False,0.0
2023-08-25,True,375,797350.0,0,0,0,True,False,-0.0006648936170212671
2023-08-28,True,375,751679.0,0,0,0,True,False,0.0033821871476888976
2023-08-29,True,375,774637.0,0,0,0,True,False,0.003966455122393464
2023-08-30,True,375,690003.0,0,0,0,True,False,0.000680735194009463
2023-08-31,True,375,1090339.0,0,0,0,True,False,-0.00022568269013767406
2023-09-01,True,375,968180.0,0,0,0,True,False,0.0011376564277587597
2023-09-04,True,375,1049273.0,0,0,0,True,False,0.0076136363636363225
2023-09-05,True,375,1096873.0,0,0,0,True,False,0.0031999999999998696
2023-09-06,True,375,1823949.0,0,0,0,True,False,-0.0004502983226387647
2023-09-07,True,375,1005570.0,0,0,0,True,False,0.0017857142857142794
2023-09-08,True,375,900310.0,0,0,0,True,False,0.0042600896860987
2023-09-11,True,375,774947.0,0,0,0,True,False,0.007454257962502764
2023-09-12,True,375,997662.0,0,0,0,True,False,0.0021207724076348633
2023-09-13,True,375,2588152.0,0,0,0,True,False,0.002660753880266098
2023-09-14,True,375,1139126.0,0,0,0,True,False,0.005292171995589845
2023-09-15,True,375,1879486.0,0,0,0,True,False,-0.0051071388919728955
2023-09-18,True,375,790907.0,0,0,0,True,False,0.0010046885465506694
2023-09-20,True,375,946315.0,0,0,0,True,False,-0.0005531585352361867
2023-09-21,True,375,1175744.0,0,0,0,True,False,-0.00011041183614890482
2023-09-22,True,375,836054.0,0,0,0,True,False,0.0
2023-09-25,True,375,909343.0,0,0,0,True,False,0.0013559322033898091
2023-09-26,True,375,481928.0,0,0,0,True,False,0.0013544018058690988
2023-09-27,True,375,509626.0,0,0,0,True,False,-0.0007904245709123847
2023-09-28,True,375,847037.0,0,0,0,True,False,0.0013352620451763109
2023-09-29,True,375,826830.0,0,0,0,True,False,0.0019267822736031004
2023-10-03,True,375,1250815.0,0,0,0,True,False,-0.005188360027069683
2023-10-04,True,375,1977229.0,0,0,0,True,False,0.0005688282138793799
2023-10-05,True,375,920752.0,0,0,0,True,False,0.010681061215114251
2023-10-06,True,375,1578632.0,0,0,0,True,False,0.0028630325240495136
2023-10-09,True,375,1284527.0,0,0,0,True,False,-0.0036154106880579295
2023-10-10,True,375,904732.0,0,0,0,True,False,0.0010227272727272307
2023-10-11,True,375,1476865.0,0,0,0,True,False,0.005621767483696916
2023-10-12,True,375,1550024.0,0,0,0,True,False,0.0031232571109871543
2023-10-13,True,375,856247.0,0,0,0,True,False,-0.0025498891352548902
2023-10-16,True,375,509579.0,0,0,0,True,False,0.0
2023-10-17,True,375,723713.0,0,0,0,True,False,0.0035698348951360703
2023-10-18,True,375,1536842.0,0,0,0,True,False,0.001653803748621785
2023-10-19,True,375,1463636.0,0,0,0,True,False,-0.004096545615589031
2023-10-20,True,375,2644076.0,0,0,0,True,False,-0.011220975447172599
2023-10-23,True,375,1067564.0,0,0,0,True,False,0.0
2023-10-25,True,375,1118469.0,0,0,0,True,False,0.005292222733547902
2023-10-26,True,375,1496259.0,0,0,0,True,False,-0.006361323155216314
2023-10-27,True,375,6386072.0,0,0,0,True,False,0.003929273084479545
2023-10-30,True,375,1035212.0,0,0,0,True,False,0.001498041023277441
2023-10-31,True,375,1232532.0,0,0,0,True,False,-0.0038225414108652433
2023-11-01,True,375,900803.0,0,0,0,True,False,0.003500583430571691
2023-11-02,True,375,1198337.0,0,0,0,True,False,-0.0013932427725530383
2023-11-03,True,375,3304153.0,0,0,0,True,False,0.00464252553389044
2023-11-06,True,375,811799.0,0,0,0,True,False,0.003239990742883503
2023-11-07,True,375,572133.0,0,0,0,True,False,0.0006902899217671177
2023-11-08,True,375,809453.0,0,0,0,True,False,0.0004619471070561598
2023-11-09,True,375,528205.0,0,0,0,True,False,0.0013729977116705427
2023-11-10,True,375,455223.0,0,0,0,True,False,0.00115088042352407
2023-11-12,False,60,,0,0,60,False,False,0.0010275145564562216
2023-11-13,True,375,520240.0,0,0,0,True,False,-0.0007977207977208911
2023-11-15,True,375,1049516.0,0,0,0,True,False,0.005970149253731405
2023-11-16,True,375,1270803.0,0,0,0,True,False,-0.00011312217194570096
2023-11-17,True,375,519487.0,0,0,0,True,False,0.00011384335154840386
2023-11-20,True,375,630021.0,0,0,0,True,False,0.0022786829212715354
2023-11-21,True,375,427514.0,0,0,0,True,False,0.0019482007792801515
2023-11-22,True,375,586634.0,0,0,0,True,False,0.0018340210912426436
2023-11-23,False,375,972910.0,0,1,0,True,False,0.0018175621947063014
2023-11-24,True,375,1059279.0,0,0,0,True,False,0.00022680880018155491
2023-11-28,True,375,795476.0,0,0,0,True,False,0.00022836263987224825
2023-11-29,True,375,862642.0,0,0,0,True,False,0.0002294104152329446
2023-11-30,True,375,707140.0,0,0,0,True,False,-0.000457770656900891
2023-12-01,True,375,2071399.0,0,0,0,True,False,0.0026330852890670275
2023-12-04,True,375,2790441.0,0,0,0,True,False,0.013024602026049159
2023-12-05,True,375,884070.0,0,0,0,True,False,0.0023130300693909867
2023-12-06,True,375,3167382.0,0,0,0,True,False,0.003315649867374093
2023-12-07,True,375,1337068.0,0,0,0,True,False,0.0028050490883591017
2023-12-08,True,375,943707.0,0,0,0,True,False,0.003819292885202996
2023-12-11,True,375,773310.0,0,0,0,True,False,0.0033333333333334103
2023-12-12,True,375,1463922.0,0,0,0,True,False,0.0022065313327448433
2023-12-13,True,375,1505766.0,0,0,0,True,False,0.005952380952380931
2023-12-14,False,375,1610170.0,0,1,0,True,False,0.008993200263215595
2023-12-15,True,375,1533935.0,0,0,0,True,False,0.007965084560829228
2023-12-18,True,375,1962312.0,0,0,0,True,False,-0.007741794787918477
2023-12-19,True,375,1210027.0,0,0,0,True,False,0.003097687797322779
2023-12-20,True,375,1008698.0,0,0,0,True,False,0.005586592178770999
2023-12-21,True,375,2104039.0,0,0,0,True,False,-0.0025547039875596367
2023-12-22,True,375,731441.0,0,0,0,True,False,0.0022123893805310324
2023-12-26,True,375,576195.0,0,0,0,True,False,0.004073095552620032
2023-12-27,True,375,427315.0,0,0,0,True,False,-0.00010939722131064755
2023-12-28,True,375,1922003.0,0,0,0,True,False,0.0013140604467805073
2023-12-29,True,375,2644854.0,0,0,0,True,False,0.00032331070158431174
2024-01-01,True,375,678223.0,0,0,0,True,False,0.0032467532467532756
2024-01-02,True,375,1104750.0,0,0,0,True,False,0.009016745384285096
2024-01-03,True,375,4165723.0,0,0,0,True,False,0.00021269807508250693
2024-01-04,True,375,1140130.0,0,0,0,True,False,0.005340873389883871
2024-01-05,True,375,995068.0,0,0,0,True,False,0.008201892744479355
2024-01-08,True,375,991421.0,0,0,0,True,False,0.002426928352854185
2024-01-09,True,375,586061.0,0,0,0,True,False,0.004620178360373872
2024-01-10,True,375,797628.0,0,0,0,True,False,0.0004307095940561112
2024-01-11,True,375,647800.0,0,0,0,True,False,0.0010785159620363416
2024-01-12,True,375,1124541.0,0,0,0,True,False,0.0
2024-01-15,True,375,968241.0,0,0,0,True,False,0.005562687205819428
2024-01-16,True,375,634545.0,0,0,0,True,False,0.0005347021708907995
2024-01-17,True,375,3189640.0,0,0,0,True,False,-0.007474470996947091
2024-01-18,True,375,1285091.0,0,0,0,True,False,-0.004386903488123317
2024-01-19,True,375,1574787.0,0,0,0,True,False,0.005472103004291906
2024-01-20,True,375,706938.0,0,0,0,True,False,0.0029661016949151797
2024-01-23,True,375,938163.0,0,0,0,True,False,0.011637838992099026
2024-01-24,True,375,1806576.0,0,0,0,True,False,0.0005436555398499188
2024-01-25,True,375,1125183.0,0,0,0,True,False,0.003789519272412223
2024-01-29,True,375,2632956.0,0,0,0,True,False,-0.003823882879930074
2024-01-30,True,375,11963247.0,0,0,0,True,False,-0.003788722977490555
2024-01-31,True,375,4095057.0,0,0,0,True,False,0.003878621948437022
2024-02-01,True,375,3217569.0,0,0,0,True,False,0.0005659309564232107
2024-02-02,True,375,1587273.0,0,0,0,True,False,0.005877034358046984
2024-02-05,True,375,1539278.0,0,0,0,True,False,0.0031774852473898108
2024-02-06,True,375,2941589.0,0,0,0,True,False,0.004107713372889066
2024-02-07,True,375,2158628.0,0,0,0,True,False,0.007177587404491925
2024-02-08,True,375,2875424.0,0,0,0,True,False,-0.006484483557202436
2024-02-09,True,375,6678758.0,0,0,0,True,False,-0.010495837857401269
2024-02-12,True,375,1967241.0,0,0,0,True,False,0.006144578313252991
2024-02-13,True,375,3294142.0,0,0,0,True,False,0.00024582104228110246
2024-02-14,True,375,2154191.0,0,0,0,True,False,-0.002211845662324796
2024-02-15,False,375,1557450.0,0,1,0,True,False,0.003157639057566275
2024-02-16,True,375,5698826.0,0,0,0,True,False,0.000494071146245112
2024-02-19,True,375,2904700.0,0,0,0,True,False,0.000988630746416197
2024-02-20,True,375,1610578.0,0,0,0,True,False,0.0018306077617769034
2024-02-21,True,375,2583746.0,0,0,0,True,False,0.0007376444553726103
2024-02-22,True,375,2600326.0,0,0,0,True,False,0.010304158907510796
2024-02-23,True,375,2198868.0,0,0,0,True,False,0.0022894324617424022
2024-02-26,True,375,1101349.0,0,0,0,True,False,0.0004867364322220791
2024-02-27,True,375,843812.0,0,0,0,True,False,0.0014655593551540225
2024-02-28,True,375,665282.0,0,0,0,True,False,0.0026825996829653587
2024-02-29,True,375,1015358.0,0,0,0,True,False,0.002696739396911063
2024-03-01,True,375,1366744.0,0,0,0,True,False,0.0049152125829441395
2024-03-02,False,105,320680.0,0,0,0,False,False,0.002194586686174116
2024-03-04,True,375,765424.0,0,0,0,True,False,0.0010927634774162698
2024-03-05,True,375,759364.0,0,0,0,True,False,0.0008551184949914248
2024-03-06,True,375,1253583.0,0,0,0,True,False,0.0
2024-03-07,True,375,2507831.0,0,0,0,True,False,-0.00024512807942145276
2024-03-11,True,375,2656075.0,0,0,0,True,False,0.005063901615625754
2024-03-12,True,375,8912342.0,0,0,0,True,False,-0.006598240469208205
2024-03-13,True,375,40983661.0,0,0,0,True,False,0.08208955223880587
2024-03-14,True,375,6016688.0,0,0,0,True,False,-0.0001184834123223455
2024-03-15,True,375,3214318.0,0,0,0,True,False,-0.00417710944026739
2024-03-18,True,375,1965235.0,0,0,0,True,False,0.004796163069544335
2024-03-19,True,375,1498130.0,0,0,0,True,False,0.0009578544061301653
2024-03-20,True,375,2175520.0,0,0,0,True,False,0.0006101281269066394
2024-03-21,True,375,1701733.0,0,0,0,True,False,0.006969478490747472
2024-03-22,True,375,2778084.0,0,0,0,True,False,0.0
2024-03-26,True,375,1416148.0,0,0,0,True,False,-0.006420733130982903
2024-03-27,True,375,855645.0,0,0,0,True,False,-0.002336448598130869
2024-03-28,True,375,2699324.0,0,0,0,True,False,-0.0009337068160597539
2024-04-01,True,375,1628807.0,0,0,0,True,False,0.0002331002331001919
2024-04-02,True,375,1408665.0,0,0,0,True,False,0.0025724976613656914
2024-04-03,True,375,1730721.0,0,0,0,True,False,0.001175088131609936
2024-04-04,True,375,2590417.0,0,0,0,True,False,0.00011750881316108241
2024-04-05,True,375,1540553.0,0,0,0,True,False,-0.0014181044670291687
2024-04-08,True,375,1381176.0,0,0,0,True,False,0.0018713450292398015
2024-04-09,True,375,817181.0,0,0,0,True,False,0.0036138960130567277
2024-04-10,True,375,845799.0,0,0,0,True,False,0.0041026843277458536
2024-04-12,True,375,2592089.0,0,0,0,True,False,-0.0027510316368637433
2024-04-15,True,375,2689370.0,0,0,0,True,False,-0.005807200929152101
2024-04-16,True,375,2258515.0,0,0,0,True,False,-0.0054047702972623846
2024-04-18,True,375,1550267.0,0,0,0,True,False,-0.0010552233556102575
2024-04-19,True,375,2980069.0,0,0,0,True,False,-0.004169148302561099
2024-04-22,True,375,1213689.0,0,0,0,True,False,0.007075471698113178
2024-04-23,True,375,1771035.0,0,0,0,True,False,-0.0017603567656377939
2024-04-24,True,375,803783.0,0,0,0,True,False,0.0005827505827504798
2024-04-25,True,375,1175823.0,0,0,0,True,False,0.0037261294829995517
2024-04-26,True,375,2588043.0,0,0,0,True,False,0.003312014618547243
2024-04-29,True,375,2007874.0,0,0,0,True,False,0.00454545454545463
2024-04-30,True,375,610638.0,0,0,0,True,False,0.004452054794520599
2024-05-02,True,375,1979471.0,0,0,0,True,False,0.0014930515677040734
2024-05-03,True,375,1036229.0,0,0,0,True,False,0.0013653430424394042
2024-05-06,True,375,2145214.0,0,0,0,True,False,0.004587155963302836
2024-05-07,True,375,6670552.0,0,0,0,True,False,0.004483273939533294
2024-05-08,True,375,1262177.0,0,0,0,True,False,0.0005668934240363743
2024-05-09,True,375,1542719.0,0,0,0,True,False,-0.002154195011337845
2024-05-10,True,375,3102231.0,0,0,0,True,False,-0.0014048232264107785
2024-05-13,True,375,1117676.0,0,0,0,True,False,-0.001382966463063351
2024-05-14,True,375,1267411.0,0,0,0,True,False,-0.0026641955287848296
2024-05-15,True,375,814950.0,0,0,0,True,False,0.0036113699906803465
2024-05-16,True,375,2327424.0,0,0,0,True,False,0.004086398131932345
2024-05-17,True,375,2133269.0,0,0,0,True,False,-0.00046232085067043904
2024-05-18,False,105,275501.0,0,0,0,False,False,0.0035595361120679403
2024-05-21,True,375,1703092.0,0,0,0,True,False,-0.0016029310739638092
2024-05-22,True,375,1724979.0,0,0,0,True,False,0.005633478960680671
2024-05-23,True,375,1977623.0,0,0,0,True,False,0.0036380172805821065
2024-05-24,True,375,1689396.0,0,0,0,True,False,0.0018173557473875057
2024-05-27,True,375,1113867.0,0,0,0,True,False,0.005154048791661925
2024-05-28,True,375,1722494.0,0,0,0,True,False,-0.0003470213996529248
2024-05-29,True,375,2196281.0,0,0,0,True,False,-0.007695895522388141
2024-05-30,True,375,1794330.0,0,0,0,True,False,-0.0058004640371229765
2024-05-31,True,375,2908583.0,0,0,0,True,False,0.004472166647051745
2024-06-03,True,375,2765882.0,0,0,0,True,False,0.016393442622950838
2024-06-04,True,375,4948723.0,0,0,0,True,False,-0.012517385257301727
2024-06-05,True,375,3314696.0,0,0,0,True,False,0.0051208765035131165
2024-06-06,True,375,4775216.0,0,0,0,True,False,0.012305549106106373
2024-06-07,True,375,2882513.0,0,0,0,True,False,-0.0114573785517873
2024-06-10,True,375,3335422.0,0,0,0,True,False,0.003420752565564511
2024-06-11,True,375,2241454.0,0,0,0,True,False,0.0002288853284504455
2024-06-12,True,375,2110622.0,0,0,0,True,False,-0.005083766608896534
2024-06-13,True,375,1102215.0,0,0,0,True,False,0.010290206960342108
2024-06-14,True,375,1577704.0,0,0,0,True,False,0.0015103985128384068
2024-06-18,True,375,1834976.0,0,0,0,True,False,0.0037088548910524377
2024-06-19,True,375,837005.0,0,0,0,True,False,0.002331002331002363
2024-06-20,True,375,2547920.0,0,0,0,True,False,0.0015351913084553637
2024-06-21,True,375,1980411.0,0,0,0,True,False,0.0025949516395376016
2024-06-24,True,375,1716165.0,0,0,0,True,False,0.0008340283569641116
2024-06-25,True,375,821475.0,0,0,0,True,False,-0.0015342853770801135
2024-06-26,True,375,1362284.0,0,0,0,True,False,-0.00035448422545192315
2024-06-27,True,375,1341690.0,0,0,0,True,False,0.0010625737898464216
2024-06-28,True,375,2349364.0,0,0,0,True,False,-0.00023496240601506013
2024-07-01,True,375,1260582.0,0,0,0,True,False,0.0031768443346276154
2024-07-02,True,375,1422222.0,0,0,0,True,False,0.003500583430571691
2024-07-03,True,375,994961.0,0,0,0,True,False,0.0008220786846742101
2024-07-04,True,375,772809.0,0,0,0,True,False,0.003500583430571691
2024-07-05,True,375,1220877.0,0,0,0,True,False,-0.0005824111822947398
2024-07-08,True,375,1941977.0,0,0,0,True,False,0.0038062283737023694
2024-07-09,True,375,4355622.0,0,0,0,True,False,0.008562415502478604
2024-07-10,True,375,1866218.0,0,0,0,True,False,0.003983182119938089
2024-07-11,True,375,1380278.0,0,0,0,True,False,-0.0006662225183211579
2024-07-12,True,375,1800834.0,0,0,0,True,False,0.00010902747492358422
2024-07-15,True,375,1630882.0,0,0,0,True,False,0.0
2024-07-16,True,375,2341185.0,0,0,0,True,False,0.002704456945045397
2024-07-18,True,375,3570612.0,0,0,0,True,False,-0.0057977238565599665
2024-07-19,True,375,3741275.0,0,0,0,True,False,0.0010626992561104665
2024-07-22,True,375,2974198.0,0,0,0,True,False,0.003064567261967799
2024-07-23,True,375,1968653.0,0,0,0,True,False,0.0005361355350632646
2024-07-24,True,375,17677914.0,0,0,0,True,False,-0.0016103059581320522
2024-07-25,True,375,2814033.0,0,0,0,True,False,-0.007092198581560294
2024-07-26,True,375,1283745.0,0,0,0,True,False,0.007545630671969006
2024-07-29,True,375,2373474.0,0,0,0,True,False,0.007875585684378406
2024-07-30,True,375,1258460.0,0,0,0,True,False,0.00010075566750633591
2024-07-31,True,375,1280674.0,0,0,0,True,False,0.003975535168195599
2024-08-01,True,375,1273578.0,0,0,0,True,False,0.0009081735620584119
2024-08-02,True,375,7099480.0,0,0,0,True,False,-0.016732582902342585
2024-08-05,True,375,3361027.0,0,0,0,True,False,-0.018001431932085477
2024-08-06,True,375,1492664.0,0,0,0,True,False,0.0007203128215682586
2024-08-07,True,375,2154629.0,0,0,0,True,False,0.004510045100450943
2024-08-08,True,375,1757747.0,0,0,0,True,False,0.0024350649350648457
2024-08-09,True,375,925281.0,0,0,0,True,False,0.007587253414264028
2024-08-12,True,375,1033547.0,0,0,0,True,False,-0.00836440592562726
2024-08-13,True,375,828435.0,0,0,0,True,False,0.0031351132686083805
2024-08-14,True,375,647496.0,0,0,0,True,False,0.001221125470642015
2024-08-16,True,375,882022.0,0,0,0,True,False,0.003958988935133467
2024-08-19,True,375,2288922.0,0,0,0,True,False,0.00537795040334621
2024-08-20,True,375,935489.0,0,0,0,True,False,0.0020000000000000018
2024-08-21,True,375,603581.0,0,0,0,True,False,0.0030090270812437314
2024-08-22,True,375,940458.0,0,0,0,True,False,0.004052985369711326
2024-08-23,True,375,1309954.0,0,0,0,True,False,0.0
2024-08-26,True,375,866594.0,0,0,0,True,False,0.0011871784724970524
2024-08-27,True,375,545692.0,0,0,0,True,False,0.0037575398002571703
2024-08-28,True,375,725608.0,0,0,0,True,False,0.0
2024-08-29,True,375,488660.0,0,0,0,True,False,-0.004298710386883897
2024-08-30,True,375,1748823.0,0,0,0,True,False,-0.006039603960396045
2024-09-02,True,375,1979251.0,0,0,0,True,False,0.0
2024-09-03,True,375,3397785.0,0,0,0,True,False,0.00039227223693250046
2024-09-04,True,375,2148153.0,0,0,0,True,False,-0.01690916240660645
2024-09-05,True,375,1495422.0,0,0,0,True,False,0.002662721893491149
2024-09-06,True,375,1069762.0,0,0,0,True,False,0.0014669926650365817
2024-09-09,True,375,1008457.0,0,0,0,True,False,-0.0004977600796416404
2024-09-10,True,375,2133431.0,0,0,0,True,False,0.0007820136852394466
2024-09-11,True,375,3055127.0,0,0,0,True,False,0.00019496977968413987
2024-09-12,True,375,1362810.0,0,0,0,True,False,0.0038978756577665585
2024-09-13,True,375,1053474.0,0,0,0,True,False,0.002508683905827702
2024-09-16,True,375,591002.0,0,0,0,True,False,0.004673807205452629
2024-09-17,True,375,1323004.0,0,0,0,True,False,0.0021570742229630735
2024-09-18,True,375,843570.0,0,0,0,True,False,-0.0007870142646334566
2024-09-19,True,375,915862.0,0,0,0,True,False,0.006413418845584662
2024-09-20,True,375,823417.0,0,0,0,True,False,0.006685017695635009
2024-09-23,True,375,1360007.0,0,0,0,True,False,0.0025284450063212116
2024-09-24,True,375,591114.0,0,0,0,True,False,0.0004837929366230398
2024-09-25,True,375,1116753.0,0,0,0,True,False,0.0
2024-09-26,True,375,2664424.0,0,0,0,True,False,0.0
2024-09-27,True,375,1850858.0,0,0,0,True,False,-0.0040202929070547455
2024-09-30,True,375,1580011.0,0,0,0,True,False,-0.0017257909875358912
2024-10-01,True,375,656724.0,0,0,0,True,False,-0.0001929570670525793
2024-10-03,True,375,1804263.0,0,0,0,True,False,-0.015392061955469494
2024-10-04,True,375,1338497.0,0,0,0,True,False,-0.0033222591362126463
2024-10-07,True,375,2019285.0,0,0,0,True,False,0.004457652303120341
2024-10-08,True,375,1633969.0,0,0,0,True,False,0.0
2024-10-09,True,375,2011284.0,0,0,0,True,False,0.0025565388397246203
2024-10-10,True,375,1553225.0,0,0,0,True,False,0.005991064175467242
2024-10-11,True,375,2319978.0,0,0,0,True,False,0.0
2024-10-14,True,375,598917.0,0,0,0,True,False,0.004192657735964778
2024-10-15,True,375,431894.0,0,0,0,True,False,0.0025163563160544022
2024-10-16,True,375,573680.0,0,0,0,True,False,-0.004016064257028162
2024-10-17,True,375,1166656.0,0,0,0,True,False,0.003853173798418208
2024-10-18,True,375,5056789.0,0,0,0,True,False,-0.0010219724067450642
2024-10-21,True,375,716877.0,0,0,0,True,False,0.0011313380643833693
2024-10-22,True,375,1332516.0,0,0,0,True,False,0.0011384806458289987
2024-10-23,True,375,1274454.0,0,0,0,True,False,-0.0031088082901554737
2024-10-24,True,375,1186124.0,0,0,0,True,False,0.0027043894320781803
2024-10-25,False,750,,750,0,0,False,False,0.01083492670490771
2024-10-28,False,750,,750,0,0,False,False,0.0
2024-10-29,False,750,,750,0,0,False,False,0.0020661157024792765
2024-10-30,True,375,992729.0,0,0,0,True,False,-0.00010245901639349686
2024-10-31,True,375,640032.0,0,0,0,True,False,0.0004066693777957653
2024-11-01,False,120,,120,0,120,False,False,0.0035769034236075026
2024-11-04,True,375,967805.0,0,0,0,True,False,0.007143586080212261
2024-11-05,True,375,1173290.0,0,0,0,True,False,-0.004739824832560524
2024-11-06,False,750,,750,0,0,False,False,-0.0015594136604636377
2024-11-07,True,375,1025769.0,0,0,0,True,False,-0.00041498080713764374
2024-11-08,False,750,,750,0,0,False,False,-0.00020920502092058868
2024-11-11,True,375,619061.0,0,0,0,True,False,-0.0015664160401002158
2024-11-12,True,375,499193.0,0,0,0,True,False,0.0006285355122563896
2024-11-13,True,375,843828.0,0,0,0,True,False,-0.003920322102140217
2024-11-14,True,375,1049948.0,0,0,0,True,False,-0.0016949152542372614
2024-11-18,True,375,1523058.0,0,0,0,True,False,-0.0021413276231263545
2024-11-19,False,750,,750,0,0,False,False,0.0012836970474967568
2024-11-21,True,375,1942039.0,0,0,0,True,False,-0.012001714530647245
2024-11-22,True,375,2212856.0,0,0,0,True,False,-0.0017505470459519001
2024-11-25,True,375,1048653.0,0,0,0,True,False,0.010548523206751037
2024-11-26,True,375,984012.0,0,0,0,True,False,0.003869078740980969
2024-11-27,True,375,497373.0,0,0,0,True,False,0.0010482180293500676
2024-11-28,True,375,2182048.0,0,0,0,True,False,0.00010483279169726245
2024-11-29,False,750,,750,0,0,False,False,-0.004941646514562081
2024-12-02,True,375,616097.0,0,0,0,True,False,-0.002096436058700246
2024-12-03,False,750,,750,0,0,False,False,-0.02387934645999157
2024-12-04,True,375,1406087.0,0,0,0,True,False,0.003914929637075293
2024-12-05,True,375,1229128.0,0,0,0,True,False,0.0007491438356164171
2024-12-06,True,375,1643390.0,0,0,0,True,False,0.004917682274962587
2024-12-09,True,375,1052859.0,0,0,0,True,False,-0.0009534908358935779
2024-12-10,True,375,712688.0,0,0,0,True,False,-0.00032223415682053336
2024-12-11,True,375,1063548.0,0,0,0,True,False,0.003975502310089141
2024-12-12,True,375,554425.0,0,0,0,True,False,0.0005373455131649774
2024-12-13,True,375,705618.0,0,0,0,True,False,-0.0018444179234025082
2024-12-16,True,375,1624088.0,0,0,0,True,False,-0.0015923566878981443
2024-12-17,False,750,,750,0,0,False,False,0.0
2024-12-18,True,375,2043638.0,0,0,0,True,False,0.004248990864669677
2024-12-19,True,375,2969178.0,0,0,0,True,False,-0.004774535809018543
2024-12-20,True,375,1989489.0,0,0,0,True,False,0.0010729613733906351
2024-12-23,True,375,2428518.0,0,0,0,True,False,0.011375831723545948
2024-12-24,True,375,1100629.0,0,0,0,True,False,0.0008429926238144869
2024-12-26,True,375,1305475.0,0,0,0,True,False,0.004809200209095588
2024-12-27,True,375,864071.0,0,0,0,True,False,0.005765199161425594
2024-12-30,False,750,,750,0,0,False,False,0.002188868042526604
2024-12-31,True,375,1395143.0,0,0,0,True,False,0.0034605704697985296
2025-01-01,True,375,1498516.0,0,0,0,True,False,0.0031995045928372434
2025-01-02,True,375,2032567.0,0,0,0,True,False,0.001651016406975625
2025-01-03,True,375,3213875.0,0,0,0,True,False,0.001532175689479054
2025-01-06,False,351,,0,0,0,False,False,-0.05858043186279571
2025-01-07,True,375,1785757.0,0,0,0,True,False,0.00033681374200056347
2025-01-08,True,375,1176742.0,0,0,0,True,False,0.004307413284969419
2025-01-09,True,375,1141393.0,0,0,0,True,False,-0.0005559879906593679
2025-01-10,True,375,1138492.0,0,0,0,True,False,-0.0011100011100011464
2025-01-13,True,375,1881942.0,0,0,0,True,False,-0.01993916863805345
2025-01-14,True,375,1337328.0,0,0,0,True,False,0.004555808656036442
2025-01-15,True,375,983291.0,0,0,0,True,False,-0.000801006980203578
2025-01-16,True,375,1503037.0,0,0,0,True,False,0.00240274599542345
2025-01-17,True,375,1034804.0,0,0,0,True,False,0.00023100023100020017
2025-01-20,True,375,582465.0,0,0,0,True,False,-0.0019324769807889108
2025-01-21,True,375,832345.0,0,0,0,True,False,0.0014862238481765377
2025-01-22,True,375,969158.0,0,0,0,True,False,0.004452563077976812
2025-01-23,True,375,1245675.0,0,0,0,True,False,-0.004576659038901587
2025-01-24,True,375,506192.0,0,0,0,True,False,-0.0023839255307072094
2025-01-27,True,375,1359349.0,0,0,0,True,False,-0.001359311282283615
2025-01-28,True,375,922167.0,0,0,0,True,False,0.00034102534955082753
2025-01-29,True,375,960579.0,0,0,0,True,False,0.0029909122282296696
2025-01-30,True,375,737851.0,0,0,0,True,False,-0.0005770340450086398
2025-01-31,True,375,832970.0,0,0,0,True,False,-0.0022857142857143353
2025-02-01,True,375,1040017.0,0,0,0,True,False,0.000670091579182408
2025-02-03,True,375,4977733.0,0,0,0,True,False,0.0009749756256094422
2025-02-04,True,375,1583698.0,0,0,0,True,False,0.009922822491730932
2025-02-05,True,375,906371.0,0,0,0,True,False,0.0018710103455865656
2025-02-06,True,375,2984805.0,0,0,0,True,False,0.0033444816053511683
2025-02-07,True,375,3072728.0,0,0,0,True,False,-0.006547753443215121
2025-02-10,True,375,1634066.0,0,0,0,True,False,-0.009165796496113265
2025-02-11,True,375,1263656.0,0,0,0,True,False,0.0025718961889176217
2025-02-12,False,750,,750,0,0,False,False,-0.011721085994498393
2025-02-13,True,375,1622168.0,0,0,0,True,False,-0.0030398832684824795
2025-02-14,False,750,,750,0,0,False,False,0.004268292682926722
2025-02-17,True,375,1856363.0,0,0,0,True,False,-0.00024396194193698761
2025-02-18,True,375,1023228.0,0,0,0,True,False,-0.001468428781204123
2025-02-19,True,375,1150781.0,0,0,0,True,False,-0.0003704161007531681
2025-02-20,True,375,4762997.0,0,0,0,True,False,-0.01538650910881334
2025-02-21,False,750,,750,0,0,False,False,0.00012437810945287175
2025-02-24,True,375,1422787.0,0,0,0,True,False,-0.0017469428500124229
2025-02-25,True,375,1357275.0,0,0,0,True,False,0.0007468259895444529
2025-02-27,False,750,,750,0,0,False,False,0.0021039603960395503
2025-02-28,True,375,2348400.0,0,0,0,True,False,-0.0062266500622665255
2025-03-03,True,375,1562610.0,0,0,0,True,False,0.0011378002528443787
2025-03-04,True,375,2118179.0,0,0,0,True,False,-0.004030226700251993
2025-03-05,True,375,1768635.0,0,0,0,True,False,0.003295728229179895
2025-03-06,True,375,2797392.0,0,0,0,True,False,-0.00012218963831867047
2025-03-07,True,375,1487815.0,0,0,0,True,False,-0.006523879862136872
2025-03-10,True,375,1273392.0,0,0,0,True,False,-0.006687306501547918
2025-03-11,True,375,2058269.0,0,0,0,True,False,-0.008152173913043459
2025-03-12,True,375,896343.0,0,0,0,True,False,0.000492368291481915
2025-03-13,True,375,673060.0,0,0,0,True,False,0.001090776875530164
2025-03-17,True,375,833187.0,0,0,0,True,False,0.004255319148936065
2025-03-18,True,375,2763704.0,0,0,0,True,False,0.005518087063151489
2025-03-19,True,375,1312113.0,0,0,0,True,False,0.0014655593551540225
2025-03-20,True,375,2840545.0,0,0,0,True,False,0.00396628656420428
2025-03-21,True,375,1098068.0,0,0,0,True,False,0.005822596630326915
2025-03-24,True,375,1436210.0,0,0,0,True,False,0.0012300123001229846
2025-03-25,True,375,2014947.0,0,0,0,True,False,0.0024330900243310083
2025-03-26,True,375,882563.0,0,0,0,True,False,0.0026881720430107503
2025-03-27,True,375,1059674.0,0,0,0,True,False,0.0014727540500736325
2025-03-28,True,375,2054570.0,0,0,0,True,False,0.0029289724188430455
2025-04-01,True,375,3071275.0,0,0,0,True,False,-0.001096892138939598
2025-04-02,True,375,749597.0,0,0,0,True,False,0.0011067388096408504
2025-04-03,True,375,748801.0,0,0,0,True,False,-0.0042808219178082085
2025-04-04,False,750,,750,0,0,False,False,-0.003667481662591676
2025-04-07,True,375,4567885.0,0,0,0,True,False,-0.04678719765453221
2025-04-08,True,375,1729614.0,0,0,0,True,False,0.01378291902535067
2025-04-09,True,375,2203003.0,0,0,0,True,False,-0.0012091898428052694
2025-04-11,True,375,1356380.0,0,0,0,True,False,0.00925147182506314
2025-04-15,True,375,2106927.0,0,0,0,True,False,0.015978222274825482
2025-04-16,True,375,1047851.0,0,0,0,True,False,-0.00559057927917217
2025-04-17,True,375,1881318.0,0,0,0,True,False,0.0002353494939986156
2025-04-21,True,375,3422504.0,0,0,0,True,False,0.0024590163934425924
2025-04-22,True,375,4171637.0,0,0,0,True,False,0.0070930370020096944
2025-04-23,True,375,2745792.0,0,0,0,True,False,0.006228373702422019
2025-04-24,True,375,1235700.0,0,0,0,True,False,0.0027864855451062986
2025-04-25,True,375,1394385.0,0,0,0,True,False,0.0004652785855530084
2025-04-28,True,375,804899.0,0,0,0,True,False,-0.0022217025257250667
2025-04-29,True,375,991824.0,0,0,0,True,False,0.00034985422740518857
2025-04-30,True,375,839065.0,0,0,0,True,False,0.0048195603620546645
2025-05-02,True,375,955640.0,0,0,0,True,False,-0.0021176470588234464
2025-05-05,True,375,909158.0,0,0,0,True,False,0.0024464119291705
2025-05-06,True,375,886480.0,0,0,0,True,False,0.0
2025-05-07,True,375,1398023.0,0,0,0,True,False,0.0009237875288683473
2025-05-08,True,375,1838010.0,0,0,0,True,False,-0.002673485993258118
2025-05-09,False,750,,750,0,0,False,False,-0.00803446669771768
2025-05-12,True,375,1343546.0,0,0,0,True,False,0.01297169811320753
2025-05-13,True,375,1738576.0,0,0,0,True,False,-0.0022941041523285577
2025-05-14,True,375,1044730.0,0,0,0,True,False,-0.0016362786348760316
2025-05-15,False,750,,750,0,0,False,False,-0.00034944670937675504
2025-05-16,False,750,,750,0,0,False,False,0.006712962962962976
2025-05-19,True,375,855889.0,0,0,0,True,False,-0.0013774104683196287
2025-05-20,True,375,1079405.0,0,0,0,True,False,0.0020637468470534603
2025-05-21,True,375,507153.0,0,0,0,True,False,0.002756086357372567
2025-05-22,True,375,2630946.0,0,0,0,True,False,0.0013876040703053594
2025-05-23,True,375,4308142.0,0,0,0,True,False,0.0199764982373678
2025-05-26,True,375,1405599.0,0,0,0,True,False,0.0051605504587155515
2025-05-27,True,375,3524791.0,0,0,0,True,False,0.0
2025-05-28,True,375,390490520.0,0,0,0,True,False,-0.03910743041177822
2025-05-29,True,375,2348265.0,0,0,0,True,False,0.002375296912114022
2025-05-30,False,750,,750,0,0,False,False,-0.0005961607249314049
2025-06-02,True,375,2809767.0,0,0,0,True,False,-0.001074626865671613
2025-06-03,True,375,2349086.0,0,0,0,True,False,0.0
2025-06-04,True,375,1023913.0,0,0,0,True,False,0.0003597122302156919
2025-06-05,True,375,1385605.0,0,0,0,True,False,0.004078694817658324
2025-06-06,True,375,848068.0,0,0,0,True,False,0.002026463225652586
2025-06-09,True,375,1026354.0,0,0,0,True,False,0.002375296912114022
2025-06-10,True,375,1008548.0,0,0,0,True,False,0.0028348688873138794
2025-06-11,True,375,2181319.0,0,0,0,True,False,0.0008184262831756328
2025-06-12,True,375,965391.0,0,0,0,True,False,0.002582765907490181
2025-06-13,False,750,,750,0,0,False,False,-0.01413469533198719
2025-06-16,True,375,914647.0,0,0,0,True,False,0.0024157506945283735
2025-06-17,True,375,775703.0,0,0,0,True,False,-0.0011944577161968617
2025-06-18,True,375,429576.0,0,0,0,True,False,-0.0001198897014746958
2025-06-19,True,375,426892.0,0,0,0,True,False,-0.00024052916416117398
2025-06-20,True,375,554943.0,0,0,0,True,False,0.0008420546132563711
2025-06-23,True,375,1052182.0,0,0,0,True,False,-0.0005991611743558778
2025-06-24,True,375,1546322.0,0,0,0,True,False,0.00846637639090475
2025-06-25,True,375,729627.0,0,0,0,True,False,0.004462670365456445
2025-06-26,True,375,1113158.0,0,0,0,True,False,0.0024026910139356428
2025-06-27,True,375,1044699.0,0,0,0,True,False,0.0023809523809523725
2025-06-30,True,375,1226533.0,0,0,0,True,False,0.0007151370679381319
2025-07-01,True,375,1061998.0,0,0,0,True,False,0.0013206867571138314
2025-07-02,True,375,1172386.0,0,0,0,True,False,0.004336304504938493
2025-07-03,True,375,1363803.0,0,0,0,True,False,0.0019361084220717029
2025-07-04,False,750,,750,0,0,False,False,0.002416042522348283
2025-07-07,True,375,728962.0,0,0,0,True,False,0.0007269202810757935
2025-07-08,True,375,472203.0,0,0,0,True,False,-0.0008403361344538895
2025-07-09,True,375,698392.0,0,0,0,True,False,-0.0043062200956938135
2025-07-10,True,375,580752.0,0,0,0,True,False,0.002504472271914082
2025-07-11,True,375,1052968.0,0,0,0,True,False,0.0008400336013441034
2025-07-14,True,375,427836.0,0,0,0,True,False,0.0009600384015362451
2025-07-15,True,375,890729.0,0,0,0,True,False,0.003696196494574755
2025-07-16,True,375,812600.0,0,0,0,True,False,-0.0004735969689794173
2025-07-17,True,375,518145.0,0,0,0,True,False,0.0032987747408106394
2025-07-18,True,375,434173.0,0,0,0,True,False,0.004844617747843616
2025-07-21,True,375,357083.0,0,0,0,True,False,-0.00011846937566639681
2025-07-22,True,375,593295.0,0,0,0,True,False,-0.0005947424765077036
2025-07-23,True,375,1413835.0,0,0,0,True,False,0.0026442307692309264
2025-07-24,True,375,675461.0,0,0,0,True,False,0.0020481927710844783
2025-07-25,True,375,717455.0,0,0,0,True,False,0.0007322431047107614
2025-07-28,True,375,1077679.0,0,0,0,True,False,0.0029296875
2025-07-29,True,375,1371690.0,0,0,0,True,False,0.00048804294777937685
2025-07-30,True,375,949267.0,0,0,0,True,False,0.0019598236158746563
2025-07-31,True,375,783724.0,0,0,0,True,False,-0.004536537518391448
2025-08-01,True,375,2432459.0,0,0,0,True,False,0.001700267184843396
2025-08-04,True,375,3947076.0,0,0,0,True,False,0.008641382621219273
2025-08-05,True,375,931449.0,0,0,0,True,False,0.0005995922772514817
2025-08-06,True,375,649444.0,0,0,0,True,False,0.0008458192363460793
2025-08-07,True,375,586132.0,0,0,0,True,False,-0.0009699321047526022
2025-08-08,True,375,899590.0,0,0,0,True,False,0.00024166263895586404
2025-08-11,True,375,963810.0,0,0,0,True,False,0.0009659502535619424
2025-08-12,True,375,1212660.0,0,0,0,True,False,0.0
2025-08-13,True,375,533843.0,0,0,0,True,False,0.002643595289593792
2025-08-14,True,375,602139.0,0,0,0,True,False,0.0003622313450857284
2025-08-18,True,375,3990104.0,0,0,0,True,False,0.003767164904605602
2025-08-19,True,375,1116860.0,0,0,0,True,False,0.002590673575129543
2025-08-20,True,375,1363722.0,0,0,0,True,False,0.0
2025-08-21,True,375,3231500.0,0,0,0,True,False,-0.0002462144527882737
2025-08-22,True,375,1528140.0,0,0,0,True,False,0.0
2025-08-25,True,375,1373663.0,0,0,0,True,False,0.0017574692442881013
2025-08-26,True,375,584324.0,0,0,0,True,False,0.00037579857196545774
2025-08-28,True,375,1128076.0,0,0,0,True,False,0.0029754525167369206
2025-08-29,True,375,4997609.0,0,0,0,True,False,0.0029940119760478723
2025-09-01,True,375,1161664.0,0,0,0,True,False,0.0004883408619216212
2025-09-02,True,375,3075145.0,0,0,0,True,False,0.0023422090729783296
2025-09-03,True,375,1285296.0,0,0,0,True,False,0.0036855036855036882
2025-09-04,True,375,12308761.0,0,0,0,True,False,0.031257601556798686
2025-09-05,True,375,2172705.0,0,0,0,True,False,0.0027660853878532787
2025-09-08,True,375,896328.0,0,0,0,True,False,-0.001103211571463536
2025-09-09,True,375,643404.0,0,0,0,True,False,0.0014709487619515293
2025-09-10,True,375,896968.0,0,0,0,True,False,0.0024390243902439046
2025-09-11,True,375,543714.0,0,0,0,True,False,0.00012106537530276462
2025-09-12,True,375,587370.0,0,0,0,True,False,0.0
2025-09-15,True,375,425905.0,0,0,0,True,False,-0.0016918429003021096
2025-09-16,True,375,574994.0,0,0,0,True,False,0.0009689922480620172
2025-09-17,True,375,713119.0,0,0,0,True,False,0.0007252508159072413
2025-09-18,True,375,1060410.0,0,0,0,True,False,0.0032926829268293822
2025-09-19,False,750,,750,0,0,False,False,-0.0023030303030302512
2025-09-22,True,375,772601.0,0,0,0,True,False,0.001585365853658427
2025-09-23,True,375,938511.0,0,0,0,True,False,0.0002457002457003643
2025-09-24,True,375,677722.0,0,0,0,True,False,-0.001980198019801982
2025-09-25,True,375,2373769.0,0,0,0,True,False,0.0011221945137156464
2025-09-26,True,375,990070.0,0,0,0,True,False,-0.0008740167311773739
2025-09-29,True,375,770775.0,0,0,0,True,False,0.004691358024691228
2025-09-30,True,375,953100.0,0,0,0,True,False,0.005811078140455006
2025-10-01,True,375,686999.0,0,0,0,True,False,0.0016181229773464256
2025-10-03,True,375,1163799.0,0,0,0,True,False,0.0
2025-10-06,True,375,621281.0,0,0,0,True,False,-0.003954522985664899
2025-10-07,True,375,867462.0,0,0,0,True,False,0.0037406483790523026
2025-10-08,True,375,722854.0,0,0,0,True,False,0.0001250156269534397
2025-10-09,True,375,1044152.0,0,0,0,True,False,-0.0012515644555695093
2025-10-10,True,375,2929975.0,0,0,0,True,False,0.002880040070122547
2025-10-13,True,375,2119504.0,0,0,0,True,False,-0.005964214711729587
2025-10-14,True,375,854298.0,0,0,0,True,False,0.001502253380070151
2025-10-15,True,375,1111122.0,0,0,0,True,False,0.0032770355432316656
2025-10-16,True,375,2555518.0,0,0,0,True,False,0.0017486884836372951
2025-10-17,False,750,,750,0,0,False,False,0.0002467612584824419
2025-10-20,True,375,1118837.0,0,0,0,True,False,0.0027953330092367334
2025-10-21,False,61,,0,0,0,False,False,0.0021812893843915493
2025-10-23,True,375,3257088.0,0,0,0,True,False,0.00848484848484854
2025-10-24,False,750,,750,0,0,False,False,-0.0007207207207207134
2025-10-27,True,375,1030992.0,0,0,0,True,False,-0.0019147917663954184
2025-10-28,True,375,1764934.0,0,0,0,True,False,-0.001187648456057011
2025-10-29,True,375,330552.0,0,0,0,True,False,0.0005981576743629979
2025-10-30,True,375,1117424.0,0,0,0,True,False,-0.0005926277112717759
2025-10-31,True,375,4095259.0,0,0,0,True,False,0.002742339334684596
2025-11-03,True,375,996614.0,0,0,0,True,False,0.0
2025-11-04,True,375,594616.0,0,0,0,True,False,0.0
2025-11-06,True,375,677087.0,0,0,0,True,False,0.0029354207436398383
2025-11-07,True,375,558316.0,0,0,0,True,False,-0.005997552019583852
2025-11-08,False,91,,0,3,0,False,False,-0.005934718100890191
2025-11-10,True,375,555438.0,0,0,0,True,False,-0.009681372549019573
2025-11-11,True,375,460551.0,0,0,0,True,False,0.0
2025-11-12,True,375,874108.0,0,0,0,True,False,0.0019646365422396617
2025-11-13,True,375,460110.0,0,0,0,True,False,-0.0009818360333824216
2025-11-14,True,375,53581324.0,0,0,0,True,False,-0.0044280442804428555
2025-11-17,True,375,765032.0,0,0,0,True,False,0.003674219228414044
2025-11-18,True,375,842069.0,0,0,0,True,False,0.0018404907975460016
2025-11-19,True,375,408916.0,0,0,0,True,False,-0.002095144195218057
2025-11-20,True,375,421282.0,0,0,0,True,False,-0.000495356037151673
2025-11-21,True,375,492774.0,0,0,0,True,False,-0.0014792899408284654
2025-11-24,True,375,624328.0,0,0,0,True,False,0.0009803921568627416
2025-11-25,True,375,536227.0,0,0,0,True,False,-0.001608114794656057
2025-11-26,True,375,784329.0,0,0,0,True,False,0.0014985014985016143
2025-11-27,True,375,494431.0,0,0,0,True,False,0.0023599552850577243
2025-11-28,True,375,374503.0,0,0,0,True,False,-0.0017283950617283939
2025-12-01,True,375,3073675.0,0,0,0,True,False,-0.003710116250309148
2025-12-02,True,375,778612.0,0,0,0,True,False,0.0004949882440292708
2025-12-03,True,375,1712914.0,0,0,0,True,False,0.0
2025-12-04,True,375,431344.0,0,0,0,True,False,-0.001497379585724934
2025-12-05,False,750,,750,0,0,False,False,-0.0004959702417854928
2025-12-08,True,375,347960.0,0,0,0,True,False,-0.0004936443292606896
2025-12-09,True,375,595243.0,0,0,0,True,False,0.0
2025-12-10,True,375,423650.0,0,0,0,True,False,-0.00037383177570082804
2025-12-11,True,375,885485.0,0,0,0,True,False,0.00012403870007426931
2025-12-12,True,375,764602.0,0,0,0,True,False,-0.0002481389578163906
2025-12-15,True,375,940388.0,0,0,0,True,False,-0.001497379585724934
2025-12-16,True,375,1075204.0,0,0,0,True,False,-0.0014925373134329067
2025-12-17,True,375,409156.0,0,0,0,True,False,-0.0024875621890547706
2025-12-18,True,375,521721.0,0,0,0,True,False,-0.0006246096189881367
2025-12-19,True,375,402989.0,0,0,0,True,False,-0.0004994381321014041
2025-12-22,True,375,369228.0,0,0,0,True,False,0.001621149769297947
2025-12-23,True,375,564555.0,0,0,0,True,False,-0.0008688097306690512
2025-12-24,True,375,705921.0,0,0,0,True,False,-0.002201296318943502
2025-12-26,True,375,270552.0,0,0,0,True,False,-0.0009830425165887613
2025-12-29,True,375,506176.0,0,0,0,True,False,-0.0006182762458266655
2025-12-30,True,375,381646.0,0,0,0,True,False,0.000248200546041355
2025-12-31,True,375,282729.0,0,0,0,True,False,0.0
