session,valid,minute_count,opening_volume,duplicate_timestamps,malformed_rows,outside_session_rows,complete_minute_grid,corporate_action_suspect,overnight_gap_pct
2018-01-01,True,375,92045.0,0,0,0,True,False,
2018-01-02,True,375,246429.0,0,0,0,True,False,0.005555555555555536
2018-01-03,True,375,128031.0,0,0,0,True,False,0.0031951433820591735
2018-01-04,True,375,258941.0,0,0,0,True,False,0.0008957781585916536
2018-01-05,True,375,422766.0,0,0,0,True,False,0.008409756840062288
2018-01-08,False,375,396419.0,0,1,0,True,False,0.0032004876933628967
2018-01-09,True,375,287114.0,0,0,0,True,False,0.0027313203876231373
2018-01-10,True,375,88477.0,0,0,0,True,False,0.0005257228689448112
2018-01-11,True,375,82392.0,0,0,0,True,False,-0.002040970594905156
2018-01-12,True,375,182962.0,0,0,0,True,False,0.003026863412788572
2018-01-15,True,375,107559.0,0,0,0,True,False,0.0038730540723470597
2018-01-16,True,375,253356.0,0,0,0,True,False,0.0015425131677953008
2018-01-17,True,375,198933.0,0,0,0,True,False,-0.002262443438914019
2018-01-18,True,375,475811.0,0,0,0,True,False,0.002949852507374562
2018-01-19,True,375,210207.0,0,0,0,True,False,-0.0002569090175064126
2018-01-22,False,375,452184.0,0,1,0,True,False,-0.06100003641793217
2018-01-23,False,375,807385.0,0,1,0,True,False,0.005003573981415377
2018-01-24,True,375,166423.0,0,0,0,True,False,-0.0038935296616168236
2018-01-25,False,375,528976.0,0,1,0,True,False,-0.00603377485808132
2018-01-29,False,375,641941.0,0,1,0,True,False,0.00024688745459022776
2018-01-30,False,375,199284.0,0,1,0,True,False,-0.0020935831675913397
2018-01-31,True,375,307389.0,0,0,0,True,False,-6.983240223457088e-05
2018-02-01,True,375,1339293.0,0,0,0,True,False,0.024040992524479776
2018-02-02,False,375,520561.0,0,1,0,True,False,-0.007233211065784451
2018-02-05,False,375,413460.0,0,1,0,True,False,-0.02473498233215543
2018-02-06,False,375,641534.0,0,1,0,True,False,-0.03491262703809317
2018-02-07,True,375,320012.0,0,0,0,True,False,0.014927584546431172
2018-02-08,False,294,224613.0,0,1,0,False,False,0.009759759759759845
2018-02-09,True,375,289235.0,0,0,0,True,False,-0.01607931969252485
2018-02-12,False,375,188630.0,0,1,0,True,False,0.0034210526315789913
2018-02-14,True,375,314591.0,0,0,0,True,False,0.0034814814814814188
2018-02-15,True,375,236665.0,0,0,0,True,False,0.012879997030548429
2018-02-16,True,375,130789.0,0,0,0,True,False,0.00678355636282757
2018-02-19,True,375,300231.0,0,0,0,True,False,-0.0015037593984962294
2018-02-20,True,375,214255.0,0,0,0,True,False,0.0038610038610038533
2018-02-21,False,375,175006.0,0,1,0,True,False,0.0074062584822987
2018-02-22,True,375,146708.0,0,0,0,True,False,-0.005447470817120603
2018-02-23,True,375,219110.0,0,0,0,True,False,0.0055231427460131766
2018-02-26,False,375,205481.0,0,1,0,True,False,0.00230237912509601
2018-02-27,False,375,400994.0,0,1,0,True,False,0.0029772981019724476
2018-02-28,True,375,320035.0,0,0,0,True,False,-0.006880047861202554
2018-03-01,False,375,217093.0,0,1,0,True,False,0.0
2018-03-05,False,375,163771.0,0,1,0,True,False,-0.0017490494296578118
2018-03-06,False,375,386660.0,0,1,0,True,False,0.006537455776034484
2018-03-07,True,375,230543.0,0,0,0,True,False,0.0015600624024960652
2018-03-08,True,375,296965.0,0,0,0,True,False,0.007884623004080993
2018-03-09,True,375,133809.0,0,0,0,True,False,0.003827227993439042
2018-03-12,False,375,272515.0,0,1,0,True,False,0.007869132069620477
2018-03-13,False,375,174465.0,0,1,0,True,False,0.0010687022900763843
2018-03-14,True,375,212008.0,0,0,0,True,False,-0.0007668711656442229
2018-03-15,True,375,181189.0,0,0,0,True,False,0.0006901840490798339
2018-03-16,False,375,124377.0,0,1,0,True,False,0.0038225414108652433
2018-03-19,True,375,332354.0,0,0,0,True,False,0.0008209859650494256
2018-03-20,True,375,237165.0,0,0,0,True,False,-0.004256316138857463
2018-03-21,True,375,292707.0,0,0,0,True,False,0.003481759449108335
2018-03-22,False,357,246278.0,0,0,0,False,False,0.0038197097020626902
2018-03-23,True,375,258125.0,0,0,0,True,False,-0.014952982888854716
2018-03-26,True,375,128333.0,0,0,0,True,False,0.0026875345822465757
2018-03-27,True,375,294456.0,0,0,0,True,False,0.007632410762470121
2018-03-28,True,375,133554.0,0,0,0,True,False,-0.005351272838468035
2018-04-02,True,375,262717.0,0,0,0,True,False,0.0023665928696845473
2018-04-03,True,375,155163.0,0,0,0,True,False,-0.0028817365269460105
2018-04-04,True,375,103447.0,0,0,0,True,False,0.0014295387856444464
2018-04-05,True,375,159341.0,0,0,0,True,False,0.01388888888888884
2018-04-06,False,375,377498.0,0,1,0,True,False,-0.017427635788760387
2018-04-09,False,375,118118.0,0,1,0,True,False,0.00018971732119132945
2018-04-10,False,375,247147.0,0,1,0,True,False,0.0007535795026374359
2018-04-11,True,375,216138.0,0,0,0,True,False,0.006222222222222351
2018-04-12,True,375,164549.0,0,0,0,True,False,0.004034496798312137
2018-04-13,True,375,151946.0,0,0,0,True,False,0.003684598378776771
2018-04-16,True,375,232993.0,0,0,0,True,False,-0.011441144114411328
2018-04-17,False,373,156197.0,0,0,0,False,False,0.0020106013525864608
2018-04-18,True,375,88986.0,0,0,0,True,False,0.0023162616272656145
2018-04-19,True,375,221084.0,0,0,0,True,False,0.0012836028899401164
2018-04-20,False,376,121360.0,0,0,1,False,False,0.00025277145849122995
2018-04-23,True,375,143270.0,0,0,0,True,False,0.0009498063856212546
2018-04-24,True,375,94368.0,0,0,0,True,False,-0.0002581025773384926
2018-04-25,True,375,196618.0,0,0,0,True,False,-0.0025011780911297077
2018-04-26,True,375,203381.0,0,0,0,True,False,0.0017606925390654116
2018-04-27,True,375,303047.0,0,0,0,True,False,0.007068452380952328
2018-04-30,True,375,354150.0,0,0,0,True,False,0.0027586206896550447
2018-05-02,True,375,972332.0,0,0,0,True,False,0.010712124986654192
2018-05-03,True,375,166091.0,0,0,0,True,False,0.005831633930807545
2018-05-04,True,375,123359.0,0,0,0,True,False,0.0029069767441860517
2018-05-07,True,375,212725.0,0,0,0,True,False,0.005893334309454934
2018-05-08,True,375,132155.0,0,0,0,True,False,0.00205264863696919
2018-05-09,True,375,172069.0,0,0,0,True,False,-0.002014725814132423
2018-05-10,True,375,173035.0,0,0,0,True,False,0.003709090909090884
2018-05-11,True,375,150389.0,0,0,0,True,False,0.004038179148311283
2018-05-14,True,375,89898.0,0,0,0,True,False,-0.0027789807997691263
2018-05-15,True,375,176446.0,0,0,0,True,False,0.0006883808557660576
2018-05-16,True,375,154571.0,0,0,0,True,False,-0.007345454545454433
2018-05-17,True,375,125966.0,0,0,0,True,False,0.00588235294117645
2018-05-18,True,375,186309.0,0,0,0,True,False,-0.0014054293956654584
2018-05-21,True,375,170323.0,0,0,0,True,False,-0.004858053742219592
2018-05-22,True,375,137578.0,0,0,0,True,False,0.0007593591009187328
2018-05-23,True,375,133099.0,0,0,0,True,False,-0.0026505111700113604
2018-05-24,True,375,147481.0,0,0,0,True,False,0.003794282279574679
2018-05-25,True,375,201685.0,0,0,0,True,False,0.0003730090641202999
2018-05-28,True,375,197837.0,0,0,0,True,False,0.004477611940298498
2018-05-29,True,375,2643254.0,0,0,0,True,False,0.015779308334244346
2018-05-30,True,375,246431.0,0,0,0,True,False,-0.0007241129616220032
2018-05-31,True,375,178598.0,0,0,0,True,False,0.003623718887262095
2018-06-01,True,375,346341.0,0,0,0,True,False,0.004233576642335812
2018-06-04,True,375,203528.0,0,0,0,True,False,0.004416380757719551
2018-06-05,True,375,240227.0,0,0,0,True,False,0.0013235294117646124
2018-06-06,True,375,185238.0,0,0,0,True,False,-0.0022114771917988163
2018-06-07,True,375,223001.0,0,0,0,True,False,0.007703703703703768
2018-06-08,True,375,175996.0,0,0,0,True,False,-0.0007037037037037619
2018-06-11,True,375,87435.0,0,0,0,True,False,0.0013047530288909925
2018-06-12,True,375,115973.0,0,0,0,True,False,0.005145030199090295
2018-06-13,True,375,144262.0,0,0,0,True,False,-7.315824127596127e-05
2018-06-14,True,375,72399.0,0,0,0,True,False,-0.0014381061248571747
2018-06-15,True,375,333489.0,0,0,0,True,False,-0.0011173184357542443
2018-06-18,True,375,134712.0,0,0,0,True,False,0.00026297993838753086
2018-06-19,True,375,138092.0,0,0,0,True,False,-0.0031368102796675013
2018-06-20,True,375,218879.0,0,0,0,True,False,0.0008015267175571772
2018-06-21,True,375,168326.0,0,0,0,True,False,0.000381825124093238
2018-06-22,True,375,207997.0,0,0,0,True,False,0.00015521924718675528
2018-06-25,True,375,232879.0,0,0,0,True,False,-0.002338867374717224
2018-06-26,True,375,175999.0,0,0,0,True,False,0.0006309148264984632
2018-06-27,True,375,236833.0,0,0,0,True,False,0.0033497536945812367
2018-06-28,True,375,491492.0,0,0,0,True,False,-0.003206298956938247
2018-06-29,True,375,229188.0,0,0,0,True,False,0.0
2018-07-02,True,375,294747.0,0,0,0,True,False,0.0022745098039216316
2018-07-03,True,375,197661.0,0,0,0,True,False,0.002029123895917806
2018-07-04,True,375,130039.0,0,0,0,True,False,0.0007194244604318278
2018-07-05,True,375,143068.0,0,0,0,True,False,0.0046060991105463245
2018-07-06,True,375,174716.0,0,0,0,True,False,-0.002789956157831841
2018-07-09,True,375,167863.0,0,0,0,True,False,0.006170886075949289
2018-07-10,True,375,282942.0,0,0,0,True,False,0.006101352401678861
2018-07-11,True,375,138178.0,0,0,0,True,False,-3.8952944842574055e-05
2018-07-12,True,375,139173.0,0,0,0,True,False,0.0040000000000000036
2018-07-13,True,375,516031.0,0,0,0,True,False,0.00677861654598666
2018-07-16,True,375,157686.0,0,0,0,True,False,0.0038610038610038533
2018-07-17,True,375,157182.0,0,0,0,True,False,0.00206643792888328
2018-07-18,True,375,190788.0,0,0,0,True,False,0.003875968992248069
2018-07-19,True,375,109173.0,0,0,0,True,False,0.0021680216802166807
2018-07-20,True,375,205694.0,0,0,0,True,False,-0.0027755749405233843
2018-07-23,True,375,134868.0,0,0,0,True,False,0.0003543167591828489
2018-07-24,True,375,361313.0,0,0,0,True,False,0.005084082909659671
2018-07-25,True,375,416270.0,0,0,0,True,False,0.003353428786736945
2018-07-26,True,375,1549638.0,0,0,0,True,False,0.005891238670694854
2018-07-27,True,375,238828.0,0,0,0,True,False,0.002059496567505814
2018-07-30,True,375,181286.0,0,0,0,True,False,0.00167900480805927
2018-07-31,True,375,234794.0,0,0,0,True,False,0.003512428593484662
2018-08-01,True,375,197256.0,0,0,0,True,False,0.00230237912509601
2018-08-02,True,375,169569.0,0,0,0,True,False,-0.0008490930142801556
2018-08-03,True,375,244046.0,0,0,0,True,False,0.0036704412338930403
2018-08-06,True,375,98733.0,0,0,0,True,False,0.0038400372367246582
2018-08-07,True,375,215985.0,0,0,0,True,False,0.005934603002210936
2018-08-08,True,375,112647.0,0,0,0,True,False,0.001968959925874536
2018-08-09,True,375,100279.0,0,0,0,True,False,0.0003462870334745016
2018-08-10,True,375,147726.0,0,0,0,True,False,-0.002450408401400317
2018-08-13,True,375,192793.0,0,0,0,True,False,-0.0015003158559697694
2018-08-14,True,375,205860.0,0,0,0,True,False,-0.0056632713257559475
2018-08-16,True,375,255857.0,0,0,0,True,False,-0.004785070579791051
2018-08-17,True,375,259183.0,0,0,0,True,False,0.0048661800486617945
2018-08-20,True,375,2158399.0,0,0,0,True,False,0.04842937215210297
2018-08-21,True,375,855049.0,0,0,0,True,False,0.008384319057330503
2018-08-23,True,375,389665.0,0,0,0,True,False,0.005370244308297467
2018-08-24,True,375,941504.0,0,0,0,True,False,0.0027778806622467123
2018-08-27,True,375,312608.0,0,0,0,True,False,0.008784991066110637
2018-08-28,True,375,395294.0,0,0,0,True,False,0.003979512878145686
2018-08-29,True,375,154409.0,0,0,0,True,False,0.0007006674779659328
2018-08-30,True,375,185877.0,0,0,0,True,False,-3.700414446417e-05
2018-08-31,True,375,277103.0,0,0,0,True,False,0.001447661469933248
2018-09-03,True,375,453452.0,0,0,0,True,False,0.0036496350364962904
2018-09-04,True,375,249798.0,0,0,0,True,False,7.326544069163887e-05
2018-09-05,True,375,182579.0,0,0,0,True,False,-0.001507408360601481
2018-09-06,True,375,204899.0,0,0,0,True,False,0.0021158914584802346
2018-09-07,True,375,171437.0,0,0,0,True,False,0.0014104372355430161
2018-09-10,True,375,120016.0,0,0,0,True,False,0.000556792873051215
2018-09-11,True,375,127970.0,0,0,0,True,False,0.001156716417910486
2018-09-12,True,375,248180.0,0,0,0,True,False,0.0037216645990751918
2018-09-14,True,375,268809.0,0,0,0,True,False,0.002958579881656709
2018-09-17,True,375,124042.0,0,0,0,True,False,-0.0039061060544643977
2018-09-18,True,375,97975.0,0,0,0,True,False,-0.0015602942269115072
2018-09-19,True,375,96178.0,0,0,0,True,False,0.00240646738108663
2018-09-21,True,375,159466.0,0,0,0,True,False,0.006826194584052203
2018-09-24,True,375,161268.0,0,0,0,True,False,0.0026696747508929697
2018-09-25,True,375,158788.0,0,0,0,True,False,-0.0025013264610019847
2018-09-26,True,375,128327.0,0,0,0,True,False,0.003776435045317328
2018-09-27,True,375,144002.0,0,0,0,True,False,0.001310763238708601
2018-09-28,True,375,305729.0,0,0,0,True,False,0.001905487804878092
2018-10-01,True,375,413010.0,0,0,0,True,False,-0.0010193679918449883
2018-10-03,True,375,488014.0,0,0,0,True,False,-0.002240179214337279
2018-10-04,True,375,1841543.0,0,0,0,True,False,0.009630818619582593
2018-10-05,True,375,368783.0,0,0,0,True,False,0.0015923566878981443
2018-10-08,True,375,572132.0,0,0,0,True,False,0.0053948013732221245
2018-10-09,True,375,317567.0,0,0,0,True,False,0.006212713433449979
2018-10-10,True,375,355044.0,0,0,0,True,False,0.0057377049180327155
2018-10-11,True,375,631219.0,0,0,0,True,False,-0.019060531142834458
2018-10-12,True,375,557694.0,0,0,0,True,False,0.0014717906786589907
2018-10-15,True,375,403712.0,0,0,0,True,False,-0.002271252433484694
2018-10-16,True,375,236391.0,0,0,0,True,False,0.0028771064529387047
2018-10-17,True,375,184740.0,0,0,0,True,False,0.009345412993796876
2018-10-19,True,375,519115.0,0,0,0,True,False,-0.009492364836978906
2018-10-22,True,375,166598.0,0,0,0,True,False,0.0033057851239668423
2018-10-23,True,375,256085.0,0,0,0,True,False,-0.00837479270315089
2018-10-24,True,375,157212.0,0,0,0,True,False,0.0034797017398509045
2018-10-25,True,375,167220.0,0,0,0,True,False,-0.01064701064701068
2018-10-26,True,375,158210.0,0,0,0,True,False,-0.0036514522821577966
2018-10-29,True,375,142915.0,0,0,0,True,False,0.003132177907705147
2018-10-30,True,375,172107.0,0,0,0,True,False,-7.945967421529865e-05
2018-10-31,True,375,217297.0,0,0,0,True,False,-0.00039478878799836803
2018-11-01,True,375,3516430.0,0,0,0,True,False,0.03277992277992281
2018-11-02,True,375,491528.0,0,0,0,True,False,0.006686199383968194
2018-11-05,True,375,159283.0,0,0,0,True,False,0.0005893186003682604
2018-11-06,True,375,152151.0,0,0,0,True,False,0.003530548535751521
2018-11-07,False,60,,0,0,60,False,False,0.003515968356284871
2018-11-09,True,375,291405.0,0,0,0,True,False,0.0009526252152565196
2018-11-12,True,375,361212.0,0,0,0,True,False,0.004316020482809213
2018-11-13,True,375,138945.0,0,0,0,True,False,-0.0029239766081871066
2018-11-14,True,375,255662.0,0,0,0,True,False,0.0028776978417266452
2018-11-15,True,375,391685.0,0,0,0,True,False,0.0028901734104045396
2018-11-16,True,375,302811.0,0,0,0,True,False,0.0020000714311225742
2018-11-19,True,375,232332.0,0,0,0,True,False,0.0
2018-11-20,True,375,381610.0,0,0,0,True,False,-0.005465444287729215
2018-11-21,True,375,244401.0,0,0,0,True,False,-0.0005670541536716422
2018-11-22,True,375,273191.0,0,0,0,True,False,0.0012471049349724872
2018-11-26,True,375,323346.0,0,0,0,True,False,0.0005321224591152696
2018-11-27,True,375,161185.0,0,0,0,True,False,-0.0016528344352229052
2018-11-28,True,375,157827.0,0,0,0,True,False,6.985679357307539e-05
2018-11-29,True,375,223516.0,0,0,0,True,False,0.009101292026554297
2018-11-30,True,375,120604.0,0,0,0,True,False,0.0029204785362422214
2018-12-03,True,375,195093.0,0,0,0,True,False,0.0035314685314684624
2018-12-04,True,375,125277.0,0,0,0,True,False,-0.0024534716624022845
2018-12-05,True,375,107398.0,0,0,0,True,False,-0.0031768443346276154
2018-12-06,True,375,131965.0,0,0,0,True,False,-0.006621094449017595
2018-12-07,True,375,120129.0,0,0,0,True,False,0.008617241755444871
2018-12-10,True,375,157566.0,0,0,0,True,False,-0.018071428571428516
2018-12-11,True,375,322363.0,0,0,0,True,False,-0.010924981791696986
2018-12-12,True,375,170477.0,0,0,0,True,False,0.00300476364968838
2018-12-13,True,375,228511.0,0,0,0,True,False,0.010868787987129203
2018-12-14,True,375,189230.0,0,0,0,True,False,-0.001788218793828844
2018-12-17,True,375,266515.0,0,0,0,True,False,-0.0108106192180909
2018-12-18,True,375,143220.0,0,0,0,True,False,-0.0021306818181817677
2018-12-19,True,375,229514.0,0,0,0,True,False,0.000734291408790444
2018-12-20,True,375,132421.0,0,0,0,True,False,-0.0037604456824512633
2018-12-21,True,375,374651.0,0,0,0,True,False,0.00048272532928761436
2018-12-24,True,375,162950.0,0,0,0,True,False,0.003938115330520242
2018-12-26,True,375,152659.0,0,0,0,True,False,-0.0056866647711117935
2018-12-27,True,375,243391.0,0,0,0,True,False,0.004604083927881142
2018-12-28,True,375,352270.0,0,0,0,True,False,0.001087719298245693
2018-12-31,True,375,159120.0,0,0,0,True,False,0.003472222222222321
2019-01-01,True,375,85061.0,0,0,0,True,False,0.0033677047529769855
2019-01-02,True,375,141718.0,0,0,0,True,False,-0.001386001386001423
2019-01-03,True,375,170891.0,0,0,0,True,False,0.0010530010530009903
2019-01-04,True,375,210835.0,0,0,0,True,False,0.0013571428571428346
2019-01-07,True,375,164721.0,0,0,0,True,False,0.007282428437522359
2019-01-08,True,375,154357.0,0,0,0,True,False,-0.00036023054755041084
2019-01-09,True,375,151622.0,0,0,0,True,False,0.005972850678733099
2019-01-10,True,375,81367.0,0,0,0,True,False,0.003615328994938549
2019-01-11,True,375,200422.0,0,0,0,True,False,0.0014378145219267058
2019-01-14,True,375,354070.0,0,0,0,True,False,-0.0020437956204378827
2019-01-15,True,375,513017.0,0,0,0,True,False,0.004121393780442073
2019-01-16,True,375,312381.0,0,0,0,True,False,0.0
2019-01-17,True,375,170855.0,0,0,0,True,False,0.00029746411839060016
2019-01-18,True,375,125798.0,0,0,0,True,False,0.006182265092547823
2019-01-21,True,375,3664411.0,0,0,0,True,False,-0.030326004548900665
2019-01-22,True,375,371843.0,0,0,0,True,False,0.0014448669201521103
2019-01-23,True,375,225861.0,0,0,0,True,False,0.0007692307692308553
2019-01-24,True,375,301236.0,0,0,0,True,False,0.003074558032282848
2019-01-25,True,375,503003.0,0,0,0,True,False,0.004636785162287493
2019-01-28,True,375,3105072.0,0,0,0,True,False,0.005667041881768364
2019-01-29,True,375,371866.0,0,0,0,True,False,0.002614178071659312
2019-01-30,True,375,274413.0,0,0,0,True,False,0.00249785340722819
2019-01-31,True,375,236199.0,0,0,0,True,False,0.00999148013321971
2019-02-01,True,375,373173.0,0,0,0,True,False,0.00546489853632437
2019-02-04,True,375,324466.0,0,0,0,True,False,0.0021147237642082928
2019-02-05,True,375,182318.0,0,0,0,True,False,0.003253090435914041
2019-02-06,True,375,252154.0,0,0,0,True,False,0.0030674846625766694
2019-02-07,True,375,159441.0,0,0,0,True,False,0.004587155963302836
2019-02-08,True,375,268543.0,0,0,0,True,False,-0.00011581670076832307
2019-02-11,True,375,367205.0,0,0,0,True,False,-0.0003969829297340022
2019-02-12,True,375,310600.0,0,0,0,True,False,-0.0012038523274477964
2019-02-13,True,375,177139.0,0,0,0,True,False,0.002570281124498086
2019-02-14,True,375,645158.0,0,0,0,True,False,-0.0003280301787764728
2019-02-15,True,375,727633.0,0,0,0,True,False,0.013029315960912058
2019-02-18,True,375,473770.0,0,0,0,True,False,-0.0040000000000000036
2019-02-19,True,375,208936.0,0,0,0,True,False,0.0
2019-02-20,True,375,287436.0,0,0,0,True,False,0.0008703220191470518
2019-02-21,True,375,367743.0,0,0,0,True,False,0.004229985900046973
2019-02-22,True,375,281174.0,0,0,0,True,False,0.0007806401249024209
2019-02-25,True,375,754246.0,0,0,0,True,False,-0.0003513429106808408
2019-02-26,True,375,326763.0,0,0,0,True,False,-0.011691104594330426
2019-02-27,True,375,206346.0,0,0,0,True,False,0.004307959845071485
2019-02-28,True,375,277753.0,0,0,0,True,False,0.006225680933852118
2019-03-01,True,375,369934.0,0,0,0,True,False,0.0002307692307692566
2019-03-05,True,375,407659.0,0,0,0,True,False,-0.004587155963302725
2019-03-06,True,375,397436.0,0,0,0,True,False,0.004214559386973127
2019-03-07,True,375,352300.0,0,0,0,True,False,0.005353888213851743
2019-03-08,True,375,655300.0,0,0,0,True,False,0.0014836795252226587
2019-03-11,True,375,231714.0,0,0,0,True,False,0.0034355278389781585
2019-03-12,True,375,702158.0,0,0,0,True,False,0.005342038878171973
2019-03-13,True,375,248295.0,0,0,0,True,False,0.004823614110871066
2019-03-14,True,375,255730.0,0,0,0,True,False,0.004862119013062438
2019-03-15,True,375,160734.0,0,0,0,True,False,0.004384216819449893
2019-03-18,True,375,364080.0,0,0,0,True,False,0.004566210045662045
2019-03-19,True,375,493975.0,0,0,0,True,False,-0.005079825834542806
2019-03-20,True,375,204271.0,0,0,0,True,False,0.0014705882352941124
2019-03-22,True,375,612408.0,0,0,0,True,False,-0.0014482259232440065
2019-03-25,True,375,236963.0,0,0,0,True,False,-0.005734767025089571
2019-03-26,True,375,192326.0,0,0,0,True,False,0.002761627906976649
2019-03-27,True,375,285560.0,0,0,0,True,False,0.0044797319444951356
2019-03-28,True,375,161898.0,0,0,0,True,False,0.00439560439560438
2019-03-29,True,375,233732.0,0,0,0,True,False,0.004971181556196136
2019-04-01,True,375,590317.0,0,0,0,True,False,0.00597025726381295
2019-04-02,True,375,215654.0,0,0,0,True,False,0.002266449465259557
2019-04-03,True,375,197966.0,0,0,0,True,False,0.00010643959552969484
2019-04-04,True,375,132846.0,0,0,0,True,False,0.0027514300195496944
2019-04-05,True,375,114061.0,0,0,0,True,False,0.004203216374268903
2019-04-08,True,375,137099.0,0,0,0,True,False,0.003053435114503955
2019-04-09,True,375,145453.0,0,0,0,True,False,0.001382823871906913
2019-04-10,True,375,171155.0,0,0,0,True,False,-0.0033101742388417232
2019-04-11,True,375,209198.0,0,0,0,True,False,0.0004376208015755001
2019-04-12,True,375,191721.0,0,0,0,True,False,0.002542680711950629
2019-04-15,True,375,200280.0,0,0,0,True,False,0.004378058202420876
2019-04-16,True,375,205205.0,0,0,0,True,False,0.003208792830007745
2019-04-18,True,375,208588.0,0,0,0,True,False,0.005036049418499333
2019-04-22,True,375,316446.0,0,0,0,True,False,-0.0003669724770641869
2019-04-23,True,375,339237.0,0,0,0,True,False,0.003463522476050196
2019-04-24,True,375,137429.0,0,0,0,True,False,0.004118891239006883
2019-04-25,True,375,473524.0,0,0,0,True,False,0.00577630610743185
2019-04-26,True,375,137618.0,0,0,0,True,False,0.00022092937624274
2019-04-30,True,375,196326.0,0,0,0,True,False,0.0030864197530864335
2019-05-02,True,375,145222.0,0,0,0,True,False,0.0014471243042672999
2019-05-03,True,375,198908.0,0,0,0,True,False,0.002207505518763808
2019-05-06,False,372,145318.0,0,0,0,False,False,-0.006752293577981683
2019-05-07,True,375,164735.0,0,0,0,True,False,0.003252032520325354
2019-05-08,True,375,171926.0,0,0,0,True,False,-0.003543378995433777
2019-05-09,True,375,349803.0,0,0,0,True,False,-0.0034881586194235314
2019-05-10,True,375,197389.0,0,0,0,True,False,0.002691740412979371
2019-05-13,True,375,686078.0,0,0,0,True,False,-0.00880651460997095
2019-05-14,True,375,702565.0,0,0,0,True,False,-0.00697921407980584
2019-05-15,True,375,250838.0,0,0,0,True,False,0.005597014925373234
2019-05-16,True,375,203543.0,0,0,0,True,False,0.0037850113550341735
2019-05-17,True,375,184803.0,0,0,0,True,False,-0.006770329588572266
2019-05-20,True,375,1304496.0,0,0,0,True,False,0.028655400440852352
2019-05-21,True,375,528741.0,0,0,0,True,False,0.0013764624913970014
2019-05-22,True,375,272951.0,0,0,0,True,False,0.003529411764705781
2019-05-23,True,375,2162543.0,0,0,0,True,False,0.008608909538125209
2019-05-24,True,375,778957.0,0,0,0,True,False,0.008068599979744073
2019-05-27,True,375,847334.0,0,0,0,True,False,0.005013020833333437
2019-05-28,True,375,834168.0,0,0,0,True,False,0.001726031696218433
2019-05-29,True,375,760865.0,0,0,0,True,False,-0.003680203045685282
2019-05-30,True,375,283981.0,0,0,0,True,False,-0.0019317450096587585
2019-05-31,True,375,573314.0,0,0,0,True,False,0.007670089858793361
2019-06-03,True,375,284987.0,0,0,0,True,False,0.002371794871794952
2019-06-04,True,375,671892.0,0,0,0,True,False,-0.002555910543130979
2019-06-06,True,375,364880.0,0,0,0,True,False,-0.0016536810303704463
2019-06-07,True,375,423349.0,0,0,0,True,False,-0.000592319589325152
2019-06-10,True,375,314993.0,0,0,0,True,False,0.008597883597883493
2019-06-11,True,375,144540.0,0,0,0,True,False,0.004893325504012447
2019-06-12,True,375,157606.0,0,0,0,True,False,-0.0012450851900394078
2019-06-13,True,375,321518.0,0,0,0,True,False,-0.0012905787749429853
2019-06-14,True,375,185559.0,0,0,0,True,False,0.002240379546652571
2019-06-17,True,375,305875.0,0,0,0,True,False,0.0019646365422396617
2019-06-18,True,375,258370.0,0,0,0,True,False,-0.0006662225183211579
2019-06-19,True,375,383385.0,0,0,0,True,False,0.0057797708021922745
2019-06-20,True,375,251955.0,0,0,0,True,False,0.0028239202657807105
2019-06-21,True,375,454763.0,0,0,0,True,False,0.0018302668336382943
2019-06-24,True,375,289457.0,0,0,0,True,False,0.0016202203499675605
2019-06-25,True,375,220465.0,0,0,0,True,False,0.0036358914426697364
2019-06-26,True,375,305780.0,0,0,0,True,False,0.0006527415143602333
2019-06-27,True,375,419386.0,0,0,0,True,False,0.0019267822736031004
2019-06-28,True,375,400588.0,0,0,0,True,False,0.00019281444822927263
2019-07-01,True,375,190369.0,0,0,0,True,False,0.0028543938422065374
2019-07-02,True,375,153952.0,0,0,0,True,False,0.0019911362322564408
2019-07-03,True,375,326049.0,0,0,0,True,False,0.00015976993129895867
2019-07-04,True,375,363462.0,0,0,0,True,False,0.0028191320874249026
2019-07-05,True,375,266356.0,0,0,0,True,False,0.003809523809523707
2019-07-08,True,375,665021.0,0,0,0,True,False,-0.006506201724303606
2019-07-09,True,375,885013.0,0,0,0,True,False,-0.003852983549435418
2019-07-10,True,375,257524.0,0,0,0,True,False,-0.0018668326073429942
2019-07-11,True,375,251123.0,0,0,0,True,False,0.008807045636509248
2019-07-12,True,375,352049.0,0,0,0,True,False,0.0033467202141901353
2019-07-15,True,375,601455.0,0,0,0,True,False,0.002043596730245234
2019-07-16,True,375,572369.0,0,0,0,True,False,0.001388888888888884
2019-07-17,True,375,427367.0,0,0,0,True,False,0.00037659625457897583
2019-07-18,True,375,318324.0,0,0,0,True,False,-0.00738552437223039
2019-07-19,True,375,251542.0,0,0,0,True,False,0.009351011863224068
2019-07-22,True,375,477866.0,0,0,0,True,False,-0.0034288946233519413
2019-07-23,True,375,613506.0,0,0,0,True,False,0.009381800021403208
2019-07-24,True,375,1360341.0,0,0,0,True,False,0.007393385241802886
2019-07-25,True,375,402576.0,0,0,0,True,False,0.0055499495459130355
2019-07-26,True,375,342212.0,0,0,0,True,False,-0.0029818181818180856
2019-07-29,True,375,267544.0,0,0,0,True,False,0.0003230437903805061
2019-07-30,True,375,250146.0,0,0,0,True,False,0.0035371768223753097
2019-07-31,True,375,277508.0,0,0,0,True,False,-0.0032337766150714042
2019-08-01,True,375,204109.0,0,0,0,True,False,-0.006479481641468721
2019-08-02,True,375,461867.0,0,0,0,True,False,-0.004709345106696183
2019-08-05,True,375,304237.0,0,0,0,True,False,-0.008778346744696464
2019-08-06,True,375,443413.0,0,0,0,True,False,-0.002229323028906882
2019-08-07,True,375,369012.0,0,0,0,True,False,0.005171534707553382
2019-08-08,True,375,160413.0,0,0,0,True,False,0.009579955784819516
2019-08-09,True,375,241475.0,0,0,0,True,False,0.0047233715352787975
2019-08-13,True,375,490026.0,0,0,0,True,False,0.004030780505679843
2019-08-14,True,375,290879.0,0,0,0,True,False,0.0038022813688212143
2019-08-16,True,375,297106.0,0,0,0,True,False,0.0007496251874063997
2019-08-19,True,375,301508.0,0,0,0,True,False,0.002996254681647992
2019-08-20,True,375,191806.0,0,0,0,True,False,0.001814142910033345
2019-08-21,True,375,104248.0,0,0,0,True,False,-0.00026089225150005557
2019-08-22,True,375,507073.0,0,0,0,True,False,-0.00713005681168255
2019-08-23,True,375,688470.0,0,0,0,True,False,-3.875818766707617e-05
2019-08-26,True,375,402719.0,0,0,0,True,False,0.015503875968992276
2019-08-27,True,375,987081.0,0,0,0,True,False,0.00549532710280376
2019-08-28,True,375,256008.0,0,0,0,True,False,0.002428613482484465
2019-08-29,True,375,228713.0,0,0,0,True,False,-0.005640074211502699
2019-08-30,True,375,327452.0,0,0,0,True,False,0.0007068452380951662
2019-09-03,True,375,615996.0,0,0,0,True,False,-0.0005648653737525544
2019-09-04,True,375,351213.0,0,0,0,True,False,0.0039507320474088115
2019-09-05,True,375,517598.0,0,0,0,True,False,0.005091103965702004
2019-09-06,True,375,252727.0,0,0,0,True,False,0.006515891957419528
2019-09-09,True,375,279589.0,0,0,0,True,False,0.0023740437879187226
2019-09-11,True,375,555626.0,0,0,0,True,False,0.0025725836089673937
2019-09-12,True,375,361447.0,0,0,0,True,False,0.003809802915964333
2019-09-13,True,375,179091.0,0,0,0,True,False,-0.00029359953024077345
2019-09-16,True,375,196069.0,0,0,0,True,False,-0.0068581068691091485
2019-09-17,True,375,177184.0,0,0,0,True,False,0.0011173184357542443
2019-09-18,True,375,300188.0,0,0,0,True,False,0.003878326996197723
2019-09-19,True,375,239551.0,0,0,0,True,False,-0.001512859304084735
2019-09-20,True,375,369415.0,0,0,0,True,False,0.0042323970757984775
2019-09-23,False,361,5672839.0,0,14,0,False,False,0.028219381793718634
2019-09-24,False,367,758158.0,0,0,0,False,False,-0.010678697783115365
2019-09-25,True,375,380466.0,0,0,0,True,False,-0.0007759522283322662
2019-09-26,True,375,441610.0,0,0,0,True,False,0.003652653342522294
2019-09-27,True,375,289477.0,0,0,0,True,False,-0.0026880817176841987
2019-09-30,True,375,183234.0,0,0,0,True,False,0.0007473333786263137
2019-10-01,True,375,226031.0,0,0,0,True,False,0.0006761325219744041
2019-10-03,True,375,359158.0,0,0,0,True,False,-0.014017735334242776
2019-10-04,True,375,288054.0,0,0,0,True,False,0.002671415850400649
2019-10-07,False,375,989195.0,0,14,0,True,False,-0.004905395935529078
2019-10-09,True,375,267376.0,0,0,0,True,False,0.0011433471487780622
2019-10-10,True,375,291068.0,0,0,0,True,False,-0.003501400560224077
2019-10-11,True,375,366445.0,0,0,0,True,False,0.003154574132492094
2019-10-14,True,375,178749.0,0,0,0,True,False,0.0062760772763927886
2019-10-15,True,375,210001.0,0,0,0,True,False,0.007579229386258657
2019-10-16,True,375,258969.0,0,0,0,True,False,0.00439422473320783
2019-10-17,True,375,220843.0,0,0,0,True,False,0.00421940928270037
2019-10-18,True,375,511835.0,0,0,0,True,False,0.002105263157894832
2019-10-22,True,375,392469.0,0,0,0,True,False,-0.002410468319559267
2019-10-23,True,375,298256.0,0,0,0,True,False,0.0021151912340926504
2019-10-24,True,375,971545.0,0,0,0,True,False,0.019980438731311834
2019-10-25,True,375,236360.0,0,0,0,True,False,0.004359349933737988
2019-10-27,False,60,,0,0,60,False,False,0.008245903365030394
2019-10-29,True,375,162742.0,0,0,0,True,False,3.483228255940496e-05
2019-10-30,True,375,1064208.0,0,0,0,True,False,0.005162746170678245
2019-10-31,True,375,247936.0,0,0,0,True,False,0.004067796610169427
2019-11-01,True,375,210700.0,0,0,0,True,False,0.001831750339213123
2019-11-04,True,375,183642.0,0,0,0,True,False,0.005795501586863372
2019-11-05,True,375,234468.0,0,0,0,True,False,0.001238645747316136
2019-11-06,True,375,394200.0,0,0,0,True,False,-0.0011445219019873276
2019-11-07,True,375,204909.0,0,0,0,True,False,0.005025298592227889
2019-11-08,True,375,212564.0,0,0,0,True,False,-0.004906054279749439
2019-11-11,True,375,267422.0,0,0,0,True,False,-0.0031257682716959723
2019-11-13,True,375,233359.0,0,0,0,True,False,0.0
2019-11-14,True,375,225435.0,0,0,0,True,False,0.00229588176208928
2019-11-15,True,375,255466.0,0,0,0,True,False,-0.0010108303249097839
2019-11-18,True,375,437389.0,0,0,0,True,False,0.008977574237633013
2019-11-19,True,375,376961.0,0,0,0,True,False,0.0008435104705322161
2019-11-20,True,375,1012229.0,0,0,0,True,False,0.001825483753194579
2019-11-21,True,375,1616524.0,0,0,0,True,False,0.017305046701904248
2019-11-22,True,375,348920.0,0,0,0,True,False,0.0012212205021371325
2019-11-25,True,375,287107.0,0,0,0,True,False,0.0005080563216721679
2019-11-26,True,375,408334.0,0,0,0,True,False,-0.00407942238267156
2019-11-27,True,375,676491.0,0,0,0,True,False,0.0019451682754065835
2019-11-28,True,375,753848.0,0,0,0,True,False,0.0029850746268655914
2019-11-29,True,375,278123.0,0,0,0,True,False,-0.00014812620352544492
2019-12-02,True,375,548967.0,0,0,0,True,False,-0.000713481036425101
2019-12-03,True,375,370831.0,0,0,0,True,False,-0.00048721984858690615
2019-12-04,True,375,1239868.0,0,0,0,True,False,-0.0025887010811634914
2019-12-05,True,375,995192.0,0,0,0,True,False,0.008141482606832673
2019-12-06,False,375,474214.0,0,196,0,True,False,0.0052647759588042575
2019-12-09,True,375,439798.0,0,0,0,True,False,0.004775400861901646
2019-12-10,True,375,405197.0,0,0,0,True,False,0.0023547880690737433
2019-12-11,True,375,459436.0,0,0,0,True,False,0.004777381838117378
2019-12-12,True,375,497146.0,0,0,0,True,False,0.001577287066246047
2019-12-13,True,375,511961.0,0,0,0,True,False,0.004562826612588777
2019-12-16,True,375,1072430.0,0,0,0,True,False,0.006470137825421274
2019-12-17,True,375,410617.0,0,0,0,True,False,0.004835367257655987
2019-12-18,True,375,505656.0,0,0,0,True,False,0.005197662948630333
2019-12-19,True,375,274445.0,0,0,0,True,False,-0.0011378721790251678
2019-12-20,True,375,522392.0,0,0,0,True,False,0.0015255530129671957
2019-12-23,True,375,357278.0,0,0,0,True,False,-0.002174327674995147
2019-12-24,True,375,308857.0,0,0,0,True,False,0.002019817073170893
2019-12-26,True,375,301043.0,0,0,0,True,False,0.0005003849114704195
2019-12-27,True,375,393064.0,0,0,0,True,False,0.0017587743297116099
2019-12-30,True,375,220141.0,0,0,0,True,False,0.001615633174334663
2019-12-31,True,375,202849.0,0,0,0,True,False,-0.0025320340673674613
2020-01-01,True,375,432471.0,0,0,0,True,False,0.0026053639846743692
2020-01-02,True,375,307520.0,0,0,0,True,False,0.0014120520551081928
2020-01-03,True,375,393504.0,0,0,0,True,False,-3.7174721189581206e-05
2020-01-06,True,375,452769.0,0,0,0,True,False,-0.002996254681647992
2020-01-07,True,375,383729.0,0,0,0,True,False,0.009502090459901247
2020-01-08,True,375,619055.0,0,0,0,True,False,-0.014494947583544748
2020-01-09,True,375,554049.0,0,0,0,True,False,0.015098722415795685
2020-01-10,True,375,330019.0,0,0,0,True,False,0.002127336271083413
2020-01-13,True,375,210388.0,0,0,0,True,False,0.0038901688257733102
2020-01-14,True,375,272695.0,0,0,0,True,False,-0.0035219183214687533
2020-01-15,True,375,274326.0,0,0,0,True,False,-0.0003016591251886469
2020-01-16,True,375,257189.0,0,0,0,True,False,0.003173403853419021
2020-01-17,True,375,229605.0,0,0,0,True,False,0.0009474362375412326
2020-01-20,True,375,278948.0,0,0,0,True,False,0.0076303680981595345
2020-01-21,True,375,172175.0,0,0,0,True,False,-0.005146778497903126
2020-01-22,True,375,335423.0,0,0,0,True,False,0.006835112510559904
2020-01-23,True,375,4116031.0,0,0,0,True,False,0.009305378586045743
2020-01-24,True,375,764035.0,0,0,0,True,False,0.001165019354353758
2020-01-27,True,375,506843.0,0,0,0,True,False,-0.00887573964497046
2020-01-28,True,375,282822.0,0,0,0,True,False,0.002895322939866496
2020-01-29,True,375,500424.0,0,0,0,True,False,0.00602230483271371
2020-01-30,True,375,423561.0,0,0,0,True,False,0.0006593165085528874
2020-01-31,True,375,343715.0,0,0,0,True,False,0.008021978021978127
2020-02-01,True,375,359563.0,0,0,0,True,False,0.0018978102189779467
2020-02-03,True,375,1147331.0,0,0,0,True,False,0.0031884283381289347
2020-02-04,True,375,699803.0,0,0,0,True,False,0.006953886795384889
2020-02-05,True,375,659261.0,0,0,0,True,False,0.0037896365042537905
2020-02-06,True,375,361847.0,0,0,0,True,False,0.009077040427154959
2020-02-07,True,375,386231.0,0,0,0,True,False,-0.0029992406985573927
2020-02-10,True,375,264692.0,0,0,0,True,False,0.0015408320493066618
2020-02-11,True,375,411254.0,0,0,0,True,False,0.006857855361595888
2020-02-12,True,375,386412.0,0,0,0,True,False,0.002215743440233231
2020-02-13,True,375,241474.0,0,0,0,True,False,0.0
2020-02-14,True,375,287136.0,0,0,0,True,False,0.0030983733539891034
2020-02-17,True,375,250411.0,0,0,0,True,False,0.0023183925811436357
2020-02-18,True,375,473443.0,0,0,0,True,False,0.0
2020-02-19,True,375,186106.0,0,0,0,True,False,0.007763975155279601
2020-02-20,True,375,230092.0,0,0,0,True,False,-0.0012485368708543554
2020-02-24,True,375,415582.0,0,0,0,True,False,-0.007878315132605285
2020-02-25,True,375,339854.0,0,0,0,True,False,0.0018255417096595394
2020-02-26,True,375,450213.0,0,0,0,True,False,-0.005515964085839653
2020-02-27,True,375,460487.0,0,0,0,True,False,-0.0020989381842128063
2020-02-28,True,375,656241.0,0,0,0,True,False,-0.01523115765075933
2020-03-02,True,375,469440.0,0,0,0,True,False,0.01171235464506104
2020-03-03,True,375,481281.0,0,0,0,True,False,0.010617551462621888
2020-03-04,True,375,238564.0,0,0,0,True,False,0.0016906170752324368
2020-03-05,True,375,445118.0,0,0,0,True,False,0.003571732290160501
2020-03-06,True,375,709870.0,0,0,0,True,False,-0.02794242167654526
2020-03-09,True,375,1165140.0,0,0,0,True,False,-0.016197488090082368
2020-03-11,True,375,816976.0,0,0,0,True,False,-0.009990917347865613
2020-03-12,True,375,966239.0,0,0,0,True,False,-0.043874542042712794
2020-03-13,False,315,,0,0,0,False,False,-0.06862745098039214
2020-03-16,True,375,973398.0,0,0,0,True,False,-0.03939953591892775
2020-03-17,True,375,726525.0,0,0,0,True,False,0.004132231404958775
2020-03-18,True,375,315077.0,0,0,0,True,False,0.01467505241090139
2020-03-19,True,375,768319.0,0,0,0,True,False,-0.04061916785596664
2020-03-20,False,376,570327.0,0,0,1,False,False,0.011918951132300348
2020-03-23,False,317,658553.0,0,0,0,False,False,-0.050469483568075124
2020-03-24,True,375,1043454.0,0,0,0,True,False,0.04715672676837723
2020-03-25,True,375,834483.0,0,0,0,True,False,-0.01802816901408444
2020-03-26,True,375,931988.0,0,0,0,True,False,0.02538236251220316
2020-03-27,True,375,851740.0,0,0,0,True,False,0.030392971625311738
2020-03-30,True,375,685112.0,0,0,0,True,False,-0.04756242568370983
2020-03-31,True,375,1600560.0,0,0,0,True,False,0.026282853566958808
2020-04-01,True,375,775947.0,0,0,0,True,False,-0.004073319755600768
2020-04-03,True,375,545423.0,0,0,0,True,False,0.020708341397329244
2020-04-07,True,375,861535.0,0,0,0,True,False,0.02809706257982114
2020-04-08,True,375,1277865.0,0,0,0,True,False,0.001494768310911887
2020-04-09,False,374,672756.0,0,0,0,False,False,0.03261138613861392
2020-04-13,True,375,1010801.0,0,0,0,True,False,0.009689440993788656
2020-04-15,True,375,1541524.0,0,0,0,True,False,0.03226740817981688
2020-04-16,True,375,1578423.0,0,0,0,True,False,-0.0003423680456490219
2020-04-17,True,375,1005190.0,0,0,0,True,False,0.02203417770207139
2020-04-20,False,373,672763.0,0,0,0,False,False,0.006203208556149642
2020-04-21,True,375,752074.0,0,0,0,True,False,-0.022875816993464082
2020-04-22,True,375,715030.0,0,0,0,True,False,-0.0022857142857143353
2020-04-23,True,375,796144.0,0,0,0,True,False,0.005201332476185039
2020-04-24,True,375,1118824.0,0,0,0,True,False,-0.00634374814726979
2020-04-27,True,375,610090.0,0,0,0,True,False,0.013522252924922151
2020-04-28,True,375,369257.0,0,0,0,True,False,0.00793465577596253
2020-04-29,True,375,452429.0,0,0,0,True,False,0.005599626691553894
2020-04-30,True,375,952385.0,0,0,0,True,False,0.021515864363991
2020-05-04,True,375,892484.0,0,0,0,True,False,-0.020099103613384517
2020-05-05,True,375,404947.0,0,0,0,True,False,0.010563380281690238
2020-05-06,True,375,1170488.0,0,0,0,True,False,-0.0023809523809523725
2020-05-07,True,375,594510.0,0,0,0,True,False,-0.007151370679380209
2020-05-08,True,375,838362.0,0,0,0,True,False,0.00969696969696976
2020-05-11,True,375,668674.0,0,0,0,True,False,0.0063725490196078205
2020-05-12,True,375,407220.0,0,0,0,True,False,-0.005598831548198624
2020-05-13,True,375,2474783.0,0,0,0,True,False,0.05929968725087398
2020-05-14,True,375,746612.0,0,0,0,True,False,-0.00934256055363325
2020-05-15,True,375,1533459.0,0,0,0,True,False,0.0033560864618884523
2020-05-18,True,375,1397028.0,0,0,0,True,False,0.009164733178654183
2020-05-19,True,375,645077.0,0,0,0,True,False,0.013789299503585317
2020-05-20,True,375,876517.0,0,0,0,True,False,0.0
2020-05-21,True,375,836816.0,0,0,0,True,False,-0.002862766147790241
2020-05-22,True,375,592690.0,0,0,0,True,False,-0.0073081607795371095
2020-05-26,True,375,625993.0,0,0,0,True,False,0.005074900642005442
2020-05-27,True,375,504924.0,0,0,0,True,False,0.0048918951564198565
2020-05-28,True,375,1271162.0,0,0,0,True,False,0.0035211267605634866
2020-05-29,True,375,2011327.0,0,0,0,True,False,-0.007555555555555538
2020-06-01,True,375,1173504.0,0,0,0,True,False,0.015752688172042895
2020-06-02,True,375,1417139.0,0,0,0,True,False,0.008629989212513456
2020-06-03,True,375,1030149.0,0,0,0,True,False,0.011747896491506538
2020-06-04,True,375,863270.0,0,0,0,True,False,-0.00098752598752605
2020-06-05,True,375,1277326.0,0,0,0,True,False,0.009179236674002889
2020-06-08,True,375,2126756.0,0,0,0,True,False,0.022923084956399276
2020-06-09,True,375,700310.0,0,0,0,True,False,0.006417279699483469
2020-06-10,True,375,592632.0,0,0,0,True,False,0.006309148264984188
2020-06-11,True,375,506156.0,0,0,0,True,False,-0.0029573299535275988
2020-06-12,True,375,1004468.0,0,0,0,True,False,-0.04254746920552954
2020-06-15,True,375,746760.0,0,0,0,True,False,-0.003405589491323968
2020-06-16,True,375,411903.0,0,0,0,True,False,0.01809328833065904
2020-06-17,True,375,943065.0,0,0,0,True,False,-0.0020122973728339266
2020-06-18,True,375,733415.0,0,0,0,True,False,-0.00932994062765058
2020-06-19,True,375,725980.0,0,0,0,True,False,0.004790018937284035
2020-06-22,True,375,930256.0,0,0,0,True,False,0.007795100222717233
2020-06-23,True,375,946378.0,0,0,0,True,False,0.0017062028730254752
2020-06-24,True,375,1952281.0,0,0,0,True,False,0.009590595029390414
2020-06-25,True,375,965599.0,0,0,0,True,False,-0.016564861786934504
2020-06-26,True,375,574833.0,0,0,0,True,False,0.012993900822063198
2020-06-29,True,375,436830.0,0,0,0,True,False,-0.01041666666666663
2020-06-30,True,375,516835.0,0,0,0,True,False,0.011137756461497617
2020-07-01,True,375,1577386.0,0,0,0,True,False,-0.004232804232804255
2020-07-02,True,375,795242.0,0,0,0,True,False,0.012056009082553887
2020-07-03,True,375,911412.0,0,0,0,True,False,0.004769475357710551
2020-07-06,True,375,598818.0,0,0,0,True,False,0.011246684350132652
2020-07-07,True,375,749730.0,0,0,0,True,False,0.004206098843322792
2020-07-08,True,375,427224.0,0,0,0,True,False,0.0021741435995334957
2020-07-09,True,375,484329.0,0,0,0,True,False,0.005319148936170137
2020-07-10,True,375,770525.0,0,0,0,True,False,-0.005448870549648155
2020-07-13,True,375,619568.0,0,0,0,True,False,0.005347593582887722
2020-07-14,True,375,618445.0,0,0,0,True,False,-0.0032223415682062218
2020-07-15,True,375,477934.0,0,0,0,True,False,0.006082191780821811
2020-07-16,True,375,685617.0,0,0,0,True,False,5.476751191180185e-05
2020-07-17,True,375,424018.0,0,0,0,True,False,0.0028276237085371747
2020-07-20,True,375,418868.0,0,0,0,True,False,0.002265616571367035
2020-07-21,True,375,372144.0,0,0,0,True,False,0.009089424699286974
2020-07-22,True,375,823194.0,0,0,0,True,False,5.3239631581769586e-05
2020-07-23,True,375,3474090.0,0,0,0,True,False,-0.009718225745154463
2020-07-24,True,375,1043984.0,0,0,0,True,False,-0.0025089996727392094
2020-07-27,True,375,682249.0,0,0,0,True,False,0.0034257929052934344
2020-07-28,True,375,661939.0,0,0,0,True,False,0.006423034330011124
2020-07-29,True,375,981467.0,0,0,0,True,False,0.0066776135741652975
2020-07-30,True,375,370386.0,0,0,0,True,False,0.00432432432432428
2020-07-31,True,375,793067.0,0,0,0,True,False,0.0036239841862508726
2020-08-03,True,375,426299.0,0,0,0,True,False,-0.001094091903719896
2020-08-04,True,375,867914.0,0,0,0,True,False,0.0016366612111293755
2020-08-05,True,375,845562.0,0,0,0,True,False,-0.0011351351351350791
2020-08-06,True,375,480686.0,0,0,0,True,False,0.002218614718614731
2020-08-07,True,375,311897.0,0,0,0,True,False,0.0
2020-08-10,True,375,2121936.0,0,0,0,True,False,0.01070804195804187
2020-08-11,True,375,1705444.0,0,0,0,True,False,0.010000000000000009
2020-08-12,True,375,693694.0,0,0,0,True,False,-0.010189228529839833
2020-08-13,True,375,342468.0,0,0,0,True,False,0.006838506049447579
2020-08-14,True,375,3147655.0,0,0,0,True,False,0.008624167843453767
2020-08-17,True,375,1241039.0,0,0,0,True,False,0.020366598778004175
2020-08-18,True,375,658927.0,0,0,0,True,False,0.0052463275707004264
2020-08-19,True,375,1648739.0,0,0,0,True,False,0.00967741935483879
2020-08-20,True,375,1175545.0,0,0,0,True,False,-0.024727992087042572
2020-08-21,True,375,461498.0,0,0,0,True,False,0.01410713389226359
2020-08-24,True,375,363416.0,0,0,0,True,False,0.002012072434607548
2020-08-25,True,375,467951.0,0,0,0,True,False,0.001260398285858333
2020-08-26,True,375,338254.0,0,0,0,True,False,0.0071428571428571175
2020-08-27,True,375,423702.0,0,0,0,True,False,0.005412371134020599
2020-08-28,True,375,2416172.0,0,0,0,True,False,0.008677896886166492
2020-08-31,True,375,1138512.0,0,0,0,True,False,0.0049837266069976405
2020-09-01,True,375,1179857.0,0,0,0,True,False,0.019816106531388655
2020-09-02,True,375,313330.0,0,0,0,True,False,0.00031375830152180484
2020-09-03,True,375,737726.0,0,0,0,True,False,0.0020876826722338038
2020-09-04,True,375,551104.0,0,0,0,True,False,-0.014604230549347674
2020-09-07,True,375,489706.0,0,0,0,True,False,0.002275132275132208
2020-09-08,True,375,495198.0,0,0,0,True,False,0.0005344735435595105
2020-09-09,True,375,886998.0,0,0,0,True,False,-0.009008517143481165
2020-09-10,True,375,546490.0,0,0,0,True,False,0.009570957095709653
2020-09-11,True,375,421407.0,0,0,0,True,False,-0.0005974689044592196
2020-09-14,True,375,524571.0,0,0,0,True,False,0.005998473115934155
2020-09-15,True,375,601586.0,0,0,0,True,False,0.0083661144661753
2020-09-16,True,375,689815.0,0,0,0,True,False,0.0
2020-09-17,True,375,428217.0,0,0,0,True,False,-0.008667388949079036
2020-09-18,True,375,407489.0,0,0,0,True,False,0.005462068965517375
2020-09-21,True,375,1059932.0,0,0,0,True,False,0.0013336296954880034
2020-09-22,True,375,765086.0,0,0,0,True,False,0.010929583878863891
2020-09-23,True,375,679583.0,0,0,0,True,False,0.005222235116630003
2020-09-24,True,375,765228.0,0,0,0,True,False,-0.006038086391082276
2020-09-25,True,375,445165.0,0,0,0,True,False,0.010099823840281852
2020-09-28,True,375,1120186.0,0,0,0,True,False,0.010692177827799743
2020-09-29,True,375,434084.0,0,0,0,True,False,0.006136665192392865
2020-09-30,True,375,520309.0,0,0,0,True,False,0.003913675500391456
2020-10-01,True,375,436661.0,0,0,0,True,False,0.010438065626561688
2020-10-05,True,375,402511.0,0,0,0,True,False,0.006596452328159641
2020-10-06,True,375,435319.0,0,0,0,True,False,0.0048511207761792186
2020-10-07,True,375,581253.0,0,0,0,True,False,0.0011185682326622093
2020-10-08,True,375,772172.0,0,0,0,True,False,0.002590090090090147
2020-10-09,True,375,1080385.0,0,0,0,True,False,0.008294511987274156
2020-10-12,True,375,1737942.0,0,0,0,True,False,0.007582000988956672
2020-10-13,True,375,681546.0,0,0,0,True,False,0.0021523178807947296
2020-10-14,True,375,590199.0,0,0,0,True,False,0.0007809885083120971
2020-10-15,True,375,605801.0,0,0,0,True,False,-0.0032751091703057122
2020-10-16,True,375,517617.0,0,0,0,True,False,0.0034233121948481493
2020-10-19,True,375,528677.0,0,0,0,True,False,0.0049745682186574935
2020-10-20,True,375,3234660.0,0,0,0,True,False,0.01552571965301941
2020-10-21,True,375,828716.0,0,0,0,True,False,0.00811989100817434
2020-10-22,True,375,840221.0,0,0,0,True,False,-0.004480915618420345
2020-10-23,True,375,622789.0,0,0,0,True,False,0.005885500267522659
2020-10-26,True,375,1245024.0,0,0,0,True,False,0.008868826340945324
2020-10-27,True,375,1447897.0,0,0,0,True,False,0.007979840403191885
2020-10-28,True,375,1483881.0,0,0,0,True,False,0.009123343527013272
2020-10-29,True,375,3308065.0,0,0,0,True,False,-0.03539553752535496
2020-10-30,True,375,996071.0,0,0,0,True,False,0.008034279592929794
2020-11-02,True,375,723507.0,0,0,0,True,False,-0.0008594757198108205
2020-11-03,False,374,731686.0,0,0,0,False,False,0.017115177610333765
2020-11-04,True,375,711123.0,0,0,0,True,False,-0.016371867761634018
2020-11-05,True,375,356684.0,0,0,0,True,False,0.01174345076784089
2020-11-06,True,375,474556.0,0,0,0,True,False,0.001357418815913114
2020-11-09,True,375,490802.0,0,0,0,True,False,0.012935530982683074
2020-11-10,True,375,1748612.0,0,0,0,True,False,0.010048689526572119
2020-11-11,True,375,1801610.0,0,0,0,True,False,0.00853374709076804
2020-11-12,True,375,1423084.0,0,0,0,True,False,-0.0017034162960158916
2020-11-13,True,375,822465.0,0,0,0,True,False,-0.005230467473030576
2020-11-14,False,60,,0,0,60,False,False,0.007173396674584387
2020-11-17,True,375,805579.0,0,0,0,True,False,0.0039193464607829576
2020-11-18,True,375,1209964.0,0,0,0,True,False,-0.0019390581717451116
2020-11-19,True,375,3036356.0,0,0,0,True,False,-0.016435721466975473
2020-11-20,True,375,1519999.0,0,0,0,True,False,0.010683097655037832
2020-11-23,True,375,765366.0,0,0,0,True,False,0.0077876106194689765
2020-11-24,True,375,905228.0,0,0,0,True,False,0.008799217847302643
2020-11-25,True,375,732905.0,0,0,0,True,False,0.003957783641160839
2020-11-26,True,375,1006242.0,0,0,0,True,False,0.011457214464733134
2020-11-27,True,375,997902.0,0,0,0,True,False,0.008440891429592368
2020-12-01,True,375,763731.0,0,0,0,True,False,0.030788010307880143
2020-12-02,True,375,616995.0,0,0,0,True,False,0.003629032258064546
2020-12-03,True,375,953087.0,0,0,0,True,False,0.018850987432674993
2020-12-04,True,375,1981641.0,0,0,0,True,False,0.003552397868561208
2020-12-07,True,375,732533.0,0,0,0,True,False,0.0050478677110530334
2020-12-08,True,375,878529.0,0,0,0,True,False,0.004617160446325652
2020-12-09,True,375,752355.0,0,0,0,True,False,0.005376802935905145
2020-12-10,True,375,1124861.0,0,0,0,True,False,-4.229939511857239e-05
2020-12-11,True,375,713473.0,0,0,0,True,False,-0.000841042893187538
2020-12-14,True,375,888189.0,0,0,0,True,False,0.005539236256818958
2020-12-15,True,375,1168210.0,0,0,0,True,False,0.0036130068245685543
2020-12-16,True,375,713967.0,0,0,0,True,False,0.009036144578313143
2020-12-17,True,375,834207.0,0,0,0,True,False,0.0008274557705187924
2020-12-18,True,375,1145689.0,0,0,0,True,False,0.006230407523511117
2020-12-21,True,375,2756932.0,0,0,0,True,False,0.0005095641266854578
2020-12-22,True,375,1711962.0,0,0,0,True,False,0.0030043441191993647
2020-12-23,True,375,545798.0,0,0,0,True,False,0.0024904138830692535
2020-12-24,True,375,526782.0,0,0,0,True,False,0.0063538419037847405
2020-12-28,True,375,450095.0,0,0,0,True,False,0.009661070636680424
2020-12-29,True,375,461723.0,0,0,0,True,False,0.0038372093023255616
2020-12-30,True,375,309749.0,0,0,0,True,False,0.002295273293133615
2020-12-31,True,375,386535.0,0,0,0,True,False,0.0019760548645821885
2021-01-01,False,376,352495.0,0,0,1,False,False,-0.004345801645196268
2021-01-04,True,375,508232.0,0,0,0,True,False,0.006439671461072605
2021-01-05,True,375,441322.0,0,0,0,True,False,-0.006083650190114032
2021-01-06,True,375,689311.0,0,0,0,True,False,0.0011481056257176547
2021-01-07,True,375,850014.0,0,0,0,True,False,0.011676111512569864
2021-01-08,True,375,789693.0,0,0,0,True,False,0.006937709809772485
2021-01-11,True,375,433773.0,0,0,0,True,False,0.0051640119281402
2021-01-12,True,375,572483.0,0,0,0,True,False,0.0008130682238154385
2021-01-13,True,375,677986.0,0,0,0,True,False,0.0024802872690925515
2021-01-14,False,376,597002.0,0,0,1,False,False,0.00592592592592589
2021-01-15,True,375,338565.0,0,0,0,True,False,-0.0002178649237472019
2021-01-18,True,375,517882.0,0,0,0,True,False,-0.008841732979664063
2021-01-19,True,375,464094.0,0,0,0,True,False,0.009263792129542425
2021-01-20,True,375,448442.0,0,0,0,True,False,-0.0010215995329830863
2021-01-21,True,375,439654.0,0,0,0,True,False,0.010320478001086375
2021-01-22,True,375,383199.0,0,0,0,True,False,-0.009346474160817464
2021-01-25,True,375,736289.0,0,0,0,True,False,0.0014985927848238934
2021-01-27,True,375,2247670.0,0,0,0,True,False,0.0042184806133303
2021-01-28,True,375,541636.0,0,0,0,True,False,-0.009830271344943076
2021-01-29,True,375,598970.0,0,0,0,True,False,0.010948227871590221
2021-02-01,False,376,473521.0,0,0,1,False,False,0.005980190618575909
2021-02-02,True,375,4039733.0,0,0,0,True,False,0.010454155955441413
2021-02-03,True,375,942004.0,0,0,0,True,False,0.004563211975969317
2021-02-04,True,375,617414.0,0,0,0,True,False,-0.0013097576948264411
2021-02-05,True,375,443471.0,0,0,0,True,False,0.006163934426229645
2021-02-08,True,375,431449.0,0,0,0,True,False,0.0034963881650560413
2021-02-09,True,375,583731.0,0,0,0,True,False,0.0025756600128783447
2021-02-10,True,375,428005.0,0,0,0,True,False,-0.0031948881789137795
2021-02-11,True,375,237762.0,0,0,0,True,False,-0.0023180940115904436
2021-02-12,True,375,317417.0,0,0,0,True,False,0.001304631441617854
2021-02-15,True,375,266285.0,0,0,0,True,False,0.0039447731755424265
2021-02-16,True,375,832797.0,0,0,0,True,False,0.003355376746913441
2021-02-17,True,375,361834.0,0,0,0,True,False,-0.003870967741935516
2021-02-18,False,376,277442.0,0,0,1,False,False,-0.004582714774414187
2021-02-19,True,375,369884.0,0,0,0,True,False,3.2812705079265925e-05
2021-02-22,True,375,732628.0,0,0,0,True,False,-0.0007275132275131879
2021-02-23,True,375,638928.0,0,0,0,True,False,0.005709568686799171
2021-02-24,False,223,452625.0,0,0,75,False,False,-0.00020174848688636615
2021-02-25,True,375,496685.0,0,0,0,True,False,0.007222586999343417
2021-02-26,True,375,430514.0,0,0,0,True,False,-0.018250471994965323
2021-03-01,True,375,431769.0,0,0,0,True,False,0.009848800110972444
2021-03-02,True,375,310858.0,0,0,0,True,False,0.0036637492367188607
2021-03-03,True,375,353788.0,0,0,0,True,False,0.005013290266141723
2021-03-04,True,375,671148.0,0,0,0,True,False,-0.015176840275456294
2021-03-05,True,375,667683.0,0,0,0,True,False,-0.006425153793574889
2021-03-08,True,375,396585.0,0,0,0,True,False,0.01014933533814033
2021-03-09,True,375,630013.0,0,0,0,True,False,0.007598282127518896
2021-03-10,True,375,331305.0,0,0,0,True,False,0.008609271523178919
2021-03-12,True,375,1325346.0,0,0,0,True,False,0.0024958949096880456
2021-03-15,True,375,439008.0,0,0,0,True,False,0.003996168961986735
2021-03-16,True,375,380399.0,0,0,0,True,False,0.0022222222222221255
2021-03-17,True,375,1066072.0,0,0,0,True,False,0.0013568521031208647
2021-03-18,True,375,498034.0,0,0,0,True,False,0.009816844734286123
2021-03-19,True,375,945457.0,0,0,0,True,False,-0.008409250175192673
2021-03-22,True,375,425879.0,0,0,0,True,False,-0.0021246458923512845
2021-03-23,True,375,378244.0,0,0,0,True,False,0.0
2021-03-24,True,375,326682.0,0,0,0,True,False,-0.003913198150124475
2021-03-25,True,375,456628.0,0,0,0,True,False,-0.011260443152924071
2021-03-26,True,375,722991.0,0,0,0,True,False,0.00895196506550211
2021-03-30,True,375,474001.0,0,0,0,True,False,0.006541087321728645
2021-03-31,True,375,337834.0,0,0,0,True,False,-0.003081232492997299
2021-04-01,True,375,257785.0,0,0,0,True,False,0.008912530383626383
2021-04-05,True,375,269772.0,0,0,0,True,False,-0.0020804438280166426
2021-04-06,True,375,317424.0,0,0,0,True,False,0.00028459622910004256
2021-04-07,True,375,294080.0,0,0,0,True,False,0.000892379082634287
2021-04-08,True,375,261646.0,0,0,0,True,False,0.0035230062987081645
2021-04-09,True,375,387433.0,0,0,0,True,False,-0.004225352112676051
2021-04-12,True,375,635786.0,0,0,0,True,False,-0.007864768683274015
2021-04-13,True,375,375325.0,0,0,0,True,False,-0.004249815225425002
2021-04-15,True,375,459954.0,0,0,0,True,False,0.0030551009274413232
2021-04-16,True,375,372318.0,0,0,0,True,False,-0.011264534883720922
2021-04-19,True,375,590476.0,0,0,0,True,False,-0.012891344383057057
2021-04-20,True,375,549302.0,0,0,0,True,False,0.0060975609756097615
2021-04-22,True,375,285039.0,0,0,0,True,False,-0.015037593984962405
2021-04-23,True,375,287762.0,0,0,0,True,False,-0.0038572445043628667
2021-04-26,True,375,297631.0,0,0,0,True,False,0.004569486404833789
2021-04-27,True,375,340163.0,0,0,0,True,False,0.0
2021-04-28,True,375,370136.0,0,0,0,True,False,0.0006141618497108592
2021-04-29,True,375,277477.0,0,0,0,True,False,0.007131681403049095
2021-04-30,True,375,264063.0,0,0,0,True,False,-0.00589101620029453
2021-05-03,True,375,252298.0,0,0,0,True,False,-0.01085780381329049
2021-05-04,True,375,205754.0,0,0,0,True,False,0.006336190831159216
2021-05-05,True,375,197579.0,0,0,0,True,False,0.003139013452914785
2021-05-06,False,374,,0,0,0,False,False,0.005235602094240788
2021-05-07,True,375,187780.0,0,0,0,True,False,0.005974607916355401
2021-05-10,True,375,326303.0,0,0,0,True,False,0.005186373642774633
2021-05-11,True,375,260517.0,0,0,0,True,False,-0.01312260878892979
2021-05-12,True,375,506060.0,0,0,0,True,False,-0.002169197396963085
2021-05-14,True,375,463052.0,0,0,0,True,False,0.005083096002018728
2021-05-17,True,375,3453974.0,0,0,0,True,False,0.01307882644043823
2021-05-18,True,375,517198.0,0,0,0,True,False,0.011664746543778914
2021-05-19,True,375,453508.0,0,0,0,True,False,-0.004996129758637613
2021-05-20,True,375,508599.0,0,0,0,True,False,0.005559515324305098
2021-05-21,True,375,235210.0,0,0,0,True,False,0.004008940291623908
2021-05-24,True,375,661339.0,0,0,0,True,False,0.0007047216349542751
2021-05-25,True,375,424870.0,0,0,0,True,False,0.011781011781011763
2021-05-26,True,375,528723.0,0,0,0,True,False,0.004717468406735481
2021-05-27,True,375,318165.0,0,0,0,True,False,0.0013229308005426876
2021-05-28,True,375,309575.0,0,0,0,True,False,0.002764666217127454
2021-05-31,True,375,364315.0,0,0,0,True,False,-0.0018305084745763311
2021-06-01,True,375,313803.0,0,0,0,True,False,-0.004312979691638907
2021-06-02,True,375,431054.0,0,0,0,True,False,-0.003190767141887374
2021-06-03,True,375,275481.0,0,0,0,True,False,0.005502717391304257
2021-06-04,True,375,984539.0,0,0,0,True,False,0.004596560846560793
2021-06-07,True,375,545073.0,0,0,0,True,False,0.005824926781646589
2021-06-08,True,375,492124.0,0,0,0,True,False,0.0037294238683127645
2021-06-09,True,375,269899.0,0,0,0,True,False,0.0001935858553268055
2021-06-10,True,375,302937.0,0,0,0,True,False,0.002959552778691199
2021-06-11,True,375,253295.0,0,0,0,True,False,0.0013166556945358732
2021-06-14,True,375,366391.0,0,0,0,True,False,-0.0015937842414581738
2021-06-15,True,375,261595.0,0,0,0,True,False,0.003532169147987929
2021-06-16,True,375,128997.0,0,0,0,True,False,-0.0028804131903059638
2021-06-17,True,375,210988.0,0,0,0,True,False,-0.006006912983657187
2021-06-18,True,375,200750.0,0,0,0,True,False,0.00205456382620417
2021-06-21,True,375,369691.0,0,0,0,True,False,-0.01291325806233512
2021-06-22,True,375,488461.0,0,0,0,True,False,0.0015669709769723372
2021-06-23,True,375,277813.0,0,0,0,True,False,0.0033333333333334103
2021-06-24,True,375,278149.0,0,0,0,True,False,0.005398110661268607
2021-06-25,True,375,251292.0,0,0,0,True,False,0.0003311258278144713
2021-06-28,True,375,289283.0,0,0,0,True,False,0.003947368421052699
2021-06-29,True,375,297673.0,0,0,0,True,False,-0.0013201320132013583
2021-06-30,True,375,215235.0,0,0,0,True,False,0.002645502645502562
2021-07-01,True,375,251126.0,0,0,0,True,False,-0.001833516685001868
2021-07-02,True,375,153427.0,0,0,0,True,False,0.0033444816053511683
2021-07-05,True,375,326183.0,0,0,0,True,False,0.0010077258985556892
2021-07-06,True,375,174030.0,0,0,0,True,False,0.0
2021-07-07,True,375,167818.0,0,0,0,True,False,-0.007304116865869847
2021-07-08,True,375,245300.0,0,0,0,True,False,-0.00634668782229264
2021-07-09,True,375,188485.0,0,0,0,True,False,-0.0014665688954068612
2021-07-12,True,375,122963.0,0,0,0,True,False,0.003267755918639592
2021-07-13,True,375,137897.0,0,0,0,True,False,0.00899100899100902
2021-07-14,True,375,709437.0,0,0,0,True,False,-0.0003632520969552022
2021-07-15,True,375,2854014.0,0,0,0,True,False,0.005840363400389403
2021-07-16,True,375,725531.0,0,0,0,True,False,0.00512131905193125
2021-07-19,True,375,250005.0,0,0,0,True,False,-0.010513296227581903
2021-07-20,True,375,287486.0,0,0,0,True,False,-6.21137302401209e-05
2021-07-22,True,375,318816.0,0,0,0,True,False,0.013407188267136716
2021-07-23,True,375,448367.0,0,0,0,True,False,-0.0006079027355623268
2021-07-26,True,375,328161.0,0,0,0,True,False,-0.0032467532467532756
2021-07-27,True,375,875700.0,0,0,0,True,False,0.007571728043553216
2021-07-28,True,375,497936.0,0,0,0,True,False,-0.007819314641744568
2021-07-29,True,375,292719.0,0,0,0,True,False,-0.0025031289111389077
2021-07-30,True,375,195497.0,0,0,0,True,False,0.0006261740763933155
2021-08-02,True,375,171531.0,0,0,0,True,False,0.002715440556821269
2021-08-03,True,375,241996.0,0,0,0,True,False,0.005569306930693019
2021-08-04,True,375,213605.0,0,0,0,True,False,0.005518087063151489
2021-08-05,True,375,318141.0,0,0,0,True,False,-0.0021558361564520956
2021-08-06,True,375,147395.0,0,0,0,True,False,0.0017239256249230728
2021-08-09,True,375,99007.0,0,0,0,True,False,0.006836544437538894
2021-08-10,True,375,175818.0,0,0,0,True,False,0.006896551724137945
2021-08-11,True,375,136237.0,0,0,0,True,False,0.0019216835207762628
2021-08-12,True,375,125841.0,0,0,0,True,False,0.0037878787878788955
2021-08-13,True,375,519617.0,0,0,0,True,False,0.0012315270935960854
2021-08-16,True,375,433869.0,0,0,0,True,False,0.004801920768307433
2021-08-17,True,375,195420.0,0,0,0,True,False,0.0006035003017501595
2021-08-18,True,375,399653.0,0,0,0,True,False,0.004881025015253115
2021-08-20,True,375,405676.0,0,0,0,True,False,-0.006809815950920228
2021-08-23,True,375,272283.0,0,0,0,True,False,0.005087939698492416
2021-08-24,True,375,205941.0,0,0,0,True,False,0.006998321669463792
2021-08-25,True,375,279557.0,0,0,0,True,False,0.004322139303482686
2021-08-26,True,375,181241.0,0,0,0,True,False,6.274706657460882e-05
2021-08-27,True,375,371980.0,0,0,0,True,False,0.0024999999999999467
2021-08-30,True,375,450849.0,0,0,0,True,False,0.004697986577181235
2021-08-31,True,375,298157.0,0,0,0,True,False,0.0015384615384614886
2021-09-01,True,375,945662.0,0,0,0,True,False,-0.0005080389695774068
2021-09-02,True,375,328268.0,0,0,0,True,False,-0.00014809110564817374
2021-09-03,True,375,210382.0,0,0,0,True,False,0.005450882806019797
2021-09-06,True,375,451636.0,0,0,0,True,False,0.002949852507374562
2021-09-07,True,375,127439.0,0,0,0,True,False,0.00041334514319468774
2021-09-08,True,375,162675.0,0,0,0,True,False,0.0
2021-09-09,True,375,154267.0,0,0,0,True,False,-0.00603512986038135
2021-09-13,True,375,294436.0,0,0,0,True,False,-0.004104499970040254
2021-09-14,True,375,134287.0,0,0,0,True,False,0.003292427416941024
2021-09-15,True,375,221344.0,0,0,0,True,False,0.0020630710285882703
2021-09-16,True,375,283090.0,0,0,0,True,False,-0.003990794954703114
2021-09-17,True,375,386985.0,0,0,0,True,False,0.0017431725740848503
2021-09-20,True,375,241849.0,0,0,0,True,False,-0.011511627906976685
2021-09-21,True,375,254761.0,0,0,0,True,False,-0.0008235294117647785
2021-09-22,True,375,133990.0,0,0,0,True,False,-0.0052601156069364
2021-09-23,True,375,202588.0,0,0,0,True,False,0.005647733590846471
2021-09-24,True,375,1190003.0,0,0,0,True,False,0.0028169014084507005
2021-09-27,True,375,109440.0,0,0,0,True,False,0.0038522547020167774
2021-09-28,True,375,174595.0,0,0,0,True,False,0.0035650623885918886
2021-09-29,True,375,122787.0,0,0,0,True,False,-0.0011534025374856371
2021-09-30,True,375,159687.0,0,0,0,True,False,-2.90697674418805e-05
2021-10-01,True,375,355346.0,0,0,0,True,False,-0.004048345458812497
2021-10-04,True,375,271551.0,0,0,0,True,False,0.00029481132075481753
2021-10-05,True,375,206087.0,0,0,0,True,False,-0.0002915451895043608
2021-10-06,True,375,219473.0,0,0,0,True,False,-0.0007276113973049281
2021-10-07,True,375,183979.0,0,0,0,True,False,0.00890908018172154
2021-10-08,True,375,315075.0,0,0,0,True,False,0.01573217360847612
2021-10-11,True,375,162331.0,0,0,0,True,False,0.0021676300578035157
2021-10-12,True,375,196799.0,0,0,0,True,False,-0.0037856726849155864
2021-10-13,True,375,247107.0,0,0,0,True,False,0.0031948881789136685
2021-10-14,True,375,716516.0,0,0,0,True,False,0.011021558966764378
2021-10-18,True,375,386815.0,0,0,0,True,False,0.010738555328728472
2021-10-19,True,375,1456974.0,0,0,0,True,False,0.013893557422969272
2021-10-20,True,375,672480.0,0,0,0,True,False,0.002702702702702675
2021-10-21,True,375,290261.0,0,0,0,True,False,0.0027070327606211197
2021-10-22,True,375,152954.0,0,0,0,True,False,0.004424778761061843
2021-10-25,True,375,547441.0,0,0,0,True,False,0.0017326663499426243
2021-10-26,True,375,349622.0,0,0,0,True,False,0.001121704991587258
2021-10-27,True,375,307502.0,0,0,0,True,False,0.0011117287381878782
2021-10-28,True,375,2439742.0,0,0,0,True,False,0.011551433389544563
2021-10-29,True,375,1157282.0,0,0,0,True,False,0.0027517886626307053
2021-11-01,False,374,247582.0,0,0,0,False,False,-0.0003658570905918923
2021-11-02,True,375,258410.0,0,0,0,True,False,0.0
2021-11-03,True,375,806963.0,0,0,0,True,False,0.0005503577325260967
2021-11-04,False,60,,0,0,60,False,False,0.006116126982445902
2021-11-08,True,375,1011222.0,0,0,0,True,False,0.018622315348349794
2021-11-09,True,375,348056.0,0,0,0,True,False,0.004415584415584428
2021-11-10,True,375,410786.0,0,0,0,True,False,-0.004301795420004639
2021-11-11,True,375,690891.0,0,0,0,True,False,-0.0005387654574375844
2021-11-12,True,375,336868.0,0,0,0,True,False,0.0026357951315312267
2021-11-15,True,375,123261.0,0,0,0,True,False,0.00012748597654255178
2021-11-16,True,375,564515.0,0,0,0,True,False,0.0006157635467980427
2021-11-17,True,375,470381.0,0,0,0,True,False,-0.0005128205128205332
2021-11-18,True,375,221041.0,0,0,0,True,False,0.0008199661763952371
2021-11-22,True,375,303215.0,0,0,0,True,False,0.0012395168521546207
2021-11-23,True,375,238449.0,0,0,0,True,False,-0.008042895442359255
2021-11-24,True,375,155734.0,0,0,0,True,False,0.0005282620179609676
2021-11-25,True,375,161261.0,0,0,0,True,False,0.0005393743257819938
2021-11-26,True,375,265957.0,0,0,0,True,False,-0.016189626746668906
2021-11-29,True,375,404535.0,0,0,0,True,False,-0.002244668911335568
2021-11-30,True,375,283308.0,0,0,0,True,False,8.488483956781145e-05
2021-12-01,True,375,297058.0,0,0,0,True,False,-0.0022342260810543912
2021-12-02,True,375,481366.0,0,0,0,True,False,-0.0022625698324022503
2021-12-03,True,375,1022549.0,0,0,0,True,False,0.0038761851645288115
2021-12-06,True,375,256811.0,0,0,0,True,False,-0.0005555555555555314
2021-12-07,True,375,213527.0,0,0,0,True,False,0.003559716343862984
2021-12-08,True,375,615290.0,0,0,0,True,False,0.004711326698447316
2021-12-09,True,375,415530.0,0,0,0,True,False,0.006361741801030885
2021-12-10,True,375,222136.0,0,0,0,True,False,-7.978935609997961e-05
2021-12-13,True,375,242179.0,0,0,0,True,False,0.013622373879298877
2021-12-14,True,375,110142.0,0,0,0,True,False,-0.006364637323092559
2021-12-15,True,375,225011.0,0,0,0,True,False,-0.0022190733363633974
2021-12-16,True,375,435148.0,0,0,0,True,False,0.006409744940024886
2021-12-17,True,375,130210.0,0,0,0,True,False,-0.004081850438865664
2021-12-20,False,371,,0,0,0,False,False,-0.013542795232936111
2021-12-21,True,375,175841.0,0,0,0,True,False,0.010505836575875449
2021-12-22,True,375,144051.0,0,0,0,True,False,-0.0013387978142076484
2021-12-23,True,375,306440.0,0,0,0,True,False,0.002769197997656958
2021-12-24,True,375,165633.0,0,0,0,True,False,0.006796375266524546
2021-12-27,True,375,99521.0,0,0,0,True,False,-0.0013695319423184804
2021-12-28,True,375,158826.0,0,0,0,True,False,0.002194860813704347
2021-12-29,True,375,145182.0,0,0,0,True,False,-0.0014753925598061102
2021-12-30,True,375,174967.0,0,0,0,True,False,-0.0008975712777191669
2021-12-31,True,375,134368.0,0,0,0,True,False,0.00010597991680572072
2022-01-03,True,375,286530.0,0,0,0,True,False,-0.000948966680725416
2022-01-04,True,375,156892.0,0,0,0,True,False,-0.0005977130977131706
2022-01-05,True,375,355954.0,0,0,0,True,False,0.0016516129032257965
2022-01-06,True,375,396930.0,0,0,0,True,False,-0.0006681056634803006
2022-01-07,True,375,129115.0,0,0,0,True,False,0.0023642504546634857
2022-01-10,True,375,177651.0,0,0,0,True,False,0.0030195615071550996
2022-01-11,True,375,249472.0,0,0,0,True,False,-0.0020481310803891484
2022-01-12,True,375,287136.0,0,0,0,True,False,0.010160318594914841
2022-01-13,True,375,476380.0,0,0,0,True,False,0.004117004244072131
2022-01-14,True,375,520310.0,0,0,0,True,False,-0.004842375728826953
2022-01-17,True,375,226561.0,0,0,0,True,False,0.0013467189030362814
2022-01-18,True,375,263794.0,0,0,0,True,False,0.0024147006978485486
2022-01-19,True,375,404187.0,0,0,0,True,False,-0.0029862533626199284
2022-01-20,True,375,120726.0,0,0,0,True,False,0.0015618414854847718
2022-01-21,True,375,181464.0,0,0,0,True,False,-0.013315744935039064
2022-01-24,True,375,196975.0,0,0,0,True,False,-0.0043290043290042934
2022-01-25,True,375,664600.0,0,0,0,True,False,-0.0010542962572482883
2022-01-27,True,375,377043.0,0,0,0,True,False,-0.0025008466407898666
2022-01-28,True,375,479310.0,0,0,0,True,False,0.001515785072130349
2022-01-31,True,375,760270.0,0,0,0,True,False,-0.004030877045077208
2022-02-01,True,375,607297.0,0,0,0,True,False,0.008708158995816007
2022-02-02,True,375,730805.0,0,0,0,True,False,5.0125313283189143e-05
2022-02-03,True,375,314850.0,0,0,0,True,False,0.0007323047397793658
2022-02-04,True,375,184084.0,0,0,0,True,False,0.008542583484338673
2022-02-07,True,375,190264.0,0,0,0,True,False,-0.006937307297019579
2022-02-08,True,375,304857.0,0,0,0,True,False,0.006872303020617032
2022-02-09,True,375,169365.0,0,0,0,True,False,0.006623577800331182
2022-02-10,True,375,143113.0,0,0,0,True,False,0.0010582010582009804
2022-02-11,True,375,227101.0,0,0,0,True,False,-0.00474183350895685
2022-02-14,True,375,564943.0,0,0,0,True,False,-0.01324946466809418
2022-02-15,True,375,366093.0,0,0,0,True,False,0.0072342793544797335
2022-02-16,True,375,255452.0,0,0,0,True,False,0.002779485260710368
2022-02-17,True,375,281759.0,0,0,0,True,False,0.005379236148467026
2022-02-18,True,375,403693.0,0,0,0,True,False,0.0022510451280952637
2022-02-21,True,375,175510.0,0,0,0,True,False,-0.00369307614644776
2022-02-22,True,375,323009.0,0,0,0,True,False,-0.025792584631918358
2022-02-23,True,375,260536.0,0,0,0,True,False,0.006477600566109576
2022-02-24,True,375,677131.0,0,0,0,True,False,-0.019653655854865337
2022-02-25,True,375,362628.0,0,0,0,True,False,0.013796046081638424
2022-02-28,True,375,212648.0,0,0,0,True,False,-0.008483146067415626
2022-03-02,True,375,519632.0,0,0,0,True,False,-0.008537592949600659
2022-03-03,True,375,275720.0,0,0,0,True,False,0.008047673414831147
2022-03-04,True,375,300065.0,0,0,0,True,False,-0.009957325746799417
2022-03-07,False,360,,0,0,0,False,False,-0.030829924021040345
2022-03-08,True,375,465587.0,0,0,0,True,False,-0.0073175193609366085
2022-03-09,True,375,475589.0,0,0,0,True,False,0.011585108308694858
2022-03-10,True,375,620820.0,0,0,0,True,False,0.030164885586572376
2022-03-11,True,375,221849.0,0,0,0,True,False,-0.0028985507246376274
2022-03-14,True,375,239238.0,0,0,0,True,False,0.004748668056520744
2022-03-15,True,375,278571.0,0,0,0,True,False,-0.0029944388991872684
2022-03-16,True,375,235746.0,0,0,0,True,False,0.01148765077541647
2022-03-17,True,375,280198.0,0,0,0,True,False,0.014322323462414577
2022-03-21,True,375,298867.0,0,0,0,True,False,0.007816862088218857
2022-03-22,True,375,428084.0,0,0,0,True,False,0.000911836781216202
2022-03-23,True,375,353567.0,0,0,0,True,False,0.002901653660872805
2022-03-24,True,375,211631.0,0,0,0,True,False,-0.005665722379603388
2022-03-25,True,375,249199.0,0,0,0,True,False,0.004923877978380009
2022-03-28,True,375,162007.0,0,0,0,True,False,-0.0003138284214430076
2022-03-29,True,375,152650.0,0,0,0,True,False,0.004971121519496524
2022-03-30,True,375,188389.0,0,0,0,True,False,0.009368751785204354
2022-03-31,True,375,157497.0,0,0,0,True,False,0.002816980760021348
2022-04-01,True,375,142073.0,0,0,0,True,False,-0.004977938680846172
2022-04-04,True,375,245448.0,0,0,0,True,False,-0.0030734842134674256
2022-04-05,True,375,376176.0,0,0,0,True,False,0.008219178082191858
2022-04-06,True,375,327253.0,0,0,0,True,False,5.4558350155442525e-05
2022-04-07,True,375,379533.0,0,0,0,True,False,-0.0005942733657482435
2022-04-08,True,375,175698.0,0,0,0,True,False,0.005698630136986349
2022-04-11,True,375,146558.0,0,0,0,True,False,-0.00638663718987964
2022-04-12,True,375,404872.0,0,0,0,True,False,-0.0012344293569745979
2022-04-13,True,375,197464.0,0,0,0,True,False,0.001827527127355788
2022-04-18,True,375,269587.0,0,0,0,True,False,-0.006965966279036673
2022-04-19,True,375,429933.0,0,0,0,True,False,0.003616532721010257
2022-04-20,True,375,536235.0,0,0,0,True,False,0.005852941176470505
2022-04-21,True,375,161541.0,0,0,0,True,False,0.0067989003517692215
2022-04-22,True,375,290355.0,0,0,0,True,False,-0.00874125874125875
2022-04-25,True,375,278146.0,0,0,0,True,False,-0.01179941002949858
2022-04-26,True,375,363391.0,0,0,0,True,False,0.012048192771084265
2022-04-27,True,375,188561.0,0,0,0,True,False,-0.014387007561269871
2022-04-28,True,375,249859.0,0,0,0,True,False,0.007902191739973086
2022-04-29,True,375,223553.0,0,0,0,True,False,0.0
2022-05-02,True,375,144123.0,0,0,0,True,False,-0.017892878163625725
2022-05-04,True,375,169752.0,0,0,0,True,False,0.0008939213349226094
2022-05-05,True,375,121643.0,0,0,0,True,False,0.007138499084807792
2022-05-06,True,375,177041.0,0,0,0,True,False,-0.012285312633702028
2022-05-09,True,375,246617.0,0,0,0,True,False,-0.010129310344827669
2022-05-10,True,375,158958.0,0,0,0,True,False,-0.004941321803582421
2022-05-11,True,375,279701.0,0,0,0,True,False,-0.002803738317757043
2022-05-12,True,375,351462.0,0,0,0,True,False,-0.014621741894469187
2022-05-13,True,375,1271742.0,0,0,0,True,False,-0.0013054830287205776
2022-05-16,True,375,259332.0,0,0,0,True,False,0.008786202408070265
2022-05-17,True,375,217630.0,0,0,0,True,False,-0.005151320025756578
2022-05-18,True,375,413495.0,0,0,0,True,False,0.00951670087702916
2022-05-19,True,375,338167.0,0,0,0,True,False,-0.01659106049551129
2022-05-20,True,375,209117.0,0,0,0,True,False,0.012091703479186089
2022-05-23,True,375,549144.0,0,0,0,True,False,0.011801242236024745
2022-05-24,True,375,408629.0,0,0,0,True,False,0.0023156611822059414
2022-05-25,True,375,144856.0,0,0,0,True,False,0.004984922149055215
2022-05-26,True,375,543501.0,0,0,0,True,False,-0.002533248891703588
2022-05-27,True,375,167529.0,0,0,0,True,False,0.0033121019108279803
2022-05-30,True,375,259534.0,0,0,0,True,False,0.010605115408608867
2022-05-31,True,375,224181.0,0,0,0,True,False,-0.0012030075187969835
2022-06-01,True,375,166482.0,0,0,0,True,False,0.0027896540222565047
2022-06-02,True,375,261293.0,0,0,0,True,False,-0.010909090909090868
2022-06-03,True,375,486963.0,0,0,0,True,False,0.009498584345602357
2022-06-06,True,375,227178.0,0,0,0,True,False,0.00136371901327359
2022-06-07,True,375,199055.0,0,0,0,True,False,-0.004853628010623057
2022-06-08,True,375,192131.0,0,0,0,True,False,0.003523342141688701
2022-06-09,True,375,285445.0,0,0,0,True,False,-0.018170347003154563
2022-06-10,True,375,133187.0,0,0,0,True,False,-0.016290726817042578
2022-06-13,True,375,408565.0,0,0,0,True,False,-0.015647181299094592
2022-06-14,True,375,196389.0,0,0,0,True,False,-0.0019218241042345818
2022-06-15,True,375,361275.0,0,0,0,True,False,0.0032080362929358675
2022-06-16,True,375,205944.0,0,0,0,True,False,0.005126890540886997
2022-06-17,True,375,671931.0,0,0,0,True,False,-0.0019672131147541183
2022-06-20,True,375,207609.0,0,0,0,True,False,0.0024219590958018955
2022-06-21,True,375,140006.0,0,0,0,True,False,0.004309028602449638
2022-06-22,True,375,233709.0,0,0,0,True,False,-0.006004002668445585
2022-06-23,True,375,200115.0,0,0,0,True,False,0.0028769673379589467
2022-06-24,True,375,172446.0,0,0,0,True,False,0.0038100330871295718
2022-06-27,True,375,458399.0,0,0,0,True,False,0.01735647530040052
2022-06-28,True,375,326105.0,0,0,0,True,False,-0.006332196785192368
2022-06-29,True,375,209719.0,0,0,0,True,False,-0.014639639639639657
2022-06-30,True,375,301175.0,0,0,0,True,False,0.0006782945736434343
2022-07-01,True,375,144049.0,0,0,0,True,False,0.003181233933162053
2022-07-04,True,375,156667.0,0,0,0,True,False,0.0001908639776053711
2022-07-05,True,375,157041.0,0,0,0,True,False,0.00189753320683117
2022-07-06,True,375,216892.0,0,0,0,True,False,0.00019166267369419288
2022-07-07,True,375,111099.0,0,0,0,True,False,0.0037820512820514463
2022-07-08,True,375,1332372.0,0,0,0,True,False,0.005926339632008393
2022-07-11,True,375,286051.0,0,0,0,True,False,-0.0004449190247375334
2022-07-12,True,375,238102.0,0,0,0,True,False,-0.004331608711346413
2022-07-13,True,375,467254.0,0,0,0,True,False,0.007263922518159882
2022-07-14,True,375,201320.0,0,0,0,True,False,-3.0268176039793815e-05
2022-07-15,True,375,175073.0,0,0,0,True,False,0.004952149475922818
2022-07-18,False,376,557399.0,0,0,1,False,False,0.005960854092526668
2022-07-19,True,375,219517.0,0,0,0,True,False,-0.002638445926355426
2022-07-20,True,375,246038.0,0,0,0,True,False,0.006564488143435465
2022-07-21,True,375,547432.0,0,0,0,True,False,-0.007813846595805751
2022-07-22,True,375,208971.0,0,0,0,True,False,0.0013612387272419202
2022-07-25,True,375,217776.0,0,0,0,True,False,0.0
2022-07-26,True,375,177863.0,0,0,0,True,False,0.0004213483146067176
2022-07-27,True,375,1058433.0,0,0,0,True,False,0.002056672760511802
2022-07-28,True,375,204532.0,0,0,0,True,False,0.00534699788347992
2022-07-29,True,375,314063.0,0,0,0,True,False,0.005596032911322268
2022-08-01,True,375,168467.0,0,0,0,True,False,0.002189518028879567
2022-08-02,True,375,176530.0,0,0,0,True,False,-0.0022338049143707517
2022-08-03,True,375,171203.0,0,0,0,True,False,0.0034136377626681202
2022-08-04,True,375,253106.0,0,0,0,True,False,0.0021229050279329975
2022-08-05,True,375,282266.0,0,0,0,True,False,0.0017698617822228258
2022-08-08,True,375,238157.0,0,0,0,True,False,0.004164454009335072
2022-08-10,True,375,282448.0,0,0,0,True,False,0.001614624668180964
2022-08-11,True,375,588937.0,0,0,0,True,False,0.009201295196977766
2022-08-12,True,375,143162.0,0,0,0,True,False,0.0009123597917672921
2022-08-16,True,375,159730.0,0,0,0,True,False,0.005486931372814086
2022-08-17,True,375,187627.0,0,0,0,True,False,0.0071691375392273216
2022-08-18,True,375,216644.0,0,0,0,True,False,0.0010781671159030282
2022-08-19,True,375,532251.0,0,0,0,True,False,5.279831045412742e-05
2022-08-22,True,375,526887.0,0,0,0,True,False,0.0010852713178293172
2022-08-23,True,375,235858.0,0,0,0,True,False,-0.0037293553542887548
2022-08-24,True,375,208450.0,0,0,0,True,False,-0.004695333846194583
2022-08-25,True,375,124682.0,0,0,0,True,False,0.005291005291005346
2022-08-26,True,375,161981.0,0,0,0,True,False,0.007623007623007494
2022-08-29,True,375,244805.0,0,0,0,True,False,-0.018578776110003248
2022-08-30,True,375,138497.0,0,0,0,True,False,0.006323060573857564
2022-09-01,True,375,374139.0,0,0,0,True,False,-0.007295466388744121
2022-09-02,True,375,350835.0,0,0,0,True,False,-0.007908542792263717
2022-09-05,True,375,315311.0,0,0,0,True,False,0.004097938144330016
2022-09-06,True,375,288103.0,0,0,0,True,False,0.004989816700611049
2022-09-07,True,375,164816.0,0,0,0,True,False,-0.011659877800407337
2022-09-08,True,375,151048.0,0,0,0,True,False,0.005569749616760378
2022-09-09,True,375,83118.0,0,0,0,True,False,0.0032217148655504513
2022-09-12,True,375,97493.0,0,0,0,True,False,-0.0006150849586099572
2022-09-13,True,375,125915.0,0,0,0,True,False,0.0035168195718655593
2022-09-14,True,375,340850.0,0,0,0,True,False,-0.012738693467336692
2022-09-15,True,375,215983.0,0,0,0,True,False,0.0010730710270823174
2022-09-16,True,375,225670.0,0,0,0,True,False,-0.006125574272588086
2022-09-19,True,375,262961.0,0,0,0,True,False,-0.002285120747857694
2022-09-20,True,375,183803.0,0,0,0,True,False,0.009594018769769619
2022-09-21,True,375,117534.0,0,0,0,True,False,-0.004095386210471785
2022-09-22,True,375,235638.0,0,0,0,True,False,-0.008952080042127442
2022-09-23,True,375,94444.0,0,0,0,True,False,0.0012184139428934593
2022-09-26,True,375,224675.0,0,0,0,True,False,-0.006448146157979617
2022-09-27,True,375,185028.0,0,0,0,True,False,0.00010777023386143725
2022-09-28,True,375,224032.0,0,0,0,True,False,-0.00882990249187432
2022-09-29,True,375,147015.0,0,0,0,True,False,0.00742743234756027
2022-09-30,True,375,187494.0,0,0,0,True,False,0.004046020037432596
2022-10-03,True,375,160457.0,0,0,0,True,False,0.003250270855904569
2022-10-04,True,375,228518.0,0,0,0,True,False,0.007133841848213862
2022-10-06,True,375,596090.0,0,0,0,True,False,0.00480512546716505
2022-10-07,True,375,369274.0,0,0,0,True,False,-0.0026439098452919474
2022-10-10,True,375,174007.0,0,0,0,True,False,-0.009875259875259834
2022-10-11,True,375,99319.0,0,0,0,True,False,0.007225130890052389
2022-10-12,True,375,208261.0,0,0,0,True,False,0.002853866054996823
2022-10-13,True,375,246278.0,0,0,0,True,False,-0.004190675746464145
2022-10-14,True,375,228864.0,0,0,0,True,False,0.010799595680161644
2022-10-17,True,375,289760.0,0,0,0,True,False,-0.006318537859007822
2022-10-18,True,375,274355.0,0,0,0,True,False,0.004616854171088924
2022-10-19,True,375,297348.0,0,0,0,True,False,0.0005211047420532466
2022-10-20,True,375,181846.0,0,0,0,True,False,-0.0027313076135199177
2022-10-21,True,375,167862.0,0,0,0,True,False,0.0053057364992645795
2022-10-24,False,60,,0,0,60,False,False,0.01767312723583747
2022-10-25,True,375,273906.0,0,0,0,True,False,0.0022504841157691136
2022-10-27,True,375,390042.0,0,0,0,True,False,0.0036503856041130156
2022-10-28,True,375,282383.0,0,0,0,True,False,0.003562340966921207
2022-10-31,True,375,283548.0,0,0,0,True,False,0.005111594716331824
2022-11-01,True,375,1017185.0,0,0,0,True,False,0.0002707425730388291
2022-11-02,True,375,357285.0,0,0,0,True,False,0.008168316831683065
2022-11-03,True,375,135406.0,0,0,0,True,False,-0.004021647385929139
2022-11-04,True,375,803096.0,0,0,0,True,False,0.0024937655860348684
2022-11-07,True,375,215404.0,0,0,0,True,False,0.004172876304023854
2022-11-09,True,375,244081.0,0,0,0,True,False,0.004987593052109052
2022-11-10,True,375,227922.0,0,0,0,True,False,-0.00197603741964536
2022-11-11,True,375,235352.0,0,0,0,True,False,0.012660786939930668
2022-11-14,True,375,124142.0,0,0,0,True,False,-0.0001738353034668183
2022-11-15,True,375,200370.0,0,0,0,True,False,0.0017253882123478004
2022-11-16,True,375,138987.0,0,0,0,True,False,-0.006006006006005982
2022-11-17,True,375,578552.0,0,0,0,True,False,-0.0014962593516208988
2022-11-18,True,375,189504.0,0,0,0,True,False,0.00492853622474132
2022-11-21,True,375,129535.0,0,0,0,True,False,-0.0009896091044037103
2022-11-22,True,375,246945.0,0,0,0,True,False,0.005246146195922341
2022-11-23,True,375,97403.0,0,0,0,True,False,0.005399408284023632
2022-11-24,True,375,72838.0,0,0,0,True,False,0.003632948619726628
2022-11-25,True,375,709882.0,0,0,0,True,False,0.0024319066147859836
2022-11-28,True,375,142489.0,0,0,0,True,False,0.000654386815317487
2022-11-29,True,375,204728.0,0,0,0,True,False,0.002397036391370566
2022-11-30,True,375,202335.0,0,0,0,True,False,0.00024360535931799987
2022-12-01,True,375,467968.0,0,0,0,True,False,0.005909310178485283
2022-12-02,True,375,274463.0,0,0,0,True,False,-0.0032810271041370243
2022-12-05,True,375,205308.0,0,0,0,True,False,0.002103702995386092
2022-12-06,True,375,212714.0,0,0,0,True,False,-0.003638801110791845
2022-12-07,True,375,937842.0,0,0,0,True,False,0.0006205250596660328
2022-12-08,True,375,805415.0,0,0,0,True,False,-0.0023529411764705577
2022-12-09,True,375,413815.0,0,0,0,True,False,0.001385681293302632
2022-12-12,True,375,243048.0,0,0,0,True,False,-0.0005116279069766749
2022-12-13,True,375,176347.0,0,0,0,True,False,0.005956933917437235
2022-12-14,True,375,291410.0,0,0,0,True,False,0.002371304908370675
2022-12-15,True,375,225656.0,0,0,0,True,False,0.0015501755345823653
2022-12-16,True,375,422605.0,0,0,0,True,False,-0.008579162270037077
2022-12-19,True,375,244079.0,0,0,0,True,False,0.0004608294930874557
2022-12-20,True,375,274355.0,0,0,0,True,False,-0.0014200641319285223
2022-12-21,True,375,282953.0,0,0,0,True,False,-0.0024093036185888206
2022-12-22,True,375,298483.0,0,0,0,True,False,-0.0018621973929237035
2022-12-23,True,375,289719.0,0,0,0,True,False,-0.006380606750634454
2022-12-26,True,375,186005.0,0,0,0,True,False,-0.004968492486669862
2022-12-27,True,375,108294.0,0,0,0,True,False,0.006441262391648106
2022-12-28,True,375,195692.0,0,0,0,True,False,0.003771805752003754
2022-12-29,True,375,100753.0,0,0,0,True,False,-0.0018924609088543098
2022-12-30,True,375,142119.0,0,0,0,True,False,2.3641220832759657e-05
2023-01-02,True,375,83796.0,0,0,0,True,False,0.0028510505761998317
2023-01-03,True,375,94657.0,0,0,0,True,False,-0.0019359001935901343
2023-01-04,True,375,104287.0,0,0,0,True,False,0.0
2023-01-05,True,375,188193.0,0,0,0,True,False,0.0053165780570323395
2023-01-06,True,375,432668.0,0,0,0,True,False,0.0003350083752093891
2023-01-09,True,375,187847.0,0,0,0,True,False,0.009578544061302763
2023-01-10,True,375,160323.0,0,0,0,True,False,0.008205055449149956
2023-01-11,True,375,156553.0,0,0,0,True,False,0.000998098859315455
2023-01-12,True,375,326730.0,0,0,0,True,False,-0.006985466479137448
2023-01-13,True,375,311729.0,0,0,0,True,False,0.000647998148576745
2023-01-16,True,375,121015.0,0,0,0,True,False,-0.001813194476730673
2023-01-17,True,375,212362.0,0,0,0,True,False,0.0035406945388891664
2023-01-18,True,375,443494.0,0,0,0,True,False,0.001849429383373069
2023-01-19,True,375,264304.0,0,0,0,True,False,-0.002295755060594762
2023-01-20,True,375,292040.0,0,0,0,True,False,0.004599471830985857
2023-01-23,True,375,161865.0,0,0,0,True,False,0.0029354207436398383
2023-01-24,True,375,104393.0,0,0,0,True,False,0.00434004474272931
2023-01-25,True,375,223228.0,0,0,0,True,False,-0.00018170255292093707
2023-01-27,True,375,177990.0,0,0,0,True,False,-9.195825095420496e-05
2023-01-30,True,375,553703.0,0,0,0,True,False,-0.01412102412148708
2023-01-31,True,375,850924.0,0,0,0,True,False,-0.000966069745523157
2023-02-01,True,375,934774.0,0,0,0,True,False,0.005657708628005631
2023-02-02,True,375,761142.0,0,0,0,True,False,-0.007620817843866257
2023-02-03,True,375,400716.0,0,0,0,True,False,0.016458887799411626
2023-02-06,True,375,434192.0,0,0,0,True,False,0.0015039333641833075
2023-02-07,True,375,112545.0,0,0,0,True,False,0.0019694161260426224
2023-02-08,True,375,197539.0,0,0,0,True,False,-0.002976465159206243
2023-02-09,True,375,285777.0,0,0,0,True,False,0.007851869213641116
2023-02-10,True,375,336589.0,0,0,0,True,False,-0.0039095224797542905
2023-02-13,True,375,358783.0,0,0,0,True,False,0.006018518518518423
2023-02-14,True,375,178772.0,0,0,0,True,False,0.005218969820739661
2023-02-15,True,375,393808.0,0,0,0,True,False,-0.0015301345148103218
2023-02-16,True,375,270239.0,0,0,0,True,False,0.00491705344423532
2023-02-17,True,375,212399.0,0,0,0,True,False,-0.002803437657980523
2023-02-20,True,375,163140.0,0,0,0,True,False,0.0030085316569374854
2023-02-21,True,375,117034.0,0,0,0,True,False,0.008331456879081323
2023-02-22,True,375,290922.0,0,0,0,True,False,-0.002840718455722757
2023-02-23,True,375,163034.0,0,0,0,True,False,0.000453926463912957
2023-02-24,True,375,171851.0,0,0,0,True,False,0.0027855153203342198
2023-02-27,True,375,125925.0,0,0,0,True,False,-0.0004917802444849295
2023-02-28,True,375,250660.0,0,0,0,True,False,0.0014204545454545858
2023-03-01,True,375,243398.0,0,0,0,True,False,-0.003724173921294205
2023-03-02,True,375,350313.0,0,0,0,True,False,0.00521497003161997
2023-03-03,True,375,277922.0,0,0,0,True,False,0.010625737898465104
2023-03-06,True,375,319624.0,0,0,0,True,False,0.0024384579656293592
2023-03-08,True,375,522168.0,0,0,0,True,False,0.005607476635514086
2023-03-09,True,375,227128.0,0,0,0,True,False,0.0013581952117862617
2023-03-10,True,375,513869.0,0,0,0,True,False,-0.009781344763902466
2023-03-13,True,375,205963.0,0,0,0,True,False,0.001875000000000071
2023-03-14,True,375,694381.0,0,0,0,True,False,0.0010971055088702109
2023-03-15,True,375,381356.0,0,0,0,True,False,0.004269141531322518
2023-03-16,True,375,617710.0,0,0,0,True,False,0.0041362194953811215
2023-03-17,True,375,549283.0,0,0,0,True,False,0.006188887610721228
2023-03-20,True,375,160791.0,0,0,0,True,False,-0.0010713715835782844
2023-03-21,True,375,265588.0,0,0,0,True,False,0.0016980266177144543
2023-03-22,True,375,558234.0,0,0,0,True,False,0.006461852397687373
2023-03-23,True,375,397797.0,0,0,0,True,False,0.002263467632412919
2023-03-24,True,375,196249.0,0,0,0,True,False,-0.0003625158600689682
2023-03-27,True,375,158305.0,0,0,0,True,False,0.00048298068077290424
2023-03-28,True,375,110730.0,0,0,0,True,False,0.00783392998279786
2023-03-29,True,375,190830.0,0,0,0,True,False,0.001053666760326033
2023-03-31,True,375,324487.0,0,0,0,True,False,0.0030232558139535737
2023-04-03,True,375,164737.0,0,0,0,True,False,0.0046545923775289655
2023-04-05,True,375,134148.0,0,0,0,True,False,0.0004610419548178868
2023-04-06,True,375,621610.0,0,0,0,True,False,-0.0005533421868083588
2023-04-10,True,375,361137.0,0,0,0,True,False,0.003822159739917508
2023-04-11,True,375,180182.0,0,0,0,True,False,0.004459453608693931
2023-04-12,True,375,117328.0,0,0,0,True,False,0.0008688097306690512
2023-04-13,True,375,153638.0,0,0,0,True,False,0.0025338575797291263
2023-04-17,True,375,703234.0,0,0,0,True,False,-0.0020985199911641716
2023-04-18,True,375,359090.0,0,0,0,True,False,0.0031631269769543113
2023-04-19,True,375,370564.0,0,0,0,True,False,-0.006255625562556322
2023-04-20,True,375,392267.0,0,0,0,True,False,0.003155996393146898
2023-04-21,True,375,148031.0,0,0,0,True,False,0.001699197352829529
2023-04-24,True,375,130045.0,0,0,0,True,False,0.0023025870242447954
2023-04-25,True,375,165837.0,0,0,0,True,False,-0.0006494960806270322
2023-04-26,True,375,296210.0,0,0,0,True,False,0.0009128150325050655
2023-04-27,True,375,116511.0,0,0,0,True,False,-0.0005489679402722603
2023-04-28,True,375,242933.0,0,0,0,True,False,0.0028624712668605667
2023-05-02,True,375,507705.0,0,0,0,True,False,0.005593220338983018
2023-05-03,True,375,124849.0,0,0,0,True,False,-0.0012149141181400092
2023-05-04,True,375,165808.0,0,0,0,True,False,0.0028874734607220454
2023-05-05,True,375,597541.0,0,0,0,True,False,-0.002539145154464628
2023-05-08,True,375,112245.0,0,0,0,True,False,-0.0008405303746663595
2023-05-09,True,375,189337.0,0,0,0,True,False,-0.00014780405405401265
2023-05-10,True,375,163116.0,0,0,0,True,False,0.00509495136637339
2023-05-11,True,375,3398738.0,0,0,0,True,False,-0.030354131534570006
2023-05-12,True,375,1177621.0,0,0,0,True,False,-0.009514260249554374
2023-05-15,True,375,292163.0,0,0,0,True,False,-0.002291105121293713
2023-05-16,True,375,358318.0,0,0,0,True,False,0.005171645118145385
2023-05-17,True,375,237856.0,0,0,0,True,False,-0.0016382405745063444
2023-05-18,True,375,227735.0,0,0,0,True,False,0.005636978579481422
2023-05-19,True,375,278318.0,0,0,0,True,False,0.002011336624611504
2023-05-22,True,375,201636.0,0,0,0,True,False,-0.003072721065209949
2023-05-23,True,375,233298.0,0,0,0,True,False,0.002635431918008635
2023-05-24,True,375,203736.0,0,0,0,True,False,0.002277904328018332
2023-05-25,True,375,218108.0,0,0,0,True,False,0.0
2023-05-26,True,375,163275.0,0,0,0,True,False,0.0015642356781753186
2023-05-29,True,375,204758.0,0,0,0,True,False,0.003155996393146898
2023-05-30,True,375,122919.0,0,0,0,True,False,0.0012122300543258024
2023-05-31,True,375,270746.0,0,0,0,True,False,-0.004927667269439495
2023-06-01,True,375,188735.0,0,0,0,True,False,0.0033717272747844085
2023-06-02,True,375,115474.0,0,0,0,True,False,0.005250294197519656
2023-06-05,True,375,355087.0,0,0,0,True,False,0.004025044722719251
2023-06-06,True,375,305056.0,0,0,0,True,False,-0.00022031284423884578
2023-06-07,True,375,486048.0,0,0,0,True,False,-0.0008771929824561431
2023-06-08,True,375,210622.0,0,0,0,True,False,0.00041018998272868146
2023-06-09,True,375,332355.0,0,0,0,True,False,0.0019654759870106897
2023-06-12,True,375,232536.0,0,0,0,True,False,0.0007405056595790604
2023-06-13,True,375,187797.0,0,0,0,True,False,0.0024785795175314984
2023-06-14,True,375,93118.0,0,0,0,True,False,-0.00046728971962617383
2023-06-15,True,375,98414.0,0,0,0,True,False,0.0
2023-06-16,True,375,113871.0,0,0,0,True,False,0.0022684871099050152
2023-06-19,True,375,298808.0,0,0,0,True,False,0.005430763053906107
2023-06-20,True,375,121559.0,0,0,0,True,False,-0.00044378698224856183
2023-06-21,True,375,227470.0,0,0,0,True,False,-0.002512562814070307
2023-06-22,True,375,131698.0,0,0,0,True,False,0.0002506265664159457
2023-06-23,True,375,332126.0,0,0,0,True,False,0.00039288668320924813
2023-06-26,True,375,98327.0,0,0,0,True,False,0.002173095407246306
2023-06-27,True,375,214139.0,0,0,0,True,False,0.005242105263157715
2023-06-28,True,375,118919.0,0,0,0,True,False,0.004604437002930117
2023-06-30,True,375,305078.0,0,0,0,True,False,-0.0016501650165016146
2023-07-03,True,375,169079.0,0,0,0,True,False,0.0012929292929291236
2023-07-04,True,375,178070.0,0,0,0,True,False,0.0008957654723127373
2023-07-05,True,375,138632.0,0,0,0,True,False,-0.0007105877575880326
2023-07-06,True,375,105447.0,0,0,0,True,False,-0.0015776699029126373
2023-07-07,True,375,173852.0,0,0,0,True,False,-0.0017088862082830225
2023-07-10,True,375,77646.0,0,0,0,True,False,-0.0008564087924635144
2023-07-11,True,375,152953.0,0,0,0,True,False,0.0004496954335473369
2023-07-12,True,375,121807.0,0,0,0,True,False,0.0007868138075737274
2023-07-13,True,375,120769.0,0,0,0,True,False,0.004480651731160856
2023-07-14,True,375,81364.0,0,0,0,True,False,-0.0027472527472527375
2023-07-17,True,375,66429.0,0,0,0,True,False,0.0
2023-07-18,True,375,58175.0,0,0,0,True,False,-0.002404088971494245
2023-07-19,True,375,151534.0,0,0,0,True,False,-0.001774909237595823
2023-07-20,True,375,94642.0,0,0,0,True,False,-0.0012014417300760805
2023-07-21,True,375,1367744.0,0,0,0,True,False,0.012810730492751388
2023-07-24,True,375,612311.0,0,0,0,True,False,0.020308299324990786
2023-07-25,True,375,214539.0,0,0,0,True,False,0.0030674846625766694
2023-07-26,True,375,1976165.0,0,0,0,True,False,0.010136452241715332
2023-07-27,True,375,344997.0,0,0,0,True,False,0.006391402714932104
2023-07-28,True,375,161025.0,0,0,0,True,False,-0.0006761960217133156
2023-07-31,True,375,169189.0,0,0,0,True,False,0.0022650056625141968
2023-08-01,True,375,139858.0,0,0,0,True,False,-0.00024235645041015275
2023-08-02,True,375,204888.0,0,0,0,True,False,-0.011985018726591745
2023-08-03,True,375,217362.0,0,0,0,True,False,-0.0003822629969418845
2023-08-04,True,375,187212.0,0,0,0,True,False,0.0025014431402732296
2023-08-07,True,375,150105.0,0,0,0,True,False,-0.001519756838905817
2023-08-08,True,375,64571.0,0,0,0,True,False,0.0003601076532353531
2023-08-09,True,375,77551.0,0,0,0,True,False,0.0
2023-08-10,True,375,88140.0,0,0,0,True,False,-0.003735849056603846
2023-08-11,True,375,109716.0,0,0,0,True,False,7.570452523819604e-05
2023-08-14,True,375,112404.0,0,0,0,True,False,-1.8960580952298578e-05
2023-08-16,True,375,308579.0,0,0,0,True,False,0.004138449962377777
2023-08-17,True,375,129431.0,0,0,0,True,False,1.8580453363226113e-05
2023-08-18,True,375,212509.0,0,0,0,True,False,0.0007552870090634656
2023-08-21,True,375,118989.0,0,0,0,True,False,0.0026947528228484785
2023-08-22,True,375,214459.0,0,0,0,True,False,0.004461344427084235
2023-08-23,True,375,475404.0,0,0,0,True,False,0.0039380365808137086
2023-08-24,True,375,736998.0,0,0,0,True,False,0.010816379088333772
2023-08-25,True,375,158551.0,0,0,0,True,False,-0.004165659345768402
2023-08-28,True,375,232881.0,0,0,0,True,False,0.00818768996960495
2023-08-29,True,375,188116.0,0,0,0,True,False,0.006649084357936319
2023-08-30,True,375,552153.0,0,0,0,True,False,0.00220835863744262
2023-08-31,True,375,137858.0,0,0,0,True,False,0.0033938320790909415
2023-09-01,True,375,189882.0,0,0,0,True,False,-0.0022091310751104487
2023-09-04,True,375,316526.0,0,0,0,True,False,0.010351201478743022
2023-09-05,True,375,177141.0,0,0,0,True,False,0.0027644673792848184
2023-09-06,True,375,263772.0,0,0,0,True,False,0.001828153564899404
2023-09-07,True,375,159398.0,0,0,0,True,False,0.001098901098901095
2023-09-08,True,375,1081960.0,0,0,0,True,False,0.014721900144056832
2023-09-11,True,375,245446.0,0,0,0,True,False,0.0017241379310344307
2023-09-12,True,375,2201492.0,0,0,0,True,False,0.019022958743310836
2023-09-13,True,375,679472.0,0,0,0,True,False,-0.0016957775139901932
2023-09-14,True,375,220977.0,0,0,0,True,False,0.004429945054944984
2023-09-15,True,375,145972.0,0,0,0,True,False,0.006537517802295945
2023-09-18,True,375,76360.0,0,0,0,True,False,0.0010492096527288108
2023-09-20,True,375,378417.0,0,0,0,True,False,0.00238013698630124
2023-09-21,True,375,184349.0,0,0,0,True,False,-0.0013672551055727844
2023-09-22,True,375,309767.0,0,0,0,True,False,0.0024469258340225064
2023-09-25,True,375,195653.0,0,0,0,True,False,-0.002359095338222539
2023-09-26,True,375,269233.0,0,0,0,True,False,0.0017010017010017364
2023-09-27,True,375,160903.0,0,0,0,True,False,0.0037098103874690924
2023-09-28,True,375,861341.0,0,0,0,True,False,0.0063973063973064015
2023-09-29,True,375,757916.0,0,0,0,True,False,0.0046763719285489724
2023-10-03,True,375,370128.0,0,0,0,True,False,0.00505751685838951
2023-10-04,True,375,350823.0,0,0,0,True,False,-0.0032205595315549784
2023-10-05,True,375,439705.0,0,0,0,True,False,0.001833498513379661
2023-10-06,True,375,297498.0,0,0,0,True,False,0.008074433656957813
2023-10-09,True,375,211602.0,0,0,0,True,False,-0.00646203554119551
2023-10-10,True,375,184555.0,0,0,0,True,False,0.0010910275199478292
2023-10-11,True,375,339487.0,0,0,0,True,False,0.004878048780487809
2023-10-12,True,375,166004.0,0,0,0,True,False,0.0022026431718062955
2023-10-13,True,375,155872.0,0,0,0,True,False,-0.004930342691253475
2023-10-16,True,375,85141.0,0,0,0,True,False,0.0028964401294497844
2023-10-17,True,375,245705.0,0,0,0,True,False,0.0037763862888129385
2023-10-18,True,375,243749.0,0,0,0,True,False,-3.258655804472266e-05
2023-10-19,True,375,296061.0,0,0,0,True,False,-0.005848721824275538
2023-10-20,True,375,187499.0,0,0,0,True,False,-0.004877489893120757
2023-10-23,True,375,149476.0,0,0,0,True,False,-0.004640371229698403
2023-10-25,True,375,221643.0,0,0,0,True,False,-0.0008441668073611019
2023-10-26,True,375,337188.0,0,0,0,True,False,-0.004777479066422341
2023-10-27,True,375,455275.0,0,0,0,True,False,0.0021865379233136917
2023-10-30,True,375,207741.0,0,0,0,True,False,-0.003368855276727478
2023-10-31,True,375,215290.0,0,0,0,True,False,0.00032434277910553533
2023-11-01,True,375,1307633.0,0,0,0,True,False,0.004241908006814343
2023-11-02,True,375,207359.0,0,0,0,True,False,0.014482734782758966
2023-11-03,True,375,161249.0,0,0,0,True,False,0.00445053064019163
2023-11-06,True,375,158893.0,0,0,0,True,False,0.0048305868649147765
2023-11-07,True,375,130273.0,0,0,0,True,False,-0.0013449899125757003
2023-11-08,False,375,96958.0,0,1,0,True,False,0.003948700641241976
2023-11-09,True,375,200084.0,0,0,0,True,False,0.0016677785190126748
2023-11-10,True,375,122429.0,0,0,0,True,False,-0.0011564704521799252
2023-11-12,False,60,,0,0,60,False,False,0.005014846585285282
2023-11-13,True,375,76730.0,0,0,0,True,False,-0.000655307994757548
2023-11-15,True,375,217371.0,0,0,0,True,False,0.006739319821818857
2023-11-16,True,375,217407.0,0,0,0,True,False,-0.00164871041462622
2023-11-17,True,375,103484.0,0,0,0,True,False,0.0
2023-11-20,True,375,147272.0,0,0,0,True,False,-0.0035895372233401
2023-11-21,True,375,463837.0,0,0,0,True,False,0.0004859086491739717
2023-11-22,True,375,174247.0,0,0,0,True,False,-4.878048780487809e-05
2023-11-23,True,375,115829.0,0,0,0,True,False,-0.00016231131309851765
2023-11-24,True,375,89312.0,0,0,0,True,False,-0.00037690706782689265
2023-11-28,True,375,192963.0,0,0,0,True,False,0.0007208860344714019
2023-11-29,True,375,278669.0,0,0,0,True,False,-0.0009826400262037405
2023-11-30,False,375,221679.0,0,1,0,True,False,-0.0015092747366882708
2023-12-01,True,375,714729.0,0,0,0,True,False,0.0032534136803639147
2023-12-04,False,375,631583.0,0,1,0,True,False,0.03167250286575696
2023-12-05,True,375,218052.0,0,0,0,True,False,0.0009046908219116911
2023-12-06,True,375,159752.0,0,0,0,True,False,0.0033142512805062196
2023-12-07,True,375,345924.0,0,0,0,True,False,0.0015648066135223182
2023-12-08,True,375,180970.0,0,0,0,True,False,0.0014827995255042303
2023-12-11,True,375,150234.0,0,0,0,True,False,-0.0006065088757396531
2023-12-12,True,375,244629.0,0,0,0,True,False,-0.002055027425006184
2023-12-13,True,375,220253.0,0,0,0,True,False,0.002376681614349785
2023-12-14,True,375,335495.0,0,0,0,True,False,0.00911634756995583
2023-12-15,True,375,247169.0,0,0,0,True,False,-0.00024738067520369
2023-12-18,True,375,169970.0,0,0,0,True,False,0.0013318630329242076
2023-12-19,True,375,218458.0,0,0,0,True,False,0.0008462421113022423
2023-12-20,True,375,145334.0,0,0,0,True,False,0.0019724993567937776
2023-12-21,True,375,558995.0,0,0,0,True,False,-0.006724289481394585
2023-12-22,True,375,135107.0,0,0,0,True,False,-0.004216955067616657
2023-12-26,True,375,86695.0,0,0,0,True,False,0.0017137096774193505
2023-12-27,True,375,267374.0,0,0,0,True,False,0.005442566599828114
2023-12-28,True,375,260784.0,0,0,0,True,False,-0.00019742222974306056
2023-12-29,True,375,106668.0,0,0,0,True,False,0.003581173260573056
2024-01-01,True,375,65903.0,0,0,0,True,False,0.005113636363636376
2024-01-02,True,375,107468.0,0,0,0,True,False,0.0045453250121114674
2024-01-03,True,375,247846.0,0,0,0,True,False,-0.0022959109535296562
2024-01-04,True,375,250651.0,0,0,0,True,False,0.00030523255813963424
2024-01-05,True,375,134762.0,0,0,0,True,False,0.0014451075882599973
2024-01-08,True,375,308584.0,0,0,0,True,False,-0.0024234909541790417
2024-01-09,True,375,346174.0,0,0,0,True,False,0.004971509971509969
2024-01-10,True,375,257840.0,0,0,0,True,False,-0.0028230337078651857
2024-01-11,True,375,131291.0,0,0,0,True,False,-0.0007046223224351778
2024-01-12,True,375,149010.0,0,0,0,True,False,-0.0005560307955516652
2024-01-15,True,375,334630.0,0,0,0,True,False,0.002270179372197312
2024-01-16,True,375,140650.0,0,0,0,True,False,0.00031012997265222886
2024-01-17,True,375,602729.0,0,0,0,True,False,-0.00631708407871201
2024-01-18,True,375,222927.0,0,0,0,True,False,-0.0015797788309636074
2024-01-19,True,375,291898.0,0,0,0,True,False,1.3877517034632803e-05
2024-01-20,True,375,66263.0,0,0,0,True,False,0.005759736697750872
2024-01-23,True,375,354856.0,0,0,0,True,False,5.498432946615672e-05
2024-01-24,True,375,353910.0,0,0,0,True,False,0.006484352974344576
2024-01-25,True,375,140118.0,0,0,0,True,False,-2.777777777773771e-05
2024-01-29,True,375,258809.0,0,0,0,True,False,0.005580357142857206
2024-01-30,True,375,166607.0,0,0,0,True,False,0.00160377358490571
2024-01-31,True,375,2339451.0,0,0,0,True,False,-0.0329271810651538
2024-02-01,True,375,697523.0,0,0,0,True,False,0.0
2024-02-02,True,375,1378804.0,0,0,0,True,False,0.001383166568569738
2024-02-05,True,375,486361.0,0,0,0,True,False,-0.0015086079394189822
2024-02-06,True,375,282605.0,0,0,0,True,False,0.0015115461171224531
2024-02-07,True,375,266157.0,0,0,0,True,False,0.0076045627376426506
2024-02-08,True,375,194829.0,0,0,0,True,False,0.005005889281507692
2024-02-09,True,375,737353.0,0,0,0,True,False,-0.00588498212157329
2024-02-12,True,375,227399.0,0,0,0,True,False,0.0018050541516245744
2024-02-13,True,375,267949.0,0,0,0,True,False,0.003165179991216238
2024-02-14,True,375,476992.0,0,0,0,True,False,-0.007900490011307881
2024-02-15,True,375,227588.0,0,0,0,True,False,-0.0011772163361405408
2024-02-16,True,375,288609.0,0,0,0,True,False,0.0003026680185838071
2024-02-19,True,375,231819.0,0,0,0,True,False,0.005247132552914646
2024-02-20,True,375,270663.0,0,0,0,True,False,-0.0003890875896024326
2024-02-21,True,375,213067.0,0,0,0,True,False,-0.00166542750929366
2024-02-22,True,375,398533.0,0,0,0,True,False,0.0033343437405273235
2024-02-23,True,375,253747.0,0,0,0,True,False,0.00022301516503131502
2024-02-26,True,375,789879.0,0,0,0,True,False,0.007407407407407307
2024-02-27,True,375,409112.0,0,0,0,True,False,0.0013399224862045145
2024-02-28,True,375,172856.0,0,0,0,True,False,0.0017147756501858513
2024-02-29,True,375,170664.0,0,0,0,True,False,0.006338343367840338
2024-03-01,True,375,745579.0,0,0,0,True,False,0.0059322033898305815
2024-03-02,False,105,125013.0,0,0,0,False,False,0.005249596979759463
2024-03-04,True,375,284874.0,0,0,0,True,False,0.004681212187577
2024-03-05,True,375,252448.0,0,0,0,True,False,-0.002143446001648841
2024-03-06,True,375,152424.0,0,0,0,True,False,0.0
2024-03-07,True,375,188023.0,0,0,0,True,False,0.0032200602904906006
2024-03-11,True,375,290820.0,0,0,0,True,False,0.006255099265705777
2024-03-12,True,375,251584.0,0,0,0,True,False,5.4962419445692134e-05
2024-03-13,True,375,251848.0,0,0,0,True,False,0.0035615681943677036
2024-03-14,True,375,430591.0,0,0,0,True,False,-0.0028131184619734073
2024-03-15,True,375,229320.0,0,0,0,True,False,-0.0005555555555555314
2024-03-18,True,375,240628.0,0,0,0,True,False,-0.0012423938670921286
2024-03-19,True,375,228178.0,0,0,0,True,False,-0.006174571989896127
2024-03-20,True,375,132792.0,0,0,0,True,False,-0.00035673515981737847
2024-03-21,True,375,309077.0,0,0,0,True,False,0.0034157380128945203
2024-03-22,True,375,287308.0,0,0,0,True,False,-0.004435710275126348
2024-03-26,True,375,287831.0,0,0,0,True,False,-0.0013850415512465242
2024-03-27,True,375,218795.0,0,0,0,True,False,0.003542234332425176
2024-03-28,True,375,357448.0,0,0,0,True,False,0.0006884449244060065
2024-04-01,True,375,328626.0,0,0,0,True,False,0.004236500305452973
2024-04-02,True,375,253535.0,0,0,0,True,False,0.0024998697984481844
2024-04-03,True,375,221860.0,0,0,0,True,False,-0.0037493445201888242
2024-04-04,True,375,290750.0,0,0,0,True,False,0.005815644082582061
2024-04-05,True,375,322533.0,0,0,0,True,False,-0.010472440944881867
2024-04-08,True,375,155050.0,0,0,0,True,False,0.00026709401709412717
2024-04-09,True,375,152188.0,0,0,0,True,False,0.002348434158565116
2024-04-10,True,375,259726.0,0,0,0,True,False,0.005025125628140614
2024-04-12,True,375,431521.0,0,0,0,True,False,-0.0023544748323933717
2024-04-15,True,375,336024.0,0,0,0,True,False,-0.016531055058312982
2024-04-16,True,375,319822.0,0,0,0,True,False,-0.007044890374294344
2024-04-18,True,375,519620.0,0,0,0,True,False,0.0019549929676512257
2024-04-19,True,375,479575.0,0,0,0,True,False,-0.008159819921215505
2024-04-22,True,375,489981.0,0,0,0,True,False,0.015898545361382244
2024-04-23,True,375,304279.0,0,0,0,True,False,0.0035220994475138045
2024-04-24,True,375,126880.0,0,0,0,True,False,0.002091992241618268
2024-04-25,True,375,176417.0,0,0,0,True,False,-0.0061700402632918205
2024-04-26,True,375,145660.0,0,0,0,True,False,0.0027457440966502933
2024-04-29,True,375,158353.0,0,0,0,True,False,-0.0005266075388027369
2024-04-30,True,375,157419.0,0,0,0,True,False,0.0013758943313153527
2024-05-02,True,375,597449.0,0,0,0,True,False,-0.0005289605924357899
2024-05-03,True,375,361304.0,0,0,0,True,False,0.0028474199597194882
2024-05-06,True,375,445692.0,0,0,0,True,False,0.006514285714285695
2024-05-07,True,375,607661.0,0,0,0,True,False,0.003287197231834016
2024-05-08,True,375,1090248.0,0,0,0,True,False,-2.9162170831931178e-05
2024-05-09,True,375,3054631.0,0,0,0,True,False,-0.048812002009905986
2024-05-10,True,375,806389.0,0,0,0,True,False,-0.0025380324928949705
2024-05-13,True,375,471024.0,0,0,0,True,False,-0.0030058897128383277
2024-05-14,True,375,279977.0,0,0,0,True,False,0.0
2024-05-15,True,375,368374.0,0,0,0,True,False,0.004444444444444473
2024-05-16,True,375,481323.0,0,0,0,True,False,0.004084919472913562
2024-05-17,True,375,399120.0,0,0,0,True,False,0.005190861769809096
2024-05-18,False,105,40108.0,0,0,0,False,False,-0.0006224396740153182
2024-05-21,True,375,313845.0,0,0,0,True,False,-0.002739726027397249
2024-05-22,True,375,218602.0,0,0,0,True,False,0.0043667486645027065
2024-05-23,True,375,669080.0,0,0,0,True,False,-0.0011111912836423432
2024-05-24,True,375,472701.0,0,0,0,True,False,0.002516074923119893
2024-05-27,True,375,291963.0,0,0,0,True,False,0.006600386633526689
2024-05-28,True,375,255334.0,0,0,0,True,False,0.0013709898546749866
2024-05-29,True,375,310133.0,0,0,0,True,False,-0.012578616352201255
2024-05-30,True,375,214095.0,0,0,0,True,False,-0.0005788073811722194
2024-05-31,True,375,1307284.0,0,0,0,True,False,-0.0018116936590721888
2024-06-03,True,375,1692634.0,0,0,0,True,False,0.048090254179692815
2024-06-04,True,375,1149800.0,0,0,0,True,False,-0.01256088182517301
2024-06-05,True,375,1685251.0,0,0,0,True,False,0.007759882869692536
2024-06-06,True,375,1978755.0,0,0,0,True,False,0.011191341049133108
2024-06-07,True,375,714891.0,0,0,0,True,False,-0.008852974828375215
2024-06-10,True,375,640017.0,0,0,0,True,False,-0.0019699546485260067
2024-06-11,True,375,503117.0,0,0,0,True,False,0.007919366450684029
2024-06-12,True,375,408665.0,0,0,0,True,False,0.004166666666666652
2024-06-13,True,375,450180.0,0,0,0,True,False,0.00979352332676764
2024-06-14,True,375,390025.0,0,0,0,True,False,0.004864864864864815
2024-06-18,True,375,232935.0,0,0,0,True,False,0.007307598272255689
2024-06-19,True,375,426478.0,0,0,0,True,False,0.0002710761724045163
2024-06-20,True,375,483703.0,0,0,0,True,False,-0.006099336004103173
2024-06-21,True,375,349114.0,0,0,0,True,False,0.0015701422854601521
2024-06-24,True,375,226047.0,0,0,0,True,False,-0.001035754824063595
2024-06-25,True,375,306175.0,0,0,0,True,False,0.0038103302286198737
2024-06-26,True,375,499015.0,0,0,0,True,False,0.003497331717036589
2024-06-27,True,375,388232.0,0,0,0,True,False,-0.0007638464529747813
2024-06-28,True,375,549558.0,0,0,0,True,False,-0.006455234353073269
2024-07-01,True,375,572543.0,0,0,0,True,False,-0.0029613334461460195
2024-07-02,True,375,309474.0,0,0,0,True,False,0.002566647759500995
2024-07-03,True,375,422076.0,0,0,0,True,False,0.007548992547612432
2024-07-04,True,375,204483.0,0,0,0,True,False,0.00030428769017976087
2024-07-05,True,375,249266.0,0,0,0,True,False,-0.0023313277400081045
2024-07-08,True,375,199928.0,0,0,0,True,False,0.005274785970726281
2024-07-09,True,375,570781.0,0,0,0,True,False,0.004651674878203282
2024-07-10,True,375,391139.0,0,0,0,True,False,0.0052101092486258604
2024-07-11,True,375,321646.0,0,0,0,True,False,0.0024650780608053147
2024-07-12,True,375,160454.0,0,0,0,True,False,0.00027555800496004146
2024-07-15,True,375,157439.0,0,0,0,True,False,0.004255086264691066
2024-07-16,True,375,202809.0,0,0,0,True,False,-0.0005208333333333037
2024-07-18,True,375,256524.0,0,0,0,True,False,0.0
2024-07-19,True,375,310637.0,0,0,0,True,False,0.0010967918837401225
2024-07-22,True,375,1974796.0,0,0,0,True,False,-2.7639579878391274e-05
2024-07-23,True,375,424896.0,0,0,0,True,False,0.005094494658997473
2024-07-24,True,375,356276.0,0,0,0,True,False,0.0019762845849802257
2024-07-25,True,375,1555387.0,0,0,0,True,False,0.004826802952867748
2024-07-26,True,375,249336.0,0,0,0,True,False,0.001932633903920511
2024-07-29,True,375,625891.0,0,0,0,True,False,0.0005406866720736314
2024-07-30,True,375,333335.0,0,0,0,True,False,-3.973509933774544e-05
2024-07-31,True,375,553018.0,0,0,0,True,False,-0.0003176073579037597
2024-08-01,True,375,246880.0,0,0,0,True,False,-0.001310615989515096
2024-08-02,True,375,504613.0,0,0,0,True,False,-0.010517241379310316
2024-08-05,True,375,420083.0,0,0,0,True,False,-0.01664889690806204
2024-08-06,True,375,481733.0,0,0,0,True,False,0.005099150141643083
2024-08-07,True,375,218349.0,0,0,0,True,False,0.0117056856187292
2024-08-08,True,375,193684.0,0,0,0,True,False,-0.006148103419882589
2024-08-09,True,375,174763.0,0,0,0,True,False,0.01180438448566612
2024-08-12,True,375,185884.0,0,0,0,True,False,-0.004173622704507496
2024-08-13,True,375,171392.0,0,0,0,True,False,0.0019591379792891495
2024-08-14,True,375,194780.0,0,0,0,True,False,0.0022952574067813813
2024-08-16,True,375,388889.0,0,0,0,True,False,0.009308885754583995
2024-08-19,True,375,299802.0,0,0,0,True,False,0.008643877836929104
2024-08-20,True,375,205745.0,0,0,0,True,False,0.001096090610157141
2024-08-21,True,375,473845.0,0,0,0,True,False,0.0030734842134674256
2024-08-22,True,375,109894.0,0,0,0,True,False,0.003700869565217424
2024-08-23,True,375,254238.0,0,0,0,True,False,0.0010686577935685726
2024-08-26,True,375,186390.0,0,0,0,True,False,0.003543389147502296
2024-08-27,True,375,455141.0,0,0,0,True,False,0.0012781748213304134
2024-08-28,True,375,203230.0,0,0,0,True,False,0.001324288532742468
2024-08-29,True,375,149097.0,0,0,0,True,False,0.0001355013550135009
2024-08-30,True,375,313713.0,0,0,0,True,False,0.0076829268292681885
2024-09-02,True,375,172520.0,0,0,0,True,False,-0.00026975991367683694
2024-09-03,True,375,151345.0,0,0,0,True,False,0.004391212137691003
2024-09-04,True,375,336370.0,0,0,0,True,False,-0.009847272332691337
2024-09-05,True,375,215487.0,0,0,0,True,False,0.003831417624521105
2024-09-06,True,375,195443.0,0,0,0,True,False,-0.0027310344827586874
2024-09-09,True,375,217201.0,0,0,0,True,False,0.0031067200313470433
2024-09-10,True,375,108195.0,0,0,0,True,False,0.00251677852348986
2024-09-11,True,375,83242.0,0,0,0,True,False,-0.001388888888888884
2024-09-12,True,375,231232.0,0,0,0,True,False,0.005084745762711895
2024-09-13,True,375,183737.0,0,0,0,True,False,-0.0008275862068966022
2024-09-16,True,375,130981.0,0,0,0,True,False,0.0029930577687864446
2024-09-17,True,375,102973.0,0,0,0,True,False,0.002966791080486253
2024-09-18,True,375,146686.0,0,0,0,True,False,0.0008138903960932531
2024-09-19,True,375,144193.0,0,0,0,True,False,0.0061711832573114744
2024-09-20,True,375,236236.0,0,0,0,True,False,0.0029818378964487913
2024-09-23,True,375,238670.0,0,0,0,True,False,0.0026385224274405594
2024-09-24,True,375,315128.0,0,0,0,True,False,0.000713342140026274
2024-09-25,True,375,399072.0,0,0,0,True,False,-0.0014105302011653276
2024-09-26,True,375,189903.0,0,0,0,True,False,0.0021091484313209286
2024-09-27,True,375,768999.0,0,0,0,True,False,-0.005851063829787284
2024-09-30,True,375,147437.0,0,0,0,True,False,-0.0016194331983805377
2024-10-01,True,375,208503.0,0,0,0,True,False,-0.003532608695652195
2024-10-03,True,375,434035.0,0,0,0,True,False,-0.017685769125308504
2024-10-04,True,375,514412.0,0,0,0,True,False,0.0027100271002709064
2024-10-07,True,375,208721.0,0,0,0,True,False,0.0
2024-10-08,True,375,356178.0,0,0,0,True,False,0.0051654676258992005
2024-10-09,True,375,178902.0,0,0,0,True,False,0.0025331861538027134
2024-10-10,True,375,395692.0,0,0,0,True,False,0.006644137694026053
2024-10-11,True,375,141689.0,0,0,0,True,False,0.002180914828776581
2024-10-14,True,375,408233.0,0,0,0,True,False,0.0051834244966924015
2024-10-15,True,375,105219.0,0,0,0,True,False,0.004855393709098488
2024-10-16,True,375,184806.0,0,0,0,True,False,0.0014104372355430161
2024-10-17,True,375,582839.0,0,0,0,True,False,0.00535259133389987
2024-10-18,True,375,169215.0,0,0,0,True,False,0.0011076836791923395
2024-10-21,True,375,333558.0,0,0,0,True,False,-0.000683889516950642
2024-10-22,True,375,122642.0,0,0,0,True,False,0.00251677852348986
2024-10-23,True,375,200865.0,0,0,0,True,False,-0.000841894977168911
2024-10-24,True,375,248431.0,0,0,0,True,False,-0.0014496955639315967
2024-10-25,False,750,,750,0,0,False,False,-0.006958538706871575
2024-10-28,False,750,,750,0,0,False,False,-0.0051452829905644926
2024-10-29,False,750,,750,0,0,False,False,-0.013095238095238049
2024-10-30,True,375,346863.0,0,0,0,True,False,-0.0005765989532512394
2024-10-31,True,375,2344196.0,0,0,0,True,False,0.03762492651381533
2024-11-01,False,120,,120,0,120,False,False,0.0027246825813946884
2024-11-04,True,375,290136.0,0,0,0,True,False,-1.3793103448289656e-05
2024-11-05,True,375,160417.0,0,0,0,True,False,-0.005565032579210816
2024-11-06,False,750,,750,0,0,False,False,0.008205343993267444
2024-11-07,True,375,306455.0,0,0,0,True,False,-0.00017817982456147519
2024-11-08,False,750,,750,0,0,False,False,-0.00043931905546401584
2024-11-11,True,375,91617.0,0,0,0,True,False,-0.00110957384145427
2024-11-12,True,375,103317.0,0,0,0,True,False,0.006896551724137945
2024-11-13,True,375,239879.0,0,0,0,True,False,-1.3946806878606388e-05
2024-11-14,True,375,162800.0,0,0,0,True,False,0.002550050014793248
2024-11-18,True,375,213555.0,0,0,0,True,False,-0.003932107496463999
2024-11-19,False,750,,750,0,0,False,False,0.006175718262884988
2024-11-21,True,375,279930.0,0,0,0,True,False,0.005354294827979
2024-11-22,True,375,233633.0,0,0,0,True,False,0.002850962020601422
2024-11-25,True,375,1074711.0,0,0,0,True,False,0.015256588072122046
2024-11-26,True,375,149382.0,0,0,0,True,False,-0.0005589566143199276
2024-11-27,True,375,118918.0,0,0,0,True,False,0.00108108108108107
2024-11-28,True,375,227592.0,0,0,0,True,False,0.000811468758452838
2024-11-29,False,750,,750,0,0,False,False,-0.008699209162803423
2024-12-02,True,375,161159.0,0,0,0,True,False,-0.004070392262224609
2024-12-03,False,750,,750,0,0,False,False,0.0013455328310010284
2024-12-04,True,375,465801.0,0,0,0,True,False,0.0005300821627352015
2024-12-05,True,375,174016.0,0,0,0,True,False,0.0013140604467805073
2024-12-06,True,375,163777.0,0,0,0,True,False,0.0010449320794148065
2024-12-09,True,375,691474.0,0,0,0,True,False,0.0016316171138506252
2024-12-10,True,375,305770.0,0,0,0,True,False,6.321512105689209e-05
2024-12-11,True,375,196483.0,0,0,0,True,False,5.0982041575942105e-05
2024-12-12,True,375,187933.0,0,0,0,True,False,0.004305993892388393
2024-12-13,True,375,414717.0,0,0,0,True,False,-0.0010871816110995525
2024-12-16,True,375,127705.0,0,0,0,True,False,-0.0018641126181140333
2024-12-17,False,750,,750,0,0,False,False,-0.002388761201353229
2024-12-18,True,375,267885.0,0,0,0,True,False,0.0011175534782208452
2024-12-19,True,375,420798.0,0,0,0,True,False,-0.015123703112529863
2024-12-20,True,375,368579.0,0,0,0,True,False,0.0008618019740651572
2024-12-23,True,375,212756.0,0,0,0,True,False,0.0112978782033617
2024-12-24,True,375,59742.0,0,0,0,True,False,0.0013862582008838942
2024-12-26,True,375,76923.0,0,0,0,True,False,0.006881365262868089
2024-12-27,True,375,123900.0,0,0,0,True,False,0.0
2024-12-30,False,750,,750,0,0,False,False,-0.0007616357165607379
2024-12-31,True,375,129949.0,0,0,0,True,False,-0.0076462395543175354
2025-01-01,True,375,79596.0,0,0,0,True,False,-0.002756270862477317
2025-01-02,True,375,145167.0,0,0,0,True,False,0.0017710689082042208
2025-01-03,True,375,102359.0,0,0,0,True,False,0.0003237293622531112
2025-01-06,True,375,100323.0,0,0,0,True,False,0.00676229508196724
2025-01-07,True,375,181756.0,0,0,0,True,False,-1.3861358690414605e-05
2025-01-08,True,375,257786.0,0,0,0,True,False,0.005767646251029879
2025-01-09,True,375,304394.0,0,0,0,True,False,0.0009453635478937628
2025-01-10,True,375,165627.0,0,0,0,True,False,-0.009915134370580003
2025-01-13,True,375,152156.0,0,0,0,True,False,-0.010290796160361326
2025-01-14,True,375,736236.0,0,0,0,True,False,-0.001195965417867484
2025-01-15,True,375,160936.0,0,0,0,True,False,0.00203507252652102
2025-01-16,True,375,190813.0,0,0,0,True,False,0.008372199164206284
2025-01-17,True,375,271728.0,0,0,0,True,False,0.0025604551920341834
2025-01-20,True,375,340534.0,0,0,0,True,False,0.0011341837377656372
2025-01-21,True,375,141481.0,0,0,0,True,False,0.006645490261639964
2025-01-22,True,375,207609.0,0,0,0,True,False,0.0028145229383620407
2025-01-23,True,375,263847.0,0,0,0,True,False,-0.008179959100204526
2025-01-24,True,375,121196.0,0,0,0,True,False,0.0027533275318487593
2025-01-27,True,375,213398.0,0,0,0,True,False,-0.0036418290074571313
2025-01-28,True,375,193675.0,0,0,0,True,False,-0.002289153157303825
2025-01-29,True,375,122203.0,0,0,0,True,False,0.0022053776161474747
2025-01-30,True,375,147424.0,0,0,0,True,False,0.001768679868943801
2025-01-31,True,375,1520633.0,0,0,0,True,False,0.019970866715222302
2025-02-01,True,375,200443.0,0,0,0,True,False,0.003928170594837299
2025-02-03,True,375,1079048.0,0,0,0,True,False,-0.011060507482107962
2025-02-04,True,375,625368.0,0,0,0,True,False,0.00914499611984354
2025-02-05,True,375,260951.0,0,0,0,True,False,0.0051209477400717685
2025-02-06,True,375,475962.0,0,0,0,True,False,0.005182418166516545
2025-02-07,True,375,127715.0,0,0,0,True,False,0.00330760749724357
2025-02-10,True,375,198680.0,0,0,0,True,False,0.005345345345345365
2025-02-11,True,375,246373.0,0,0,0,True,False,0.011161755193525469
2025-02-12,False,750,,750,0,0,False,False,0.003695719125346386
2025-02-13,True,375,250668.0,0,0,0,True,False,-0.0007138517618469065
2025-02-14,False,750,,750,0,0,False,False,0.006159754224270397
2025-02-17,True,375,325383.0,0,0,0,True,False,-0.006016084132384747
2025-02-18,True,375,222557.0,0,0,0,True,False,0.0015518311607696234
2025-02-19,True,375,160991.0,0,0,0,True,False,4.658385093181394e-05
2025-02-20,True,375,162500.0,0,0,0,True,False,-0.002722586763333701
2025-02-21,False,750,,750,0,0,False,False,7.632306024940583e-05
2025-02-24,True,375,166661.0,0,0,0,True,False,-0.007781631729754213
2025-02-25,True,375,538442.0,0,0,0,True,False,-0.00553675792063979
2025-02-27,False,750,,750,0,0,False,False,0.0027872406317746012
2025-02-28,True,375,382406.0,0,0,0,True,False,-0.0034414563121913933
2025-03-03,True,375,206052.0,0,0,0,True,False,-0.0028503937007874347
2025-03-04,True,375,204461.0,0,0,0,True,False,-0.008489150146957503
2025-03-05,True,375,278731.0,0,0,0,True,False,0.0006228589224541725
2025-03-06,True,375,333846.0,0,0,0,True,False,0.0021893308664815425
2025-03-07,True,375,121025.0,0,0,0,True,False,0.0005831798649478248
2025-03-10,True,375,304737.0,0,0,0,True,False,0.0
2025-03-11,True,375,370690.0,0,0,0,True,False,-0.00236012335578073
2025-03-12,True,375,127565.0,0,0,0,True,False,0.0003745552156813048
2025-03-13,True,375,105626.0,0,0,0,True,False,0.003840125391849636
2025-03-17,True,375,383592.0,0,0,0,True,False,0.0003135779241141279
2025-03-18,True,375,228507.0,0,0,0,True,False,0.005810017162381165
2025-03-19,True,375,200235.0,0,0,0,True,False,0.001222867624579571
2025-03-20,True,375,279986.0,0,0,0,True,False,0.0051989150090416825
2025-03-21,True,375,184955.0,0,0,0,True,False,0.0013422818791946067
2025-03-24,True,375,386879.0,0,0,0,True,False,0.009941289292982436
2025-03-25,True,375,435329.0,0,0,0,True,False,0.006301948005340119
2025-03-26,True,375,137260.0,0,0,0,True,False,0.005835758865864404
2025-03-27,True,375,515497.0,0,0,0,True,False,0.0016066233409082198
2025-03-28,True,375,144153.0,0,0,0,True,False,-4.273443398239429e-05
2025-04-01,True,375,324136.0,0,0,0,True,False,-0.0014347202295552641
2025-04-02,True,375,146458.0,0,0,0,True,False,-0.0015414594421662153
2025-04-03,True,375,194959.0,0,0,0,True,False,-0.007589025102159974
2025-04-04,False,750,,750,0,0,False,False,-0.00555718046212339
2025-04-07,True,375,1101110.0,0,0,0,True,False,-0.06442160171831846
2025-04-08,True,375,403578.0,0,0,0,True,False,0.012293488824101084
2025-04-09,True,375,264104.0,0,0,0,True,False,-0.001832775074258941
2025-04-11,True,375,725359.0,0,0,0,True,False,0.0169823644676681
2025-04-15,True,375,518162.0,0,0,0,True,False,0.019394133675268543
2025-04-16,True,375,183749.0,0,0,0,True,False,0.003375268487266103
2025-04-17,True,375,324121.0,0,0,0,True,False,-0.005353716655319696
2025-04-21,True,375,286824.0,0,0,0,True,False,0.0014176091713149486
2025-04-22,True,375,276679.0,0,0,0,True,False,3.048873441269251e-05
2025-04-23,True,375,398074.0,0,0,0,True,False,0.006576521204671115
2025-04-24,True,375,412060.0,0,0,0,True,False,0.003337378640776656
2025-04-25,True,375,265230.0,0,0,0,True,False,0.0035777090534230283
2025-04-28,True,375,278759.0,0,0,0,True,False,-0.0015313935681470214
2025-04-29,True,375,251581.0,0,0,0,True,False,0.003007518796992459
2025-04-30,True,375,190014.0,0,0,0,True,False,0.000812934694246259
2025-05-02,True,375,243306.0,0,0,0,True,False,-0.0015015015015015232
2025-05-05,True,375,161717.0,0,0,0,True,False,0.007821901323706415
2025-05-06,True,375,204510.0,0,0,0,True,False,0.004201680672268893
2025-05-07,True,375,611461.0,0,0,0,True,False,0.0
2025-05-08,True,375,327929.0,0,0,0,True,False,-0.004780517137703
2025-05-09,False,750,,750,0,0,False,False,0.005736714975845381
2025-05-12,True,375,646168.0,0,0,0,True,False,0.017847829866141307
2025-05-13,True,375,302465.0,0,0,0,True,False,-0.00022296544035682597
2025-05-14,True,375,249030.0,0,0,0,True,False,0.004705618732844252
2025-05-15,False,750,,750,0,0,False,False,0.005033557046979942
2025-05-16,False,750,,750,0,0,False,False,0.006077348066298338
2025-05-19,True,375,217523.0,0,0,0,True,False,-0.0009146341463415197
2025-05-20,True,375,164823.0,0,0,0,True,False,0.009286548406828743
2025-05-21,True,375,504865.0,0,0,0,True,False,-0.00260139860139863
2025-05-22,True,375,134978.0,0,0,0,True,False,-0.0005575689991635935
2025-05-23,True,375,80898.0,0,0,0,True,False,0.00467158214667629
2025-05-26,True,375,280199.0,0,0,0,True,False,0.004388888888888998
2025-05-27,True,375,198953.0,0,0,0,True,False,0.0007405375754250265
2025-05-28,True,375,328262.0,0,0,0,True,False,0.004721642692434358
2025-05-29,True,375,161500.0,0,0,0,True,False,0.005737029920395376
2025-05-30,False,750,,750,0,0,False,False,-0.00180234304595972
2025-06-02,True,375,375917.0,0,0,0,True,False,0.0008442265795207682
2025-06-03,True,375,309223.0,0,0,0,True,False,-0.003815753611338235
2025-06-04,True,375,98519.0,0,0,0,True,False,0.000741289844329085
2025-06-05,True,375,125376.0,0,0,0,True,False,0.0024578845622755807
2025-06-06,True,375,69789.0,0,0,0,True,False,0.0010436119960453016
2025-06-09,True,375,240135.0,0,0,0,True,False,0.0030112236517929603
2025-06-10,True,375,139574.0,0,0,0,True,False,0.006795324816526227
2025-06-11,True,375,131302.0,0,0,0,True,False,0.004054421768707517
2025-06-12,True,375,204587.0,0,0,0,True,False,-5.4274084124728006e-05
2025-06-13,False,750,,750,0,0,False,False,-0.02706608125382093
2025-06-16,True,375,131401.0,0,0,0,True,False,-0.0029836595839607405
2025-06-17,True,375,137118.0,0,0,0,True,False,-0.0013785497656465528
2025-06-18,True,375,91416.0,0,0,0,True,False,0.0005524861878452025
2025-06-19,True,375,75306.0,0,0,0,True,False,0.001721839591201979
2025-06-20,True,375,116019.0,0,0,0,True,False,-0.000442526828188905
2025-06-23,True,375,125959.0,0,0,0,True,False,-0.0035538545653363007
2025-06-24,True,375,364204.0,0,0,0,True,False,0.01623358480022352
2025-06-25,True,375,179197.0,0,0,0,True,False,0.007751937984496138
2025-06-26,True,375,208535.0,0,0,0,True,False,-0.0010485940561274498
2025-06-27,True,375,1099494.0,0,0,0,True,False,0.0012840477556483876
2025-06-30,True,375,196097.0,0,0,0,True,False,0.000842643181385716
2025-07-01,True,375,120830.0,0,0,0,True,False,-0.00032688640697353666
2025-07-02,True,375,119875.0,0,0,0,True,False,0.0004365620736699327
2025-07-03,True,375,122290.0,0,0,0,True,False,0.003116478379431298
2025-07-04,False,750,,750,0,0,False,False,0.002401295582733054
2025-07-07,True,375,75318.0,0,0,0,True,False,0.000778404826109913
2025-07-08,True,375,123968.0,0,0,0,True,False,0.0
2025-07-09,True,375,165416.0,0,0,0,True,False,-0.0005544774050457724
2025-07-10,True,375,72472.0,0,0,0,True,False,-0.0016755096341803943
2025-07-11,True,375,121824.0,0,0,0,True,False,0.0002797985450475604
2025-07-14,True,375,110749.0,0,0,0,True,False,0.0010178117048345037
2025-07-15,True,375,91743.0,0,0,0,True,False,0.007183949168550807
2025-07-16,True,375,141461.0,0,0,0,True,False,0.0013431257680107667
2025-07-17,True,375,72357.0,0,0,0,True,False,0.0028244557929872904
2025-07-18,True,375,88790.0,0,0,0,True,False,0.0029897085034209514
2025-07-21,True,375,116688.0,0,0,0,True,False,-0.0003171216882404959
2025-07-22,True,375,87566.0,0,0,0,True,False,-0.00028546959748787515
2025-07-23,True,375,136828.0,0,0,0,True,False,0.0023644752018454618
2025-07-24,True,375,48803.0,0,0,0,True,False,0.0004593345390864201
2025-07-25,True,375,66349.0,0,0,0,True,False,-0.0011213663417579678
2025-07-28,True,375,324819.0,0,0,0,True,False,-0.0034572922719349197
2025-07-29,True,375,121039.0,0,0,0,True,False,-0.001022943153587641
2025-07-30,True,375,3461351.0,0,0,0,True,False,0.03841743119266061
2025-07-31,True,375,242199.0,0,0,0,True,False,-0.009346305203323135
2025-08-01,True,375,138414.0,0,0,0,True,False,0.0020669698222406385
2025-08-04,True,375,122542.0,0,0,0,True,False,0.0
2025-08-05,True,375,118672.0,0,0,0,True,False,0.0
2025-08-06,True,375,118110.0,0,0,0,True,False,0.0
2025-08-07,True,375,53132.0,0,0,0,True,False,-0.0062482796586842415
2025-08-08,False,750,,750,0,0,False,False,-5.4917897742923216e-05
2025-08-11,True,375,89114.0,0,0,0,True,False,0.0
2025-08-12,True,375,369174.0,0,0,0,True,False,0.0019057990743260866
2025-08-13,True,375,142085.0,0,0,0,True,False,0.004402413174628972
2025-08-14,True,375,69412.0,0,0,0,True,False,0.0029002791857533072
2025-08-18,True,375,412501.0,0,0,0,True,False,0.007352941176470562
2025-08-19,True,375,121263.0,0,0,0,True,False,0.0024450549450549808
2025-08-20,True,375,179174.0,0,0,0,True,False,-0.0013817880337155808
2025-08-21,True,375,145504.0,0,0,0,True,False,0.0016699137211244608
2025-08-22,True,375,106432.0,0,0,0,True,False,-0.002486874827300367
2025-08-25,True,375,71315.0,0,0,0,True,False,0.006681514476614803
2025-08-26,True,375,146264.0,0,0,0,True,False,-0.001498168904672137
2025-08-28,True,375,122826.0,0,0,0,True,False,-0.0033783783783783994
2025-08-29,True,375,247276.0,0,0,0,True,False,0.002973352033660559
2025-09-01,True,375,87340.0,0,0,0,True,False,-0.0011095700416088317
2025-09-02,True,375,80060.0,0,0,0,True,False,0.0009457579972182995
2025-09-03,True,375,130596.0,0,0,0,True,False,0.0053146853146852635
2025-09-04,True,375,128387.0,0,0,0,True,False,0.005886109337257528
2025-09-05,True,375,79359.0,0,0,0,True,False,5.566998830941472e-05
2025-09-08,True,375,106821.0,0,0,0,True,False,0.0045019696117050145
2025-09-09,True,375,110499.0,0,0,0,True,False,0.004303510758776774
2025-09-10,True,375,213039.0,0,0,0,True,False,0.00892983699503902
2025-09-11,True,375,86041.0,0,0,0,True,False,-0.0022497187851518996
2025-09-12,True,375,127118.0,0,0,0,True,False,0.003923782639378981
2025-09-15,True,375,101855.0,0,0,0,True,False,0.000530859713335774
2025-09-16,True,375,291247.0,0,0,0,True,False,0.0041515742546671675
2025-09-17,True,375,321144.0,0,0,0,True,False,0.0005449591280652921
2025-09-18,True,375,154810.0,0,0,0,True,False,0.0017369592357379116
2025-09-19,False,750,,750,0,0,False,False,-0.0016282225237449488
2025-09-22,True,375,135682.0,0,0,0,True,False,0.002605863192182367
2025-09-23,True,375,82915.0,0,0,0,True,False,0.00027428069886714646
2025-09-24,True,375,80003.0,0,0,0,True,False,-0.0006557377049180024
2025-09-25,True,375,190629.0,0,0,0,True,False,0.002667247291927577
2025-09-26,True,375,541159.0,0,0,0,True,False,0.003835616438356171
2025-09-29,True,375,495883.0,0,0,0,True,False,-0.0013358268768367543
2025-09-30,True,375,168325.0,0,0,0,True,False,-0.0025105957940771972
2025-10-01,True,375,134871.0,0,0,0,True,False,-0.001746105366545736
2025-10-03,True,375,199483.0,0,0,0,True,False,0.0013568521031208647
2025-10-06,True,375,120017.0,0,0,0,True,False,-0.006118250554382976
2025-10-07,True,375,137062.0,0,0,0,True,False,0.0018424074123521983
2025-10-08,True,375,171487.0,0,0,0,True,False,0.00040209087253728626
2025-10-09,True,375,89757.0,0,0,0,True,False,0.0020118025751072466
2025-10-10,True,375,92955.0,0,0,0,True,False,-0.0007961783439490722
2025-10-13,True,375,101371.0,0,0,0,True,False,0.00026462026991258547
2025-10-14,True,375,120508.0,0,0,0,True,False,0.0025229053246580424
2025-10-15,True,375,157129.0,0,0,0,True,False,0.0028906375461699163
2025-10-16,True,375,180423.0,0,0,0,True,False,0.001752275342609133
2025-10-17,False,750,,750,0,0,False,False,-0.0005178663904712444
2025-10-20,True,375,98381.0,0,0,0,True,False,0.0062532569046378494
2025-10-21,False,61,,0,0,0,False,False,0.005165289256198413
2025-10-23,True,375,306810.0,0,0,0,True,False,0.0012870012870012104
2025-10-24,False,750,,750,0,0,False,False,0.00339632277834534
2025-10-27,True,375,161875.0,0,0,0,True,False,0.0017925736235595569
2025-10-28,True,375,343891.0,0,0,0,True,False,0.0001019965831143832
2025-10-29,True,375,286461.0,0,0,0,True,False,0.0016073940124572417
2025-10-30,True,375,1546602.0,0,0,0,True,False,0.0057362343011648775
2025-10-31,True,375,237104.0,0,0,0,True,False,0.002932771845390203
2025-11-03,True,375,135897.0,0,0,0,True,False,0.0007449714427614218
2025-11-04,True,375,128908.0,0,0,0,True,False,0.0010299178577708457
2025-11-06,True,375,137537.0,0,0,0,True,False,0.005736137667303964
2025-11-07,True,375,133248.0,0,0,0,True,False,-0.004084253788851799
2025-11-08,False,91,,0,3,0,False,False,0.03552201128255339
2025-11-10,True,375,126356.0,0,0,0,True,False,0.0
2025-11-11,True,375,76223.0,0,0,0,True,False,0.003114787581699252
2025-11-12,True,375,108647.0,0,0,0,True,False,0.004046535154274222
2025-11-13,True,375,101916.0,0,0,0,True,False,0.00103784331097323
2025-11-14,True,375,147772.0,0,0,0,True,False,-0.0007490636704119424
2025-11-17,True,375,94403.0,0,0,0,True,False,9.99000999000188e-05
2025-11-18,True,375,146677.0,0,0,0,True,False,-0.001242236024844745
2025-11-19,True,375,68931.0,0,0,0,True,False,0.002025557028182634
2025-11-20,True,375,115743.0,0,0,0,True,False,0.004130997411905257
2025-11-21,True,375,190769.0,0,0,0,True,False,-0.0022552105276201218
2025-11-24,True,375,83299.0,0,0,0,True,False,0.0
2025-11-25,True,375,92748.0,0,0,0,True,False,0.0016223636590539936
2025-11-26,True,375,115534.0,0,0,0,True,False,0.004218773542263188
2025-11-27,True,375,292658.0,0,0,0,True,False,0.0027093596059113434
2025-11-28,True,375,131725.0,0,0,0,True,False,0.001225490196078427
2025-12-01,True,375,125038.0,0,0,0,True,False,0.0017156862745097978
2025-12-02,True,375,96736.0,0,0,0,True,False,-0.00012294074256213872
2025-12-03,True,375,128722.0,0,0,0,True,False,-0.0007187290887010755
2025-12-04,True,375,83652.0,0,0,0,True,False,-0.0012515644555695093
2025-12-05,False,750,,750,0,0,False,False,0.002004510147832539
2025-12-08,True,375,63068.0,0,0,0,True,False,0.00198068828918041
2025-12-09,True,375,131912.0,0,0,0,True,False,-0.0023503525528829616
2025-12-10,True,375,89656.0,0,0,0,True,False,0.0013768932281887913
2025-12-11,True,375,59816.0,0,0,0,True,False,0.0006515310980803601
2025-12-12,True,375,516916.0,0,0,0,True,False,0.015249999999999986
2025-12-15,True,375,128633.0,0,0,0,True,False,0.0
2025-12-16,True,375,363624.0,0,0,0,True,False,-0.0015403422982885884
2025-12-17,True,375,103639.0,0,0,0,True,False,0.004679802955664947
2025-12-18,True,375,79212.0,0,0,0,True,False,0.001699465530405675
2025-12-19,True,375,74806.0,0,0,0,True,False,0.0035022354694485003
2025-12-22,True,375,107757.0,0,0,0,True,False,0.0014723926380368901
2025-12-23,True,375,79461.0,0,0,0,True,False,0.0036079817391945213
2025-12-24,True,375,84689.0,0,0,0,True,False,-0.0012285012285012664
2025-12-26,True,375,63967.0,0,0,0,True,False,0.0
2025-12-29,True,375,76053.0,0,0,0,True,False,0.0004937052579609968
2025-12-30,True,375,163654.0,0,0,0,True,False,0.0
2025-12-31,True,375,42307.0,0,0,0,True,False,0.0
