session,valid,minute_count,opening_volume,duplicate_timestamps,malformed_rows,outside_session_rows,complete_minute_grid,corporate_action_suspect,overnight_gap_pct
2018-01-01,True,375,337350.0,0,0,0,True,False,
2018-01-02,True,375,853403.0,0,0,0,True,False,0.0038514473450541598
2018-01-03,False,375,1295306.0,0,1,0,True,False,0.014807185416528146
2018-01-04,False,375,568371.0,0,1,0,True,False,0.0028999889734260265
2018-01-05,True,375,374788.0,0,0,0,True,False,0.0014037242559163943
2018-01-08,True,375,480659.0,0,0,0,True,False,0.0033576498638345775
2018-01-09,True,375,346936.0,0,0,0,True,False,0.0007074521925576338
2018-01-10,True,375,915966.0,0,0,0,True,False,0.0032002749229465
2018-01-11,False,375,327752.0,0,1,0,True,False,0.0003216606265949995
2018-01-12,True,375,548640.0,0,0,0,True,False,0.0065186941062385095
2018-01-15,True,375,1059281.0,0,0,0,True,False,0.0035938616416588687
2018-01-16,True,375,477447.0,0,0,0,True,False,0.00010653030787244333
2018-01-17,False,375,1111272.0,0,1,0,True,False,0.0023821752100794402
2018-01-18,False,375,667620.0,0,1,0,True,False,0.004486066996299831
2018-01-19,True,375,884178.0,0,0,0,True,False,0.0010839336939145738
2018-01-22,True,375,4283138.0,0,0,0,True,False,0.014661869415361961
2018-01-23,False,375,3094446.0,0,1,0,True,False,0.005161881172662808
2018-01-24,False,375,893988.0,0,1,0,True,False,-0.0003083786478624839
2018-01-25,False,375,645142.0,0,1,0,True,False,-0.00010428507367743478
2018-01-29,False,375,708604.0,0,1,0,True,False,0.0023353230704785677
2018-01-30,False,375,337063.0,0,1,0,True,False,0.0021788089875871552
2018-01-31,True,375,623125.0,0,0,0,True,False,-0.00042486298168842307
2018-02-01,False,375,614629.0,0,1,0,True,False,0.0013011952107622182
2018-02-02,False,375,1074125.0,0,1,0,True,False,-0.010638979683394112
2018-02-05,False,375,1261305.0,0,1,0,True,False,-0.008752784213648446
2018-02-06,False,375,1585088.0,0,1,0,True,False,-0.032754762355403755
2018-02-07,True,375,1155327.0,0,0,0,True,False,0.010591041132122392
2018-02-08,False,294,677604.0,0,0,0,False,False,0.006108113610913124
2018-02-09,False,375,732587.0,0,1,0,True,False,-0.0189820539384421
2018-02-12,False,375,635657.0,0,1,0,True,False,0.0044466403162055634
2018-02-14,True,375,1700348.0,0,0,0,True,False,0.012053927211546966
2018-02-15,True,375,711782.0,0,0,0,True,False,0.009312383187725537
2018-02-16,True,375,428339.0,0,0,0,True,False,0.0037420064487603266
2018-02-19,True,375,447180.0,0,0,0,True,False,0.0005922286441255586
2018-02-20,True,375,472746.0,0,0,0,True,False,0.00016302044276339522
2018-02-21,False,375,576905.0,0,1,0,True,False,0.010984790290367252
2018-02-22,False,375,585423.0,0,1,0,True,False,-0.007541183118181305
2018-02-23,True,375,853173.0,0,0,0,True,False,0.0026578291114320862
2018-02-26,True,375,583993.0,0,0,0,True,False,0.005350021075840594
2018-02-27,True,375,1889085.0,0,0,0,True,False,0.00025808116652670243
2018-02-28,True,375,947390.0,0,0,0,True,False,-0.004884938460394728
2018-03-01,True,375,733543.0,0,0,0,True,False,-0.0013162503847909957
2018-03-05,True,375,1009129.0,0,0,0,True,False,-0.005271004152912373
2018-03-06,True,375,1279283.0,0,0,0,True,False,0.00688191336885513
2018-03-07,True,375,809840.0,0,0,0,True,False,0.0005998866880700948
2018-03-08,False,375,867041.0,0,1,0,True,False,0.0059960177391620295
2018-03-09,True,375,502169.0,0,0,0,True,False,0.0027438788267704073
2018-03-12,True,375,460335.0,0,0,0,True,False,0.00546110479804951
2018-03-13,False,375,527557.0,0,1,0,True,False,0.0009107566870141248
2018-03-14,True,375,432490.0,0,0,0,True,False,-0.005243640059247601
2018-03-15,False,375,372518.0,0,1,0,True,False,-0.007032943216298215
2018-03-16,True,375,766624.0,0,0,0,True,False,-0.002205108316250204
2018-03-19,True,375,770969.0,0,0,0,True,False,-0.0032052355903999796
2018-03-20,True,375,676537.0,0,0,0,True,False,-0.0025702014451747246
2018-03-21,True,375,845240.0,0,0,0,True,False,0.0028050490883591017
2018-03-22,False,357,1148760.0,0,0,0,False,False,0.0005520566928425286
2018-03-23,True,375,1111929.0,0,0,0,True,False,-0.018603463020758104
2018-03-26,True,375,399437.0,0,0,0,True,False,4.521715538863269e-05
2018-03-27,True,375,691274.0,0,0,0,True,False,0.005819614338634427
2018-03-28,True,375,663730.0,0,0,0,True,False,-0.003784135824649537
2018-04-02,True,375,817775.0,0,0,0,True,False,0.01129024870608708
2018-04-03,True,375,538395.0,0,0,0,True,False,-0.0022496806357891197
2018-04-04,True,375,1777032.0,0,0,0,True,False,0.004111860532861389
2018-04-05,True,375,525675.0,0,0,0,True,False,0.012924217090695578
2018-04-06,True,375,286344.0,0,0,0,True,False,0.0
2018-04-09,True,375,340121.0,0,0,0,True,False,0.000653095562271
2018-04-10,True,375,390239.0,0,0,0,True,False,0.003994879491480585
2018-04-11,False,375,867109.0,0,1,0,True,False,0.006880582203109498
2018-04-12,True,375,861247.0,0,0,0,True,False,-0.0017664589542129017
2018-04-13,True,375,601480.0,0,0,0,True,False,0.006032229965156954
2018-04-16,True,375,428819.0,0,0,0,True,False,-0.005746323963782052
2018-04-17,False,373,384626.0,0,0,0,False,False,0.0021308881929420487
2018-04-18,False,376,440300.0,0,0,1,False,False,0.0003098025809760152
2018-04-19,True,375,481913.0,0,0,0,True,False,0.001485628162342545
2018-04-20,False,376,406879.0,0,0,1,False,False,-0.004254361524282935
2018-04-23,True,375,523337.0,0,0,0,True,False,0.0
2018-04-24,True,375,741064.0,0,0,0,True,False,0.0008529291097147951
2018-04-25,True,375,1279440.0,0,0,0,True,False,0.0023174128112399828
2018-04-26,True,375,1274878.0,0,0,0,True,False,0.0011321499423537773
2018-04-27,True,375,4039013.0,0,0,0,True,False,0.017274292947108583
2018-04-30,True,375,1959425.0,0,0,0,True,False,-0.014547075389509057
2018-05-02,True,375,886688.0,0,0,0,True,False,0.003635601655403553
2018-05-03,True,375,698289.0,0,0,0,True,False,0.003958959477666113
2018-05-04,True,375,690872.0,0,0,0,True,False,0.000881454820193639
2018-05-07,True,375,419153.0,0,0,0,True,False,0.005504684274599159
2018-05-08,True,375,684509.0,0,0,0,True,False,0.005764616678957557
2018-05-09,True,375,468154.0,0,0,0,True,False,-0.00010450085168189904
2018-05-10,True,375,794315.0,0,0,0,True,False,0.0033278902002933375
2018-05-11,True,375,537617.0,0,0,0,True,False,0.001277297074577577
2018-05-14,True,375,232739.0,0,0,0,True,False,0.005474321849195274
2018-05-15,True,375,1003615.0,0,0,0,True,False,-0.0019268217689863976
2018-05-16,True,375,1180261.0,0,0,0,True,False,-0.0046525542626062455
2018-05-17,True,375,557320.0,0,0,0,True,False,0.005608228223143996
2018-05-18,True,375,421663.0,0,0,0,True,False,0.0006302543450162901
2018-05-21,True,375,1087854.0,0,0,0,True,False,-0.0035879091783472816
2018-05-22,True,375,1172284.0,0,0,0,True,False,-0.0017602211615299623
2018-05-23,True,375,559016.0,0,0,0,True,False,-0.0011868466898955488
2018-05-24,True,375,591245.0,0,0,0,True,False,0.00022094076578071942
2018-05-25,True,375,615209.0,0,0,0,True,False,-0.002122441797807295
2018-05-28,True,375,348302.0,0,0,0,True,False,0.0031532616550244974
2018-05-29,True,375,572750.0,0,0,0,True,False,0.0016898750150882158
2018-05-30,True,375,1004372.0,0,0,0,True,False,-0.0023448078468498723
2018-05-31,True,375,579644.0,0,0,0,True,False,0.006009482853677417
2018-06-01,True,375,605159.0,0,0,0,True,False,-0.0003290700480441666
2018-06-04,True,375,800870.0,0,0,0,True,False,0.0051745879897378
2018-06-05,True,375,959294.0,0,0,0,True,False,0.001383140694358076
2018-06-06,True,375,594847.0,0,0,0,True,False,-0.0020000212768220837
2018-06-07,True,375,1116842.0,0,0,0,True,False,0.0009417590789808639
2018-06-08,True,375,499690.0,0,0,0,True,False,-0.004627078286005504
2018-06-11,True,375,1411949.0,0,0,0,True,False,0.004066251142349708
2018-06-12,True,375,1184144.0,0,0,0,True,False,0.0034196837822526582
2018-06-13,True,375,783222.0,0,0,0,True,False,0.000100958092295933
2018-06-14,True,375,360246.0,0,0,0,True,False,-0.0036000605052185497
2018-06-15,True,375,1258895.0,0,0,0,True,False,-0.000992441405858413
2018-06-18,True,375,534615.0,0,0,0,True,False,-0.0025651262601057434
2018-06-19,True,375,709845.0,0,0,0,True,False,-0.00019908817615321706
2018-06-20,True,375,477357.0,0,0,0,True,False,0.00040557667934093544
2018-06-21,True,375,1424070.0,0,0,0,True,False,0.0041698443984430344
2018-06-22,True,375,1741718.0,0,0,0,True,False,-0.003102034425732203
2018-06-25,True,375,604542.0,0,0,0,True,False,-0.0010867506156592155
2018-06-26,True,375,618223.0,0,0,0,True,False,0.000994415203503518
2018-06-27,True,375,1505431.0,0,0,0,True,False,0.00020637492131947432
2018-06-28,True,375,1001184.0,0,0,0,True,False,-0.001759807259204882
2018-06-29,True,375,931732.0,0,0,0,True,False,0.0016406541309328393
2018-07-02,True,375,852213.0,0,0,0,True,False,-0.002722990112336232
2018-07-03,True,375,716933.0,0,0,0,True,False,0.005152254374158893
2018-07-04,True,375,877856.0,0,0,0,True,False,-0.0004049549876956604
2018-07-05,True,375,1650111.0,0,0,0,True,False,0.005037193825112585
2018-07-06,True,375,1883257.0,0,0,0,True,False,-0.00026152268970858206
2018-07-09,True,375,949917.0,0,0,0,True,False,0.009716858387889715
2018-07-10,True,375,1733056.0,0,0,0,True,False,0.00677038463487567
2018-07-11,True,375,653346.0,0,0,0,True,False,-0.002426683696025944
2018-07-12,True,375,2439510.0,0,0,0,True,False,0.005823732438870355
2018-07-13,True,375,3353413.0,0,0,0,True,False,-0.00037356992762094254
2018-07-16,True,375,2027471.0,0,0,0,True,False,-0.0010910824638292738
2018-07-17,True,375,1724860.0,0,0,0,True,False,-0.0003275558716728799
2018-07-18,True,375,909542.0,0,0,0,True,False,0.00444021859537691
2018-07-19,True,375,944253.0,0,0,0,True,False,0.0
2018-07-20,True,375,1510964.0,0,0,0,True,False,-0.0008515341202475213
2018-07-23,True,375,1137468.0,0,0,0,True,False,0.0018171076658670682
2018-07-24,True,375,726185.0,0,0,0,True,False,0.0013333573577902769
2018-07-25,True,375,1077510.0,0,0,0,True,False,-0.0012988074586062215
2018-07-26,True,375,627103.0,0,0,0,True,False,-0.002286336418072965
2018-07-27,True,375,578478.0,0,0,0,True,False,0.006653595483179897
2018-07-30,True,375,4707302.0,0,0,0,True,False,0.0010194500335345413
2018-07-31,True,375,1448827.0,0,0,0,True,False,-0.0008675230901348252
2018-08-01,True,375,1947260.0,0,0,0,True,False,0.005276932388770916
2018-08-02,True,375,1249194.0,0,0,0,True,False,0.002352361703211736
2018-08-03,True,375,1295464.0,0,0,0,True,False,0.00496451451365032
2018-08-06,True,375,485688.0,0,0,0,True,False,0.0011079047717201806
2018-08-07,True,375,1167444.0,0,0,0,True,False,0.00033804340477328054
2018-08-08,True,375,558513.0,0,0,0,True,False,0.00024710714224851493
2018-08-09,True,375,1581406.0,0,0,0,True,False,0.0005705591479649996
2018-08-10,True,375,722448.0,0,0,0,True,False,-0.006155452090202518
2018-08-13,True,375,798069.0,0,0,0,True,False,-0.0053492525299952964
2018-08-14,True,375,531514.0,0,0,0,True,False,0.00042432934746639006
2018-08-16,True,375,829586.0,0,0,0,True,False,-0.007138573284909855
2018-08-17,True,375,613708.0,0,0,0,True,False,0.007503806583496697
2018-08-20,True,375,861001.0,0,0,0,True,False,0.00436475960247118
2018-08-21,True,375,851907.0,0,0,0,True,False,0.0016999713947123407
2018-08-23,True,375,1043526.0,0,0,0,True,False,-0.0003157920307047535
2018-08-24,True,375,1248108.0,0,0,0,True,False,-0.0012988047808766279
2018-08-27,True,375,1100697.0,0,0,0,True,False,0.002079445902779975
2018-08-28,True,375,1060917.0,0,0,0,True,False,0.0030548784299018195
2018-08-29,True,375,1624070.0,0,0,0,True,False,-0.0050284999198796365
2018-08-30,True,375,1380642.0,0,0,0,True,False,0.0003825256057956583
2018-08-31,True,375,3568521.0,0,0,0,True,False,-0.00548612263934678
2018-09-03,True,375,1806354.0,0,0,0,True,False,0.005290099607114351
2018-09-04,True,375,1462601.0,0,0,0,True,False,0.0058201188685294
2018-09-05,True,375,1407007.0,0,0,0,True,False,-0.0020108488538972402
2018-09-06,True,375,1418976.0,0,0,0,True,False,0.003508078462374664
2018-09-07,True,375,1783437.0,0,0,0,True,False,0.003411384093020331
2018-09-10,True,375,1060915.0,0,0,0,True,False,-0.0017624836002086974
2018-09-11,True,375,1481522.0,0,0,0,True,False,0.003669665706330205
2018-09-12,True,375,1496335.0,0,0,0,True,False,0.012790042388454603
2018-09-14,True,375,2085851.0,0,0,0,True,False,0.006632508976479601
2018-09-17,True,375,779397.0,0,0,0,True,False,-0.0014345699111050214
2018-09-18,True,375,985791.0,0,0,0,True,False,0.0013109077417758908
2018-09-19,True,375,2656361.0,0,0,0,True,False,0.007076470734806772
2018-09-21,True,375,2863462.0,0,0,0,True,False,0.0049851859249643304
2018-09-24,True,375,833090.0,0,0,0,True,False,-0.0014359468118660956
2018-09-25,True,375,1339067.0,0,0,0,True,False,0.0007686269379212352
2018-09-26,True,375,785602.0,0,0,0,True,False,0.007734307648097127
2018-09-27,True,375,1429091.0,0,0,0,True,False,0.0011999387950680784
2018-09-28,True,375,1136601.0,0,0,0,True,False,0.006272726539760853
2018-10-01,True,375,1265679.0,0,0,0,True,False,0.0021476488473479716
2018-10-03,True,375,881648.0,0,0,0,True,False,-0.004942810457516322
2018-10-04,True,375,5084111.0,0,0,0,True,False,-0.009781759204013585
2018-10-05,True,375,2837495.0,0,0,0,True,False,-0.009458156750759228
2018-10-08,True,375,3260109.0,0,0,0,True,False,0.0005194305502118635
2018-10-09,True,375,2451411.0,0,0,0,True,False,0.010494916240746388
2018-10-10,True,375,1366743.0,0,0,0,True,False,0.010066832582981577
2018-10-11,True,375,2307028.0,0,0,0,True,False,-0.03535473715038817
2018-10-12,True,375,1852898.0,0,0,0,True,False,0.014270226192351299
2018-10-15,True,375,1678662.0,0,0,0,True,False,0.003910559407316994
2018-10-16,True,375,876553.0,0,0,0,True,False,0.007248884275155909
2018-10-17,True,375,1553339.0,0,0,0,True,False,0.011151032422838991
2018-10-19,True,375,7621319.0,0,0,0,True,False,-0.044601679906009384
2018-10-22,True,375,1535001.0,0,0,0,True,False,0.009919359282867024
2018-10-23,True,375,1612930.0,0,0,0,True,False,-0.00931915985066556
2018-10-24,True,375,1560349.0,0,0,0,True,False,0.012629216475041005
2018-10-25,True,375,2411433.0,0,0,0,True,False,-0.012394745705624932
2018-10-26,True,375,1195200.0,0,0,0,True,False,-0.0047273505437425145
2018-10-29,True,375,1053463.0,0,0,0,True,False,0.0032629428452475295
2018-10-30,True,375,1392930.0,0,0,0,True,False,-0.002569382606114612
2018-10-31,True,375,1543025.0,0,0,0,True,False,0.001986666411965876
2018-11-01,True,375,1780147.0,0,0,0,True,False,0.008167349661679202
2018-11-02,True,375,2270867.0,0,0,0,True,False,0.011377010592389158
2018-11-05,True,375,719279.0,0,0,0,True,False,0.0002822015483456841
2018-11-06,True,375,1576470.0,0,0,0,True,False,0.001830367460134097
2018-11-07,False,60,,0,0,60,False,False,0.01203041964449314
2018-11-09,True,375,1300839.0,0,0,0,True,False,-0.004722721740867963
2018-11-12,True,375,627498.0,0,0,0,True,False,0.00429465984446864
2018-11-13,True,375,624147.0,0,0,0,True,False,-0.0018107613641692444
2018-11-14,True,375,1426426.0,0,0,0,True,False,0.006556080695882649
2018-11-15,True,375,1910569.0,0,0,0,True,False,-0.0018646434213910323
2018-11-16,True,375,1403334.0,0,0,0,True,False,0.004479169552729756
2018-11-19,True,375,997565.0,0,0,0,True,False,0.007016977136498959
2018-11-20,True,375,943713.0,0,0,0,True,False,-0.003916712771469544
2018-11-21,True,375,1170989.0,0,0,0,True,False,0.0004439235741173775
2018-11-22,True,375,930688.0,0,0,0,True,False,0.000852151682999569
2018-11-26,True,375,1361885.0,0,0,0,True,False,0.008093450911660138
2018-11-27,True,375,1062767.0,0,0,0,True,False,-0.0016646502869929192
2018-11-28,True,375,788590.0,0,0,0,True,False,0.00341681574239705
2018-11-29,True,375,2114620.0,0,0,0,True,False,0.00869153386716226
2018-11-30,True,375,800676.0,0,0,0,True,False,0.0038553633636748685
2018-12-03,True,375,664811.0,0,0,0,True,False,0.006686041482865113
2018-12-04,True,375,837274.0,0,0,0,True,False,0.0
2018-12-05,True,375,775320.0,0,0,0,True,False,-0.008106664799040542
2018-12-06,True,375,864350.0,0,0,0,True,False,-0.007905655114705978
2018-12-07,True,375,757087.0,0,0,0,True,False,0.009337026044438757
2018-12-10,True,375,1877337.0,0,0,0,True,False,-0.020985620798646853
2018-12-11,True,375,2338530.0,0,0,0,True,False,-0.017966911867275392
2018-12-12,True,375,2045516.0,0,0,0,True,False,0.0018220299990798772
2018-12-13,True,375,1727815.0,0,0,0,True,False,0.015301162125080703
2018-12-14,True,375,951652.0,0,0,0,True,False,-0.002401015182084465
2018-12-17,True,375,652341.0,0,0,0,True,False,0.005356590698266661
2018-12-18,True,375,864247.0,0,0,0,True,False,-0.007253229605310163
2018-12-19,True,375,805578.0,0,0,0,True,False,0.0031226159005020016
2018-12-20,True,375,816536.0,0,0,0,True,False,-0.012204342682286873
2018-12-21,True,375,829349.0,0,0,0,True,False,-0.004288624423716025
2018-12-24,True,375,698854.0,0,0,0,True,False,0.0028230144645007282
2018-12-26,True,375,709828.0,0,0,0,True,False,-0.0033080978900452696
2018-12-27,True,375,2855781.0,0,0,0,True,False,0.006820455859808838
2018-12-28,True,375,1508125.0,0,0,0,True,False,0.006617912603828158
2018-12-31,True,375,952610.0,0,0,0,True,False,0.004753235338959438
2019-01-01,True,375,616391.0,0,0,0,True,False,-0.0001793915040183558
2019-01-02,True,375,985829.0,0,0,0,True,False,-0.004957053887682195
2019-01-03,True,375,1049583.0,0,0,0,True,False,0.0028519716996653344
2019-01-04,True,375,1754827.0,0,0,0,True,False,0.006518156398718666
2019-01-07,True,375,689102.0,0,0,0,True,False,0.006415080486775304
2019-01-08,True,375,640500.0,0,0,0,True,False,-0.00036525677551302316
2019-01-09,True,375,824110.0,0,0,0,True,False,0.009993948618267634
2019-01-10,True,375,605508.0,0,0,0,True,False,-0.0013468871435982077
2019-01-11,True,375,674261.0,0,0,0,True,False,-0.00036443148688036775
2019-01-14,True,375,661017.0,0,0,0,True,False,-0.0004515255111914307
2019-01-15,True,375,1510032.0,0,0,0,True,False,0.0045426597043138894
2019-01-16,True,375,1450716.0,0,0,0,True,False,0.0035793025269339473
2019-01-17,True,375,1069696.0,0,0,0,True,False,0.006990398195109382
2019-01-18,True,375,5483703.0,0,0,0,True,False,0.01394383263836918
2019-01-21,True,375,5348506.0,0,0,0,True,False,0.006912579703235666
2019-01-22,True,375,2622350.0,0,0,0,True,False,-0.00254820767892594
2019-01-23,True,375,1412688.0,0,0,0,True,False,0.001015993707393914
2019-01-24,True,375,989635.0,0,0,0,True,False,0.0004534399604270156
2019-01-25,True,375,1462270.0,0,0,0,True,False,0.0017224926814278785
2019-01-28,True,375,1239450.0,0,0,0,True,False,0.0013661312617718746
2019-01-29,True,375,1340500.0,0,0,0,True,False,0.00040198531523039094
2019-01-30,True,375,1239007.0,0,0,0,True,False,0.001156213608384471
2019-01-31,True,375,972757.0,0,0,0,True,False,0.0066960322627009905
2019-02-01,True,375,1104436.0,0,0,0,True,False,0.006521255835783002
2019-02-04,True,375,1437462.0,0,0,0,True,False,-0.004865748833911998
2019-02-05,True,375,2077094.0,0,0,0,True,False,0.00194145875574403
2019-02-06,True,375,1610998.0,0,0,0,True,False,0.007113669696708236
2019-02-07,True,375,1942344.0,0,0,0,True,False,-0.0002233793443431331
2019-02-08,True,375,1223954.0,0,0,0,True,False,-0.002484501257925764
2019-02-11,True,375,803767.0,0,0,0,True,False,-0.0014852267340811354
2019-02-12,True,375,1286829.0,0,0,0,True,False,-0.0023899188876014277
2019-02-13,True,375,852864.0,0,0,0,True,False,0.004705182134785435
2019-02-14,True,375,833396.0,0,0,0,True,False,0.002184776671802391
2019-02-15,True,375,1170150.0,0,0,0,True,False,0.0005256414468282067
2019-02-18,True,375,1666180.0,0,0,0,True,False,0.0008001487145086195
2019-02-19,True,375,1119397.0,0,0,0,True,False,0.0018932474175441527
2019-02-20,True,375,863019.0,0,0,0,True,False,0.0072865344511003904
2019-02-21,True,375,843889.0,0,0,0,True,False,0.00035949180930594515
2019-02-22,True,375,1314514.0,0,0,0,True,False,-0.0026452458379847554
2019-02-25,True,375,1584723.0,0,0,0,True,False,0.003491431240933318
2019-02-26,True,375,1242249.0,0,0,0,True,False,-0.017708692016331296
2019-02-27,True,375,910963.0,0,0,0,True,False,0.006436454489799237
2019-02-28,True,375,982855.0,0,0,0,True,False,0.01073445860452038
2019-03-01,True,375,928986.0,0,0,0,True,False,0.004055947493916134
2019-03-05,True,375,1013793.0,0,0,0,True,False,-0.0013102595797279681
2019-03-06,True,375,1321173.0,0,0,0,True,False,0.0019007529592196537
2019-03-07,True,375,1658685.0,0,0,0,True,False,0.0015838099428069352
2019-03-08,True,375,942304.0,0,0,0,True,False,-0.003107935170538867
2019-03-11,True,375,1655505.0,0,0,0,True,False,0.0024860557768924263
2019-03-12,True,375,2264248.0,0,0,0,True,False,0.005611871266139934
2019-03-13,True,375,2843516.0,0,0,0,True,False,0.005191217431561812
2019-03-14,True,375,2434412.0,0,0,0,True,False,0.0009282548808240421
2019-03-15,True,375,1468463.0,0,0,0,True,False,0.004107255900883011
2019-03-18,True,375,2462911.0,0,0,0,True,False,0.005475398834762002
2019-03-19,True,375,1314153.0,0,0,0,True,False,0.0022093940160385905
2019-03-20,True,375,1123377.0,0,0,0,True,False,0.00039580157147889317
2019-03-22,True,375,1415425.0,0,0,0,True,False,-0.0014175125225848184
2019-03-25,True,375,1392076.0,0,0,0,True,False,-0.01077697809331557
2019-03-26,True,375,1147464.0,0,0,0,True,False,0.0010558940155875884
2019-03-27,True,375,1816565.0,0,0,0,True,False,0.006533200604652789
2019-03-28,True,375,970369.0,0,0,0,True,False,0.002413159965526379
2019-03-29,True,375,1145881.0,0,0,0,True,False,0.006280028471439714
2019-04-01,True,375,848443.0,0,0,0,True,False,0.005102758748380065
2019-04-02,True,375,1444834.0,0,0,0,True,False,0.0043441053608723745
2019-04-03,True,375,1214274.0,0,0,0,True,False,0.0032796183716803373
2019-04-04,True,375,920178.0,0,0,0,True,False,0.003201903516953042
2019-04-05,True,375,963876.0,0,0,0,True,False,0.00476233063542475
2019-04-08,True,375,931577.0,0,0,0,True,False,0.00077482994717748
2019-04-09,True,375,1404495.0,0,0,0,True,False,0.0006765334123890465
2019-04-10,True,375,1395626.0,0,0,0,True,False,-3.772332206664064e-05
2019-04-11,True,375,643429.0,0,0,0,True,False,0.0014637846037164337
2019-04-12,True,375,903902.0,0,0,0,True,False,-0.0005978537051982702
2019-04-15,True,375,706272.0,0,0,0,True,False,0.003729038284792985
2019-04-16,True,375,1623529.0,0,0,0,True,False,0.00388029113485322
2019-04-18,True,375,4890008.0,0,0,0,True,False,0.022306116168931966
2019-04-22,True,375,3640017.0,0,0,0,True,False,-0.018761972046409614
2019-04-23,True,375,1688041.0,0,0,0,True,False,0.0029743574336400513
2019-04-24,True,375,1170629.0,0,0,0,True,False,0.003511547446550578
2019-04-25,True,375,824733.0,0,0,0,True,False,-0.0002833375712885111
2019-04-26,True,375,1056884.0,0,0,0,True,False,0.003647376099739086
2019-04-30,True,375,1695307.0,0,0,0,True,False,0.0037369207772794955
2019-05-02,True,375,1412618.0,0,0,0,True,False,-0.0007174328946605302
2019-05-03,True,375,1222482.0,0,0,0,True,False,0.00335234916227245
2019-05-06,False,372,1218117.0,0,0,0,False,False,-0.008193023039296476
2019-05-07,True,375,1122353.0,0,0,0,True,False,0.008569593272796272
2019-05-08,True,375,1980070.0,0,0,0,True,False,-0.0014893937114487388
2019-05-09,True,375,5705017.0,0,0,0,True,False,-0.007085028114573566
2019-05-10,True,375,2507631.0,0,0,0,True,False,0.009497877276791744
2019-05-13,True,375,1334542.0,0,0,0,True,False,0.001685438781298343
2019-05-14,True,375,1839309.0,0,0,0,True,False,0.005367915623589514
2019-05-15,True,375,1178569.0,0,0,0,True,False,0.004540566375911048
2019-05-16,True,375,818299.0,0,0,0,True,False,0.002989392478302655
2019-05-17,True,375,1100241.0,0,0,0,True,False,-0.0018132943103915666
2019-05-20,True,375,3412932.0,0,0,0,True,False,0.035152894008336766
2019-05-21,True,375,2062504.0,0,0,0,True,False,0.0027506135691870437
2019-05-22,True,375,1332635.0,0,0,0,True,False,0.004286833619624453
2019-05-23,True,375,2754919.0,0,0,0,True,False,0.020835524042722486
2019-05-24,True,375,1979330.0,0,0,0,True,False,0.008336479649626138
2019-05-27,True,375,1291124.0,0,0,0,True,False,-0.0009352984658088648
2019-05-28,True,375,1395990.0,0,0,0,True,False,0.004795683884504021
2019-05-29,True,375,995118.0,0,0,0,True,False,-0.00676275701892215
2019-05-30,True,375,1059835.0,0,0,0,True,False,0.0004910799923270037
2019-05-31,True,375,1476737.0,0,0,0,True,False,0.0059430288954163135
2019-06-03,True,375,1019941.0,0,0,0,True,False,0.0036809070969407998
2019-06-04,True,375,1731994.0,0,0,0,True,False,-0.004073470596948625
2019-06-06,True,375,1109018.0,0,0,0,True,False,0.0066107069576570865
2019-06-07,True,375,1052533.0,0,0,0,True,False,-0.00015224175991479516
2019-06-10,True,375,818587.0,0,0,0,True,False,0.0075537657177617845
2019-06-11,True,375,720717.0,0,0,0,True,False,0.0010243865147925302
2019-06-12,True,375,812083.0,0,0,0,True,False,0.0038722315442611954
2019-06-13,True,375,567121.0,0,0,0,True,False,-0.0024002786443347857
2019-06-14,True,375,873729.0,0,0,0,True,False,-0.001319381949634657
2019-06-17,True,375,1271335.0,0,0,0,True,False,0.0018618121638394047
2019-06-18,True,375,1410932.0,0,0,0,True,False,-0.003194460836382196
2019-06-19,True,375,1258696.0,0,0,0,True,False,0.006577233140411698
2019-06-20,True,375,1051558.0,0,0,0,True,False,-0.0015197927412179402
2019-06-21,True,375,844033.0,0,0,0,True,False,-0.0030364451071298593
2019-06-24,True,375,900137.0,0,0,0,True,False,-0.005123589828608388
2019-06-25,True,375,1023341.0,0,0,0,True,False,-0.0023360000000000047
2019-06-26,True,375,1113996.0,0,0,0,True,False,-0.003397649699198868
2019-06-27,True,375,1422947.0,0,0,0,True,False,0.000968924103549762
2019-06-28,True,375,1019689.0,0,0,0,True,False,0.0008623281277193584
2019-07-01,True,375,1011439.0,0,0,0,True,False,0.003430006924427076
2019-07-02,True,375,775238.0,0,0,0,True,False,0.003977756386287945
2019-07-03,True,375,668138.0,0,0,0,True,False,0.003046590738679855
2019-07-04,True,375,682580.0,0,0,0,True,False,-0.0004645815616241
2019-07-05,True,375,488950.0,0,0,0,True,False,0.0008569586615720937
2019-07-08,True,375,690760.0,0,0,0,True,False,-0.003876774523596249
2019-07-09,True,375,859378.0,0,0,0,True,False,-0.002796830795766869
2019-07-10,True,375,673105.0,0,0,0,True,False,-0.0026898423060286447
2019-07-11,True,375,615245.0,0,0,0,True,False,0.0077542664274254935
2019-07-12,True,375,1861075.0,0,0,0,True,False,0.001947212411705479
2019-07-15,True,375,676870.0,0,0,0,True,False,0.004252331287375677
2019-07-16,True,375,474918.0,0,0,0,True,False,0.0027046049457892796
2019-07-17,True,375,715383.0,0,0,0,True,False,0.0017031649179277686
2019-07-18,True,375,765855.0,0,0,0,True,False,0.0011667507568113855
2019-07-19,True,375,885255.0,0,0,0,True,False,0.0017782243273847254
2019-07-22,True,375,3608830.0,0,0,0,True,False,-0.0015951918661327724
2019-07-23,True,375,899736.0,0,0,0,True,False,0.005394518600426723
2019-07-24,True,375,1128433.0,0,0,0,True,False,-0.001179702778239644
2019-07-25,True,375,1349505.0,0,0,0,True,False,0.0024578483019230823
2019-07-26,True,375,1160667.0,0,0,0,True,False,-0.0027874279641965094
2019-07-29,True,375,936941.0,0,0,0,True,False,-0.00016588287010543823
2019-07-30,True,375,769969.0,0,0,0,True,False,0.0020999475013123714
2019-07-31,True,375,1593618.0,0,0,0,True,False,-0.0015687417491041522
2019-08-01,True,375,1053806.0,0,0,0,True,False,-0.0018447787564631613
2019-08-02,True,375,1583584.0,0,0,0,True,False,-0.008681885501251041
2019-08-05,True,375,2277296.0,0,0,0,True,False,-0.013987922622906157
2019-08-06,True,375,2802555.0,0,0,0,True,False,-0.004736860745148119
2019-08-07,True,375,1400914.0,0,0,0,True,False,0.0036966747915563314
2019-08-08,True,375,1402567.0,0,0,0,True,False,0.003033016023825663
2019-08-09,True,375,1484870.0,0,0,0,True,False,0.003365066080831536
2019-08-13,True,375,14523747.0,0,0,0,True,False,0.062142422398052455
2019-08-14,True,375,4859462.0,0,0,0,True,False,0.022512110945762
2019-08-16,True,375,3185293.0,0,0,0,True,False,0.002178171276345564
2019-08-19,True,375,1546815.0,0,0,0,True,False,0.0016812825107150875
2019-08-20,True,375,1105836.0,0,0,0,True,False,7.827237220081606e-05
2019-08-21,True,375,808765.0,0,0,0,True,False,-0.0022660160752916436
2019-08-22,True,375,571665.0,0,0,0,True,False,-7.147906060622766e-05
2019-08-23,True,375,1033070.0,0,0,0,True,False,-0.004816307335544279
2019-08-26,True,375,1494917.0,0,0,0,True,False,0.014105789465356455
2019-08-27,True,375,1322281.0,0,0,0,True,False,0.015808541879468896
2019-08-28,True,375,963742.0,0,0,0,True,False,-0.0005861246861460501
2019-08-29,True,375,653737.0,0,0,0,True,False,-0.0028600727435867945
2019-08-30,True,375,1125810.0,0,0,0,True,False,0.002331570438611319
2019-09-03,True,375,891389.0,0,0,0,True,False,-0.008180601898866824
2019-09-04,True,375,2916082.0,0,0,0,True,False,0.00046267865705407196
2019-09-05,True,375,1775541.0,0,0,0,True,False,0.003660451175794055
2019-09-06,True,375,1983694.0,0,0,0,True,False,0.0075330362955385866
2019-09-09,True,375,1005338.0,0,0,0,True,False,0.00037228849876735914
2019-09-11,True,375,910883.0,0,0,0,True,False,0.0007768081449159858
2019-09-12,True,375,725998.0,0,0,0,True,False,0.0023925013109595827
2019-09-13,True,375,906934.0,0,0,0,True,False,0.0004166250041661712
2019-09-16,True,375,2810688.0,0,0,0,True,False,-0.030927326131492627
2019-09-17,True,375,920945.0,0,0,0,True,False,0.00033354735955581916
2019-09-18,True,375,1302939.0,0,0,0,True,False,0.006730428622033324
2019-09-19,True,375,640665.0,0,0,0,True,False,-0.000951864067131547
2019-09-20,True,375,873858.0,0,0,0,True,False,0.007637771003870197
2019-09-23,False,361,5062671.0,0,19,0,False,False,0.016313318786082887
2019-09-24,False,367,3571085.0,0,0,0,False,False,0.004845103509029558
2019-09-25,True,375,1906592.0,0,0,0,True,False,0.005836022015562881
2019-09-26,True,375,1339212.0,0,0,0,True,False,0.008899714641567691
2019-09-27,True,375,2342800.0,0,0,0,True,False,-0.0028970157622578707
2019-09-30,True,375,1385145.0,0,0,0,True,False,0.002293914561337207
2019-10-01,True,375,1189179.0,0,0,0,True,False,0.0027027436254618564
2019-10-03,True,375,1076845.0,0,0,0,True,False,-0.014184561810795082
2019-10-04,True,375,969342.0,0,0,0,True,False,0.006334277445970038
2019-10-07,False,375,1434874.0,0,9,0,True,False,0.000270172215489195
2019-10-09,True,375,920256.0,0,0,0,True,False,-0.0001542483861761701
2019-10-10,True,375,4917733.0,0,0,0,True,False,-0.0030079299972655127
2019-10-11,True,375,1023844.0,0,0,0,True,False,0.002605055737802342
2019-10-14,True,375,747527.0,0,0,0,True,False,0.010998788712595964
2019-10-15,True,375,687602.0,0,0,0,True,False,0.003830249300886601
2019-10-16,True,375,1688288.0,0,0,0,True,False,0.004329516944323153
2019-10-17,True,375,1287785.0,0,0,0,True,False,0.0003672177380855679
2019-10-18,True,375,1998531.0,0,0,0,True,False,0.006454880960995668
2019-10-22,True,375,3310825.0,0,0,0,True,False,0.006359164468524803
2019-10-23,True,375,753942.0,0,0,0,True,False,-0.0007763035133074858
2019-10-24,True,375,1158640.0,0,0,0,True,False,0.004909272587722446
2019-10-25,True,375,1016078.0,0,0,0,True,False,0.004248943040245257
2019-10-27,False,60,,0,0,60,False,False,0.008926804444318925
2019-10-29,True,375,1721953.0,0,0,0,True,False,0.006968959648950168
2019-10-30,True,375,1324364.0,0,0,0,True,False,0.00611450806003333
2019-10-31,True,375,1923403.0,0,0,0,True,False,0.0015874746208455193
2019-11-01,True,375,698086.0,0,0,0,True,False,-0.006753311189823252
2019-11-04,True,375,695506.0,0,0,0,True,False,0.0066967999556319935
2019-11-05,True,375,616974.0,0,0,0,True,False,0.0017417267977108963
2019-11-06,True,375,702232.0,0,0,0,True,False,-0.0033195946747006655
2019-11-07,True,375,918770.0,0,0,0,True,False,0.001500634070733975
2019-11-08,True,375,787745.0,0,0,0,True,False,-0.008215410977834181
2019-11-11,True,375,464716.0,0,0,0,True,False,-0.0040798362476685
2019-11-13,True,375,1792534.0,0,0,0,True,False,0.0021010186757215443
2019-11-14,True,375,1179515.0,0,0,0,True,False,0.004693158158742827
2019-11-15,True,375,720625.0,0,0,0,True,False,0.0050742094478597455
2019-11-18,True,375,1567502.0,0,0,0,True,False,0.003950229856580556
2019-11-19,True,375,1541668.0,0,0,0,True,False,0.004583192196821573
2019-11-20,True,375,8202850.0,0,0,0,True,False,0.028777314740610294
2019-11-21,True,375,1623501.0,0,0,0,True,False,-0.0013571973873950371
2019-11-22,True,375,2654813.0,0,0,0,True,False,0.0010419192283244172
2019-11-25,True,375,1497561.0,0,0,0,True,False,0.0020019432543640914
2019-11-26,True,375,1361087.0,0,0,0,True,False,0.004098148722722295
2019-11-27,True,375,616062.0,0,0,0,True,False,-0.0024337182954934367
2019-11-28,True,375,740782.0,0,0,0,True,False,-0.001557382827771292
2019-11-29,True,375,938963.0,0,0,0,True,False,-3.19050505696028e-05
2019-12-02,True,375,4646429.0,0,0,0,True,False,0.030264817150063017
2019-12-03,True,375,1155373.0,0,0,0,True,False,0.0036832061068701183
2019-12-04,True,375,1105177.0,0,0,0,True,False,-0.005691861021599798
2019-12-05,True,375,2581907.0,0,0,0,True,False,0.012546269238262076
2019-12-06,False,375,980890.0,0,183,0,True,False,0.0006119034754816788
2019-12-09,True,375,846599.0,0,0,0,True,False,0.0007400675149311642
2019-12-10,True,375,564462.0,0,0,0,True,False,-0.0005711791962418333
2019-12-11,True,375,956060.0,0,0,0,True,False,-0.005691020189571572
2019-12-12,True,375,529182.0,0,0,0,True,False,0.005930131795077509
2019-12-13,True,375,1081464.0,0,0,0,True,False,0.005085921245280067
2019-12-16,True,375,927823.0,0,0,0,True,False,0.005015358340024756
2019-12-17,True,375,1511780.0,0,0,0,True,False,-0.0027052208835341984
2019-12-18,True,375,1034956.0,0,0,0,True,False,-0.002557511805139523
2019-12-19,True,375,1045155.0,0,0,0,True,False,-0.0027252139868728653
2019-12-20,True,375,1628764.0,0,0,0,True,False,0.0012454235378789313
2019-12-23,True,375,3367256.0,0,0,0,True,False,-0.024971136193005727
2019-12-24,True,375,814326.0,0,0,0,True,False,-0.0007008474467291581
2019-12-26,True,375,1276498.0,0,0,0,True,False,-0.0015233736515201102
2019-12-27,True,375,1423045.0,0,0,0,True,False,0.007385603068787994
2019-12-30,True,375,995553.0,0,0,0,True,False,0.002231646182641711
2019-12-31,True,375,780999.0,0,0,0,True,False,-0.0025857340611695756
2020-01-01,True,375,874811.0,0,0,0,True,False,0.001325111868740736
2020-01-02,True,375,899910.0,0,0,0,True,False,0.0006614065913510547
2020-01-03,True,375,2466003.0,0,0,0,True,False,-0.0010393437662398197
2020-01-06,True,375,3099113.0,0,0,0,True,False,-0.009928788885016693
2020-01-07,True,375,1472903.0,0,0,0,True,False,0.012699630519493743
2020-01-08,True,375,1357109.0,0,0,0,True,False,-0.007827529898651986
2020-01-09,True,375,1374683.0,0,0,0,True,False,0.016249049860646236
2020-01-10,True,375,819528.0,0,0,0,True,False,0.0016157930742417559
2020-01-13,True,375,1273986.0,0,0,0,True,False,-0.001585158222274452
2020-01-14,True,375,786723.0,0,0,0,True,False,9.833550764049015e-05
2020-01-15,True,375,1232463.0,0,0,0,True,False,0.004416599548437317
2020-01-16,True,375,977369.0,0,0,0,True,False,0.0032123672828672234
2020-01-17,True,375,2739985.0,0,0,0,True,False,0.009419172870683168
2020-01-20,True,375,4332804.0,0,0,0,True,False,0.01771222424416563
2020-01-21,True,375,2134431.0,0,0,0,True,False,-0.0023454846126985673
2020-01-22,True,375,991167.0,0,0,0,True,False,0.00651487233482495
2020-01-23,True,375,859202.0,0,0,0,True,False,0.0008153442528093802
2020-01-24,True,375,674890.0,0,0,0,True,False,-0.0013072413246711934
2020-01-27,True,375,1163469.0,0,0,0,True,False,-0.0060010332905002794
2020-01-28,True,375,1174996.0,0,0,0,True,False,0.0003949552830291303
2020-01-29,True,375,2238113.0,0,0,0,True,False,0.0003768000767301327
2020-01-30,True,375,1673525.0,0,0,0,True,False,-0.0013836443693172606
2020-01-31,True,375,3071449.0,0,0,0,True,False,0.006376552187045359
2020-02-01,True,375,1545626.0,0,0,0,True,False,-0.0033362925627882234
2020-02-03,True,375,3139143.0,0,0,0,True,False,-0.0022571703759254325
2020-02-04,True,375,2604361.0,0,0,0,True,False,0.010094756698883378
2020-02-05,True,375,1886003.0,0,0,0,True,False,0.005183508945619142
2020-02-06,True,375,920254.0,0,0,0,True,False,0.005395331955999838
2020-02-07,True,375,535054.0,0,0,0,True,False,-0.002747443351325707
2020-02-10,True,375,732105.0,0,0,0,True,False,-0.0026579993795651236
2020-02-11,True,375,994414.0,0,0,0,True,False,0.003050124173633151
2020-02-12,True,375,1475795.0,0,0,0,True,False,0.0014788072343527858
2020-02-13,True,375,1249704.0,0,0,0,True,False,0.0031866339551265277
2020-02-14,True,375,564739.0,0,0,0,True,False,0.004282361337963447
2020-02-17,True,375,1779380.0,0,0,0,True,False,0.00211970921937632
2020-02-18,True,375,784599.0,0,0,0,True,False,-0.001420648580717332
2020-02-19,True,375,1149418.0,0,0,0,True,False,0.008485132094169012
2020-02-20,True,375,1450526.0,0,0,0,True,False,-0.005319041901708288
2020-02-24,True,375,1055051.0,0,0,0,True,False,-0.011601857383370384
2020-02-25,True,375,2206101.0,0,0,0,True,False,0.003734938076821015
2020-02-26,True,375,2037152.0,0,0,0,True,False,-0.007813831903165314
2020-02-27,True,375,1339826.0,0,0,0,True,False,-0.0010752297577100167
2020-02-28,True,375,2173471.0,0,0,0,True,False,-0.019146728248001343
2020-03-02,True,375,2269221.0,0,0,0,True,False,0.02187036120732322
2020-03-03,True,375,2576402.0,0,0,0,True,False,0.006318089446422315
2020-03-04,True,375,1484356.0,0,0,0,True,False,0.00419131595324318
2020-03-05,True,375,2010884.0,0,0,0,True,False,0.0016675764804414683
2020-03-06,True,375,3227076.0,0,0,0,True,False,-0.03090456712807843
2020-03-09,True,375,5813865.0,0,0,0,True,False,-0.023544748535408444
2020-03-11,True,375,9173890.0,0,0,0,True,False,0.003171469569429375
2020-03-12,True,375,4955098.0,0,0,0,True,False,-0.05815909847701517
2020-03-13,False,316,,0,0,0,False,False,-0.058492452740345646
2020-03-16,True,375,3364697.0,0,0,0,True,False,-0.05049436943043595
2020-03-17,True,375,3352845.0,0,0,0,True,False,0.03585585765494104
2020-03-18,True,375,2306836.0,0,0,0,True,False,0.014239921710388348
2020-03-19,True,375,4033925.0,0,0,0,True,False,-0.05727938438624802
2020-03-20,False,376,3256726.0,0,0,1,False,False,0.02376028512342132
2020-03-23,False,317,2961875.0,0,0,0,False,False,-0.10875435753915652
2020-03-24,True,375,2818952.0,0,0,0,True,False,0.04377825362836063
2020-03-25,True,375,6214296.0,0,0,0,True,False,0.018812958852654882
2020-03-26,True,375,3094108.0,0,0,0,True,False,0.021252775373499233
2020-03-27,True,375,2530992.0,0,0,0,True,False,0.025710854538405492
2020-03-30,True,375,2250234.0,0,0,0,True,False,-0.02560685117967343
2020-03-31,True,375,1818529.0,0,0,0,True,False,0.03974784988272062
2020-04-01,True,375,3017104.0,0,0,0,True,False,0.02022630704708761
2020-04-03,True,375,4569209.0,0,0,0,True,False,0.04654411353858201
2020-04-07,True,375,3730976.0,0,0,0,True,False,0.012961828944682674
2020-04-08,True,375,3710190.0,0,0,0,True,False,-0.02479476740305686
2020-04-09,False,374,1818443.0,0,0,0,False,False,0.015477889332669026
2020-04-13,True,375,1918776.0,0,0,0,True,False,-0.010889307247650803
2020-04-15,True,375,2327081.0,0,0,0,True,False,0.0035629654705484626
2020-04-16,True,375,2648310.0,0,0,0,True,False,-0.006610676504190671
2020-04-17,True,375,1991243.0,0,0,0,True,False,0.038511608659292484
2020-04-20,False,373,2416429.0,0,0,0,False,False,-0.0031682193130052605
2020-04-21,True,375,3512886.0,0,0,0,True,False,-0.030524595997994175
2020-04-22,True,375,16012287.0,0,0,0,True,False,0.055162396610853204
2020-04-23,True,375,5993540.0,0,0,0,True,False,0.0061430354171618795
2020-04-24,True,375,2768760.0,0,0,0,True,False,-0.015139577181652819
2020-04-27,True,375,6396965.0,0,0,0,True,False,0.006311896969439346
2020-04-28,True,375,7326267.0,0,0,0,True,False,0.014127664381482496
2020-04-29,True,375,4192740.0,0,0,0,True,False,0.009820729358477776
2020-04-30,True,375,3134444.0,0,0,0,True,False,0.018923985709737856
2020-05-04,True,375,6907640.0,0,0,0,True,False,-0.016390277538355424
2020-05-05,True,375,2769953.0,0,0,0,True,False,0.013420315556869067
2020-05-06,True,375,3611737.0,0,0,0,True,False,0.0017060603130309993
2020-05-07,True,375,1828512.0,0,0,0,True,False,-0.004104250732408388
2020-05-08,True,375,6972424.0,0,0,0,True,False,0.022938569814927368
2020-05-11,True,375,6889970.0,0,0,0,True,False,0.013173141033525182
2020-05-12,True,375,3649913.0,0,0,0,True,False,-0.005970168395942221
2020-05-13,True,375,7733034.0,0,0,0,True,False,0.03732889507829218
2020-05-14,True,375,2521484.0,0,0,0,True,False,-0.015745393634840843
2020-05-15,True,375,3462801.0,0,0,0,True,False,0.004941192845709486
2020-05-18,True,375,7929644.0,0,0,0,True,False,0.011421494426861134
2020-05-19,True,375,3537435.0,0,0,0,True,False,0.00970200970200974
2020-05-20,True,375,6399959.0,0,0,0,True,False,0.0006387055567385058
2020-05-21,True,375,3090794.0,0,0,0,True,False,-0.0013917884481559062
2020-05-22,True,375,4320031.0,0,0,0,True,False,0.007844498438042358
2020-05-26,True,375,1950309.0,0,0,0,True,False,0.010572226099092807
2020-05-27,True,375,1758130.0,0,0,0,True,False,0.003506311360448766
2020-05-28,True,375,2720005.0,0,0,0,True,False,0.0034482758620688614
2020-05-29,True,375,1954141.0,0,0,0,True,False,-0.002073348968423927
2020-06-01,True,375,2168132.0,0,0,0,True,False,0.008208726455260607
2020-06-02,True,375,1994480.0,0,0,0,True,False,0.0032873109796187627
2020-06-03,True,375,2080999.0,0,0,0,True,False,0.004943410953557992
2020-06-04,True,375,1355039.0,0,0,0,True,False,0.0005508213718692367
2020-06-05,True,375,4240159.0,0,0,0,True,False,0.01170276870381537
2020-06-08,True,375,3292887.0,0,0,0,True,False,0.024822695035461084
2020-06-09,True,375,1541633.0,0,0,0,True,False,-0.007316452474869561
2020-06-10,True,375,1833059.0,0,0,0,True,False,0.004949527841094037
2020-06-11,True,375,1379340.0,0,0,0,True,False,-0.006345177664974666
2020-06-12,True,375,1865912.0,0,0,0,True,False,-0.025214452820379485
2020-06-15,True,375,4717064.0,0,0,0,True,False,-0.013862633900441068
2020-06-16,True,375,3642240.0,0,0,0,True,False,0.019736842105263053
2020-06-17,True,375,2087405.0,0,0,0,True,False,-0.00436451433170304
2020-06-18,True,375,2633299.0,0,0,0,True,False,-0.002513888457838065
2020-06-19,True,375,4974713.0,0,0,0,True,False,0.004209260372820101
2020-06-22,True,375,6740057.0,0,0,0,True,False,0.005756415709627261
2020-06-23,True,375,2387088.0,0,0,0,True,False,-0.0014265335235378318
2020-06-24,True,375,2436521.0,0,0,0,True,False,0.008247662194342809
2020-06-25,True,375,2924217.0,0,0,0,True,False,-0.0033471837488457945
2020-06-26,True,375,3406817.0,0,0,0,True,False,0.0070484068270517675
2020-06-29,True,375,2005096.0,0,0,0,True,False,-0.012429991999085566
2020-06-30,True,375,1593898.0,0,0,0,True,False,0.008300922969756819
2020-07-01,True,375,2102038.0,0,0,0,True,False,0.007320644216691097
2020-07-02,True,375,1574348.0,0,0,0,True,False,0.0038876889848811214
2020-07-03,True,375,2468234.0,0,0,0,True,False,0.011537368570616602
2020-07-06,True,375,3209278.0,0,0,0,True,False,0.009507829977628557
2020-07-07,True,375,3092100.0,0,0,0,True,False,0.0031821368858206966
2020-07-08,True,375,1682355.0,0,0,0,True,False,0.0005759736697750206
2020-07-09,True,375,2098157.0,0,0,0,True,False,0.006929949069049091
2020-07-10,True,375,2847001.0,0,0,0,True,False,0.0004103405826836326
2020-07-13,True,375,8100205.0,0,0,0,True,False,0.012043388100175356
2020-07-14,True,375,3494132.0,0,0,0,True,False,-0.002578648788035043
2020-07-15,True,375,4835188.0,0,0,0,True,False,0.011984334203655411
2020-07-16,True,375,10300691.0,0,0,0,True,False,0.0032590983161324694
2020-07-17,True,375,2992705.0,0,0,0,True,False,0.001601476615727071
2020-07-20,True,375,3552895.0,0,0,0,True,False,0.001148465232825302
2020-07-21,True,375,4112588.0,0,0,0,True,False,0.008871198522333978
2020-07-22,True,375,4635422.0,0,0,0,True,False,0.004559270516717229
2020-07-23,True,375,3130402.0,0,0,0,True,False,-0.0005236907730673535
2020-07-24,True,375,11065541.0,0,0,0,True,False,-0.008622766029192208
2020-07-27,True,375,9111352.0,0,0,0,True,False,0.013866914844113731
2020-07-28,True,375,4456621.0,0,0,0,True,False,0.0005568445475636619
2020-07-29,True,375,5526155.0,0,0,0,True,False,0.00041341295360597385
2020-07-30,True,375,6972012.0,0,0,0,True,False,0.004354275324178092
2020-07-31,True,375,9168863.0,0,0,0,True,False,0.0055640098915730185
2020-08-03,True,375,3030771.0,0,0,0,True,False,-0.009033816425120689
2020-08-04,True,375,4252819.0,0,0,0,True,False,0.006776283009466866
2020-08-05,True,375,7546101.0,0,0,0,True,False,0.0048877666844264755
2020-08-06,True,375,5338190.0,0,0,0,True,False,0.011299170143935333
2020-08-07,True,375,3559435.0,0,0,0,True,False,-0.0033692091717359984
2020-08-10,True,375,1712873.0,0,0,0,True,False,0.00575288226388726
2020-08-11,True,375,2258139.0,0,0,0,True,False,0.006079457090343521
2020-08-12,True,375,2662411.0,0,0,0,True,False,-0.0055792582868395835
2020-08-13,True,375,1855045.0,0,0,0,True,False,9.399379640928629e-05
2020-08-14,True,375,2979374.0,0,0,0,True,False,-0.0016227657572905896
2020-08-17,True,375,4038995.0,0,0,0,True,False,-0.003786086133459543
2020-08-18,True,375,4131110.0,0,0,0,True,False,-0.004321768821183958
2020-08-19,True,375,3006515.0,0,0,0,True,False,0.009429514380009385
2020-08-20,True,375,1854131.0,0,0,0,True,False,-0.007955077211043493
2020-08-21,True,375,2093418.0,0,0,0,True,False,0.009244258076813061
2020-08-24,True,375,2800617.0,0,0,0,True,False,0.0031898309149778203
2020-08-25,True,375,1526877.0,0,0,0,True,False,0.003095975232198178
2020-08-26,True,375,1726042.0,0,0,0,True,False,0.0014649727419007164
2020-08-27,True,375,2538075.0,0,0,0,True,False,0.0062303836604675755
2020-08-28,True,375,2379775.0,0,0,0,True,False,0.005692599620493288
2020-08-31,True,375,5008365.0,0,0,0,True,False,0.027410207939508435
2020-09-01,True,375,2588773.0,0,0,0,True,False,0.014517258870987204
2020-09-02,True,375,1675714.0,0,0,0,True,False,0.0
2020-09-03,True,375,1489884.0,0,0,0,True,False,-0.00025839186300546935
2020-09-04,True,375,3075341.0,0,0,0,True,False,-0.01440397350993372
2020-09-07,True,375,1715435.0,0,0,0,True,False,0.0019230769230769162
2020-09-08,True,375,2516865.0,0,0,0,True,False,-0.003619737092779518
2020-09-09,True,375,5831393.0,0,0,0,True,False,-0.008606343017450335
2020-09-10,True,375,7107657.0,0,0,0,True,False,0.009036074969378971
2020-09-11,True,375,8550721.0,0,0,0,True,False,-0.0026529775898885832
2020-09-14,True,375,4551844.0,0,0,0,True,False,0.004319654427645814
2020-09-15,True,375,1960515.0,0,0,0,True,False,0.006508489333913792
2020-09-16,True,375,1453003.0,0,0,0,True,False,-0.0017211703958691649
2020-09-17,True,375,2234368.0,0,0,0,True,False,-0.002450875005374664
2020-09-18,True,375,1327423.0,0,0,0,True,False,0.00794860627177707
2020-09-21,True,375,1280411.0,0,0,0,True,False,-0.0017144469281016317
2020-09-22,True,375,4122519.0,0,0,0,True,False,0.012022489388653135
2020-09-23,True,375,5898612.0,0,0,0,True,False,0.017972163416062337
2020-09-24,True,375,2261880.0,0,0,0,True,False,-0.008888090856039699
2020-09-25,True,375,2089211.0,0,0,0,True,False,-0.0027334851936218207
2020-09-28,True,375,1796260.0,0,0,0,True,False,0.0131938125568698
2020-09-29,True,375,1229131.0,0,0,0,True,False,0.003155996393146898
2020-09-30,True,375,2717570.0,0,0,0,True,False,0.00807350907712201
2020-10-01,True,375,1751144.0,0,0,0,True,False,0.015156950672645886
2020-10-05,True,375,1755241.0,0,0,0,True,False,0.006706893071039222
2020-10-06,True,375,1770897.0,0,0,0,True,False,0.004627539503385902
2020-10-07,True,375,4388232.0,0,0,0,True,False,0.009530692443199706
2020-10-08,True,375,1992827.0,0,0,0,True,False,0.0007974481658692412
2020-10-09,True,375,1390884.0,0,0,0,True,False,-0.003122212310437078
2020-10-12,True,375,1283265.0,0,0,0,True,False,-0.001786511835640936
2020-10-13,True,375,1067153.0,0,0,0,True,False,-0.0028609745194457803
2020-10-14,True,375,3429094.0,0,0,0,True,False,-4.387889425183644e-05
2020-10-15,True,375,1134633.0,0,0,0,True,False,0.0030661410424879243
2020-10-16,True,375,1557986.0,0,0,0,True,False,0.004990925589836603
2020-10-19,True,375,2461957.0,0,0,0,True,False,0.005232598168590785
2020-10-20,True,375,1278625.0,0,0,0,True,False,0.0018390804597701038
2020-10-21,True,375,2011682.0,0,0,0,True,False,0.00603248259860778
2020-10-22,True,375,3165744.0,0,0,0,True,False,0.0022377688267025686
2020-10-23,True,375,2602374.0,0,0,0,True,False,-0.0028409090909090606
2020-10-26,True,375,2990346.0,0,0,0,True,False,-0.00480564367217462
2020-10-27,True,375,2789503.0,0,0,0,True,False,0.00014744913005015903
2020-10-28,True,375,2153423.0,0,0,0,True,False,0.0036374360990953924
2020-10-29,True,375,2518552.0,0,0,0,True,False,-0.0057256659198406945
2020-10-30,True,375,2515768.0,0,0,0,True,False,0.0017981624257950024
2020-11-02,True,375,7780086.0,0,0,0,True,False,-0.018092862160001943
2020-11-03,False,374,10608452.0,0,0,0,False,False,0.00746268656716409
2020-11-04,True,375,5218266.0,0,0,0,True,False,-0.009383088869715284
2020-11-05,True,375,3141011.0,0,0,0,True,False,0.02326616069091858
2020-11-06,True,375,6995088.0,0,0,0,True,False,0.017382413087934534
2020-11-09,True,375,4573901.0,0,0,0,True,False,0.018270702681349116
2020-11-10,True,375,3826424.0,0,0,0,True,False,0.012676743052169703
2020-11-11,True,375,2637607.0,0,0,0,True,False,0.000526845155419231
2020-11-12,True,375,4003782.0,0,0,0,True,False,-0.00900450225112559
2020-11-13,True,375,2701799.0,0,0,0,True,False,0.00027757450352017266
2020-11-14,False,60,,0,0,60,False,False,0.007449999999999957
2020-11-17,True,375,5313069.0,0,0,0,True,False,0.04197901049475261
2020-11-18,True,375,3031183.0,0,0,0,True,False,-0.0007770202526569125
2020-11-19,True,375,2609235.0,0,0,0,True,False,-0.001958716287479234
2020-11-20,True,375,3437508.0,0,0,0,True,False,0.0010136847440445074
2020-11-23,True,375,5435955.0,0,0,0,True,False,0.025816288974183754
2020-11-24,True,375,2875400.0,0,0,0,True,False,0.0045008183306054494
2020-11-25,True,375,2861901.0,0,0,0,True,False,0.004540727023667701
2020-11-26,True,375,2527390.0,0,0,0,True,False,0.0028498074454428313
2020-11-27,True,375,1696369.0,0,0,0,True,False,-0.008380601972507562
2020-12-01,True,375,1572937.0,0,0,0,True,False,-7.729966503478014e-05
2020-12-02,True,375,1680144.0,0,0,0,True,False,0.0022516759633590677
2020-12-03,True,375,2266827.0,0,0,0,True,False,0.0066360387953037225
2020-12-04,True,375,1382756.0,0,0,0,True,False,0.004053950689681507
2020-12-07,True,375,1489293.0,0,0,0,True,False,-0.003287108371854197
2020-12-08,True,375,1818226.0,0,0,0,True,False,0.0008420515437612686
2020-12-09,True,375,2636423.0,0,0,0,True,False,0.008757841907151898
2020-12-10,True,375,1804491.0,0,0,0,True,False,-0.002171767028627869
2020-12-11,True,375,1234223.0,0,0,0,True,False,0.002490039840637559
2020-12-14,True,375,1330179.0,0,0,0,True,False,0.004125618842826473
2020-12-15,True,375,1821700.0,0,0,0,True,False,-0.0016808409222046627
2020-12-16,True,375,1698460.0,0,0,0,True,False,0.007092198581560183
2020-12-17,True,375,2400511.0,0,0,0,True,False,0.003514449697858524
2020-12-18,True,375,1263516.0,0,0,0,True,False,-0.003221746790838198
2020-12-21,True,375,3286846.0,0,0,0,True,False,0.005955657874981313
2020-12-22,True,375,3708072.0,0,0,0,True,False,0.007235142118863003
2020-12-23,True,375,1249258.0,0,0,0,True,False,-0.0025839793281653423
2020-12-24,True,375,1388883.0,0,0,0,True,False,0.0
2020-12-28,True,375,1804214.0,0,0,0,True,False,0.00689932010336447
2020-12-29,True,375,1297548.0,0,0,0,True,False,0.004299140171965643
2020-12-30,True,375,1281435.0,0,0,0,True,False,0.004303619066794218
2020-12-31,True,375,1506837.0,0,0,0,True,False,-0.0004262040263744993
2021-01-01,False,376,906255.0,0,0,1,False,False,0.0031284690685235983
2021-01-04,True,375,1876152.0,0,0,0,True,False,0.0035714285714285587
2021-01-05,True,375,1648520.0,0,0,0,True,False,-0.010577623677797021
2021-01-06,True,375,2652474.0,0,0,0,True,False,0.00045801526717559327
2021-01-07,True,375,2498419.0,0,0,0,True,False,0.002610284521012751
2021-01-08,True,375,2062991.0,0,0,0,True,False,0.0028758169934639533
2021-01-11,True,375,1972135.0,0,0,0,True,False,0.0024819027921405556
2021-01-12,True,375,3593422.0,0,0,0,True,False,0.0028985507246377384
2021-01-13,False,376,2673483.0,0,0,1,False,False,0.004116594221426739
2021-01-14,True,375,1931273.0,0,0,0,True,False,0.004648760330578483
2021-01-15,True,375,1436872.0,0,0,0,True,False,0.0012767478678310518
2021-01-18,True,375,1344859.0,0,0,0,True,False,0.005805402894961009
2021-01-19,True,375,3833415.0,0,0,0,True,False,0.011075628548256278
2021-01-20,True,375,1896529.0,0,0,0,True,False,0.003176178660049711
2021-01-21,True,375,4531471.0,0,0,0,True,False,0.014125669751583025
2021-01-22,True,375,2097214.0,0,0,0,True,False,0.0018746588832727618
2021-01-25,True,375,7004154.0,0,0,0,True,False,-0.005935225440867553
2021-01-27,True,375,4989745.0,0,0,0,True,False,-0.0051679586563307955
2021-01-28,True,375,3967325.0,0,0,0,True,False,-0.005211640211640112
2021-01-29,True,375,3496265.0,0,0,0,True,False,0.00956644549257879
2021-02-01,False,376,2602007.0,0,0,1,False,False,0.00791413703382493
2021-02-02,True,375,2238691.0,0,0,0,True,False,0.00848194294444582
2021-02-03,True,375,3337064.0,0,0,0,True,False,-0.003977272727272774
2021-02-04,True,375,1834544.0,0,0,0,True,False,-0.002126445723769521
2021-02-05,True,375,1517751.0,0,0,0,True,False,0.004266722168743575
2021-02-08,True,375,995434.0,0,0,0,True,False,0.00420790150393513
2021-02-09,True,375,2424453.0,0,0,0,True,False,0.0057413815199283125
2021-02-10,True,375,1464507.0,0,0,0,True,False,0.0
2021-02-11,True,375,2984698.0,0,0,0,True,False,-0.0005300219580525178
2021-02-12,True,375,3638321.0,0,0,0,True,False,-0.002668607472100959
2021-02-15,True,375,1324721.0,0,0,0,True,False,0.003946078431372735
2021-02-16,True,375,1032816.0,0,0,0,True,False,0.002925558068640033
2021-02-17,True,375,1836281.0,0,0,0,True,False,0.0009718172983479434
2021-02-18,False,376,2197657.0,0,0,1,False,False,0.0028860028860029363
2021-02-19,True,375,2011179.0,0,0,0,True,False,-0.003149987884662031
2021-02-22,True,375,1247192.0,0,0,0,True,False,0.0
2021-02-23,True,375,2344107.0,0,0,0,True,False,0.02400000000000002
2021-02-24,False,225,1846287.0,0,0,76,False,False,0.001578843497138438
2021-02-25,True,375,2117802.0,0,0,0,True,False,0.00749799810730134
2021-02-26,True,375,2527826.0,0,0,0,True,False,-0.014844804318488558
2021-03-01,True,375,1351313.0,0,0,0,True,False,0.014665576765879651
2021-03-02,True,375,1285240.0,0,0,0,True,False,0.009010722522051262
2021-03-03,True,375,1265291.0,0,0,0,True,False,0.0066682486948268505
2021-03-04,True,375,2097648.0,0,0,0,True,False,-0.012792935582474851
2021-03-05,True,375,2317980.0,0,0,0,True,False,-0.008005889389896104
2021-03-08,True,375,1917623.0,0,0,0,True,False,-0.0027821848198478216
2021-03-09,True,375,768846.0,0,0,0,True,False,0.0031919744642043835
2021-03-10,True,375,1073178.0,0,0,0,True,False,0.007509529570199236
2021-03-12,True,375,973494.0,0,0,0,True,False,0.007157933376158443
2021-03-15,True,375,1603058.0,0,0,0,True,False,0.0014740979924190434
2021-03-16,True,375,1129739.0,0,0,0,True,False,0.004275534441805284
2021-03-17,True,375,1208261.0,0,0,0,True,False,-0.0018791627021883528
2021-03-18,True,375,1266421.0,0,0,0,True,False,0.00895595035288399
2021-03-19,True,375,2065288.0,0,0,0,True,False,-0.009945300845350613
2021-03-22,True,375,1147212.0,0,0,0,True,False,-0.003416582455127215
2021-03-23,True,375,867827.0,0,0,0,True,False,0.00046094129063556366
2021-03-24,True,375,1082428.0,0,0,0,True,False,0.0006976856084299765
2021-03-25,True,375,1410825.0,0,0,0,True,False,0.0024402147388971063
2021-03-26,True,375,1542611.0,0,0,0,True,False,0.009533366783743169
2021-03-30,True,375,1481187.0,0,0,0,True,False,0.007197853183858793
2021-03-31,True,375,1126575.0,0,0,0,True,False,-0.005960297522289548
2021-04-01,True,375,933554.0,0,0,0,True,False,0.005906836477830524
2021-04-05,True,375,908924.0,0,0,0,True,False,0.002450495049505008
2021-04-06,True,375,1174471.0,0,0,0,True,False,0.006125112963148993
2021-04-07,True,375,1810014.0,0,0,0,True,False,0.006947940791460994
2021-04-08,True,375,1158212.0,0,0,0,True,False,0.005349197620357016
2021-04-09,True,375,1102039.0,0,0,0,True,False,-0.004508094645080951
2021-04-12,True,375,1257211.0,0,0,0,True,False,-0.012327005974438476
2021-04-13,True,375,1525748.0,0,0,0,True,False,0.003651538862806447
2021-04-15,True,375,2088784.0,0,0,0,True,False,-0.0031051079024996264
2021-04-16,True,375,1199438.0,0,0,0,True,False,-0.003293875450334549
2021-04-19,True,375,1489924.0,0,0,0,True,False,-0.012704174228675091
2021-04-20,True,375,1287201.0,0,0,0,True,False,0.00391476839809779
2021-04-22,True,375,1037576.0,0,0,0,True,False,-0.006692913385826782
2021-04-23,True,375,623624.0,0,0,0,True,False,0.00047241614613402483
2021-04-26,True,375,1714176.0,0,0,0,True,False,0.008933263268523284
2021-04-27,True,375,2129293.0,0,0,0,True,False,0.0010319917440659854
2021-04-28,True,375,1160454.0,0,0,0,True,False,0.0039447236180905065
2021-04-29,True,375,2213834.0,0,0,0,True,False,0.014926121967739459
2021-04-30,True,375,1359111.0,0,0,0,True,False,-0.005693069306930698
2021-05-03,True,375,3042682.0,0,0,0,True,False,-0.014190442761871314
2021-05-04,True,375,2209737.0,0,0,0,True,False,-0.0030165141367145543
2021-05-05,True,375,1295509.0,0,0,0,True,False,0.002789363920750798
2021-05-06,False,374,,0,0,0,False,False,0.00044247787610607325
2021-05-07,True,375,1365405.0,0,0,0,True,False,0.0031838890039346257
2021-05-10,True,375,840357.0,0,0,0,True,False,0.006331741747976016
2021-05-11,True,375,1244997.0,0,0,0,True,False,-0.006278864615224866
2021-05-12,True,375,1352343.0,0,0,0,True,False,-0.001964941310305668
2021-05-14,True,375,980853.0,0,0,0,True,False,0.007498562993154545
2021-05-17,True,375,794979.0,0,0,0,True,False,0.00015487867836849745
2021-05-18,True,375,979622.0,0,0,0,True,False,0.01130765500165909
2021-05-19,True,375,605642.0,0,0,0,True,False,-0.0030211480362537513
2021-05-20,True,375,911845.0,0,0,0,True,False,0.0019558676028084143
2021-05-21,True,375,670304.0,0,0,0,True,False,0.005045408678102881
2021-05-24,True,375,765635.0,0,0,0,True,False,0.0035484032185515435
2021-05-25,True,375,992171.0,0,0,0,True,False,0.005793742757821629
2021-05-26,True,375,573740.0,0,0,0,True,False,0.005600814663951015
2021-05-27,True,375,675253.0,0,0,0,True,False,0.0016776817488561857
2021-05-28,True,375,1627880.0,0,0,0,True,False,0.0
2021-05-31,True,375,3900371.0,0,0,0,True,False,0.0037245726291663672
2021-06-01,True,375,4444506.0,0,0,0,True,False,0.0058045042953331905
2021-06-02,True,375,2094017.0,0,0,0,True,False,-0.0035570748833555488
2021-06-03,True,375,3746224.0,0,0,0,True,False,0.006343452650656944
2021-06-04,True,375,1118704.0,0,0,0,True,False,0.003079710144927583
2021-06-07,True,375,1022249.0,0,0,0,True,False,0.006973819595289754
2021-06-08,True,375,653728.0,0,0,0,True,False,-0.00011226620562676537
2021-06-09,True,375,575848.0,0,0,0,True,False,0.0033913633280577837
2021-06-10,True,375,723181.0,0,0,0,True,False,0.006770247630413229
2021-06-11,True,375,1373398.0,0,0,0,True,False,-0.000869644818747739
2021-06-14,True,375,1783258.0,0,0,0,True,False,-9.028530155286152e-05
2021-06-15,True,375,1248784.0,0,0,0,True,False,0.007126948775055597
2021-06-16,True,375,971168.0,0,0,0,True,False,0.00040106951871665686
2021-06-17,True,375,1517327.0,0,0,0,True,False,-0.004322147043515745
2021-06-18,True,375,764353.0,0,0,0,True,False,0.00512612063320006
2021-06-21,True,375,991674.0,0,0,0,True,False,-0.009262173463423395
2021-06-22,True,375,1195932.0,0,0,0,True,False,0.0067219008910428535
2021-06-23,True,375,1358309.0,0,0,0,True,False,0.011235955056179803
2021-06-24,True,375,3109642.0,0,0,0,True,False,-0.0005208333333334147
2021-06-25,True,375,6614219.0,0,0,0,True,False,0.0027705990547366444
2021-06-28,True,375,1505140.0,0,0,0,True,False,0.008315514373960609
2021-06-29,True,375,1270542.0,0,0,0,True,False,0.00023934897079946893
2021-06-30,True,375,1442292.0,0,0,0,True,False,0.0029904306220096544
2021-07-01,True,375,1072908.0,0,0,0,True,False,0.0028409090909091717
2021-07-02,True,375,932276.0,0,0,0,True,False,-0.0014047953522702272
2021-07-05,True,375,1091362.0,0,0,0,True,False,0.0022987966503247304
2021-07-06,True,375,615172.0,0,0,0,True,False,-0.002209610643345572
2021-07-07,True,375,814644.0,0,0,0,True,False,-4.699579387645869e-05
2021-07-08,True,375,547490.0,0,0,0,True,False,0.0023437499999998668
2021-07-09,True,375,937215.0,0,0,0,True,False,-0.0014347202295552641
2021-07-12,True,375,572772.0,0,0,0,True,False,0.0038372429771211802
2021-07-13,True,375,493933.0,0,0,0,True,False,0.008669756718461041
2021-07-14,True,375,557542.0,0,0,0,True,False,0.001120114394661531
2021-07-15,True,375,851205.0,0,0,0,True,False,0.00527831094049902
2021-07-16,True,375,529558.0,0,0,0,True,False,0.003243632868813018
2021-07-19,True,375,845716.0,0,0,0,True,False,-0.004739336492891044
2021-07-20,True,375,504758.0,0,0,0,True,False,0.0007626674293339519
2021-07-22,True,375,612874.0,0,0,0,True,False,0.013899854063494477
2021-07-23,True,375,1066258.0,0,0,0,True,False,0.006341348420556336
2021-07-26,True,375,1546227.0,0,0,0,True,False,0.002377555872562942
2021-07-27,True,375,753039.0,0,0,0,True,False,0.0013500482160078153
2021-07-28,True,375,871647.0,0,0,0,True,False,0.0019474196689386325
2021-07-29,True,375,1179507.0,0,0,0,True,False,0.009510235175582915
2021-07-30,True,375,764320.0,0,0,0,True,False,0.0018011001314315322
2021-08-02,True,375,538875.0,0,0,0,True,False,0.00849288168875817
2021-08-03,True,375,916400.0,0,0,0,True,False,0.009661835748792313
2021-08-04,True,375,1382804.0,0,0,0,True,False,0.0018895453132101725
2021-08-05,False,376,2005324.0,0,0,1,False,False,0.004012631478975459
2021-08-06,True,375,597064.0,0,0,0,True,False,-0.000492726419521472
2021-08-09,True,375,611392.0,0,0,0,True,False,-0.004544367376225766
2021-08-10,True,375,709090.0,0,0,0,True,False,0.0016839066634593003
2021-08-11,True,375,346002.0,0,0,0,True,False,0.005731414868105356
2021-08-12,True,375,616601.0,0,0,0,True,False,0.004134867566098821
2021-08-13,True,375,595762.0,0,0,0,True,False,0.0035548393212627705
2021-08-16,True,375,736840.0,0,0,0,True,False,0.0029631357909472023
2021-08-17,True,375,711792.0,0,0,0,True,False,-6.915629322268302e-05
2021-08-18,True,375,912539.0,0,0,0,True,False,0.005085529357373941
2021-08-20,True,375,762016.0,0,0,0,True,False,-0.011964314530072073
2021-08-23,True,375,639603.0,0,0,0,True,False,0.01584038129059384
2021-08-24,True,375,770456.0,0,0,0,True,False,0.0018277728934339432
2021-08-25,True,375,853024.0,0,0,0,True,False,0.0034206478569298593
2021-08-26,True,375,1929956.0,0,0,0,True,False,0.003180372557928246
2021-08-27,True,375,1023949.0,0,0,0,True,False,0.0022401433691756623
2021-08-30,True,375,1280990.0,0,0,0,True,False,0.011235955056179803
2021-08-31,True,375,1166215.0,0,0,0,True,False,0.0012752858399296407
2021-09-01,True,375,965989.0,0,0,0,True,False,0.007089056269384164
2021-09-02,True,375,587354.0,0,0,0,True,False,-0.004854368932038833
2021-09-03,True,375,1777226.0,0,0,0,True,False,0.006974716652136115
2021-09-06,True,375,5700711.0,0,0,0,True,False,0.009623430962343082
2021-09-07,True,375,2008439.0,0,0,0,True,False,0.0008237232289951546
2021-09-08,True,375,1064662.0,0,0,0,True,False,0.005330053300532933
2021-09-09,True,375,631696.0,0,0,0,True,False,-0.0008641975308641969
2021-09-13,True,375,2213720.0,0,0,0,True,False,0.003671465698609877
2021-09-14,True,375,812481.0,0,0,0,True,False,0.0023000147707370466
2021-09-15,True,375,500788.0,0,0,0,True,False,-0.0008437038599451441
2021-09-16,True,375,638708.0,0,0,0,True,False,-0.00018891687657418554
2021-09-17,True,375,1285465.0,0,0,0,True,False,0.007932419903162735
2021-09-20,True,375,587063.0,0,0,0,True,False,-0.006450261780104771
2021-09-21,True,375,714897.0,0,0,0,True,False,0.005434782608695565
2021-09-22,True,375,507167.0,0,0,0,True,False,0.0033333333333334103
2021-09-23,True,375,971812.0,0,0,0,True,False,0.006932587274485202
2021-09-24,True,375,969494.0,0,0,0,True,False,0.0063308947664604265
2021-09-27,True,375,941119.0,0,0,0,True,False,0.0032271077047196783
2021-09-28,True,375,986644.0,0,0,0,True,False,0.00394207721717077
2021-09-29,True,375,888292.0,0,0,0,True,False,0.00982318271119853
2021-09-30,True,375,591241.0,0,0,0,True,False,-0.0019762845849802257
2021-10-01,True,375,741969.0,0,0,0,True,False,-0.004000796178344035
2021-10-04,True,375,786562.0,0,0,0,True,False,0.011089108910891099
2021-10-05,True,375,647869.0,0,0,0,True,False,-0.001133698201720157
2021-10-06,True,375,887243.0,0,0,0,True,False,0.0037161191456756004
2021-10-07,True,375,765594.0,0,0,0,True,False,0.015655577299412915
2021-10-08,True,375,475500.0,0,0,0,True,False,0.00515163297045107
2021-10-11,True,375,1590274.0,0,0,0,True,False,0.012101457420104156
2021-10-12,True,375,689631.0,0,0,0,True,False,-0.0037664783427495685
2021-10-13,True,375,724910.0,0,0,0,True,False,0.004122938530734643
2021-10-14,True,375,650185.0,0,0,0,True,False,0.000871015567086797
2021-10-18,True,375,1033713.0,0,0,0,True,False,-0.011995557201036733
2021-10-19,True,375,465936.0,0,0,0,True,False,0.006429204847768322
2021-10-20,True,375,672089.0,0,0,0,True,False,0.004376007030906681
2021-10-21,True,375,1119775.0,0,0,0,True,False,0.00884039208433518
2021-10-22,True,375,633636.0,0,0,0,True,False,-0.005692599620493399
2021-10-25,True,375,2019812.0,0,0,0,True,False,0.020660763591354936
2021-10-26,True,375,558969.0,0,0,0,True,False,0.004259401381427441
2021-10-27,True,375,1001449.0,0,0,0,True,False,-0.005363237445148772
2021-10-28,True,375,694935.0,0,0,0,True,False,-0.0008770926286085778
2021-10-29,True,375,1082118.0,0,0,0,True,False,-0.0012887093671859473
2021-11-01,False,374,823219.0,0,0,0,False,False,-0.0015746481645507737
2021-11-02,True,375,613308.0,0,0,0,True,False,0.0023631350925561456
2021-11-03,True,375,403220.0,0,0,0,True,False,0.001218537754694493
2021-11-04,False,60,,0,0,60,False,False,0.0031991951710261812
2021-11-08,True,375,1368320.0,0,0,0,True,False,0.006150159744408912
2021-11-09,True,375,1660691.0,0,0,0,True,False,0.0008390267289943854
2021-11-10,True,375,554254.0,0,0,0,True,False,-0.004706161512299301
2021-11-11,True,375,856686.0,0,0,0,True,False,-0.002336999214453961
2021-11-12,True,375,494991.0,0,0,0,True,False,0.0026995305164319028
2021-11-15,True,375,400136.0,0,0,0,True,False,0.004636785162287493
2021-11-16,True,375,649113.0,0,0,0,True,False,-0.0009516410953582799
2021-11-17,True,375,876530.0,0,0,0,True,False,0.0007809371245492969
2021-11-18,True,375,642182.0,0,0,0,True,False,-0.0011369173298685364
2021-11-22,True,375,3553832.0,0,0,0,True,False,-0.014921148402749718
2021-11-23,True,375,1837934.0,0,0,0,True,False,-0.013884779576482487
2021-11-24,True,375,2000813.0,0,0,0,True,False,-0.004163267013954197
2021-11-25,True,375,2079634.0,0,0,0,True,False,0.012372013651877234
2021-11-26,True,375,1426033.0,0,0,0,True,False,-0.012484993997598948
2021-11-29,True,375,2889806.0,0,0,0,True,False,0.014558462626346635
2021-11-30,True,375,1455728.0,0,0,0,True,False,0.012429749353899178
2021-12-01,True,375,978307.0,0,0,0,True,False,0.012674033839045862
2021-12-02,True,375,1161025.0,0,0,0,True,False,0.001074157394458819
2021-12-03,True,375,976893.0,0,0,0,True,False,0.006627853099377523
2021-12-06,True,375,753132.0,0,0,0,True,False,0.0011810289455689293
2021-12-07,True,375,831239.0,0,0,0,True,False,0.004714587737843612
2021-12-08,True,375,1198911.0,0,0,0,True,False,0.017802410043246564
2021-12-09,True,375,1155142.0,0,0,0,True,False,0.006198347107438051
2021-12-10,True,375,691952.0,0,0,0,True,False,-0.005197717081125153
2021-12-13,True,375,515387.0,0,0,0,True,False,0.006613083731814129
2021-12-14,True,375,1177647.0,0,0,0,True,False,-0.01304194571730699
2021-12-15,True,375,696529.0,0,0,0,True,False,0.000671591672263272
2021-12-16,True,375,787205.0,0,0,0,True,False,0.015106122621207474
2021-12-17,True,375,853808.0,0,0,0,True,False,-0.006627866034257801
2021-12-20,False,371,,0,0,0,False,False,-0.010902961508918785
2021-12-21,True,375,1523486.0,0,0,0,True,False,0.015955693281466177
2021-12-22,True,375,2967192.0,0,0,0,True,False,0.005144833549502792
2021-12-23,True,375,563723.0,0,0,0,True,False,0.004230118443316444
2021-12-24,True,375,495884.0,0,0,0,True,False,0.0021141649048626032
2021-12-27,True,375,304268.0,0,0,0,True,False,-0.002639581045696393
2021-12-28,True,375,356999.0,0,0,0,True,False,0.0019401096583719912
2021-12-29,True,375,854108.0,0,0,0,True,False,-0.005180053672845242
2021-12-30,True,375,687164.0,0,0,0,True,False,0.0008340283569641116
2021-12-31,True,375,565299.0,0,0,0,True,False,0.0033826638477800763
2022-01-03,True,375,357507.0,0,0,0,True,False,-0.0013512372265854777
2022-01-04,True,375,864305.0,0,0,0,True,False,0.0040938467612892104
2022-01-05,True,375,931983.0,0,0,0,True,False,0.0008130081300812275
2022-01-06,True,375,1013077.0,0,0,0,True,False,-0.0043260149887279775
2022-01-07,True,375,1350000.0,0,0,0,True,False,0.004877746315854692
2022-01-10,True,375,516601.0,0,0,0,True,False,0.004959219640149115
2022-01-11,True,375,638782.0,0,0,0,True,False,-0.0012300123001229846
2022-01-12,True,375,1101764.0,0,0,0,True,False,0.006639511201629311
2022-01-13,True,375,726526.0,0,0,0,True,False,0.001330473807537924
2022-01-14,True,375,2813262.0,0,0,0,True,False,-0.0007883326763894472
2022-01-17,True,375,552257.0,0,0,0,True,False,0.0004138828120381355
2022-01-18,True,375,459424.0,0,0,0,True,False,0.0002936570086138346
2022-01-19,True,375,1011634.0,0,0,0,True,False,0.003172085646312439
2022-01-20,True,375,1304118.0,0,0,0,True,False,-0.009076676113279891
2022-01-21,True,375,996877.0,0,0,0,True,False,-0.013180400442700524
2022-01-24,True,375,1529313.0,0,0,0,True,False,-0.001452432824981753
2022-01-25,True,375,2408215.0,0,0,0,True,False,-0.011548169962137034
2022-01-27,True,375,1678144.0,0,0,0,True,False,-0.013513513513513487
2022-01-28,True,375,987270.0,0,0,0,True,False,0.006811409110259792
2022-01-31,True,375,815483.0,0,0,0,True,False,0.010359589041095907
2022-02-01,True,375,542387.0,0,0,0,True,False,0.010045930244751533
2022-02-02,True,375,683059.0,0,0,0,True,False,0.010071338648762085
2022-02-03,True,375,642899.0,0,0,0,True,False,0.0029770640278417027
2022-02-04,True,375,931035.0,0,0,0,True,False,-0.003172305137430942
2022-02-07,True,375,899251.0,0,0,0,True,False,0.00471900471900466
2022-02-08,True,375,705838.0,0,0,0,True,False,0.0054572907679033555
2022-02-09,True,375,1622488.0,0,0,0,True,False,0.005790031813361685
2022-02-10,True,375,1030821.0,0,0,0,True,False,0.00490771812080526
2022-02-11,True,375,1115233.0,0,0,0,True,False,-0.000379083040246031
2022-02-14,True,375,1177523.0,0,0,0,True,False,-0.013614043961138966
2022-02-15,True,375,639445.0,0,0,0,True,False,0.0061838022895046585
2022-02-16,True,375,865222.0,0,0,0,True,False,0.006169516790194951
2022-02-17,True,375,577188.0,0,0,0,True,False,0.005171017382094467
2022-02-18,True,375,581225.0,0,0,0,True,False,0.0010852871915634221
2022-02-21,True,375,648119.0,0,0,0,True,False,-0.006303299962921893
2022-02-22,True,375,844002.0,0,0,0,True,False,-0.019461576929488134
2022-02-23,True,375,538569.0,0,0,0,True,False,0.005064880703222974
2022-02-24,True,375,1778507.0,0,0,0,True,False,-0.027938850817079586
2022-02-25,True,375,1301412.0,0,0,0,True,False,0.012545240579967532
2022-02-28,True,375,678675.0,0,0,0,True,False,-0.01752080595707406
2022-03-02,True,375,1833375.0,0,0,0,True,False,-0.008915493854677492
2022-03-03,True,375,811558.0,0,0,0,True,False,0.0019830915353302725
2022-03-04,True,375,866998.0,0,0,0,True,False,-0.011635233334733375
2022-03-07,False,353,,0,0,0,False,False,-0.021176975945017218
2022-03-08,True,375,1424674.0,0,0,0,True,False,-0.013163766175814384
2022-03-09,True,375,1498794.0,0,0,0,True,False,0.00042504641954299593
2022-03-10,True,375,1538752.0,0,0,0,True,False,0.017660652574893465
2022-03-11,True,375,986051.0,0,0,0,True,False,-0.005816021255674708
2022-03-14,True,375,541511.0,0,0,0,True,False,-0.002611620667321346
2022-03-15,True,375,1376817.0,0,0,0,True,False,0.0023738749896788924
2022-03-16,True,375,721429.0,0,0,0,True,False,0.008467400508044065
2022-03-17,True,375,877650.0,0,0,0,True,False,0.013181458498188414
2022-03-21,True,375,1235795.0,0,0,0,True,False,-0.01805982442395382
2022-03-22,True,375,2444351.0,0,0,0,True,False,-0.0011774259033698886
2022-03-23,True,375,1926594.0,0,0,0,True,False,-0.002766798418972316
2022-03-24,True,375,702958.0,0,0,0,True,False,-0.010447466982061893
2022-03-25,True,375,925222.0,0,0,0,True,False,0.004746527642687459
2022-03-28,True,375,722005.0,0,0,0,True,False,0.0034987888807720413
2022-03-29,True,375,502435.0,0,0,0,True,False,0.008024455483377935
2022-03-30,True,375,665238.0,0,0,0,True,False,0.00836516424751732
2022-03-31,True,375,683847.0,0,0,0,True,False,0.001860902255639063
2022-04-01,True,375,613183.0,0,0,0,True,False,0.0
2022-04-04,True,375,641978.0,0,0,0,True,False,-0.0017105263157894957
2022-04-05,True,375,964120.0,0,0,0,True,False,-0.003589348467479825
2022-04-06,True,375,812239.0,0,0,0,True,False,-0.014813404417364895
2022-04-07,True,375,1053854.0,0,0,0,True,False,-0.0072113085560167045
2022-04-08,True,375,713309.0,0,0,0,True,False,-0.004781712863973997
2022-04-11,True,375,720584.0,0,0,0,True,False,-0.0068565098645886335
2022-04-12,True,375,761841.0,0,0,0,True,False,-0.009172906413374426
2022-04-13,True,375,803035.0,0,0,0,True,False,0.005664062499999956
2022-04-18,True,375,882273.0,0,0,0,True,False,-0.007406246326266741
2022-04-19,True,375,1141454.0,0,0,0,True,False,0.007007322258089976
2022-04-20,True,375,3300349.0,0,0,0,True,False,0.011746787244169443
2022-04-21,True,375,2368679.0,0,0,0,True,False,0.012439733539435505
2022-04-22,True,375,1193345.0,0,0,0,True,False,-0.007964617680372599
2022-04-25,True,375,1331229.0,0,0,0,True,False,-0.007455664133188544
2022-04-26,True,375,801734.0,0,0,0,True,False,0.006499535747446661
2022-04-27,True,375,2252625.0,0,0,0,True,False,-0.011602467541783179
2022-04-28,True,375,1169869.0,0,0,0,True,False,0.012594594594594444
2022-04-29,True,375,1380921.0,0,0,0,True,False,0.017074994658500264
2022-05-02,True,375,732802.0,0,0,0,True,False,-0.013571428571428568
2022-05-04,True,375,1585278.0,0,0,0,True,False,0.001474342838649223
2022-05-05,True,375,1010416.0,0,0,0,True,False,0.012321816863976931
2022-05-06,True,375,1837207.0,0,0,0,True,False,-0.012027231467473642
2022-05-09,True,375,1805617.0,0,0,0,True,False,-0.02018645357686466
2022-05-10,True,375,1699103.0,0,0,0,True,False,-0.0051834130781499566
2022-05-11,True,375,1378263.0,0,0,0,True,False,0.004325751421608404
2022-05-12,True,375,1382436.0,0,0,0,True,False,-0.00958792329661362
2022-05-13,True,375,1635586.0,0,0,0,True,False,0.009235377319244398
2022-05-16,True,375,863956.0,0,0,0,True,False,0.001233831664233298
2022-05-17,True,375,1061318.0,0,0,0,True,False,0.0029035645888675354
2022-05-18,True,375,1440753.0,0,0,0,True,False,0.0018343195266272705
2022-05-19,True,375,997869.0,0,0,0,True,False,-0.022912774117415657
2022-05-20,True,375,2093663.0,0,0,0,True,False,0.014331853048042076
2022-05-23,True,375,1525964.0,0,0,0,True,False,0.0010270846013389345
2022-05-24,True,375,1058191.0,0,0,0,True,False,0.0017291066282421053
2022-05-25,True,375,876755.0,0,0,0,True,False,0.006878104700038135
2022-05-26,True,375,850466.0,0,0,0,True,False,0.004151441525893862
2022-05-27,True,375,2485902.0,0,0,0,True,False,0.0011776061776063163
2022-05-30,True,375,1179597.0,0,0,0,True,False,0.01553398058252431
2022-05-31,True,375,1474890.0,0,0,0,True,False,-0.009970014992503717
2022-06-01,True,375,950828.0,0,0,0,True,False,0.003925304878048763
2022-06-02,True,375,2122543.0,0,0,0,True,False,0.0005698005698004938
2022-06-03,True,375,3200500.0,0,0,0,True,False,0.005754499138657776
2022-06-06,True,375,1527078.0,0,0,0,True,False,0.0004138402576605582
2022-06-07,True,375,1431269.0,0,0,0,True,False,0.0013194758246724003
2022-06-08,True,375,1033396.0,0,0,0,True,False,0.0020780628839898174
2022-06-09,True,375,1541483.0,0,0,0,True,False,-0.004390234941861415
2022-06-10,True,375,987536.0,0,0,0,True,False,-0.008637184599703196
2022-06-13,True,375,2280131.0,0,0,0,True,False,-0.023545451195696288
2022-06-14,True,375,1440293.0,0,0,0,True,False,-0.006746500252993726
2022-06-15,True,375,1494065.0,0,0,0,True,False,-0.0038816477975454067
2022-06-16,True,375,2043459.0,0,0,0,True,False,0.011491593398118116
2022-06-17,True,375,1576659.0,0,0,0,True,False,0.001937339778086411
2022-06-20,True,375,993112.0,0,0,0,True,False,0.00017277456758368892
2022-06-21,True,375,740988.0,0,0,0,True,False,0.00672460576507139
2022-06-22,True,375,818660.0,0,0,0,True,False,-0.008680488277465592
2022-06-23,True,375,1463594.0,0,0,0,True,False,0.005215827338129531
2022-06-24,True,375,1196594.0,0,0,0,True,False,0.0044552450384771625
2022-06-27,True,375,1157255.0,0,0,0,True,False,0.018041082464947955
2022-06-28,True,375,1189015.0,0,0,0,True,False,-0.005170340681362795
2022-06-29,True,375,928394.0,0,0,0,True,False,-0.008620007908264227
2022-06-30,True,375,1582942.0,0,0,0,True,False,0.002331002331002363
2022-07-01,True,375,1831549.0,0,0,0,True,False,-0.005330861049947733
2022-07-04,True,375,7646869.0,0,0,0,True,False,-0.011242726517040835
2022-07-05,True,375,1352537.0,0,0,0,True,False,0.004144218814753353
2022-07-06,True,375,1512796.0,0,0,0,True,False,-0.004831712482266548
2022-07-07,True,375,2854417.0,0,0,0,True,False,0.004513457556935885
2022-07-08,True,375,1542738.0,0,0,0,True,False,0.011800150640220775
2022-07-11,True,375,775806.0,0,0,0,True,False,-0.006064408197406945
2022-07-12,True,375,611358.0,0,0,0,True,False,-0.007226925459425937
2022-07-13,True,375,1551996.0,0,0,0,True,False,0.00351413924259969
2022-07-14,True,375,760377.0,0,0,0,True,False,0.003783102143757988
2022-07-15,True,375,911331.0,0,0,0,True,False,0.007530403220759707
2022-07-18,False,376,956389.0,0,0,1,False,False,0.008119925046845777
2022-07-19,True,375,1614572.0,0,0,0,True,False,-0.009368551382583523
2022-07-20,True,375,3742222.0,0,0,0,True,False,0.04402153808212428
2022-07-21,True,375,878196.0,0,0,0,True,False,-0.00200080032012806
2022-07-22,True,375,1187982.0,0,0,0,True,False,0.005227181342983611
2022-07-25,True,375,3841091.0,0,0,0,True,False,-0.0143998402236869
2022-07-26,True,375,1352800.0,0,0,0,True,False,0.001530570033920764
2022-07-27,True,375,666227.0,0,0,0,True,False,0.00022732908985689804
2022-07-28,True,375,729102.0,0,0,0,True,False,0.005780346820809301
2022-07-29,True,375,768091.0,0,0,0,True,False,0.008024439918533632
2022-08-01,True,375,1402005.0,0,0,0,True,False,0.004465798759943462
2022-08-02,True,375,1397386.0,0,0,0,True,False,0.0009727626459143934
2022-08-03,True,375,1056370.0,0,0,0,True,False,0.009512715977480157
2022-08-04,True,375,739011.0,0,0,0,True,False,0.0014580615455452861
2022-08-05,True,375,1286131.0,0,0,0,True,False,0.0011659541391371153
2022-08-08,True,375,935552.0,0,0,0,True,False,-0.0007501283114217383
2022-08-10,True,375,988934.0,0,0,0,True,False,0.0034657320872275577
2022-08-11,True,375,760236.0,0,0,0,True,False,0.00934470725087233
2022-08-12,True,375,697739.0,0,0,0,True,False,0.002050290135396482
2022-08-16,True,375,586411.0,0,0,0,True,False,0.005395136778115539
2022-08-17,True,375,851165.0,0,0,0,True,False,0.0033885542168674565
2022-08-18,True,375,689736.0,0,0,0,True,False,-0.0005072613523211533
2022-08-19,True,375,761111.0,0,0,0,True,False,-0.004526586653143316
2022-08-22,True,375,758451.0,0,0,0,True,False,0.0027588320944131883
2022-08-23,True,375,482377.0,0,0,0,True,False,-0.0035532507442619377
2022-08-24,True,375,867420.0,0,0,0,True,False,-0.0033597583993960622
2022-08-25,True,375,573195.0,0,0,0,True,False,0.0043031543827722896
2022-08-26,True,375,672538.0,0,0,0,True,False,0.0011406844106462977
2022-08-29,True,375,1033717.0,0,0,0,True,False,-0.014487228364468141
2022-08-30,True,375,2105695.0,0,0,0,True,False,0.00540395007596306
2022-09-01,True,375,1957562.0,0,0,0,True,False,-0.020777645073840167
2022-09-02,True,375,1116014.0,0,0,0,True,False,-0.0013651078435196196
2022-09-05,True,375,961176.0,0,0,0,True,False,0.0012065112047312532
2022-09-06,True,375,972279.0,0,0,0,True,False,0.002259270800872626
2022-09-07,True,375,652547.0,0,0,0,True,False,-0.007324595219737828
2022-09-08,True,375,453833.0,0,0,0,True,False,0.002808988764045006
2022-09-09,True,375,421541.0,0,0,0,True,False,0.010061919504643857
2022-09-12,True,375,487316.0,0,0,0,True,False,0.000992990654205661
2022-09-13,True,375,602074.0,0,0,0,True,False,0.007853403141361293
2022-09-14,True,375,757358.0,0,0,0,True,False,-0.016800305460099252
2022-09-15,True,375,709201.0,0,0,0,True,False,-0.002375296912114022
2022-09-16,True,375,724696.0,0,0,0,True,False,-0.007510729613733891
2022-09-19,True,375,795974.0,0,0,0,True,False,0.00048038430744590244
2022-09-20,True,375,385911.0,0,0,0,True,False,0.008092878267125014
2022-09-21,True,375,577202.0,0,0,0,True,False,0.00028044310009800455
2022-09-22,True,375,869339.0,0,0,0,True,False,-0.007980845969672745
2022-09-23,True,375,627071.0,0,0,0,True,False,-0.0011857151470084926
2022-09-26,True,375,869822.0,0,0,0,True,False,-0.018349188125307503
2022-09-27,True,375,1109773.0,0,0,0,True,False,0.006284020932725065
2022-09-28,True,375,1206513.0,0,0,0,True,False,-0.014035380855907609
2022-09-29,True,375,810388.0,0,0,0,True,False,0.012788601836752234
2022-09-30,True,375,1202887.0,0,0,0,True,False,-0.007302405498281761
2022-10-03,True,375,1356280.0,0,0,0,True,False,0.006100126209507728
2022-10-04,True,375,813305.0,0,0,0,True,False,0.012605840494942955
2022-10-06,True,375,1142131.0,0,0,0,True,False,0.006672468813460952
2022-10-07,True,375,803829.0,0,0,0,True,False,-0.0033638765065213683
2022-10-10,True,375,533318.0,0,0,0,True,False,-0.011081642303501282
2022-10-11,True,375,714368.0,0,0,0,True,False,0.002908184461985819
2022-10-12,True,375,596502.0,0,0,0,True,False,-0.0006585795925304616
2022-10-13,True,375,412455.0,0,0,0,True,False,-0.002355910811947748
2022-10-14,True,375,1012619.0,0,0,0,True,False,0.014279714405711852
2022-10-17,True,375,777690.0,0,0,0,True,False,-0.007585335018963302
2022-10-18,True,375,1403556.0,0,0,0,True,False,0.006461800577614474
2022-10-19,True,375,517985.0,0,0,0,True,False,0.0013871323079435172
2022-10-20,True,375,958405.0,0,0,0,True,False,-0.004407051282051322
2022-10-21,True,375,559675.0,0,0,0,True,False,0.0035215494817719684
2022-10-24,False,60,,0,0,60,False,False,-0.004048582995951455
2022-10-25,True,375,1176807.0,0,0,0,True,False,0.0073363431151241
2022-10-27,True,375,1018710.0,0,0,0,True,False,0.006634449995904568
2022-10-28,True,375,747311.0,0,0,0,True,False,0.0031131096506400446
2022-10-31,True,375,1375437.0,0,0,0,True,False,0.005560062525970189
2022-11-01,True,375,1237955.0,0,0,0,True,False,0.02120974076983506
2022-11-02,True,375,738868.0,0,0,0,True,False,0.0005136309758988489
2022-11-03,True,375,602523.0,0,0,0,True,False,-0.004975417895771939
2022-11-04,True,375,1042555.0,0,0,0,True,False,0.0007445141065831606
2022-11-07,True,375,1182948.0,0,0,0,True,False,-0.0010602409638553745
2022-11-09,True,375,946451.0,0,0,0,True,False,0.0024193548387096975
2022-11-10,True,375,522281.0,0,0,0,True,False,-0.0014072831723632717
2022-11-11,True,375,818250.0,0,0,0,True,False,0.010827517835273914
2022-11-14,True,375,987937.0,0,0,0,True,False,0.00028517110266168544
2022-11-15,True,375,388371.0,0,0,0,True,False,0.0028299361352250862
2022-11-16,True,375,1050009.0,0,0,0,True,False,0.0011123470522802492
2022-11-17,True,375,588659.0,0,0,0,True,False,-0.003085288956593879
2022-11-18,True,375,289110.0,0,0,0,True,False,0.0030012120279343524
2022-11-21,True,375,549234.0,0,0,0,True,False,-0.003484723051154215
2022-11-22,True,375,530304.0,0,0,0,True,False,-0.0005890437855881059
2022-11-23,True,375,400470.0,0,0,0,True,False,0.003937775351865458
2022-11-24,True,375,474693.0,0,0,0,True,False,0.0033235581622679256
2022-11-25,True,375,588709.0,0,0,0,True,False,0.0003863987635239763
2022-11-28,True,375,1790501.0,0,0,0,True,False,-0.001473543201607419
2022-11-29,True,375,906679.0,0,0,0,True,False,-0.0007575757575758457
2022-11-30,True,375,866892.0,0,0,0,True,False,0.0015322982627798964
2022-12-01,True,375,910478.0,0,0,0,True,False,0.002852962692026395
2022-12-02,True,375,863922.0,0,0,0,True,False,0.0016326979875620484
2022-12-05,True,375,947170.0,0,0,0,True,False,-0.005099233280751347
2022-12-06,True,375,434924.0,0,0,0,True,False,-0.006301267710663749
2022-12-07,True,375,570174.0,0,0,0,True,False,-0.0014875418371141924
2022-12-08,True,375,810884.0,0,0,0,True,False,0.004911220249338877
2022-12-09,True,375,798491.0,0,0,0,True,False,-0.0011325028312570984
2022-12-12,True,375,909691.0,0,0,0,True,False,-0.009007282483710188
2022-12-13,True,375,539204.0,0,0,0,True,False,-0.0018716577540107693
2022-12-14,True,375,582954.0,0,0,0,True,False,0.006717429056697366
2022-12-15,True,375,561483.0,0,0,0,True,False,-0.004208915247752021
2022-12-16,True,375,1200478.0,0,0,0,True,False,-0.0034883720930232176
2022-12-19,True,375,525433.0,0,0,0,True,False,0.005101444760309937
2022-12-20,True,375,569755.0,0,0,0,True,False,-0.00733768728390316
2022-12-21,True,375,719980.0,0,0,0,True,False,0.0003816793893129944
2022-12-22,True,375,571391.0,0,0,0,True,False,0.00506789430925747
2022-12-23,True,375,766651.0,0,0,0,True,False,-0.00531625921614276
2022-12-26,True,375,473223.0,0,0,0,True,False,0.0026713980981238894
2022-12-27,True,375,452073.0,0,0,0,True,False,0.001980198019801982
2022-12-28,True,375,360601.0,0,0,0,True,False,-0.0022408302865902785
2022-12-29,True,375,339780.0,0,0,0,True,False,-0.005900865460267468
2022-12-30,True,375,477106.0,0,0,0,True,False,5.894025422903404e-05
2023-01-02,True,375,415656.0,0,0,0,True,False,0.0018071815824625137
2023-01-03,True,375,465134.0,0,0,0,True,False,-0.004984677450638131
2023-01-04,True,375,551810.0,0,0,0,True,False,0.00039123630672932563
2023-01-05,True,375,922246.0,0,0,0,True,False,0.0025824394119984273
2023-01-06,True,375,548691.0,0,0,0,True,False,0.0019232294392894644
2023-01-09,True,375,601120.0,0,0,0,True,False,0.0032715806070162667
2023-01-10,True,375,425259.0,0,0,0,True,False,0.004626060138781751
2023-01-11,True,375,723774.0,0,0,0,True,False,-0.0036885965768261864
2023-01-12,True,375,965431.0,0,0,0,True,False,0.0
2023-01-13,True,375,1626612.0,0,0,0,True,False,-0.007509083568833175
2023-01-16,True,375,441846.0,0,0,0,True,False,0.0019449734592162926
2023-01-17,True,375,749102.0,0,0,0,True,False,0.005522601759050838
2023-01-18,True,375,832622.0,0,0,0,True,False,-0.001815980629539915
2023-01-19,True,375,602191.0,0,0,0,True,False,-0.0004446240905415788
2023-01-20,True,375,1179345.0,0,0,0,True,False,0.002430133657351119
2023-01-23,True,375,1047809.0,0,0,0,True,False,0.0024559967253376946
2023-01-24,True,375,773889.0,0,0,0,True,False,0.005107925523150536
2023-01-25,True,375,694124.0,0,0,0,True,False,-0.0002279320348115288
2023-01-27,True,375,2840631.0,0,0,0,True,False,0.0001677852348993536
2023-01-30,True,375,2647526.0,0,0,0,True,False,-0.003120991876870538
2023-01-31,True,375,1244595.0,0,0,0,True,False,0.007806054451989564
2023-02-01,True,375,885251.0,0,0,0,True,False,0.009886915749050429
2023-02-02,True,375,1021967.0,0,0,0,True,False,-0.009401709401709368
2023-02-03,True,375,1877363.0,0,0,0,True,False,0.010322580645161228
2023-02-06,True,375,1010974.0,0,0,0,True,False,-0.006437768240343367
2023-02-07,True,375,1109028.0,0,0,0,True,False,-0.0003891218816205466
2023-02-08,True,375,1649200.0,0,0,0,True,False,0.0035142522452167313
2023-02-09,True,375,689095.0,0,0,0,True,False,0.0016172621454257907
2023-02-10,True,375,860582.0,0,0,0,True,False,0.00040357696637571827
2023-02-13,True,375,459913.0,0,0,0,True,False,0.0014978388325415093
2023-02-14,True,375,697003.0,0,0,0,True,False,0.0023014712208551114
2023-02-15,True,375,3055336.0,0,0,0,True,False,-0.001680672268907557
2023-02-16,True,375,1607154.0,0,0,0,True,False,0.0059136362703022805
2023-02-17,True,375,1268635.0,0,0,0,True,False,-0.0029458418309540324
2023-02-20,True,375,813407.0,0,0,0,True,False,0.002891773826370514
2023-02-21,True,375,1154580.0,0,0,0,True,False,0.003851410113057563
2023-02-22,True,375,891635.0,0,0,0,True,False,-0.0038802660753881613
2023-02-23,True,375,572900.0,0,0,0,True,False,0.00042069835927649457
2023-02-24,True,375,695917.0,0,0,0,True,False,0.0023241073315021232
2023-02-27,True,375,613813.0,0,0,0,True,False,-0.002470790234096909
2023-02-28,True,375,916282.0,0,0,0,True,False,-0.004184277261200409
2023-03-01,True,375,685939.0,0,0,0,True,False,0.011216566005176842
2023-03-02,True,375,529204.0,0,0,0,True,False,-0.0036239607759539494
2023-03-03,True,375,1655966.0,0,0,0,True,False,0.008651781880635534
2023-03-06,True,375,702778.0,0,0,0,True,False,0.007556675062972307
2023-03-08,True,375,1429006.0,0,0,0,True,False,-0.00037350597609564495
2023-03-09,True,375,1315924.0,0,0,0,True,False,-0.00022759719434739534
2023-03-10,True,375,918374.0,0,0,0,True,False,-0.007838983050847403
2023-03-13,True,375,569429.0,0,0,0,True,False,0.0012897678417884695
2023-03-14,True,375,931260.0,0,0,0,True,False,-0.0034965034965035446
2023-03-15,True,375,1302113.0,0,0,0,True,False,0.002039965781219122
2023-03-16,True,375,1564316.0,0,0,0,True,False,0.0024805023575946716
2023-03-17,True,375,1293916.0,0,0,0,True,False,0.006840098676833328
2023-03-20,True,375,1757076.0,0,0,0,True,False,-0.004046762589928088
2023-03-21,True,375,1144956.0,0,0,0,True,False,0.0035956580732698917
2023-03-22,True,375,1459522.0,0,0,0,True,False,0.005699698510155837
2023-03-23,True,375,869686.0,0,0,0,True,False,-0.003076923076923088
2023-03-24,True,375,919871.0,0,0,0,True,False,-0.0007788161993769194
2023-03-27,True,375,716720.0,0,0,0,True,False,0.005737351747284514
2023-03-28,True,375,913018.0,0,0,0,True,False,0.002769340718241864
2023-03-29,True,375,977854.0,0,0,0,True,False,-0.0038041422882695297
2023-03-31,True,375,2868357.0,0,0,0,True,False,0.005349977708426268
2023-04-03,True,375,1084189.0,0,0,0,True,False,0.006049165558367875
2023-04-05,True,375,1253119.0,0,0,0,True,False,0.007509118214975352
2023-04-06,True,375,1382431.0,0,0,0,True,False,-0.0029462365591397255
2023-04-10,True,375,653090.0,0,0,0,True,False,0.0042091318932546695
2023-04-11,True,375,1242638.0,0,0,0,True,False,0.0034393809114359186
2023-04-12,True,375,1481121.0,0,0,0,True,False,0.0008567695504102524
2023-04-13,True,375,1619642.0,0,0,0,True,False,0.002684620957088768
2023-04-17,True,375,2527308.0,0,0,0,True,False,0.02961531929347827
2023-04-18,False,376,721047.0,0,0,1,False,False,0.00407628783238656
2023-04-19,True,375,1010037.0,0,0,0,True,False,-0.0005768244744487339
2023-04-20,True,375,453771.0,0,0,0,True,False,0.00302513847464847
2023-04-21,True,375,516419.0,0,0,0,True,False,0.002409381663112997
2023-04-24,True,375,1892281.0,0,0,0,True,False,0.010659801272367542
2023-04-25,True,375,554296.0,0,0,0,True,False,0.002330014827367055
2023-04-26,True,375,560638.0,0,0,0,True,False,0.002338368198192553
2023-04-27,True,375,568087.0,0,0,0,True,False,0.005929690808979204
2023-04-28,True,375,762043.0,0,0,0,True,False,0.0001259604484191712
2023-05-02,True,375,1029511.0,0,0,0,True,False,0.007464383929863594
2023-05-03,True,375,741831.0,0,0,0,True,False,0.0019670518809933313
2023-05-04,True,375,480992.0,0,0,0,True,False,0.0013027295285359397
2023-05-05,True,375,896156.0,0,0,0,True,False,-0.0012274959083469206
2023-05-08,True,375,524206.0,0,0,0,True,False,0.0036870135190496534
2023-05-09,True,375,528161.0,0,0,0,True,False,0.0016187778227438887
2023-05-10,True,375,865911.0,0,0,0,True,False,0.005370048855331655
2023-05-11,True,375,522371.0,0,0,0,True,False,0.002567651601773191
2023-05-12,True,375,533558.0,0,0,0,True,False,-0.004915390813859721
2023-05-15,True,375,335871.0,0,0,0,True,False,0.003486146095717846
2023-05-16,True,375,597711.0,0,0,0,True,False,0.003722708521984197
2023-05-17,True,375,450007.0,0,0,0,True,False,0.002850162866449457
2023-05-18,True,375,563392.0,0,0,0,True,False,0.0030917280917281964
2023-05-19,True,375,426854.0,0,0,0,True,False,0.0004315659679408057
2023-05-22,True,375,463248.0,0,0,0,True,False,-0.0036824877250408727
2023-05-23,True,375,359711.0,0,0,0,True,False,0.0025056019555917963
2023-05-24,True,375,430695.0,0,0,0,True,False,-0.002894415002038242
2023-05-25,True,375,368947.0,0,0,0,True,False,-0.0029086439983613266
2023-05-26,True,375,966981.0,0,0,0,True,False,0.005378653087101393
2023-05-29,True,375,727760.0,0,0,0,True,False,0.004983057604145857
2023-05-30,True,375,562977.0,0,0,0,True,False,0.00023809523809514843
2023-05-31,True,375,1422696.0,0,0,0,True,False,-0.008152982483981774
2023-06-01,True,375,745194.0,0,0,0,True,False,0.005330360762059172
2023-06-02,True,375,717724.0,0,0,0,True,False,0.0016214025131739973
2023-06-05,True,375,660720.0,0,0,0,True,False,0.004969450101832917
2023-06-06,True,375,447148.0,0,0,0,True,False,0.0014113187765882884
2023-06-07,True,375,418801.0,0,0,0,True,False,0.0013689805121597232
2023-06-08,True,375,884623.0,0,0,0,True,False,0.0032025620496396456
2023-06-09,True,375,493529.0,0,0,0,True,False,0.0007984031936127955
2023-06-12,True,375,483594.0,0,0,0,True,False,-0.0025384801353857123
2023-06-13,True,375,586143.0,0,0,0,True,False,0.002813504823151236
2023-06-14,True,375,788194.0,0,0,0,True,False,0.001549402089706442
2023-06-15,True,375,634078.0,0,0,0,True,False,0.0015110186620617139
2023-06-16,True,375,977043.0,0,0,0,True,False,0.003940944650314471
2023-06-19,True,375,576586.0,0,0,0,True,False,0.0035925818040587476
2023-06-20,False,376,343502.0,0,0,1,False,False,-0.0011566359537344972
2023-06-21,True,375,447173.0,0,0,0,True,False,-0.001756783134881923
2023-06-22,True,375,377355.0,0,0,0,True,False,-0.0034699208546142835
2023-06-23,True,375,524489.0,0,0,0,True,False,-0.00397794407246943
2023-06-26,True,375,951575.0,0,0,0,True,False,-0.00428945905155298
2023-06-27,True,375,1023647.0,0,0,0,True,False,0.00022035256410268822
2023-06-28,True,375,479918.0,0,0,0,True,False,0.007214428857715394
2023-06-30,True,375,432605.0,0,0,0,True,False,0.006462322878994398
2023-07-03,True,375,421122.0,0,0,0,True,False,0.001978065021543296
2023-07-04,True,375,762374.0,0,0,0,True,False,0.004573199900499425
2023-07-05,True,375,503622.0,0,0,0,True,False,0.0077249903437621725
2023-07-06,True,375,1360910.0,0,0,0,True,False,-0.004636695581615502
2023-07-07,True,375,1487683.0,0,0,0,True,False,0.0007405860124189978
2023-07-10,True,375,4751614.0,0,0,0,True,False,0.023173515981735227
2023-07-11,True,375,1919013.0,0,0,0,True,False,0.005441928414901431
2023-07-12,True,375,1651247.0,0,0,0,True,False,-0.0009750812567713707
2023-07-13,True,375,805316.0,0,0,0,True,False,0.0068354430379746756
2023-07-14,True,375,888439.0,0,0,0,True,False,0.00036376864314302537
2023-07-17,True,375,912223.0,0,0,0,True,False,-0.00181686046511631
2023-07-18,True,375,1976002.0,0,0,0,True,False,0.007799084144247237
2023-07-19,True,375,2085966.0,0,0,0,True,False,0.003528306235704992
2023-07-20,False,346,,0,0,0,False,False,-0.09519718038191094
2023-07-21,True,375,2059642.0,0,0,0,True,False,-0.005337399923751485
2023-07-24,True,375,3385507.0,0,0,0,True,False,-0.02896281800391387
2023-07-25,True,375,1039342.0,0,0,0,True,False,0.00245186703645639
2023-07-26,True,375,855760.0,0,0,0,True,False,0.0
2023-07-27,True,375,753824.0,0,0,0,True,False,0.0035841584158415873
2023-07-28,True,375,1368257.0,0,0,0,True,False,-0.0011729622266400952
2023-07-31,True,375,505446.0,0,0,0,True,False,-0.000138438414682307
2023-08-01,True,375,675587.0,0,0,0,True,False,0.0035349567949725103
2023-08-02,True,375,719100.0,0,0,0,True,False,-0.0033760972316002613
2023-08-03,True,375,358173.0,0,0,0,True,False,-0.003502415458937147
2023-08-04,True,375,768993.0,0,0,0,True,False,0.009820165690038518
2023-08-07,True,375,485532.0,0,0,0,True,False,0.0051834130781498455
2023-08-08,True,375,518443.0,0,0,0,True,False,0.0017832375668713762
2023-08-09,True,375,511555.0,0,0,0,True,False,0.0004393409885172783
2023-08-10,True,375,543892.0,0,0,0,True,False,0.001169706582077712
2023-08-11,True,375,761717.0,0,0,0,True,False,-0.0013998422712934167
2023-08-14,True,375,526062.0,0,0,0,True,False,-0.0006297724946862093
2023-08-16,True,375,1140871.0,0,0,0,True,False,-0.008800730480057584
2023-08-17,True,375,633240.0,0,0,0,True,False,-0.0018857287272302514
2023-08-18,True,375,656523.0,0,0,0,True,False,-0.0014792899408283544
2023-08-21,True,375,737914.0,0,0,0,True,False,-0.004721786833855823
2023-08-22,True,375,1139185.0,0,0,0,True,False,-0.0010319507838856268
2023-08-23,True,375,503156.0,0,0,0,True,False,0.00047562425683711496
2023-08-24,True,375,658929.0,0,0,0,True,False,0.00861726630132642
2023-08-25,True,375,1508191.0,0,0,0,True,False,-0.00827781142741768
2023-08-28,True,375,741703.0,0,0,0,True,False,0.004102522442016365
2023-08-29,True,375,2206031.0,0,0,0,True,False,0.006175625769388571
2023-08-30,True,375,1099949.0,0,0,0,True,False,0.004128819157720898
2023-08-31,True,375,898423.0,0,0,0,True,False,0.001550067169577396
2023-09-01,True,375,709912.0,0,0,0,True,False,-0.0007888891195581005
2023-09-04,True,375,957525.0,0,0,0,True,False,0.0005183710707472589
2023-09-05,True,375,502868.0,0,0,0,True,False,0.0035247771096826863
2023-09-06,True,375,499675.0,0,0,0,True,False,-0.0018552110817942058
2023-09-07,True,375,640929.0,0,0,0,True,False,-0.001772464962901954
2023-09-08,True,375,567629.0,0,0,0,True,False,0.0037641154328733606
2023-09-11,True,375,781704.0,0,0,0,True,False,0.000407996736026206
2023-09-12,True,375,2066935.0,0,0,0,True,False,0.004023371949616772
2023-09-13,True,375,1242830.0,0,0,0,True,False,0.0012310217480508978
2023-09-14,True,375,503749.0,0,0,0,True,False,0.00404065140198373
2023-09-15,True,375,1748491.0,0,0,0,True,False,0.004885993485342022
2023-09-18,True,375,564328.0,0,0,0,True,False,-0.00507645259938827
2023-09-20,True,375,21077969.0,0,0,0,True,False,-0.004498767460969555
2023-09-21,True,375,1270135.0,0,0,0,True,False,-0.002142812125795812
2023-09-22,True,375,1005576.0,0,0,0,True,False,0.0046511627906977715
2023-09-25,True,375,1209248.0,0,0,0,True,False,-0.0028001697072549403
2023-09-26,True,375,903890.0,0,0,0,True,False,-0.00040606967300693686
2023-09-27,True,375,685833.0,0,0,0,True,False,0.0013673460667436022
2023-09-28,True,375,871863.0,0,0,0,True,False,0.0052731491246571505
2023-09-29,True,375,428304.0,0,0,0,True,False,0.001175690985656619
2023-10-03,True,375,974548.0,0,0,0,True,False,-0.005569782330345774
2023-10-04,True,375,957834.0,0,0,0,True,False,-0.004054520358868219
2023-10-05,True,375,672792.0,0,0,0,True,False,0.0022254872304567908
2023-10-06,True,375,294534.0,0,0,0,True,False,0.001794284231916743
2023-10-09,True,375,629792.0,0,0,0,True,False,-0.004120553146506278
2023-10-10,True,375,1523494.0,0,0,0,True,False,0.005032679738562251
2023-10-11,True,375,518405.0,0,0,0,True,False,0.0019264069264068873
2023-10-12,True,375,606283.0,0,0,0,True,False,-0.0008099754875839915
2023-10-13,True,375,583233.0,0,0,0,True,False,-0.0031311904914052002
2023-10-16,True,375,408331.0,0,0,0,True,False,0.0
2023-10-17,True,375,792150.0,0,0,0,True,False,0.00434819677721876
2023-10-18,True,375,677328.0,0,0,0,True,False,-0.0007424692405599842
2023-10-19,True,375,1051646.0,0,0,0,True,False,-0.0043495112182937445
2023-10-20,True,375,810273.0,0,0,0,True,False,-0.0013026487190620495
2023-10-23,True,375,442926.0,0,0,0,True,False,-0.0032210324714895266
2023-10-25,True,375,958622.0,0,0,0,True,False,-0.0056785540677890545
2023-10-26,True,375,843471.0,0,0,0,True,False,-0.002216312056737557
2023-10-27,True,375,923525.0,0,0,0,True,False,0.007194244604316502
2023-10-30,True,375,1816078.0,0,0,0,True,False,0.004306061609804512
2023-10-31,True,375,1042072.0,0,0,0,True,False,0.008228670420095341
2023-11-01,True,375,809884.0,0,0,0,True,False,6.553079947568818e-05
2023-11-02,True,375,745253.0,0,0,0,True,False,0.008344953808610667
2023-11-03,True,375,494906.0,0,0,0,True,False,0.0034710993251836353
2023-11-06,True,375,402823.0,0,0,0,True,False,0.005735230702889282
2023-11-07,True,375,296956.0,0,0,0,True,False,-0.0019029292281376176
2023-11-08,False,375,539800.0,0,1,0,True,False,0.0038310877706513313
2023-11-09,True,375,489433.0,0,0,0,True,False,0.0008998393144081795
2023-11-10,True,375,1291812.0,0,0,0,True,False,-0.0019251984684937051
2023-11-12,False,60,,0,0,60,False,False,0.0047713631849388705
2023-11-13,True,375,268503.0,0,0,0,True,False,-0.0034321506714144467
2023-11-15,True,375,1099406.0,0,0,0,True,False,0.010755474925489228
2023-11-16,True,375,717672.0,0,0,0,True,False,-0.0029262086513994756
2023-11-17,True,375,420215.0,0,0,0,True,False,-0.002162849872773487
2023-11-20,True,375,462003.0,0,0,0,True,False,-0.002675329638830437
2023-11-21,True,375,765973.0,0,0,0,True,False,0.007237122179651001
2023-11-22,False,375,1026503.0,0,1,0,True,False,-0.0008413967185527671
2023-11-23,False,375,849241.0,0,1,0,True,False,0.0005027230833680729
2023-11-24,True,375,359617.0,0,0,0,True,False,-0.0009607753038974876
2023-11-28,True,375,1376373.0,0,0,0,True,False,-0.0001461835647905696
2023-11-29,True,375,823169.0,0,0,0,True,False,0.004610025240409765
2023-11-30,True,375,2410496.0,0,0,0,True,False,-0.0022083333333333677
2023-12-01,True,375,1416164.0,0,0,0,True,False,-0.00042034468263973945
2023-12-04,True,375,1430396.0,0,0,0,True,False,0.023819473464270713
2023-12-05,True,375,1095903.0,0,0,0,True,False,0.0074349442379182396
2023-12-06,True,375,2627973.0,0,0,0,True,False,0.004082637506924058
2023-12-07,True,375,673068.0,0,0,0,True,False,-0.0008123476848090894
2023-12-08,True,375,393966.0,0,0,0,True,False,0.0023799837266069712
2023-12-11,True,375,497023.0,0,0,0,True,False,0.002039983680130586
2023-12-12,True,375,638968.0,0,0,0,True,False,0.0
2023-12-13,True,375,923263.0,0,0,0,True,False,-0.0008250825082508628
2023-12-14,True,375,1410244.0,0,0,0,True,False,0.009025307867847943
2023-12-15,True,375,1017488.0,0,0,0,True,False,0.005865519270970676
2023-12-18,True,375,842553.0,0,0,0,True,False,0.0009626183218354178
2023-12-19,True,375,1317008.0,0,0,0,True,False,0.01388888888888884
2023-12-20,True,375,1267532.0,0,0,0,True,False,0.005829078888171635
2023-12-21,True,375,1883792.0,0,0,0,True,False,-0.0009488416225191809
2023-12-22,True,375,910032.0,0,0,0,True,False,-0.0005466614603670816
2023-12-26,False,375,479297.0,0,1,0,True,False,0.002733307301835186
2023-12-27,True,375,449126.0,0,0,0,True,False,0.0011632415664986073
2023-12-28,True,375,594334.0,0,0,0,True,False,0.002496758085431816
2023-12-29,True,375,732973.0,0,0,0,True,False,0.002341650671785045
2024-01-01,True,375,260018.0,0,0,0,True,False,-0.002493235407808214
2024-01-02,True,375,448446.0,0,0,0,True,False,-0.0013328439799880076
2024-01-03,True,375,1227571.0,0,0,0,True,False,0.00038328861632819233
2024-01-04,True,375,746172.0,0,0,0,True,False,0.0028092608737770863
2024-01-05,True,375,483256.0,0,0,0,True,False,0.0011153846153846292
2024-01-08,True,375,787310.0,0,0,0,True,False,0.00038328861632819233
2024-01-09,True,375,364059.0,0,0,0,True,False,0.005413766434648082
2024-01-10,True,375,610658.0,0,0,0,True,False,-0.0013563262933540265
2024-01-11,True,375,1831717.0,0,0,0,True,False,0.0018084545249039685
2024-01-12,True,375,897281.0,0,0,0,True,False,0.0012332271898987113
2024-01-15,True,375,538367.0,0,0,0,True,False,0.0032834731849689103
2024-01-16,True,375,511908.0,0,0,0,True,False,-0.0021715721464465876
2024-01-17,True,375,1792025.0,0,0,0,True,False,-0.010120867919033105
2024-01-18,True,375,1118842.0,0,0,0,True,False,-0.007600514044428075
2024-01-19,True,375,862482.0,0,0,0,True,False,0.00632610524006294
2024-01-20,True,375,723483.0,0,0,0,True,False,-0.002357068464616474
2024-01-23,True,375,1240078.0,0,0,0,True,False,0.009400467263930512
2024-01-24,True,375,2014688.0,0,0,0,True,False,0.0051566763903263535
2024-01-25,True,375,527306.0,0,0,0,True,False,-0.00333964154514077
2024-01-29,True,375,815969.0,0,0,0,True,False,0.006639616377720481
2024-01-30,True,375,1628407.0,0,0,0,True,False,0.009647302904564281
2024-01-31,True,375,1041199.0,0,0,0,True,False,-0.0036370087820456476
2024-02-01,True,375,1036661.0,0,0,0,True,False,0.007017543859649145
2024-02-02,True,375,1746332.0,0,0,0,True,False,0.005207785376117879
2024-02-05,True,375,598032.0,0,0,0,True,False,0.0036242463800477687
2024-02-06,True,375,751712.0,0,0,0,True,False,0.0014759763149212457
2024-02-07,True,375,739925.0,0,0,0,True,False,0.005990016638935058
2024-02-08,True,375,1030515.0,0,0,0,True,False,0.005199306759098743
2024-02-09,True,375,1211464.0,0,0,0,True,False,-0.002743484224965731
2024-02-12,True,375,666903.0,0,0,0,True,False,0.0014396873821684864
2024-02-13,True,375,424194.0,0,0,0,True,False,0.002410468319559156
2024-02-14,True,375,558593.0,0,0,0,True,False,-0.0034528734060373933
2024-02-15,True,375,514316.0,0,0,0,True,False,0.0010460251046024993
2024-02-16,True,375,703415.0,0,0,0,True,False,0.002869757174392973
2024-02-19,True,375,337677.0,0,0,0,True,False,-0.0003076923076923421
2024-02-20,True,375,486817.0,0,0,0,True,False,0.003759782238856868
2024-02-21,True,375,388268.0,0,0,0,True,False,0.0022097569267380823
2024-02-22,True,375,1051904.0,0,0,0,True,False,0.0014494977916474916
2024-02-23,True,375,814949.0,0,0,0,True,False,0.005671460401053263
2024-02-26,True,375,645632.0,0,0,0,True,False,0.00018415897942425374
2024-02-27,True,375,546931.0,0,0,0,True,False,-0.003041914557493808
2024-02-28,True,375,419088.0,0,0,0,True,False,-0.0016829350387075337
2024-02-29,True,375,1316826.0,0,0,0,True,False,0.005145797598627766
2024-03-01,True,375,467469.0,0,0,0,True,False,-0.0012795359549603313
2024-03-02,False,105,174782.0,0,0,0,False,False,0.0023513604299629787
2024-03-04,True,375,513748.0,0,0,0,True,False,0.0
2024-03-05,True,375,421593.0,0,0,0,True,False,0.0005149501661130262
2024-03-06,True,375,677274.0,0,0,0,True,False,-0.0030373831775700744
2024-03-07,True,375,469274.0,0,0,0,True,False,0.0010323525983648718
2024-03-11,True,375,1085670.0,0,0,0,True,False,0.007101792357118608
2024-03-12,True,375,835083.0,0,0,0,True,False,0.0017759562841528354
2024-03-13,True,375,435692.0,0,0,0,True,False,0.0020484171322161515
2024-03-14,True,375,1546323.0,0,0,0,True,False,0.0018789144050104234
2024-03-15,True,375,366883.0,0,0,0,True,False,-0.006306620209059255
2024-03-18,True,375,512919.0,0,0,0,True,False,0.0007047216349542751
2024-03-19,True,375,528534.0,0,0,0,True,False,-0.00574112734864296
2024-03-20,True,375,491700.0,0,0,0,True,False,0.002369127634557655
2024-03-21,True,375,755831.0,0,0,0,True,False,0.006513642269380782
2024-03-22,True,375,769237.0,0,0,0,True,False,-3.4482164100735346e-05
2024-03-26,True,375,1252591.0,0,0,0,True,False,-0.0056940358844679295
2024-03-27,True,375,1178684.0,0,0,0,True,False,0.00322167180517563
2024-03-28,True,375,991642.0,0,0,0,True,False,-8.372404554590762e-05
2024-04-01,True,375,425979.0,0,0,0,True,False,0.005033670033669946
2024-04-02,True,375,582002.0,0,0,0,True,False,-0.002285867957509846
2024-04-03,True,375,630948.0,0,0,0,True,False,-0.004316425932146428
2024-04-04,True,375,898031.0,0,0,0,True,False,0.004940661131767943
2024-04-05,True,375,818136.0,0,0,0,True,False,-0.0031559194814057
2024-04-08,True,375,755506.0,0,0,0,True,False,0.0
2024-04-09,True,375,381386.0,0,0,0,True,False,0.002626085785468968
2024-04-10,True,375,825538.0,0,0,0,True,False,0.000272860602339664
2024-04-12,True,375,1462518.0,0,0,0,True,False,-0.0010998307952622133
2024-04-15,True,375,836717.0,0,0,0,True,False,-0.005158061386037471
2024-04-16,True,375,690937.0,0,0,0,True,False,-0.00829068577277381
2024-04-18,True,375,1772532.0,0,0,0,True,False,-0.0032351438787672215
2024-04-19,True,375,1541327.0,0,0,0,True,False,-0.003914529914529896
2024-04-22,True,375,1106813.0,0,0,0,True,False,0.0006285995820662915
2024-04-23,True,375,1753751.0,0,0,0,True,False,-0.0016537851429343498
2024-04-24,True,375,751222.0,0,0,0,True,False,0.002603274645475162
2024-04-25,True,375,718548.0,0,0,0,True,False,-0.005669579003601544
2024-04-26,True,375,426629.0,0,0,0,True,False,0.003495904308188136
2024-04-29,True,375,1007049.0,0,0,0,True,False,-0.002922468626439745
2024-04-30,True,375,477769.0,0,0,0,True,False,0.0029035012809564
2024-05-02,True,375,1037913.0,0,0,0,True,False,0.004109892733505038
2024-05-03,True,375,298384.0,0,0,0,True,False,0.001327388448316924
2024-05-06,True,375,701727.0,0,0,0,True,False,0.0
2024-05-07,True,375,786406.0,0,0,0,True,False,-0.004026869241049558
2024-05-08,True,375,599366.0,0,0,0,True,False,-0.00462962962962965
2024-05-09,True,375,765510.0,0,0,0,True,False,-0.0029108229690394394
2024-05-10,True,375,663388.0,0,0,0,True,False,0.003052064631956952
2024-05-13,True,375,430428.0,0,0,0,True,False,-0.002920227920227836
2024-05-14,True,375,405172.0,0,0,0,True,False,-0.0010873440285205094
2024-05-15,True,375,231008.0,0,0,0,True,False,0.0007044734061290026
2024-05-16,True,375,976533.0,0,0,0,True,False,0.002154715648180927
2024-05-17,True,375,874102.0,0,0,0,True,False,-0.0017186951946686069
2024-05-18,False,105,74143.0,0,0,0,False,False,0.0017421602787457413
2024-05-21,True,375,1271987.0,0,0,0,True,False,-0.006377417668583463
2024-05-22,True,375,1472170.0,0,0,0,True,False,0.0016039331229624754
2024-05-23,True,375,679805.0,0,0,0,True,False,-0.0013351591920575112
2024-05-24,True,375,596173.0,0,0,0,True,False,-0.0005894240485011526
2024-05-27,True,375,465571.0,0,0,0,True,False,0.0004900304156809643
2024-05-28,True,375,431264.0,0,0,0,True,False,0.00037479982282184743
2024-05-29,True,375,492811.0,0,0,0,True,False,-0.006183442116111326
2024-05-30,True,375,938994.0,0,0,0,True,False,-0.003488311553079715
2024-05-31,True,375,1377421.0,0,0,0,True,False,0.0012241614494070685
2024-06-03,True,375,1951136.0,0,0,0,True,False,0.03742567331234703
2024-06-04,True,375,2663988.0,0,0,0,True,False,-0.010535006605019825
2024-06-05,True,375,2022871.0,0,0,0,True,False,0.004060017652250725
2024-06-06,True,375,1311578.0,0,0,0,True,False,0.01127554615926707
2024-06-07,True,375,758981.0,0,0,0,True,False,-0.005222841225626773
2024-06-10,True,375,1720779.0,0,0,0,True,False,0.003002285831257945
2024-06-11,True,375,1355112.0,0,0,0,True,False,-0.0020549922725497938
2024-06-12,True,375,832234.0,0,0,0,True,False,-1.715236445354318e-05
2024-06-13,True,375,658438.0,0,0,0,True,False,0.006667806462643089
2024-06-14,True,375,540060.0,0,0,0,True,False,0.004235551304823115
2024-06-18,True,375,763775.0,0,0,0,True,False,0.007877483948567576
2024-06-19,True,375,561819.0,0,0,0,True,False,0.005101523700125066
2024-06-20,True,375,1073953.0,0,0,0,True,False,0.0003428179636613127
2024-06-21,True,375,966411.0,0,0,0,True,False,-0.0005934214988131403
2024-06-24,True,375,729926.0,0,0,0,True,False,-0.007194368131868023
2024-06-25,True,375,579216.0,0,0,0,True,False,-0.0003117530915515143
2024-06-26,True,375,937623.0,0,0,0,True,False,-0.004457754599748842
2024-06-27,True,375,2047537.0,0,0,0,True,False,0.002317497103128563
2024-06-28,True,375,2851863.0,0,0,0,True,False,0.00161918157731189
2024-07-01,True,375,1015080.0,0,0,0,True,False,-0.0010229361464076936
2024-07-02,True,375,910800.0,0,0,0,True,False,0.005123278898494954
2024-07-03,True,375,684129.0,0,0,0,True,False,0.0018068436200830984
2024-07-04,True,375,408914.0,0,0,0,True,False,0.0016082341588934401
2024-07-05,True,375,818084.0,0,0,0,True,False,0.0005312298776560809
2024-07-08,True,375,619708.0,0,0,0,True,False,-0.0033868539889614357
2024-07-09,True,375,361323.0,0,0,0,True,False,-0.0019678275808215906
2024-07-10,True,375,333557.0,0,0,0,True,False,0.004408060453400475
2024-07-11,True,375,443797.0,0,0,0,True,False,0.003476611883691527
2024-07-12,True,375,408183.0,0,0,0,True,False,-0.0003154574132492316
2024-07-15,True,375,568727.0,0,0,0,True,False,0.004350547730829435
2024-07-16,True,375,588217.0,0,0,0,True,False,-0.0020666332665330023
2024-07-18,True,375,904072.0,0,0,0,True,False,0.0011752374297240298
2024-07-19,True,375,1518980.0,0,0,0,True,False,0.0004415568031288508
2024-07-22,True,375,1853590.0,0,0,0,True,False,-0.013619082757182488
2024-07-23,True,375,851869.0,0,0,0,True,False,-0.0009318423855165792
2024-07-24,True,375,763298.0,0,0,0,True,False,-1.6834733422066428e-05
2024-07-25,True,375,1237616.0,0,0,0,True,False,-0.00870147255689424
2024-07-26,True,375,454847.0,0,0,0,True,False,-0.0011879465256746657
2024-07-29,True,375,495264.0,0,0,0,True,False,0.001755780825548392
2024-07-30,True,375,651765.0,0,0,0,True,False,-0.0013823747222907468
2024-07-31,True,375,1366538.0,0,0,0,True,False,-0.004961958319550153
2024-08-01,True,375,596538.0,0,0,0,True,False,0.004818076092374168
2024-08-02,True,375,640768.0,0,0,0,True,False,-0.008531242794558525
2024-08-05,True,375,1140274.0,0,0,0,True,False,-0.010695187165775444
2024-08-06,True,375,835166.0,0,0,0,True,False,0.0049378453038675385
2024-08-07,True,375,531706.0,0,0,0,True,False,0.007700090891941347
2024-08-08,True,375,736696.0,0,0,0,True,False,-0.005102389078498248
2024-08-09,True,375,667404.0,0,0,0,True,False,0.008130642683284783
2024-08-12,True,375,520484.0,0,0,0,True,False,-0.002070533926207485
2024-08-13,True,375,542771.0,0,0,0,True,False,-0.0005131713992473363
2024-08-14,True,375,421643.0,0,0,0,True,False,0.0007179487179487243
2024-08-16,True,375,903765.0,0,0,0,True,False,0.005890209239409749
2024-08-19,True,375,1048998.0,0,0,0,True,False,0.00289198193779705
2024-08-20,True,375,938860.0,0,0,0,True,False,0.005186304128902197
2024-08-21,True,375,386069.0,0,0,0,True,False,0.0
2024-08-22,True,375,556700.0,0,0,0,True,False,0.00246781831521381
2024-08-23,True,375,1138520.0,0,0,0,True,False,0.003670949441014537
2024-08-26,True,375,856836.0,0,0,0,True,False,0.005705991290855472
2024-08-27,True,375,515363.0,0,0,0,True,False,-6.619886137948505e-05
2024-08-28,True,375,487071.0,0,0,0,True,False,0.0029990003332223125
2024-08-29,True,375,985637.0,0,0,0,True,False,0.0025679506419875597
2024-08-30,True,375,4065394.0,0,0,0,True,False,0.008547008547008517
2024-09-02,True,375,1358262.0,0,0,0,True,False,-0.0010578687251028285
2024-09-03,True,375,755480.0,0,0,0,True,False,0.002669390983390363
2024-09-04,True,375,938564.0,0,0,0,True,False,-0.005796813408857515
2024-09-05,True,375,1021102.0,0,0,0,True,False,0.0020118733509233433
2024-09-06,True,375,1182031.0,0,0,0,True,False,-0.0020060180541624506
2024-09-09,True,375,715995.0,0,0,0,True,False,0.000699431924802596
2024-09-10,True,375,1135050.0,0,0,0,True,False,-0.0020498804236419588
2024-09-11,True,375,497234.0,0,0,0,True,False,0.0006326408480805679
2024-09-12,True,375,1007381.0,0,0,0,True,False,0.0032707867102772514
2024-09-13,True,375,608908.0,0,0,0,True,False,-0.00023700694091743912
2024-09-16,True,375,473096.0,0,0,0,True,False,0.0029187171220090846
2024-09-17,True,375,330333.0,0,0,0,True,False,0.0012396624042658733
2024-09-18,True,375,648844.0,0,0,0,True,False,-0.001697792869269965
2024-09-19,True,375,1056505.0,0,0,0,True,False,0.0032500855285666486
2024-09-20,True,375,646489.0,0,0,0,True,False,0.0027210884353741083
2024-09-23,True,375,621217.0,0,0,0,True,False,0.003347857539408805
2024-09-24,True,375,1099780.0,0,0,0,True,False,-0.0026800670016750017
2024-09-25,True,375,645772.0,0,0,0,True,False,-0.004261030028518631
2024-09-26,True,375,903981.0,0,0,0,True,False,-0.002258998343401264
2024-09-27,True,375,634575.0,0,0,0,True,False,-0.002993016295310902
2024-09-30,True,375,1712118.0,0,0,0,True,False,-0.0027075367978864895
2024-10-01,True,375,1076859.0,0,0,0,True,False,0.0011156186612577557
2024-10-03,True,375,4219854.0,0,0,0,True,False,-0.018397676802186513
2024-10-04,True,375,5712967.0,0,0,0,True,False,-0.0021677712823610085
2024-10-07,True,375,1091670.0,0,0,0,True,False,0.006137184115523553
2024-10-08,True,375,1953343.0,0,0,0,True,False,0.0020069696582678542
2024-10-09,True,375,1051964.0,0,0,0,True,False,-0.0013933796602295656
2024-10-10,True,375,2786822.0,0,0,0,True,False,0.004092694994179302
2024-10-11,True,375,692863.0,0,0,0,True,False,-0.001093693036821053
2024-10-14,True,375,843847.0,0,0,0,True,False,0.003546550752050681
2024-10-15,True,375,4890124.0,0,0,0,True,False,-0.010362411218357237
2024-10-16,True,375,2389719.0,0,0,0,True,False,-0.0031986907684296018
2024-10-17,True,375,1580612.0,0,0,0,True,False,0.00811987893998678
2024-10-18,True,375,1139032.0,0,0,0,True,False,-0.0032985663214536443
2024-10-21,True,375,1253405.0,0,0,0,True,False,0.006348914243651027
2024-10-22,True,375,799903.0,0,0,0,True,False,0.0008771929824562541
2024-10-23,True,375,1997624.0,0,0,0,True,False,-0.003613066636868112
2024-10-24,True,375,2034492.0,0,0,0,True,False,-0.004399127630622335
2024-10-25,False,750,,750,0,0,False,False,0.0033794506992288476
2024-10-28,False,750,,750,0,0,False,True,-0.49661144578313254
2024-10-29,False,750,,750,0,0,False,False,-0.004534722482479658
2024-10-30,True,375,2754137.0,0,0,0,True,False,-0.003731343283582045
2024-10-31,True,375,1365948.0,0,0,0,True,False,-0.0022338049143708627
2024-11-01,False,60,,0,0,60,False,False,0.0007882882882883635
2024-11-04,True,375,4330502.0,0,0,0,True,False,-0.0004109384339511246
2024-11-05,True,375,3414950.0,0,0,0,True,False,-0.00450398429379828
2024-11-06,False,750,,750,0,0,False,False,0.0019120458891013214
2024-11-07,True,375,1640125.0,0,0,0,True,False,-0.0015082956259426794
2024-11-08,False,750,,750,0,0,False,False,-0.0056702808321519305
2024-11-11,True,375,1666884.0,0,0,0,True,False,-0.0009764099359474976
2024-11-12,True,375,1505671.0,0,0,0,True,False,0.0016883932778386512
2024-11-13,True,375,2497370.0,0,0,0,True,False,0.00023622977282555802
2024-11-14,True,375,2062718.0,0,0,0,True,False,0.0012379697296434067
2024-11-18,True,375,2748193.0,0,0,0,True,False,0.000671008486283764
2024-11-19,False,750,,750,0,0,False,False,0.0012706984870745064
2024-11-21,True,375,4665734.0,0,0,0,True,False,0.0031508786103817688
2024-11-22,True,375,2793353.0,0,0,0,True,False,0.007333360645663589
2024-11-25,True,375,4803052.0,0,0,0,True,False,0.020569620253164667
2024-11-26,True,375,1813666.0,0,0,0,True,False,0.0030984933576048146
2024-11-27,True,375,1597902.0,0,0,0,True,False,-0.0016208706390861138
2024-11-28,True,375,1595901.0,0,0,0,True,False,-0.0031298299845440303
2024-11-29,False,750,,750,0,0,False,False,0.005735837196511273
2024-12-02,True,375,1824008.0,0,0,0,True,False,-0.0027100271002710175
2024-12-03,False,750,,750,0,0,False,False,0.004883259575766852
2024-12-04,True,375,1487259.0,0,0,0,True,False,0.0007169540772047345
2024-12-05,True,375,1691567.0,0,0,0,True,False,0.0037037037037035425
2024-12-06,True,375,935393.0,0,0,0,True,False,0.002271178741767077
2024-12-09,True,375,2495410.0,0,0,0,True,False,-0.0065568770966757395
2024-12-10,True,375,2893115.0,0,0,0,True,False,-0.0055152730638692304
2024-12-11,True,375,1149915.0,0,0,0,True,False,-0.0007387534507562465
2024-12-12,True,375,2140198.0,0,0,0,True,False,-0.0070367474589523304
2024-12-13,True,375,2679149.0,0,0,0,True,False,-0.0015847860538826808
2024-12-16,True,375,1480953.0,0,0,0,True,False,0.0004315587116010544
2024-12-17,False,750,,750,0,0,False,False,-0.005794701986755024
2024-12-18,True,375,2286936.0,0,0,0,True,False,-0.0032537960954446277
2024-12-19,True,375,2216351.0,0,0,0,True,False,-0.01207989474943194
2024-12-20,True,375,1576603.0,0,0,0,True,False,-0.005282405526208844
2024-12-23,True,375,2007870.0,0,0,0,True,False,0.00746268656716409
2024-12-24,True,375,910482.0,0,0,0,True,False,-0.0012664950770110428
2024-12-26,True,375,1004517.0,0,0,0,True,False,4.084299950979364e-05
2024-12-27,True,375,795489.0,0,0,0,True,False,0.001068200493015592
2024-12-30,False,750,,750,0,0,False,False,-0.004175194433074014
2024-12-31,True,375,813993.0,0,0,0,True,False,-0.0028889806025588216
2025-01-01,True,375,441145.0,0,0,0,True,False,-0.0012742518908255285
2025-01-02,True,375,879494.0,0,0,0,True,False,-0.0012267429973420452
2025-01-03,True,375,2238621.0,0,0,0,True,False,0.0027004151384468766
2025-01-06,True,375,1434775.0,0,0,0,True,False,0.003280393647237867
2025-01-07,True,375,1648500.0,0,0,0,True,False,0.004727646454265155
2025-01-08,True,375,3458136.0,0,0,0,True,False,0.007095629737139175
2025-01-09,True,375,2033332.0,0,0,0,True,False,0.0046386234785711355
2025-01-10,True,375,1224320.0,0,0,0,True,False,-0.0023472310630172633
2025-01-13,True,375,1645419.0,0,0,0,True,False,-0.01248444462285736
2025-01-14,True,375,1561102.0,0,0,0,True,False,0.00269997985089665
2025-01-15,True,375,1381110.0,0,0,0,True,False,0.004396934247680617
2025-01-16,True,375,1606886.0,0,0,0,True,False,0.0055111821086262225
2025-01-17,True,375,10543935.0,0,0,0,True,False,0.03705882352941181
2025-01-20,True,375,3526435.0,0,0,0,True,False,0.012307692307692353
2025-01-21,True,375,965037.0,0,0,0,True,False,0.004984662576687171
2025-01-22,True,375,1758325.0,0,0,0,True,False,0.0010180109631949819
2025-01-23,True,375,886567.0,0,0,0,True,False,-0.0065318574725230505
2025-01-24,True,375,898557.0,0,0,0,True,False,0.0008696339631590888
2025-01-27,True,375,1191041.0,0,0,0,True,False,-0.00429908795050038
2025-01-28,True,375,1649877.0,0,0,0,True,False,0.007323026851098424
2025-01-29,True,375,991139.0,0,0,0,True,False,0.0008097165991902688
2025-01-30,True,375,515314.0,0,0,0,True,False,-0.0013740149525156564
2025-01-31,True,375,509212.0,0,0,0,True,False,0.0021145866581551154
2025-02-01,True,375,549134.0,0,0,0,True,False,-0.0007109004739337399
2025-02-03,True,375,1700616.0,0,0,0,True,False,-0.010284810126582333
2025-02-04,True,375,1537274.0,0,0,0,True,False,0.0008420208500401483
2025-02-05,True,375,1746668.0,0,0,0,True,False,-0.00019487099540105302
2025-02-06,True,375,1651345.0,0,0,0,True,False,-0.003754399687133314
2025-02-07,True,375,1435147.0,0,0,0,True,False,-0.005339049103663229
2025-02-10,True,375,1219531.0,0,0,0,True,False,-0.0015791551519936942
2025-02-11,True,375,1448854.0,0,0,0,True,False,0.007930814602263636
2025-02-12,False,750,,750,0,0,False,False,-0.014625671690032704
2025-02-13,True,375,1361630.0,0,0,0,True,False,0.0
2025-02-14,False,750,,750,0,0,False,False,0.0023022529189278274
2025-02-17,True,375,1822980.0,0,0,0,True,False,-0.003455936805726978
2025-02-18,True,375,940302.0,0,0,0,True,False,-0.0004896160594068943
2025-02-19,True,375,1292605.0,0,0,0,True,False,-0.0036357694350259706
2025-02-20,True,375,1362183.0,0,0,0,True,False,-0.0024857375713120966
2025-02-21,False,750,,750,0,0,False,False,-0.002678571428571419
2025-02-24,True,375,1053733.0,0,0,0,True,False,-0.008435895345994093
2025-02-25,True,375,1367801.0,0,0,0,True,False,-0.003292181069958877
2025-02-27,False,750,,750,0,0,False,False,0.008985024958402699
2025-02-28,True,375,2379901.0,0,0,0,True,False,-0.004966887417218513
2025-03-03,True,375,2658877.0,0,0,0,True,False,0.005008347245408995
2025-03-04,True,375,1533083.0,0,0,0,True,False,-0.01005110732538328
2025-03-05,True,375,1591154.0,0,0,0,True,False,0.00047395406954198194
2025-03-06,True,375,3086759.0,0,0,0,True,False,0.016862761755086275
2025-03-07,True,375,1436309.0,0,0,0,True,False,0.0037144036318612628
2025-03-10,True,375,2261907.0,0,0,0,True,False,-0.001603849238171584
2025-03-11,True,375,2349737.0,0,0,0,True,False,0.0018582855296114253
2025-03-12,True,375,1823998.0,0,0,0,True,False,0.008618961715774809
2025-03-13,True,375,1173436.0,0,0,0,True,False,0.003264461164855126
2025-03-17,True,375,2006805.0,0,0,0,True,False,-0.0036096739261219923
2025-03-18,True,375,1613363.0,0,0,0,True,False,0.0025371511417180415
2025-03-19,True,375,2143633.0,0,0,0,True,False,0.0008467741935482831
2025-03-20,True,375,1797234.0,0,0,0,True,False,0.0030849358974358587
2025-03-21,True,375,1458310.0,0,0,0,True,False,0.00536193029490617
2025-03-24,True,375,3467819.0,0,0,0,True,False,0.010567514677103818
2025-03-25,True,375,2029146.0,0,0,0,True,False,0.0038767128545655893
2025-03-26,True,375,1332075.0,0,0,0,True,False,0.004473837774751965
2025-03-27,True,375,2242778.0,0,0,0,True,False,0.005546377153646587
2025-03-28,True,375,1067585.0,0,0,0,True,False,0.0
2025-04-01,True,375,2263335.0,0,0,0,True,False,-0.007378335949764558
2025-04-02,True,375,1888254.0,0,0,0,True,False,-0.00514354066985645
2025-04-03,True,375,1420383.0,0,0,0,True,False,-0.015135782747603854
2025-04-04,False,750,,750,0,0,False,False,-0.005927112535042078
2025-04-07,True,375,5023825.0,0,0,0,True,False,-0.06111617878762754
2025-04-08,True,375,3339444.0,0,0,0,True,False,0.0006403415154749847
2025-04-09,True,375,1887001.0,0,0,0,True,False,-0.009905181171689814
2025-04-11,True,375,2865862.0,0,0,0,True,False,0.006442105263158027
2025-04-15,True,375,3690291.0,0,0,0,True,False,0.025409836065573677
2025-04-16,True,375,1092700.0,0,0,0,True,False,-0.004436915133914199
2025-04-17,True,375,1445454.0,0,0,0,True,False,0.0019389238972371547
2025-04-21,True,375,1219638.0,0,0,0,True,False,-0.0018077497445571078
2025-04-22,True,375,1824195.0,0,0,0,True,False,0.0035510267098963766
2025-04-23,True,375,1123235.0,0,0,0,True,False,0.006050263729444616
2025-04-24,True,375,935230.0,0,0,0,True,False,-0.004544404220904186
2025-04-25,True,375,3757873.0,0,0,0,True,False,0.00015345661014354306
2025-04-28,True,375,6586556.0,0,0,0,True,False,0.030056114997309535
2025-04-29,True,375,6266301.0,0,0,0,True,False,0.0032196692521586634
2025-04-30,True,375,2830487.0,0,0,0,True,False,0.00221602687826139
2025-05-02,True,375,2980336.0,0,0,0,True,False,0.01383810138381003
2025-05-05,True,375,2588054.0,0,0,0,True,False,0.0059753954305798995
2025-05-06,True,375,2694425.0,0,0,0,True,False,0.0006993006993007977
2025-05-07,True,375,2436310.0,0,0,0,True,False,0.0020451339915374955
2025-05-08,True,375,1664652.0,0,0,0,True,False,-0.0012803186570881087
2025-05-09,False,750,,750,0,0,False,False,-0.0089413447782547
2025-05-12,True,375,1811220.0,0,0,0,True,False,0.014860456687205481
2025-05-13,True,375,1619020.0,0,0,0,True,False,-0.002088409328228291
2025-05-14,True,375,862418.0,0,0,0,True,False,0.0026832368309559484
2025-05-15,False,750,,750,0,0,False,False,-0.00028062298302233835
2025-05-16,False,750,,750,0,0,False,False,0.00013764624913981116
2025-05-19,True,375,686655.0,0,0,0,True,False,-0.0016500515641114655
2025-05-20,True,375,1068058.0,0,0,0,True,False,-0.002773540424351739
2025-05-21,True,375,782602.0,0,0,0,True,False,-0.0004212004212003073
2025-05-22,True,375,1418233.0,0,0,0,True,False,-0.004901274331326144
2025-05-23,True,375,1155203.0,0,0,0,True,False,-0.0034714842366277976
2025-05-26,True,375,791204.0,0,0,0,True,False,0.004207573632538653
2025-05-27,True,375,1629444.0,0,0,0,True,False,-0.006824987812521943
2025-05-28,True,375,1102295.0,0,0,0,True,False,-0.002878809156017459
2025-05-29,True,375,1267450.0,0,0,0,True,False,-0.00028318584070807784
2025-05-30,False,750,,750,0,0,False,False,-0.0002820078962211259
2025-06-02,True,375,1761020.0,0,0,0,True,False,-0.003809523809523818
2025-06-03,True,375,1469209.0,0,0,0,True,False,0.006866770494124319
2025-06-04,True,375,917306.0,0,0,0,True,False,0.006617333143589033
2025-06-05,True,375,2395400.0,0,0,0,True,False,0.0049261083743843415
2025-06-06,True,375,1200782.0,0,0,0,True,False,-0.0011783461565121334
2025-06-09,True,375,1398100.0,0,0,0,True,False,0.00970200970200974
2025-06-10,True,375,756608.0,0,0,0,True,False,0.001934770591486945
2025-06-11,True,375,2465101.0,0,0,0,True,False,0.005913866277047264
2025-06-12,True,375,722768.0,0,0,0,True,False,0.003798342541436517
2025-06-13,False,750,,750,0,0,False,False,-0.010767627648489042
2025-06-16,True,375,756211.0,0,0,0,True,False,-0.0004203152364272711
2025-06-17,True,375,1168319.0,0,0,0,True,False,0.007724963463010548
2025-06-18,True,375,856885.0,0,0,0,True,False,0.0
2025-06-19,True,375,605987.0,0,0,0,True,False,0.00020981955518251105
2025-06-20,True,375,577439.0,0,0,0,True,False,0.0021008403361344463
2025-06-23,True,375,1273279.0,0,0,0,True,False,-0.007581449354552183
2025-06-24,True,375,1437262.0,0,0,0,True,False,0.006181318681318659
2025-06-25,True,375,1160162.0,0,0,0,True,False,0.0049423393739704835
2025-06-26,True,375,1401120.0,0,0,0,True,False,0.0010220768601798547
2025-06-27,True,375,1625058.0,0,0,0,True,False,0.0023397285914834587
2025-06-30,True,375,1740829.0,0,0,0,True,False,-0.00013210039630118242
2025-07-01,True,375,1148974.0,0,0,0,True,False,0.0004666977798519767
2025-07-02,True,375,912116.0,0,0,0,True,False,0.0010479434110559627
2025-07-03,True,375,984247.0,0,0,0,True,False,0.002438863621383014
2025-07-04,False,750,,750,0,0,False,False,0.005940594059405946
2025-07-07,True,375,923580.0,0,0,0,True,False,-0.0009816111511026238
2025-07-08,True,375,759477.0,0,0,0,True,False,-0.0029211295034079487
2025-07-09,True,375,624549.0,0,0,0,True,False,-0.0014944769330733632
2025-07-10,True,375,1005728.0,0,0,0,True,False,-0.0005261427162117638
2025-07-11,True,375,627461.0,0,0,0,True,False,-0.002111932418162654
2025-07-14,True,375,757157.0,0,0,0,True,False,-0.001872909698996672
2025-07-15,True,375,548720.0,0,0,0,True,False,-0.00013455328310019166
2025-07-16,True,375,1614250.0,0,0,0,True,False,-0.010413167618407826
2025-07-17,True,375,696431.0,0,0,0,True,False,0.0008074283407348837
2025-07-18,True,375,919830.0,0,0,0,True,False,0.004125245147764911
2025-07-21,True,375,3718310.0,0,0,0,True,False,-0.007452574525745215
2025-07-22,True,375,3261672.0,0,0,0,True,False,-0.0007000840100812589
2025-07-23,True,375,1710900.0,0,0,0,True,False,0.008629226198896722
2025-07-24,True,375,1738858.0,0,0,0,True,False,-0.004140060346642271
2025-07-25,True,375,2654001.0,0,0,0,True,False,-0.0027801539777586592
2025-07-28,True,375,1286508.0,0,0,0,True,False,0.0009345794392523477
2025-07-29,True,375,1699404.0,0,0,0,True,False,-7.209285559794942e-05
2025-07-30,True,375,904283.0,0,0,0,True,False,0.0010588733587462151
2025-07-31,True,375,2405166.0,0,0,0,True,False,-0.01622962437987252
2025-08-01,True,375,1271303.0,0,0,0,True,False,-0.0022302158273380668
2025-08-04,True,375,805991.0,0,0,0,True,False,0.0007173086579155274
2025-08-05,True,375,1093008.0,0,0,0,True,False,0.0005672954190893975
2025-08-06,True,375,817828.0,0,0,0,True,False,0.0013669064748202953
2025-08-07,True,375,644790.0,0,0,0,True,False,-0.0037332184650729072
2025-08-08,False,750,,750,0,0,False,False,-0.004313443565780006
2025-08-11,True,375,950343.0,0,0,0,True,False,0.002634660421545698
2025-08-12,True,375,1065119.0,0,0,0,True,False,-0.00202209864952696
2025-08-13,True,375,902852.0,0,0,0,True,False,0.005068790731354023
2025-08-14,True,375,528315.0,0,0,0,True,False,-0.004841040462427726
2025-08-18,True,375,1899455.0,0,0,0,True,False,0.01245538640833277
2025-08-19,True,375,3217158.0,0,0,0,True,False,0.005134138404801369
2025-08-20,True,375,988675.0,0,0,0,True,False,-0.005629838142153454
2025-08-21,True,375,2112461.0,0,0,0,True,False,0.009206798866855603
2025-08-22,True,375,858583.0,0,0,0,True,False,-0.003159003159003193
2025-08-25,True,375,833304.0,0,0,0,True,False,0.0033333333333334103
2025-08-26,True,375,923921.0,0,0,0,True,False,-0.0040319728372356645
2025-08-28,True,375,2242944.0,0,0,0,True,False,0.004408151466975152
2025-08-29,True,375,2516413.0,0,0,0,True,False,-0.007045797684952282
2025-09-01,True,375,2223615.0,0,0,0,True,False,0.0007380073800737907
2025-09-02,True,375,2499117.0,0,0,0,True,False,-0.00014760147601478035
2025-09-03,True,375,1277920.0,0,0,0,True,False,0.00160877513711144
2025-09-04,True,375,2323302.0,0,0,0,True,False,-0.00014577259475223592
2025-09-05,True,375,672281.0,0,0,0,True,False,0.0028695460231036307
2025-09-08,True,375,1143488.0,0,0,0,True,False,0.0029069767441860517
2025-09-09,True,375,886293.0,0,0,0,True,False,-0.0016679962288782546
2025-09-10,True,375,1451687.0,0,0,0,True,False,0.005083884087442758
2025-09-11,True,375,889170.0,0,0,0,True,False,-0.0011614401858303092
2025-09-12,True,375,1101274.0,0,0,0,True,False,0.0008682439765574923
2025-09-15,True,375,656399.0,0,0,0,True,False,-0.0014336917562723928
2025-09-16,True,375,1043906.0,0,0,0,True,False,0.003859072393339602
2025-09-17,True,375,993744.0,0,0,0,True,False,0.0007824169571093442
2025-09-18,True,375,1318850.0,0,0,0,True,False,0.005237084217976085
2025-09-19,False,750,,750,0,0,False,False,-7.067137809180224e-05
2025-09-22,True,375,808188.0,0,0,0,True,False,-0.0026285876669507324
2025-09-23,True,375,1402984.0,0,0,0,True,False,7.189589474432267e-05
2025-09-24,True,375,609515.0,0,0,0,True,False,-0.003381294964028836
2025-09-25,True,375,730839.0,0,0,0,True,False,0.00014481210629213592
2025-09-26,True,375,856391.0,0,0,0,True,False,-0.0020366598778003286
2025-09-29,True,375,662058.0,0,0,0,True,False,0.001885424220449572
2025-09-30,True,375,1210364.0,0,0,0,True,False,0.0007994186046511587
2025-10-01,True,375,1431195.0,0,0,0,True,False,0.0021994134897360684
2025-10-03,True,375,1566354.0,0,0,0,True,False,-0.004963503649635048
2025-10-06,True,375,3082334.0,0,0,0,True,False,-0.0024937655860349794
2025-10-07,True,375,794579.0,0,0,0,True,False,0.0008000581860498901
2025-10-08,True,375,721304.0,0,0,0,True,False,0.00021668472372704528
2025-10-09,True,375,958232.0,0,0,0,True,False,0.002340378848826097
2025-10-10,True,375,576344.0,0,0,0,True,False,0.0009444242644387479
2025-10-13,True,375,535150.0,0,0,0,True,False,-0.002752227131165297
2025-10-14,True,375,1044904.0,0,0,0,True,False,0.0029069767441860517
2025-10-15,True,375,1050528.0,0,0,0,True,False,0.005891337551821918
2025-10-16,True,375,926633.0,0,0,0,True,False,0.00036374217954304733
2025-10-17,False,750,,750,0,0,False,False,0.001787629603146268
2025-10-20,True,375,7472334.0,0,0,0,True,False,0.014727644281586905
2025-10-21,False,61,,0,0,0,False,False,0.0
2025-10-23,True,375,2808066.0,0,0,0,True,False,0.009858962070382171
2025-10-24,False,750,,750,0,0,False,False,0.0020732550103663705
2025-10-27,True,375,1779274.0,0,0,0,True,False,0.008200675349734787
2025-10-28,True,375,2126160.0,0,0,0,True,False,0.0007417397167901463
2025-10-29,True,375,1307419.0,0,0,0,True,False,0.00020138282875747926
2025-10-30,True,375,616808.0,0,0,0,True,False,-0.0026595744680850686
2025-10-31,True,375,703736.0,0,0,0,True,False,0.00046989326710078494
2025-11-03,True,375,758395.0,0,0,0,True,False,-0.0006724949562878502
2025-11-04,True,375,745155.0,0,0,0,True,False,-0.002286021649969605
2025-11-06,True,375,2201011.0,0,0,0,True,False,0.008768948405954768
2025-11-07,True,375,886261.0,0,0,0,True,False,-0.00013379716350014892
2025-11-08,False,91,,0,1,0,False,False,-0.02060114826072268
2025-11-10,True,375,696767.0,0,0,0,True,False,0.11599759434671464
2025-11-11,True,375,602929.0,0,0,0,True,False,0.004900315499765107
2025-11-12,True,375,1562674.0,0,0,0,True,False,0.007497656982193179
2025-11-13,True,375,633368.0,0,0,0,True,False,0.0021166821008069547
2025-11-14,True,375,573546.0,0,0,0,True,False,-0.004364790688446418
2025-11-17,True,375,448146.0,0,0,0,True,False,0.0017784218153076292
2025-11-18,True,375,960167.0,0,0,0,True,False,0.002437417654808982
2025-11-19,True,375,435793.0,0,0,0,True,False,-0.0017105263157893846
2025-11-20,True,375,2325100.0,0,0,0,True,False,0.0072416063199474134
2025-11-21,True,375,1891866.0,0,0,0,True,False,-0.005485640529202973
2025-11-24,True,375,932277.0,0,0,0,True,False,0.0040811038414199086
2025-11-25,True,375,2190736.0,0,0,0,True,False,0.0006515082415792239
2025-11-26,True,375,1073984.0,0,0,0,True,False,0.0010384889985071144
2025-11-27,True,375,1436211.0,0,0,0,True,False,0.0034403669724771824
2025-11-28,True,375,1437942.0,0,0,0,True,False,0.002044989775051187
2025-12-01,True,375,831277.0,0,0,0,True,False,0.003824091778202643
2025-12-02,True,375,1313237.0,0,0,0,True,False,-0.0034471752314076953
2025-12-03,True,375,623501.0,0,0,0,True,False,-0.002002195956855801
2025-12-04,True,375,1093849.0,0,0,0,True,False,-0.0020141641218893724
2025-12-05,False,750,,750,0,0,False,False,0.002949079231928664
2025-12-08,True,375,598270.0,0,0,0,True,False,-0.003496050757477609
2025-12-09,True,375,1623840.0,0,0,0,True,False,0.0002597571270861465
2025-12-10,True,375,904596.0,0,0,0,True,False,0.0010441138084049673
2025-12-11,True,375,572816.0,0,0,0,True,False,0.0022171503097490053
2025-12-12,True,375,479778.0,0,0,0,True,False,0.005055087491898869
2025-12-15,True,375,765367.0,0,0,0,True,False,-0.0019944669626197342
2025-12-16,True,375,826719.0,0,0,0,True,False,-0.007069408740359884
2025-12-17,True,375,559227.0,0,0,0,True,False,0.0061015188887447724
2025-12-18,True,375,715678.0,0,0,0,True,False,-0.006407352274933609
2025-12-19,True,375,1913812.0,0,0,0,True,False,0.007061872367994937
2025-12-22,True,375,1059747.0,0,0,0,True,False,0.005495558821649871
2025-12-23,True,375,352858.0,0,0,0,True,False,0.002473050095117335
2025-12-24,True,375,370280.0,0,0,0,True,False,0.002358189929891674
2025-12-26,True,375,292919.0,0,0,0,True,False,-0.003972067397014611
2025-12-29,True,375,392391.0,0,0,0,True,False,-0.00365244136870424
2025-12-30,True,375,1003618.0,0,0,0,True,False,0.00019396133704008278
2025-12-31,True,375,195373.0,0,0,0,True,False,0.0
