session,valid,minute_count,opening_volume,duplicate_timestamps,malformed_rows,outside_session_rows,complete_minute_grid,corporate_action_suspect,overnight_gap_pct
2018-01-01,True,375,1118430.0,0,0,0,True,False,
2018-01-02,True,375,4371140.0,0,0,0,True,False,0.007170795306388422
2018-01-03,True,375,1752587.0,0,0,0,True,False,0.0075907590759076715
2018-01-04,True,375,1158276.0,0,0,0,True,False,0.0056142668428005305
2018-01-05,False,375,2612954.0,0,1,0,True,False,0.007115135834411257
2018-01-08,False,375,1343150.0,0,1,0,True,False,-0.0003254149040027299
2018-01-09,True,375,1911110.0,0,0,0,True,False,0.004737787943146499
2018-01-10,True,375,1751743.0,0,0,0,True,False,0.0024679170779862147
2018-01-11,True,375,2031307.0,0,0,0,True,False,-0.0004982561036374067
2018-01-12,False,375,1665662.0,0,1,0,True,False,0.008274036074797264
2018-01-15,False,375,1952781.0,0,1,0,True,False,0.0044613350958360165
2018-01-16,True,375,1647369.0,0,0,0,True,False,0.0004962779156327812
2018-01-17,True,375,2834250.0,0,0,0,True,False,-0.004037685060565233
2018-01-18,False,375,12030967.0,0,1,0,True,False,0.022727272727272707
2018-01-19,True,375,1871137.0,0,0,0,True,False,-0.003279226102639754
2018-01-22,True,375,1366978.0,0,0,0,True,False,-0.0012955465587043413
2018-01-23,True,375,3396240.0,0,0,0,True,False,0.0006531678641410466
2018-01-24,True,375,5107544.0,0,0,0,True,False,-0.00391910957830377
2018-01-25,False,375,8996153.0,0,1,0,True,False,0.00818057870019695
2018-01-29,False,375,3848932.0,0,1,0,True,False,0.0036858974358973118
2018-01-30,False,375,4347353.0,0,1,0,True,False,-0.0030351437699680517
2018-01-31,False,375,2024372.0,0,1,0,True,False,-0.001435635667570545
2018-02-01,True,375,1848425.0,0,0,0,True,False,0.007310870947234482
2018-02-02,False,375,4572033.0,0,1,0,True,False,-0.008348338516942277
2018-02-05,True,375,2736955.0,0,0,0,True,False,-0.010649087221095477
2018-02-06,True,375,4755873.0,0,0,0,True,False,-0.04761904761904767
2018-02-07,True,375,3162303.0,0,0,0,True,False,0.0064472344757382505
2018-02-08,False,294,2068150.0,0,0,0,False,False,0.002738788086271704
2018-02-09,False,375,2408974.0,0,1,0,True,False,-0.017369727047146455
2018-02-12,True,375,13777380.0,0,0,0,True,False,-0.0250295958058514
2018-02-14,False,375,6883464.0,0,1,0,True,False,-0.0044827586206896974
2018-02-15,True,375,5341667.0,0,0,0,True,False,-0.002540834845734974
2018-02-16,True,375,3030468.0,0,0,0,True,False,0.003039513677811634
2018-02-19,True,375,2733213.0,0,0,0,True,False,0.0011061946902655162
2018-02-20,True,375,4720146.0,0,0,0,True,False,-0.0014847809948032031
2018-02-21,True,375,2594315.0,0,0,0,True,False,0.010018552875695752
2018-02-22,False,375,2301985.0,0,1,0,True,False,-0.01079202487653208
2018-02-23,True,375,2039924.0,0,0,0,True,False,0.003486238532109942
2018-02-26,False,375,2202256.0,0,1,0,True,False,0.013574660633484115
2018-02-27,True,375,2639608.0,0,0,0,True,False,-0.004739336492891044
2018-02-28,False,375,2719715.0,0,1,0,True,False,-0.013624486748786802
2018-03-01,True,375,2581905.0,0,0,0,True,False,-0.00615786527337181
2018-03-05,False,375,2891662.0,0,1,0,True,False,-0.006484836925424342
2018-03-06,True,375,2261070.0,0,0,0,True,False,0.010260307809234481
2018-03-07,True,375,3905626.0,0,0,0,True,False,-0.0011748580379870033
2018-03-08,False,375,3380537.0,0,1,0,True,False,0.0016220600162206722
2018-03-09,True,375,4045921.0,0,0,0,True,False,0.0009737098344693162
2018-03-12,True,375,3614720.0,0,0,0,True,False,0.0003937007874015297
2018-03-13,True,375,5458841.0,0,0,0,True,False,-0.008873989351212752
2018-03-14,False,375,3848714.0,0,1,0,True,False,-0.006296733569460811
2018-03-15,True,375,2669031.0,0,0,0,True,False,-0.003103180760279378
2018-03-16,False,375,2410968.0,0,1,0,True,False,-0.010657193605683846
2018-03-19,False,375,2006181.0,0,1,0,True,False,0.000791452314998109
2018-03-20,True,375,2851066.0,0,0,0,True,False,-0.0048406615570795175
2018-03-21,True,375,3036982.0,0,0,0,True,False,0.006999999999999895
2018-03-22,False,357,3443538.0,0,0,0,False,False,-0.0018185492018588656
2018-03-23,True,375,3803371.0,0,0,0,True,False,-0.017805383022774346
2018-03-26,True,375,2663748.0,0,0,0,True,False,0.0006395224898740892
2018-03-27,True,375,5697842.0,0,0,0,True,False,0.017394822006472577
2018-03-28,True,375,2536688.0,0,0,0,True,False,-0.0055248618784530246
2018-04-02,True,375,3012681.0,0,0,0,True,False,0.01043338683788142
2018-04-03,True,375,4348413.0,0,0,0,True,False,0.015049827130364068
2018-04-04,True,375,1831380.0,0,0,0,True,False,0.003388479170819192
2018-04-05,False,375,1893020.0,0,1,0,True,False,0.023915687069314906
2018-04-06,False,375,3438197.0,0,1,0,True,False,-0.004409509202454087
2018-04-09,True,375,2658371.0,0,0,0,True,False,0.007148377125193006
2018-04-10,True,375,1973140.0,0,0,0,True,False,0.004810467577448518
2018-04-11,False,375,2469639.0,0,1,0,True,False,-0.0005700171005129651
2018-04-12,True,375,2613381.0,0,0,0,True,False,0.00038850038850046786
2018-04-13,True,375,2403059.0,0,0,0,True,False,0.0003938558487592836
2018-04-16,True,375,3679184.0,0,0,0,True,False,-0.005781499202551887
2018-04-17,False,373,1482476.0,0,0,0,False,False,0.009638554216867545
2018-04-18,False,376,1755018.0,0,0,1,False,False,0.0052377115229653715
2018-04-19,True,375,1710770.0,0,0,0,True,False,0.0004048582995950234
2018-04-20,True,375,1980444.0,0,0,0,True,False,-0.0034454803404945222
2018-04-23,True,375,1753505.0,0,0,0,True,False,0.00020673971469920005
2018-04-24,True,375,1327005.0,0,0,0,True,False,-0.0016501650165017256
2018-04-25,True,375,1356660.0,0,0,0,True,False,-0.004154549231408344
2018-04-26,True,375,1302427.0,0,0,0,True,False,0.0037894736842105647
2018-04-27,True,375,3806509.0,0,0,0,True,False,0.0
2018-04-30,True,375,4153463.0,0,0,0,True,False,0.00657894736842124
2018-05-02,True,375,1506564.0,0,0,0,True,False,-0.0006096321885795675
2018-05-03,True,375,2850220.0,0,0,0,True,False,-0.0010364842454394507
2018-05-04,True,375,1484100.0,0,0,0,True,False,0.007447248655357841
2018-05-07,True,375,1524017.0,0,0,0,True,False,0.002895553257497463
2018-05-08,True,375,1746005.0,0,0,0,True,False,0.003642250101173694
2018-05-09,True,375,1642527.0,0,0,0,True,False,-0.0019976028765481546
2018-05-10,True,375,1625802.0,0,0,0,True,False,0.0006045949214026347
2018-05-11,True,375,1434085.0,0,0,0,True,False,0.0022262699858328627
2018-05-14,True,375,2070444.0,0,0,0,True,False,-0.003389154704944275
2018-05-15,True,375,2713631.0,0,0,0,True,False,0.0025757875965921606
2018-05-16,True,375,2481227.0,0,0,0,True,False,-0.00425877104035699
2018-05-17,True,375,1545372.0,0,0,0,True,False,0.004938271604938205
2018-05-18,True,375,1473361.0,0,0,0,True,False,0.0018552875695732052
2018-05-21,True,375,3548050.0,0,0,0,True,False,0.016485809682804664
2018-05-22,True,375,3137712.0,0,0,0,True,False,-0.003476482617586929
2018-05-23,True,375,24536522.0,0,0,0,True,False,-0.005079117015041934
2018-05-24,True,375,4562039.0,0,0,0,True,False,0.0015183146707156148
2018-05-25,True,375,2743733.0,0,0,0,True,False,-0.0037202380952381375
2018-05-28,True,375,3698477.0,0,0,0,True,False,0.002061083005433506
2018-05-29,True,375,1693721.0,0,0,0,True,False,-0.004416635995583285
2018-05-30,True,375,2337240.0,0,0,0,True,False,-0.011947657879764706
2018-05-31,True,375,2153424.0,0,0,0,True,False,-0.00037460198539041034
2018-06-01,True,375,1811788.0,0,0,0,True,False,-0.002777777777777768
2018-06-04,True,375,1956148.0,0,0,0,True,False,0.0037453183520599342
2018-06-05,True,375,2333563.0,0,0,0,True,False,-0.008738601823708225
2018-06-06,True,375,1025441.0,0,0,0,True,False,-0.0015186028853454436
2018-06-07,True,375,3001133.0,0,0,0,True,False,0.002033271719038776
2018-06-08,True,375,1737700.0,0,0,0,True,False,-0.0022259321090707385
2018-06-11,True,375,3512194.0,0,0,0,True,False,0.001098901098901095
2018-06-12,True,375,2542537.0,0,0,0,True,False,0.0014619883040933868
2018-06-13,True,375,4647675.0,0,0,0,True,False,0.0
2018-06-14,True,375,2688370.0,0,0,0,True,False,-0.0033043478260869064
2018-06-15,True,375,1683946.0,0,0,0,True,False,0.0
2018-06-18,True,375,2001296.0,0,0,0,True,False,0.0005398596364944996
2018-06-19,True,375,2204432.0,0,0,0,True,False,-0.002169197396963196
2018-06-20,True,375,2275804.0,0,0,0,True,False,0.0025688073394494193
2018-06-21,True,375,1532019.0,0,0,0,True,False,0.0056734992679357
2018-06-22,True,375,2138276.0,0,0,0,True,False,0.0014892032762470198
2018-06-25,True,375,1205090.0,0,0,0,True,False,-0.0042124542124540865
2018-06-26,True,375,2914255.0,0,0,0,True,False,-0.004655493482309092
2018-06-27,True,375,2206900.0,0,0,0,True,False,0.0013108614232211213
2018-06-28,True,375,2102226.0,0,0,0,True,False,-0.0024899444550853245
2018-06-29,True,375,2489020.0,0,0,0,True,False,0.0027179188507084895
2018-07-02,True,375,1764313.0,0,0,0,True,False,-0.0009645061728394966
2018-07-03,True,375,1703381.0,0,0,0,True,False,-0.0015384615384614886
2018-07-04,True,375,1404084.0,0,0,0,True,False,-0.008720930232558155
2018-07-05,True,375,1500221.0,0,0,0,True,False,0.0019425019425018952
2018-07-06,True,375,1738163.0,0,0,0,True,False,-0.0019485580670304259
2018-07-09,True,375,1331940.0,0,0,0,True,False,0.006431494835314577
2018-07-10,True,375,1629181.0,0,0,0,True,False,0.009565716472163865
2018-07-11,True,375,1252257.0,0,0,0,True,False,-0.0020896656534954428
2018-07-12,True,375,1832568.0,0,0,0,True,False,0.009071607797722425
2018-07-13,True,375,2421533.0,0,0,0,True,False,0.00019080328181653172
2018-07-16,True,375,1265203.0,0,0,0,True,False,-0.001360015543034887
2018-07-17,True,375,2000753.0,0,0,0,True,False,-0.0017917579135975359
2018-07-18,True,375,2480265.0,0,0,0,True,False,0.004247104247104394
2018-07-19,True,375,1089550.0,0,0,0,True,False,-0.004222648752399305
2018-07-20,True,375,956296.0,0,0,0,True,False,-0.001536688436419631
2018-07-23,True,375,991811.0,0,0,0,True,False,-0.0026646364674532963
2018-07-24,True,375,1380659.0,0,0,0,True,False,0.0022505626406601476
2018-07-25,True,375,1044729.0,0,0,0,True,False,0.005062816426026684
2018-07-26,True,375,5696372.0,0,0,0,True,False,0.013819789939192972
2018-07-27,True,375,3302050.0,0,0,0,True,False,0.0013836042891732792
2018-07-30,True,375,13270374.0,0,0,0,True,False,0.009071877180739651
2018-07-31,True,375,3869211.0,0,0,0,True,False,0.001686340640809414
2018-08-01,True,375,4723823.0,0,0,0,True,False,0.0027238678924073056
2018-08-02,True,375,1968648.0,0,0,0,True,False,-0.004417261297995245
2018-08-03,True,375,2078027.0,0,0,0,True,False,0.0020408163265306367
2018-08-06,True,375,5413667.0,0,0,0,True,False,0.0026684456304202353
2018-08-07,True,375,3620283.0,0,0,0,True,False,0.0030754289414052227
2018-08-08,True,375,1960959.0,0,0,0,True,False,0.000493583415597243
2018-08-09,True,375,5909309.0,0,0,0,True,False,0.009841884478864138
2018-08-10,True,375,5871050.0,0,0,0,True,False,0.0
2018-08-13,True,375,12981132.0,0,0,0,True,False,-0.022457067371202122
2018-08-14,True,375,3503313.0,0,0,0,True,False,0.0
2018-08-16,True,375,3253750.0,0,0,0,True,False,-0.005084745762711895
2018-08-17,True,375,1987304.0,0,0,0,True,False,0.006825938566553003
2018-08-20,True,375,3184440.0,0,0,0,True,False,0.006287227001985585
2018-08-21,True,375,2482595.0,0,0,0,True,False,0.002927781392322748
2018-08-23,True,375,2559762.0,0,0,0,True,False,-0.0006511476477291112
2018-08-24,True,375,3469316.0,0,0,0,True,False,-0.006280991735537089
2018-08-27,True,375,3274746.0,0,0,0,True,False,0.011647254575707144
2018-08-28,True,375,3570740.0,0,0,0,True,False,0.003583645544877001
2018-08-29,True,375,3478828.0,0,0,0,True,False,0.004255319148936287
2018-08-30,True,375,1851656.0,0,0,0,True,False,-0.0016139444803098257
2018-08-31,True,375,2194319.0,0,0,0,True,False,-0.0046872474543399045
2018-09-03,True,375,2060059.0,0,0,0,True,False,0.007089912987431557
2018-09-04,True,375,4725056.0,0,0,0,True,False,0.0037624734173073993
2018-09-05,True,375,3059114.0,0,0,0,True,False,0.0008438818565401629
2018-09-06,True,375,2884394.0,0,0,0,True,False,0.0037049511620075304
2018-09-07,True,375,3166282.0,0,0,0,True,False,0.002710945442222723
2018-09-10,True,375,4176935.0,0,0,0,True,False,-0.0015458605290279426
2018-09-11,True,375,3151016.0,0,0,0,True,False,0.008953651685393194
2018-09-12,True,375,3709407.0,0,0,0,True,False,0.007092198581560183
2018-09-14,True,375,3031425.0,0,0,0,True,False,0.014867937729578395
2018-09-17,True,375,2486877.0,0,0,0,True,False,-0.007397213142955383
2018-09-18,True,375,4165180.0,0,0,0,True,False,-0.0007012622720897754
2018-09-19,True,375,4892558.0,0,0,0,True,False,0.0065789473684207955
2018-09-21,True,375,2446202.0,0,0,0,True,False,0.011248386501936158
2018-09-24,True,375,2083491.0,0,0,0,True,False,0.008319467554076532
2018-09-25,True,375,2812116.0,0,0,0,True,False,0.0024681982153027526
2018-09-26,True,375,2763384.0,0,0,0,True,False,0.005504587155963359
2018-09-27,True,375,4343968.0,0,0,0,True,False,0.005703422053231932
2018-09-28,True,375,3772616.0,0,0,0,True,False,0.003389830508474523
2018-10-01,True,375,2779071.0,0,0,0,True,False,0.0005652911249292014
2018-10-03,True,375,1732368.0,0,0,0,True,False,-0.0027362276541408326
2018-10-04,True,375,2483853.0,0,0,0,True,False,-0.013075506445672236
2018-10-05,True,375,3917146.0,0,0,0,True,False,0.004075583549462802
2018-10-08,True,375,3087161.0,0,0,0,True,False,0.00600309837335411
2018-10-09,True,375,1539922.0,0,0,0,True,False,0.007518796992481258
2018-10-10,True,375,3818465.0,0,0,0,True,False,-0.004376784015223456
2018-10-11,True,375,6999357.0,0,0,0,True,False,-0.03423423423423422
2018-10-12,True,375,4717109.0,0,0,0,True,False,0.016431027894535877
2018-10-15,True,375,2022544.0,0,0,0,True,False,0.0034155597722960174
2018-10-16,True,375,3469997.0,0,0,0,True,False,0.005510165304959402
2018-10-17,True,375,2661877.0,0,0,0,True,False,0.01295097132284928
2018-10-19,True,375,5155172.0,0,0,0,True,False,-0.005552364541451249
2018-10-22,True,375,3092643.0,0,0,0,True,False,0.01857170208692338
2018-10-23,True,375,3305183.0,0,0,0,True,False,-0.007692307692307665
2018-10-24,True,375,6091223.0,0,0,0,True,False,0.016998827667057403
2018-10-25,True,375,3828126.0,0,0,0,True,False,-0.0054708870652598884
2018-10-26,True,375,3091220.0,0,0,0,True,False,0.004584412995814358
2018-10-29,True,375,3645141.0,0,0,0,True,False,0.008064516129032251
2018-10-30,True,375,5261511.0,0,0,0,True,False,0.0
2018-10-31,True,375,3378305.0,0,0,0,True,False,0.004016064257028162
2018-11-01,True,375,5575787.0,0,0,0,True,False,0.00801424755120217
2018-11-02,True,375,6362675.0,0,0,0,True,False,0.0078767722737616
2018-11-05,True,375,4797447.0,0,0,0,True,False,0.003151812292067957
2018-11-06,True,375,9584658.0,0,0,0,True,False,0.00033783783783780663
2018-11-07,False,60,,0,0,60,False,False,0.012795793163891345
2018-11-09,True,375,3804946.0,0,0,0,True,False,0.0
2018-11-12,True,375,3854908.0,0,0,0,True,False,0.0021193924408335896
2018-11-13,True,375,2777636.0,0,0,0,True,False,-0.003066931264657957
2018-11-14,True,375,9754000.0,0,0,0,True,False,0.0035790980672869566
2018-11-15,True,375,2685210.0,0,0,0,True,False,0.002826355767532318
2018-11-16,True,375,2369869.0,0,0,0,True,False,0.001927457508323016
2018-11-19,True,375,2324674.0,0,0,0,True,False,0.006688389641570813
2018-11-20,True,375,2049920.0,0,0,0,True,False,-0.007291666666666696
2018-11-21,True,375,1622063.0,0,0,0,True,False,0.0030077848549185937
2018-11-22,True,375,2008443.0,0,0,0,True,False,-0.0024420024420024333
2018-11-26,True,375,2220286.0,0,0,0,True,False,0.005485754733675519
2018-11-27,True,375,2490524.0,0,0,0,True,False,-0.007151578580149809
2018-11-28,True,375,2759376.0,0,0,0,True,False,0.0013840830449827202
2018-11-29,True,375,2816983.0,0,0,0,True,False,0.018661971830985946
2018-11-30,True,375,2349075.0,0,0,0,True,False,0.002777777777777768
2018-12-03,True,375,2529682.0,0,0,0,True,False,0.009329343425453107
2018-12-04,True,375,2053466.0,0,0,0,True,False,0.002262443438914019
2018-12-05,True,375,1734423.0,0,0,0,True,False,-0.0005307855626328628
2018-12-06,True,375,1399313.0,0,0,0,True,False,-0.008559201141226769
2018-12-07,True,375,1509531.0,0,0,0,True,False,0.005079825834542806
2018-12-10,True,375,1275119.0,0,0,0,True,False,-0.018115942028985477
2018-12-11,True,375,4803184.0,0,0,0,True,False,-0.021869874248223065
2018-12-12,True,375,3045307.0,0,0,0,True,False,0.00709849157054121
2018-12-13,True,375,5388068.0,0,0,0,True,False,0.017186951946685403
2018-12-14,True,375,1795521.0,0,0,0,True,False,-0.0012117015752121096
2018-12-17,True,375,1653639.0,0,0,0,True,False,0.0020782819535851704
2018-12-18,True,375,1965610.0,0,0,0,True,False,-0.008268733850129162
2018-12-19,True,375,2989127.0,0,0,0,True,False,0.002722014290575059
2018-12-20,True,375,2787367.0,0,0,0,True,False,-0.003839732888146874
2018-12-21,True,375,2877394.0,0,0,0,True,False,-0.0011904761904762973
2018-12-24,True,375,1686185.0,0,0,0,True,False,0.005136986301369939
2018-12-26,True,375,1614350.0,0,0,0,True,False,-0.0022146507666097603
2018-12-27,True,375,2199458.0,0,0,0,True,False,0.007128309572301372
2018-12-28,True,375,1218056.0,0,0,0,True,False,0.0020477815699659896
2018-12-31,True,375,1729152.0,0,0,0,True,False,0.009339446425539188
2019-01-01,True,375,969374.0,0,0,0,True,False,0.005747126436781658
2019-01-02,True,375,4318530.0,0,0,0,True,False,-0.005320917858330443
2019-01-03,True,375,2062556.0,0,0,0,True,False,0.003742769649540678
2019-01-04,True,375,1488362.0,0,0,0,True,False,0.0036076275554028925
2019-01-07,True,375,2401373.0,0,0,0,True,False,0.012613521695257424
2019-01-08,True,375,1162894.0,0,0,0,True,False,-0.0025290844714213057
2019-01-09,True,375,4055592.0,0,0,0,True,False,0.0016366612111293755
2019-01-10,True,375,2018107.0,0,0,0,True,False,0.0011484823625924623
2019-01-11,True,375,1570005.0,0,0,0,True,False,-0.0004909180166913218
2019-01-14,True,375,1391651.0,0,0,0,True,False,-0.0021548151831591866
2019-01-15,True,375,1244627.0,0,0,0,True,False,0.005493590810720761
2019-01-16,True,375,1913531.0,0,0,0,True,False,0.004475385380407815
2019-01-17,True,375,1149685.0,0,0,0,True,False,0.003301419610432399
2019-01-18,True,375,1836600.0,0,0,0,True,False,0.004201680672268893
2019-01-21,True,375,1228550.0,0,0,0,True,False,0.002031832035218395
2019-01-22,True,375,1182727.0,0,0,0,True,False,0.0023947998631541623
2019-01-23,True,375,1019291.0,0,0,0,True,False,-0.0018900343642611617
2019-01-24,True,375,1230690.0,0,0,0,True,False,0.0015723270440251014
2019-01-25,True,375,1401173.0,0,0,0,True,False,0.004509191814082492
2019-01-28,True,375,2139888.0,0,0,0,True,False,-0.00017500875043752195
2019-01-29,True,375,1604304.0,0,0,0,True,False,-0.00460503010981228
2019-01-30,True,375,1778472.0,0,0,0,True,False,-0.0008882572392965304
2019-01-31,True,375,3703217.0,0,0,0,True,False,0.008344923504867818
2019-02-01,True,375,3568424.0,0,0,0,True,False,0.00729431721798135
2019-02-04,True,375,3980270.0,0,0,0,True,False,-0.0007077140835104467
2019-02-05,True,375,1946892.0,0,0,0,True,False,-0.00017590149516277798
2019-02-06,True,375,1189154.0,0,0,0,True,False,0.004392129304286785
2019-02-07,True,375,1897485.0,0,0,0,True,False,-0.0001727414061151178
2019-02-08,True,375,1978063.0,0,0,0,True,False,-0.0055710306406684396
2019-02-11,True,375,1518604.0,0,0,0,True,False,-0.0017455053237912521
2019-02-12,True,375,2355803.0,0,0,0,True,False,0.0007131395970760845
2019-02-13,True,375,2397459.0,0,0,0,True,False,0.0050890585241729624
2019-02-14,True,375,2536615.0,0,0,0,True,False,0.003181733108740481
2019-02-15,True,375,4890848.0,0,0,0,True,False,0.005422587883320951
2019-02-18,True,375,1579733.0,0,0,0,True,False,0.005323193916349833
2019-02-19,True,375,1774704.0,0,0,0,True,False,0.005588745423010133
2019-02-20,True,375,2191896.0,0,0,0,True,False,0.007235338918507139
2019-02-21,True,375,3654557.0,0,0,0,True,False,0.008582089552238825
2019-02-22,True,375,1374362.0,0,0,0,True,False,-0.0003731343283582822
2019-02-25,True,375,2589961.0,0,0,0,True,False,0.0018463810930575697
2019-02-26,True,375,2477238.0,0,0,0,True,False,-0.01185185185185178
2019-02-27,True,375,1788423.0,0,0,0,True,False,0.006950967499530503
2019-02-28,True,375,2525903.0,0,0,0,True,False,0.0003736920777277497
2019-03-01,True,375,1984734.0,0,0,0,True,False,0.005201560468140576
2019-03-05,True,375,1595755.0,0,0,0,True,False,-0.004397215097105112
2019-03-06,True,375,3938837.0,0,0,0,True,False,0.004710144927536186
2019-03-07,True,375,2527722.0,0,0,0,True,False,0.004854368932038611
2019-03-08,True,375,3976781.0,0,0,0,True,False,0.00017743080198728833
2019-03-11,True,375,5111117.0,0,0,0,True,False,0.01349911190053299
2019-03-12,True,375,3323755.0,0,0,0,True,False,0.007841087297438598
2019-03-13,True,375,1828261.0,0,0,0,True,False,0.002784545770971203
2019-03-14,True,375,2112270.0,0,0,0,True,False,0.0022120129317677595
2019-03-15,True,375,3796909.0,0,0,0,True,False,0.001711742553919926
2019-03-18,True,375,2283270.0,0,0,0,True,False,0.003693754197447774
2019-03-19,True,375,3603922.0,0,0,0,True,False,0.002839959906448364
2019-03-20,True,375,2115361.0,0,0,0,True,False,0.00016515276630890696
2019-03-22,True,375,3838924.0,0,0,0,True,False,0.0008222331853313669
2019-03-25,True,375,3248056.0,0,0,0,True,False,-0.012594458438287104
2019-03-26,True,375,1994709.0,0,0,0,True,False,0.0027215512842320155
2019-03-27,True,375,4162872.0,0,0,0,True,False,0.000983767830792015
2019-03-28,True,375,3166999.0,0,0,0,True,False,0.006818181818181834
2019-03-29,True,375,7108109.0,0,0,0,True,False,0.005952380952381153
2019-04-01,True,375,3889239.0,0,0,0,True,False,0.003899547652472357
2019-04-02,True,375,4694559.0,0,0,0,True,False,0.0070006222775358395
2019-04-03,True,375,5416101.0,0,0,0,True,False,0.0010585210948133028
2019-04-04,True,375,3089865.0,0,0,0,True,False,0.0026508654295962497
2019-04-05,True,375,2437941.0,0,0,0,True,False,0.004655493482309092
2019-04-08,True,375,2058427.0,0,0,0,True,False,0.0017311929493233347
2019-04-09,True,375,3456909.0,0,0,0,True,False,0.003836930455635379
2019-04-10,True,375,4302791.0,0,0,0,True,False,0.0007946598855690379
2019-04-11,True,375,1868941.0,0,0,0,True,False,0.0016103059581320522
2019-04-12,True,375,1931791.0,0,0,0,True,False,-0.0025364616360176173
2019-04-15,True,375,2146945.0,0,0,0,True,False,0.0031796502384737746
2019-04-16,True,375,1997254.0,0,0,0,True,False,0.0022158911047800434
2019-04-18,True,375,3374542.0,0,0,0,True,False,0.00047520988436566824
2019-04-22,True,375,3127203.0,0,0,0,True,False,-0.003870967741935405
2019-04-23,True,375,1687214.0,0,0,0,True,False,0.0004840271055179812
2019-04-24,True,375,2626506.0,0,0,0,True,False,0.0013095432967753506
2019-04-25,True,375,1692133.0,0,0,0,True,False,0.0008045052292839916
2019-04-26,True,375,1499444.0,0,0,0,True,False,0.0013050570962478414
2019-04-30,True,375,3404560.0,0,0,0,True,False,0.0003206155819173162
2019-05-02,True,375,2546826.0,0,0,0,True,False,-0.010599004335956397
2019-05-03,True,375,1761749.0,0,0,0,True,False,0.003572588502760654
2019-05-06,False,372,1480051.0,0,0,0,False,False,-0.009363900548918225
2019-05-07,True,375,2010472.0,0,0,0,True,False,0.006804925469863887
2019-05-08,True,375,2506649.0,0,0,0,True,False,-0.0034426229508197626
2019-05-09,True,375,1419685.0,0,0,0,True,False,-0.0030150753768843908
2019-05-10,True,375,2288817.0,0,0,0,True,False,0.007007007007007182
2019-05-13,True,375,12716286.0,0,0,0,True,False,0.009771986970684043
2019-05-14,True,375,3143679.0,0,0,0,True,False,0.0008127438231468886
2019-05-15,True,375,5072668.0,0,0,0,True,False,0.0006329113924050667
2019-05-16,True,375,2335628.0,0,0,0,True,False,0.0028883183568677584
2019-05-17,True,375,2764124.0,0,0,0,True,False,-0.0020550110654442566
2019-05-20,True,375,8866185.0,0,0,0,True,False,0.03426791277258556
2019-05-21,True,375,5596113.0,0,0,0,True,False,0.00028918449971082616
2019-05-22,True,375,3535625.0,0,0,0,True,False,0.005787208784686193
2019-05-23,True,375,16089813.0,0,0,0,True,False,0.030957943925233655
2019-05-24,True,375,5397259.0,0,0,0,True,False,0.0074474299065421246
2019-05-27,True,375,7917086.0,0,0,0,True,False,-0.002668539325842656
2019-05-28,True,375,2624562.0,0,0,0,True,False,0.0013871549452073584
2019-05-29,True,375,5273013.0,0,0,0,True,False,-0.006245662734212343
2019-05-30,True,375,3689615.0,0,0,0,True,False,0.00445146467547386
2019-05-31,True,375,4387012.0,0,0,0,True,False,0.0008473379466178432
2019-06-03,True,375,2902847.0,0,0,0,True,False,-0.00042553191489358433
2019-06-04,True,375,3001416.0,0,0,0,True,False,-0.005059021922428353
2019-06-06,True,375,6847887.0,0,0,0,True,False,-0.010770975056689336
2019-06-07,True,375,5068803.0,0,0,0,True,False,0.0020814748736246447
2019-06-10,True,375,3608077.0,0,0,0,True,False,0.011400175387313638
2019-06-11,True,375,2542733.0,0,0,0,True,False,0.0002898970865343742
2019-06-12,True,375,1640184.0,0,0,0,True,False,-0.002443933294997147
2019-06-13,True,375,2297420.0,0,0,0,True,False,-0.00694846554719164
2019-06-14,True,375,1637809.0,0,0,0,True,False,-0.0014450867052022698
2019-06-17,True,375,1590393.0,0,0,0,True,False,0.0014566642388929019
2019-06-18,True,375,4168672.0,0,0,0,True,False,-0.0076900325347530885
2019-06-19,True,375,2446596.0,0,0,0,True,False,0.006748826291079757
2019-06-20,True,375,5098136.0,0,0,0,True,False,0.006196518146946106
2019-06-21,True,375,3953823.0,0,0,0,True,False,-0.0033241797947679563
2019-06-24,True,375,3150498.0,0,0,0,True,False,0.0025780578630765216
2019-06-25,True,375,1831092.0,0,0,0,True,False,-0.0011328235627302563
2019-06-26,True,375,2392078.0,0,0,0,True,False,-0.0030825276726916817
2019-06-27,True,375,3672916.0,0,0,0,True,False,0.003081232492997188
2019-06-28,True,375,1952025.0,0,0,0,True,False,0.0005524861878452025
2019-07-01,True,375,2886340.0,0,0,0,True,False,0.000413621949538312
2019-07-02,True,375,1980071.0,0,0,0,True,False,0.001521017699114946
2019-07-03,True,375,1905623.0,0,0,0,True,False,0.0027453671928621137
2019-07-04,True,375,3742711.0,0,0,0,True,False,0.003004233237744236
2019-07-05,True,375,2168495.0,0,0,0,True,False,0.004622705642420177
2019-07-08,True,375,2757573.0,0,0,0,True,False,-0.0047329276538201626
2019-07-09,True,375,3359072.0,0,0,0,True,False,-0.0066039061402276555
2019-07-10,True,375,2163311.0,0,0,0,True,False,0.0020844913841022716
2019-07-11,True,375,3604339.0,0,0,0,True,False,0.010713278827177986
2019-07-12,True,375,1807721.0,0,0,0,True,False,0.0
2019-07-15,True,375,1501109.0,0,0,0,True,False,0.0022020368841177973
2019-07-16,True,375,2367026.0,0,0,0,True,False,-0.004857737682165131
2019-07-17,True,375,1814498.0,0,0,0,True,False,0.0002747630168979942
2019-07-18,True,375,3156336.0,0,0,0,True,False,-0.002815013404825817
2019-07-19,True,375,4023424.0,0,0,0,True,False,0.0027464982147762385
2019-07-22,True,375,2047135.0,0,0,0,True,False,-0.003638399104394119
2019-07-23,True,375,3632978.0,0,0,0,True,False,0.0002848191398461264
2019-07-24,True,375,3127469.0,0,0,0,True,False,-0.0007307804735458001
2019-07-25,True,375,2781942.0,0,0,0,True,False,0.004704498676859625
2019-07-26,True,375,2648561.0,0,0,0,True,False,-0.0019036462146726496
2019-07-29,True,375,1811518.0,0,0,0,True,False,0.0033547257876311853
2019-07-30,True,375,1771058.0,0,0,0,True,False,0.0032041945819980544
2019-07-31,True,375,5328599.0,0,0,0,True,False,-0.005810397553516755
2019-08-01,True,375,1351092.0,0,0,0,True,False,-0.004963152353737343
2019-08-02,True,375,4460302.0,0,0,0,True,False,-0.003001579778830976
2019-08-05,True,375,10643158.0,0,0,0,True,False,-0.0306917830464436
2019-08-06,True,375,4406037.0,0,0,0,True,False,-0.0036678892964320253
2019-08-07,True,375,2445497.0,0,0,0,True,False,0.0036508463325588547
2019-08-08,True,375,5998318.0,0,0,0,True,False,0.0032866286109669574
2019-08-09,True,375,3043504.0,0,0,0,True,False,0.002707275803722542
2019-08-13,True,375,3483257.0,0,0,0,True,False,-0.00325509679629965
2019-08-14,True,375,1987505.0,0,0,0,True,False,0.007243816254417057
2019-08-16,True,375,2503809.0,0,0,0,True,False,-0.003633217993079585
2019-08-19,True,375,2452150.0,0,0,0,True,False,0.005856011023079644
2019-08-20,True,375,2666504.0,0,0,0,True,False,0.002617344268015964
2019-08-21,True,375,3572058.0,0,0,0,True,False,0.006167400881057272
2019-08-22,True,375,2955028.0,0,0,0,True,False,0.006146059291395556
2019-08-23,True,375,5243165.0,0,0,0,True,False,-0.0033582089552237626
2019-08-26,True,375,12197472.0,0,0,0,True,False,0.061359867330016415
2019-08-27,True,375,9924542.0,0,0,0,True,False,0.014648088603072651
2019-08-28,True,375,2965193.0,0,0,0,True,False,0.002623294858342007
2019-08-29,True,375,2868725.0,0,0,0,True,False,-0.007708479327259932
2019-08-30,True,375,3985106.0,0,0,0,True,False,0.00199709513434998
2019-09-03,True,375,3761840.0,0,0,0,True,False,-0.005484460694698323
2019-09-04,True,375,3735800.0,0,0,0,True,False,0.005780346820809301
2019-09-05,True,375,3810760.0,0,0,0,True,False,0.0007278020378456151
2019-09-06,True,375,2062174.0,0,0,0,True,False,0.005667276051188441
2019-09-09,True,375,1432012.0,0,0,0,True,False,0.001645338208409397
2019-09-11,True,375,3169915.0,0,0,0,True,False,0.0021590500179922145
2019-09-12,True,375,3736165.0,0,0,0,True,False,0.005611081886726321
2019-09-13,True,375,3205177.0,0,0,0,True,False,-0.0031479538300104304
2019-09-16,True,375,2874391.0,0,0,0,True,False,-0.011490310409878357
2019-09-17,True,375,2435030.0,0,0,0,True,False,0.0024621878297572675
2019-09-18,True,375,3680162.0,0,0,0,True,False,0.011125296370600113
2019-09-19,True,375,2824216.0,0,0,0,True,False,-0.0016048502139799359
2019-09-20,True,375,3749015.0,0,0,0,True,False,0.0
2019-09-23,False,361,17507496.0,0,14,0,False,False,0.018714806227227765
2019-09-24,False,367,5257106.0,0,0,0,False,False,-0.0023892959541255143
2019-09-25,True,375,6631249.0,0,0,0,True,False,-0.013289036544850474
2019-09-26,True,375,15513900.0,0,0,0,True,False,0.007876834944503974
2019-09-27,True,375,7440986.0,0,0,0,True,False,0.0003538570417549458
2019-09-30,True,375,5437061.0,0,0,0,True,False,0.0016017084890549427
2019-10-01,True,375,6037207.0,0,0,0,True,False,0.0064575645756457245
2019-10-03,True,375,8041594.0,0,0,0,True,False,-0.008973858759266484
2019-10-04,True,375,8270815.0,0,0,0,True,False,0.012336009398864256
2019-10-07,False,375,11576071.0,0,11,0,True,False,0.007410374524334129
2019-10-09,True,375,4525486.0,0,0,0,True,False,0.004014452027298221
2019-10-10,True,375,6136003.0,0,0,0,True,False,-0.014703074279167505
2019-10-11,True,375,7006178.0,0,0,0,True,False,0.007867820613689958
2019-10-14,True,375,5435336.0,0,0,0,True,False,0.009428403064230872
2019-10-15,True,375,3073007.0,0,0,0,True,False,0.004898119122257016
2019-10-16,True,375,4505709.0,0,0,0,True,False,0.003094777562862694
2019-10-17,True,375,3132262.0,0,0,0,True,False,0.0019538882375926825
2019-10-18,True,375,5711895.0,0,0,0,True,False,-0.0033923859781380683
2019-10-22,True,375,5016911.0,0,0,0,True,False,0.004457652303120341
2019-10-23,True,375,4550716.0,0,0,0,True,False,0.001479563528758998
2019-10-24,True,375,4495482.0,0,0,0,True,False,0.0027247956403269047
2019-10-25,True,375,8091602.0,0,0,0,True,False,0.010646387832699666
2019-10-27,False,60,,0,0,60,False,False,0.009208429254471184
2019-10-29,True,375,7445087.0,0,0,0,True,False,0.006755555555555404
2019-10-30,True,375,4358424.0,0,0,0,True,False,0.007475970096119777
2019-10-31,True,375,16232890.0,0,0,0,True,False,0.011551724137931041
2019-11-01,True,375,7548036.0,0,0,0,True,False,-0.002235707441712087
2019-11-04,True,375,8460964.0,0,0,0,True,False,0.007653061224489832
2019-11-05,True,375,8442799.0,0,0,0,True,False,-0.0003184713375796733
2019-11-06,True,375,4045313.0,0,0,0,True,False,-0.0004700720777186529
2019-11-07,True,375,7258304.0,0,0,0,True,False,0.0022043772634230407
2019-11-08,True,375,3694175.0,0,0,0,True,False,-0.005660377358490565
2019-11-11,True,375,3866924.0,0,0,0,True,False,-0.005215742057847472
2019-11-13,True,375,3594524.0,0,0,0,True,False,-0.009558132246944573
2019-11-14,True,375,9289944.0,0,0,0,True,False,0.0004889178617990542
2019-11-15,True,375,13174053.0,0,0,0,True,False,0.0186092066601371
2019-11-18,True,375,11865751.0,0,0,0,True,False,0.003095975232198178
2019-11-19,True,375,5047053.0,0,0,0,True,False,0.0026157870441607667
2019-11-20,True,375,5199252.0,0,0,0,True,False,0.0033242671501965138
2019-11-21,True,375,6258627.0,0,0,0,True,False,0.005036630036630019
2019-11-22,True,375,4714677.0,0,0,0,True,False,-0.0015062509414068836
2019-11-25,True,375,3434569.0,0,0,0,True,False,-0.0012143290831814202
2019-11-26,True,375,5179974.0,0,0,0,True,False,0.005952380952380931
2019-11-27,True,375,3038246.0,0,0,0,True,False,0.0016398330351818924
2019-11-28,True,375,6163735.0,0,0,0,True,False,0.005070993914807254
2019-11-29,True,375,3742659.0,0,0,0,True,False,-0.000716127184187898
2019-12-02,True,375,3255917.0,0,0,0,True,False,0.005849663644340364
2019-12-03,True,375,4084442.0,0,0,0,True,False,0.004714201532115547
2019-12-04,True,375,5388933.0,0,0,0,True,False,-0.00698469311933414
2019-12-05,True,375,4419385.0,0,0,0,True,False,0.004980955171403512
2019-12-06,False,375,3730912.0,0,182,0,True,False,0.0016369047619047006
2019-12-09,True,375,8107700.0,0,0,0,True,False,0.002042098649073232
2019-12-10,True,375,5543422.0,0,0,0,True,False,0.00015765410688950432
2019-12-11,True,375,9461118.0,0,0,0,True,False,-0.006544293695131764
2019-12-12,True,375,6053544.0,0,0,0,True,False,0.007702182284980763
2019-12-13,True,375,5680915.0,0,0,0,True,False,0.012295719844357844
2019-12-16,True,375,8708768.0,0,0,0,True,False,0.008858858858858731
2019-12-17,True,375,3995125.0,0,0,0,True,False,0.002858862473668289
2019-12-18,True,375,3708396.0,0,0,0,True,False,0.005100510051005092
2019-12-19,True,375,4767911.0,0,0,0,True,False,0.00045843520782407055
2019-12-20,True,375,9007805.0,0,0,0,True,False,0.00624428876028027
2019-12-23,True,375,4436140.0,0,0,0,True,False,-0.00474355173436114
2019-12-24,True,375,4263205.0,0,0,0,True,False,0.002406738868832692
2019-12-26,True,375,3285277.0,0,0,0,True,False,0.0031631269769543113
2019-12-27,True,375,8580777.0,0,0,0,True,False,0.009538228614685673
2019-12-30,True,375,3691575.0,0,0,0,True,False,0.0016310794780545201
2019-12-31,True,375,3839884.0,0,0,0,True,False,-0.0001494991777545307
2020-01-01,True,375,2414258.0,0,0,0,True,False,0.003297362110311619
2020-01-02,True,375,2377022.0,0,0,0,True,False,-0.0014925373134327957
2020-01-03,True,375,4524825.0,0,0,0,True,False,-0.002508854781582137
2020-01-06,True,375,7029184.0,0,0,0,True,False,-0.006886227544910195
2020-01-07,True,375,7351435.0,0,0,0,True,False,0.01932139491046181
2020-01-08,True,375,9754979.0,0,0,0,True,False,-0.01824473104749902
2020-01-09,True,375,7637295.0,0,0,0,True,False,0.02364177235008591
2020-01-10,True,375,3465783.0,0,0,0,True,False,0.003030303030302939
2020-01-13,True,375,2863210.0,0,0,0,True,False,0.004964645704829129
2020-01-14,True,375,4347657.0,0,0,0,True,False,-0.002419842710223885
2020-01-15,True,375,6370861.0,0,0,0,True,False,0.0030487804878047697
2020-01-16,True,375,4630322.0,0,0,0,True,False,0.0
2020-01-17,True,375,19167999.0,0,0,0,True,False,-0.031259671928195676
2020-01-20,True,375,4411792.0,0,0,0,True,False,0.009592703255228763
2020-01-21,True,375,5186788.0,0,0,0,True,False,-0.0006369426751592355
2020-01-22,True,375,4019475.0,0,0,0,True,False,0.010036641707822147
2020-01-23,True,375,6442196.0,0,0,0,True,False,0.0011088230635198926
2020-01-24,True,375,5284852.0,0,0,0,True,False,0.0010830883490640097
2020-01-27,True,375,5423211.0,0,0,0,True,False,-0.010484119642306666
2020-01-28,True,375,3731881.0,0,0,0,True,False,0.0045813586097946946
2020-01-29,True,375,3650166.0,0,0,0,True,False,0.0044240796334336085
2020-01-30,True,375,3801123.0,0,0,0,True,False,-0.0006310143555765535
2020-01-31,True,375,5886864.0,0,0,0,True,False,0.011935483870967767
2020-02-01,True,375,5340490.0,0,0,0,True,False,-0.00047154982709851634
2020-02-03,True,375,10975857.0,0,0,0,True,False,0.0004952947003467045
2020-02-04,True,375,7990109.0,0,0,0,True,False,0.014740368509212676
2020-02-05,True,375,5868197.0,0,0,0,True,False,0.002941176470588225
2020-02-06,True,375,4587031.0,0,0,0,True,False,0.0006430868167202064
2020-02-07,True,375,6598771.0,0,0,0,True,False,0.0014016508332035382
2020-02-10,True,375,4603805.0,0,0,0,True,False,0.0
2020-02-11,True,375,5896225.0,0,0,0,True,False,0.008798114689709369
2020-02-12,True,375,8057983.0,0,0,0,True,False,0.01648436296410405
2020-02-13,True,375,14762995.0,0,0,0,True,False,0.004993757802746579
2020-02-14,True,375,6484451.0,0,0,0,True,False,0.0015262515262515208
2020-02-17,True,375,9460284.0,0,0,0,True,False,0.0031254883575557724
2020-02-18,True,375,6954839.0,0,0,0,True,False,0.0015878056525882034
2020-02-19,True,375,7789900.0,0,0,0,True,False,0.011930926216640492
2020-02-20,True,375,6927789.0,0,0,0,True,False,-0.002810304449648693
2020-02-24,True,375,10687019.0,0,0,0,True,False,-0.006253813300793221
2020-02-25,True,375,6412810.0,0,0,0,True,False,0.00960346964064418
2020-02-26,True,375,7536275.0,0,0,0,True,False,-0.008696978944156109
2020-02-27,True,375,5992174.0,0,0,0,True,False,-0.0004571080298643171
2020-02-28,True,375,8740892.0,0,0,0,True,False,-0.03045369794903674
2020-03-02,True,375,9322470.0,0,0,0,True,False,0.020508613617719496
2020-03-03,True,375,9502251.0,0,0,0,True,False,0.018776077885952702
2020-03-04,True,375,9165299.0,0,0,0,True,False,0.004820936639118534
2020-03-05,True,375,10352540.0,0,0,0,True,False,0.020880856290577343
2020-03-06,True,375,32520214.0,0,0,0,True,False,-0.06798817596939666
2020-03-09,True,375,22552968.0,0,0,0,True,False,-0.03578049684834994
2020-03-11,True,375,14537977.0,0,0,0,True,False,0.0025757875965921606
2020-03-12,True,375,16493789.0,0,0,0,True,False,-0.05056294779938586
2020-03-13,False,315,,0,0,0,False,False,-0.07192575406032486
2020-03-16,True,375,14989345.0,0,0,0,True,False,-0.06693961105424773
2020-03-17,True,375,11626005.0,0,0,0,True,False,0.0172375195880905
2020-03-18,True,375,11099092.0,0,0,0,True,False,0.03319308087891537
2020-03-19,True,375,13065051.0,0,0,0,True,False,-0.05758068260970517
2020-03-20,False,376,12775903.0,0,0,1,False,False,0.012063023141309692
2020-03-23,False,317,12520644.0,0,0,0,False,False,-0.09025616471151543
2020-03-24,True,375,8023407.0,0,0,0,True,False,0.04946413849958775
2020-03-25,True,375,8667475.0,0,0,0,True,False,-0.03991370010787487
2020-03-26,True,375,13869397.0,0,0,0,True,False,0.004984260230850079
2020-03-27,True,375,18603516.0,0,0,0,True,False,0.04446742502585321
2020-03-30,True,375,10816366.0,0,0,0,True,False,-0.026389956443761187
2020-03-31,True,375,7198346.0,0,0,0,True,False,0.028112449799196693
2020-04-01,True,375,7558579.0,0,0,0,True,False,-0.010204081632653073
2020-04-03,True,375,11244087.0,0,0,0,True,False,0.002941176470588225
2020-04-07,True,375,9848367.0,0,0,0,True,False,0.047132311186825815
2020-04-08,True,375,10948511.0,0,0,0,True,False,-0.01534320323014804
2020-04-09,False,374,10001995.0,0,0,0,False,False,0.029009304871373987
2020-04-13,True,375,7540446.0,0,0,0,True,False,-0.004264392324093702
2020-04-15,True,375,9962657.0,0,0,0,True,False,0.016304347826086918
2020-04-16,True,375,8031187.0,0,0,0,True,False,-0.005464480874316946
2020-04-17,True,375,12110790.0,0,0,0,True,False,0.036762761174292446
2020-04-20,False,373,9126713.0,0,0,0,False,False,0.005181347150259086
2020-04-21,True,375,9555730.0,0,0,0,True,False,-0.02083333333333337
2020-04-22,True,375,6481713.0,0,0,0,True,False,0.002702702702702675
2020-04-23,True,375,6290364.0,0,0,0,True,False,-0.0013297872340425343
2020-04-24,True,375,11061333.0,0,0,0,True,False,-0.01154982540961591
2020-04-27,True,375,6446354.0,0,0,0,True,False,0.01887840088839532
2020-04-28,True,375,7593709.0,0,0,0,True,False,0.005524861878453136
2020-04-29,True,375,6332401.0,0,0,0,True,False,0.0027100271002709064
2020-04-30,True,375,10642399.0,0,0,0,True,False,0.02083882880506449
2020-05-04,True,375,9469428.0,0,0,0,True,False,-0.03998947645356499
2020-05-05,True,375,6845004.0,0,0,0,True,False,0.010326542003907369
2020-05-06,True,375,11959070.0,0,0,0,True,False,-0.0008756567425569628
2020-05-07,True,375,8238381.0,0,0,0,True,False,-0.00610820244328103
2020-05-08,True,375,5455888.0,0,0,0,True,False,0.008774495466510768
2020-05-11,True,375,8132671.0,0,0,0,True,False,0.006291192330736939
2020-05-12,True,375,8068964.0,0,0,0,True,False,-0.006053268765133124
2020-05-13,True,375,21310928.0,0,0,0,True,False,0.0691616766467067
2020-05-14,True,375,8124081.0,0,0,0,True,False,-0.02006305531670971
2020-05-15,True,375,6443668.0,0,0,0,True,False,-0.002079619726678694
2020-05-18,True,375,13367676.0,0,0,0,True,False,-0.0003003905076598423
2020-05-19,True,375,15967000.0,0,0,0,True,False,0.013513513513513375
2020-05-20,True,375,11870141.0,0,0,0,True,False,-0.0003266906239791645
2020-05-21,True,375,8615224.0,0,0,0,True,False,-0.0003253090435912931
2020-05-22,True,375,12354259.0,0,0,0,True,False,0.00032905561039831
2020-05-26,True,375,7305804.0,0,0,0,True,False,0.00893743793445867
2020-05-27,True,375,6625994.0,0,0,0,True,False,0.002639392939623786
2020-05-28,True,375,13267989.0,0,0,0,True,False,0.004093198992443092
2020-05-29,True,375,7198818.0,0,0,0,True,False,-0.011399620012666367
2020-06-01,True,375,15597084.0,0,0,0,True,False,0.017369727047146455
2020-06-02,True,375,11118568.0,0,0,0,True,False,-0.0005882352941176672
2020-06-03,True,375,14036472.0,0,0,0,True,False,0.011730205278592365
2020-06-04,True,375,16732426.0,0,0,0,True,False,0.0014314342971657457
2020-06-05,True,375,17807289.0,0,0,0,True,False,0.011747851002865461
2020-06-08,True,375,36824798.0,0,0,0,True,False,0.04095112285336855
2020-06-09,True,375,12583655.0,0,0,0,True,False,0.006434316353887359
2020-06-10,True,375,10273264.0,0,0,0,True,False,0.0032617559119327844
2020-06-11,True,375,11527509.0,0,0,0,True,False,-0.004500926661371474
2020-06-12,True,375,15027846.0,0,0,0,True,False,-0.040632054176072185
2020-06-15,True,375,7789482.0,0,0,0,True,False,-0.006424581005586627
2020-06-16,True,375,8491058.0,0,0,0,True,False,0.025345622119815614
2020-06-17,True,375,11819290.0,0,0,0,True,False,-0.008695652173912993
2020-06-18,True,375,6073406.0,0,0,0,True,False,-0.0023148148148148806
2020-06-19,True,375,11795437.0,0,0,0,True,False,0.0016666666666667052
2020-06-22,True,375,9144664.0,0,0,0,True,False,0.004070556309362372
2020-06-23,True,375,8968896.0,0,0,0,True,False,0.009047365620010517
2020-06-24,True,375,9075647.0,0,0,0,True,False,0.009849663037843515
2020-06-25,True,375,12083105.0,0,0,0,True,False,-0.012466124661246636
2020-06-26,True,375,8143108.0,0,0,0,True,False,0.012931034482758674
2020-06-29,True,375,6978100.0,0,0,0,True,False,-0.008935824532900094
2020-06-30,True,375,5982108.0,0,0,0,True,False,0.008913649025069637
2020-07-01,True,375,5635239.0,0,0,0,True,False,0.0016745743790118617
2020-07-02,True,375,8097233.0,0,0,0,True,False,0.005687973997833273
2020-07-03,True,375,6465239.0,0,0,0,True,False,0.0051157781367798805
2020-07-06,True,375,12105027.0,0,0,0,True,False,0.010834236186348933
2020-07-07,True,375,6080098.0,0,0,0,True,False,-0.0047897817988291624
2020-07-08,True,375,25761453.0,0,0,0,True,False,0.004787234042553212
2020-07-09,True,375,10997761.0,0,0,0,True,False,0.005213764337852034
2020-07-10,True,375,29509498.0,0,0,0,True,False,-0.009256942707030258
2020-07-13,True,375,9446794.0,0,0,0,True,False,0.017660609163040686
2020-07-14,True,375,9107357.0,0,0,0,True,False,-0.0036269430051812934
2020-07-15,True,375,9737766.0,0,0,0,True,False,0.008315450643776812
2020-07-16,True,375,8977555.0,0,0,0,True,False,0.0027100271002709064
2020-07-17,True,375,5598442.0,0,0,0,True,False,0.004301075268817289
2020-07-20,True,375,8975672.0,0,0,0,True,False,0.0031678986272438703
2020-07-21,True,375,7875256.0,0,0,0,True,False,0.01050144394854291
2020-07-22,True,375,10357864.0,0,0,0,True,False,0.0064283877603497075
2020-07-23,True,375,6432060.0,0,0,0,True,False,0.001301066874837442
2020-07-24,True,375,9485224.0,0,0,0,True,False,-0.013111447302067702
2020-07-27,True,375,11289611.0,0,0,0,True,False,0.005208333333333259
2020-07-28,True,375,6270650.0,0,0,0,True,False,0.0029341157642037707
2020-07-29,True,375,9992985.0,0,0,0,True,False,-0.006092715231788115
2020-07-30,True,375,5950084.0,0,0,0,True,False,0.00811730819586276
2020-07-31,True,375,13627991.0,0,0,0,True,False,0.006154669521006184
2020-08-03,True,375,13877808.0,0,0,0,True,False,0.0047095761381474865
2020-08-04,True,375,7231223.0,0,0,0,True,False,0.005983350676378896
2020-08-05,True,375,12729311.0,0,0,0,True,False,0.004167752018754856
2020-08-06,True,375,6980018.0,0,0,0,True,False,0.0020844189682125425
2020-08-07,True,375,8319849.0,0,0,0,True,False,0.0015694480774259834
2020-08-10,True,375,12718172.0,0,0,0,True,False,0.005503144654087855
2020-08-11,True,375,9620278.0,0,0,0,True,False,0.005932421975754387
2020-08-12,True,375,45058982.0,0,0,0,True,False,0.002557544757033181
2020-08-13,True,375,19369285.0,0,0,0,True,False,0.00982800982800991
2020-08-14,True,375,8462365.0,0,0,0,True,False,0.0032122559920928495
2020-08-17,True,375,10226380.0,0,0,0,True,False,0.008384146341463339
2020-08-18,True,375,6906422.0,0,0,0,True,False,0.0015503875968991832
2020-08-19,True,375,14840285.0,0,0,0,True,False,0.0066632496155818455
2020-08-20,True,375,6915066.0,0,0,0,True,False,-0.016227180527383256
2020-08-21,True,375,18222401.0,0,0,0,True,False,0.021036428937916796
2020-08-24,True,375,9411098.0,0,0,0,True,False,0.00908173562058523
2020-08-25,True,375,19599672.0,0,0,0,True,False,0.014925373134328401
2020-08-26,True,375,15384288.0,0,0,0,True,False,0.0012004801920768582
2020-08-27,True,375,13443586.0,0,0,0,True,False,0.00309745055992372
2020-08-28,True,375,12979878.0,0,0,0,True,False,0.0037002775208141436
2020-08-31,True,375,21094450.0,0,0,0,True,False,0.02728482697426804
2020-09-01,True,375,13451749.0,0,0,0,True,False,0.005663048607833732
2020-09-02,True,375,8174124.0,0,0,0,True,False,-0.0011441647597254523
2020-09-03,True,375,7001149.0,0,0,0,True,False,0.00554785020804438
2020-09-04,True,375,10183354.0,0,0,0,True,False,-0.015701898289196103
2020-09-07,True,375,7252368.0,0,0,0,True,False,0.0
2020-09-08,True,375,4889184.0,0,0,0,True,False,-0.001680672268907557
2020-09-09,True,375,11450926.0,0,0,0,True,False,-0.01057810578105789
2020-09-10,True,375,10696908.0,0,0,0,True,False,0.009961685823754785
2020-09-11,True,375,10041893.0,0,0,0,True,False,0.0
2020-09-14,True,375,10783922.0,0,0,0,True,False,0.011048367296832895
2020-09-15,True,375,7825545.0,0,0,0,True,False,0.008577194752775075
2020-09-16,True,375,5626343.0,0,0,0,True,False,0.0005006257822277593
2020-09-17,True,375,6761407.0,0,0,0,True,False,-0.005301691492047511
2020-09-18,True,375,6294756.0,0,0,0,True,False,0.0017889087656528524
2020-09-21,True,375,7212353.0,0,0,0,True,False,0.0002590673575129099
2020-09-22,True,375,9852859.0,0,0,0,True,False,0.004045307443365731
2020-09-23,True,375,7115341.0,0,0,0,True,False,0.0066880684858212636
2020-09-24,True,375,7080801.0,0,0,0,True,False,-0.016562584849307727
2020-09-25,True,375,6814599.0,0,0,0,True,False,0.01473922902494329
2020-09-28,True,375,7796102.0,0,0,0,True,False,0.009325287986834851
2020-09-29,True,375,6959835.0,0,0,0,True,False,0.005333333333333412
2020-09-30,True,375,5013905.0,0,0,0,True,False,-0.0010796221322536548
2020-10-01,True,375,9910330.0,0,0,0,True,False,0.010264721772015095
2020-10-05,True,375,6825448.0,0,0,0,True,False,0.009729161188535285
2020-10-06,True,375,4871703.0,0,0,0,True,False,0.008709422011084822
2020-10-07,True,375,6787533.0,0,0,0,True,False,0.0046960605270023326
2020-10-08,True,375,5758529.0,0,0,0,True,False,0.0020947892118354794
2020-10-09,True,375,4463237.0,0,0,0,True,False,0.0020876826722338038
2020-10-12,True,375,19980238.0,0,0,0,True,False,0.006806150743634998
2020-10-13,True,375,5276771.0,0,0,0,True,False,-0.002510670348983224
2020-10-14,True,375,5285773.0,0,0,0,True,False,-0.007416879795396403
2020-10-15,True,375,7961864.0,0,0,0,True,False,0.009036144578313365
2020-10-16,True,375,5923520.0,0,0,0,True,False,0.006224066390041472
2020-10-19,True,375,6393151.0,0,0,0,True,False,0.0025549310168624384
2020-10-20,True,375,7667852.0,0,0,0,True,False,-0.014705882352941124
2020-10-21,True,375,10075625.0,0,0,0,True,False,0.008622813500862359
2020-10-22,True,375,5560018.0,0,0,0,True,False,-0.01102130786186628
2020-10-23,True,375,5197558.0,0,0,0,True,False,0.002210759027265974
2020-10-26,True,375,5226145.0,0,0,0,True,False,0.0014822134387351138
2020-10-27,True,375,8452582.0,0,0,0,True,False,0.0010149708195887897
2020-10-28,True,375,5780818.0,0,0,0,True,False,0.0025706940874035134
2020-10-29,True,375,6894526.0,0,0,0,True,False,-0.0060367454068241955
2020-10-30,True,375,5864794.0,0,0,0,True,False,0.0005284015852047297
2020-11-02,True,375,8017726.0,0,0,0,True,False,0.011578947368420911
2020-11-03,False,374,13345297.0,0,0,0,False,False,0.010977789124329895
2020-11-04,True,375,13446597.0,0,0,0,True,False,-0.004159530217763607
2020-11-05,True,375,54832005.0,0,0,0,True,False,0.05135069359941591
2020-11-06,True,375,16362111.0,0,0,0,True,False,0.000914076782449591
2020-11-09,True,375,9739016.0,0,0,0,True,False,0.018772893772893706
2020-11-10,True,375,20751660.0,0,0,0,True,False,0.015475648611743331
2020-11-11,True,375,17792172.0,0,0,0,True,False,0.003232758620689724
2020-11-12,True,375,9104364.0,0,0,0,True,False,-0.004482390608324449
2020-11-13,True,375,12650254.0,0,0,0,True,False,-0.009247027741083214
2020-11-14,False,60,,0,0,60,False,False,0.006507592190889477
2020-11-17,True,375,16402073.0,0,0,0,True,False,0.016217400832785334
2020-11-18,True,375,26301290.0,0,0,0,True,False,-0.00807955251709136
2020-11-19,True,375,14684684.0,0,0,0,True,False,-0.0182106096595408
2020-11-20,True,375,15712007.0,0,0,0,True,False,0.008350730688935215
2020-11-23,True,375,8762741.0,0,0,0,True,False,0.0057827344072698406
2020-11-24,True,375,6861298.0,0,0,0,True,False,0.007751937984496138
2020-11-25,True,375,12931189.0,0,0,0,True,False,0.0036802289920261355
2020-11-26,True,375,9410522.0,0,0,0,True,False,0.004115226337448652
2020-11-27,True,375,7044876.0,0,0,0,True,False,-0.0012207527975585108
2020-12-01,False,376,6138165.0,0,0,1,False,False,0.003276003276003303
2020-12-02,True,375,9429805.0,0,0,0,True,False,0.0028265697557035008
2020-12-03,True,375,8357877.0,0,0,0,True,False,0.011153924153315842
2020-12-04,True,375,8704372.0,0,0,0,True,False,0.0019493177387914784
2020-12-07,True,375,13377075.0,0,0,0,True,False,-0.0009467903806097411
2020-12-08,True,375,11704141.0,0,0,0,True,False,0.0035185185185184764
2020-12-09,True,375,8646059.0,0,0,0,True,False,0.00498614958448762
2020-12-10,True,375,7127627.0,0,0,0,True,False,-0.004809470958194617
2020-12-11,True,375,9538546.0,0,0,0,True,False,0.0003704389701797428
2020-12-14,True,375,6337923.0,0,0,0,True,False,0.005504587155963359
2020-12-15,True,375,4785819.0,0,0,0,True,False,-0.0007292616226071136
2020-12-16,True,375,3846897.0,0,0,0,True,False,0.008316392533727512
2020-12-17,True,375,3538181.0,0,0,0,True,False,0.0025993316004455647
2020-12-18,True,375,5132054.0,0,0,0,True,False,0.0013091453151299337
2020-12-21,True,375,5071551.0,0,0,0,True,False,-0.011233885819521228
2020-12-22,True,375,10476587.0,0,0,0,True,False,0.0031496062992126816
2020-12-23,True,375,3754997.0,0,0,0,True,False,-0.0013602798289934492
2020-12-24,True,375,4690247.0,0,0,0,True,False,0.008371385083713712
2020-12-28,True,375,4878983.0,0,0,0,True,False,0.00712010492786197
2020-12-29,True,375,6582426.0,0,0,0,True,False,0.0019945602901179083
2020-12-30,True,375,8058121.0,0,0,0,True,False,0.0009000900090008201
2020-12-31,True,375,4733105.0,0,0,0,True,False,-0.001814882032667886
2021-01-01,False,376,4346532.0,0,0,1,False,False,0.0014571948998176598
2021-01-04,True,375,5716168.0,0,0,0,True,False,0.01003404407812214
2021-01-05,True,375,4128901.0,0,0,0,True,False,-0.01085023123443618
2021-01-06,True,375,8917888.0,0,0,0,True,False,0.005685856432125158
2021-01-07,True,375,7962972.0,0,0,0,True,False,0.017964071856287456
2021-01-08,True,375,4545932.0,0,0,0,True,False,0.007291666666666696
2021-01-11,True,375,4183344.0,0,0,0,True,False,0.007521427322021879
2021-01-12,True,375,6656581.0,0,0,0,True,False,-0.010775481363716644
2021-01-13,False,376,14498322.0,0,0,1,False,False,0.009549795361528002
2021-01-14,False,376,8486541.0,0,0,1,False,False,0.0024513809445987356
2021-01-15,True,375,7205635.0,0,0,0,True,False,-0.0029249268768279935
2021-01-18,True,375,9113253.0,0,0,0,True,False,-0.0014805066622799457
2021-01-19,True,375,5951743.0,0,0,0,True,False,0.01778081723371505
2021-01-20,True,375,5754658.0,0,0,0,True,False,0.0013404825737266535
2021-01-21,True,375,4059742.0,0,0,0,True,False,0.0061227866953501575
2021-01-22,True,375,5929443.0,0,0,0,True,False,-0.004715392388009332
2021-01-25,True,375,6549792.0,0,0,0,True,False,0.0
2021-01-27,True,375,4727473.0,0,0,0,True,False,-0.002846975088968029
2021-01-28,True,375,8787518.0,0,0,0,True,False,-0.010192937750273079
2021-01-29,True,375,5353438.0,0,0,0,True,False,0.009544008483563182
2021-02-01,False,376,4929006.0,0,0,1,False,False,0.012069577564785439
2021-02-02,True,375,25984970.0,0,0,0,True,False,0.006389776357827559
2021-02-03,True,375,12303788.0,0,0,0,True,False,0.0070911285455643736
2021-02-04,True,375,9005237.0,0,0,0,True,False,-0.004169148302561099
2021-02-05,True,375,53285728.0,0,0,0,True,False,0.08115658611537935
2021-02-08,True,375,23877041.0,0,0,0,True,False,0.0075949367088608
2021-02-09,True,375,9061572.0,0,0,0,True,False,0.0018939393939394478
2021-02-10,True,375,8304600.0,0,0,0,True,False,0.0007619047619047414
2021-02-11,True,375,6295612.0,0,0,0,True,False,-0.0034338038916442715
2021-02-12,True,375,7785494.0,0,0,0,True,False,0.0008959426596697462
2021-02-15,True,375,7430130.0,0,0,0,True,False,0.01196537678207732
2021-02-16,True,375,20771501.0,0,0,0,True,False,0.007334963325183352
2021-02-17,True,375,9131371.0,0,0,0,True,False,0.0001240848740537981
2021-02-18,False,376,19791488.0,0,0,1,False,False,0.028927620430888368
2021-02-19,True,375,9580159.0,0,0,0,True,False,-0.0006020469596628164
2021-02-22,True,375,10205168.0,0,0,0,True,False,0.0002496878901374622
2021-02-23,True,375,7031291.0,0,0,0,True,False,0.010309278350515427
2021-02-24,False,225,8658970.0,0,0,76,False,False,0.0032853171594642294
2021-02-25,True,375,8108703.0,0,0,0,True,False,0.008094186902134037
2021-02-26,True,375,8902441.0,0,0,0,True,False,-0.019631901840490795
2021-03-01,True,375,5909634.0,0,0,0,True,False,0.009840255591054392
2021-03-02,True,375,4577930.0,0,0,0,True,False,-0.0005060728744938903
2021-03-03,True,375,6359924.0,0,0,0,True,False,0.003924547411064738
2021-03-04,True,375,6786523.0,0,0,0,True,False,-0.014825796886582698
2021-03-05,True,375,13239348.0,0,0,0,True,False,-0.004034291477559293
2021-03-08,True,375,6982575.0,0,0,0,True,False,0.008306294613886989
2021-03-09,True,375,3943088.0,0,0,0,True,False,0.00858754165598552
2021-03-10,True,375,3373764.0,0,0,0,True,False,0.008249548852797162
2021-03-12,True,375,4875575.0,0,0,0,True,False,0.00901597114889241
2021-03-15,True,375,8495633.0,0,0,0,True,False,0.003673576489110486
2021-03-16,True,375,6422379.0,0,0,0,True,False,-0.0005184033177811909
2021-03-17,True,375,4602461.0,0,0,0,True,False,-0.001847453153866474
2021-03-18,True,375,5694045.0,0,0,0,True,False,0.012951601908657073
2021-03-19,True,375,7000012.0,0,0,0,True,False,-0.012347354138398936
2021-03-22,True,375,4441157.0,0,0,0,True,False,-0.001208215867901652
2021-03-23,True,375,3458561.0,0,0,0,True,False,0.0029923830250271344
2021-03-24,True,375,6447646.0,0,0,0,True,False,-0.01047261009667022
2021-03-25,True,375,5592891.0,0,0,0,True,False,-0.00013886960144426919
2021-03-26,True,375,8506353.0,0,0,0,True,False,0.01081005194440543
2021-03-30,True,375,4318031.0,0,0,0,True,False,0.0044630404463041895
2021-03-31,True,375,4602900.0,0,0,0,True,False,0.0005554012774229289
2021-04-01,True,375,4127882.0,0,0,0,True,False,0.009055982436882548
2021-04-05,True,375,7054426.0,0,0,0,True,False,-0.009433962264150941
2021-04-06,True,375,10422853.0,0,0,0,True,False,0.0048022598870056665
2021-04-07,True,375,6104218.0,0,0,0,True,False,0.0008548226243054735
2021-04-08,True,375,4765745.0,0,0,0,True,False,0.007676203768318235
2021-04-09,True,375,7731093.0,0,0,0,True,False,-0.004354544177553099
2021-04-12,True,375,16844044.0,0,0,0,True,False,-0.025219608954377915
2021-04-13,True,375,8481540.0,0,0,0,True,False,0.0034758954208855553
2021-04-15,True,375,10289285.0,0,0,0,True,False,0.0017569546120059787
2021-04-16,True,375,5182420.0,0,0,0,True,False,0.0007293946024800047
2021-04-19,True,375,12037609.0,0,0,0,True,False,-0.03666077738515916
2021-04-20,True,375,8637177.0,0,0,0,True,False,0.01468584405753215
2021-04-22,True,375,8759304.0,0,0,0,True,False,-0.009870918754745661
2021-04-23,True,375,5154776.0,0,0,0,True,False,-0.013680297397769547
2021-04-26,True,375,10725936.0,0,0,0,True,False,0.011328066775972534
2021-04-27,True,375,5346155.0,0,0,0,True,False,-0.002464839785414008
2021-04-28,True,375,12084867.0,0,0,0,True,False,0.008047437526471857
2021-04-29,True,375,9829236.0,0,0,0,True,False,0.006618863761720828
2021-04-30,True,375,10514027.0,0,0,0,True,False,-0.011466927702419305
2021-05-03,True,375,10850864.0,0,0,0,True,False,-0.0073821692220328305
2021-05-04,True,375,6970147.0,0,0,0,True,False,0.00952651784444769
2021-05-05,True,375,8519094.0,0,0,0,True,False,0.0153802335516946
2021-05-06,False,374,,0,0,0,False,False,0.004912280701754312
2021-05-07,True,375,8289094.0,0,0,0,True,False,0.004636785162287493
2021-05-10,True,375,6054542.0,0,0,0,True,False,0.006842619745845546
2021-05-11,True,375,5937559.0,0,0,0,True,False,-0.014906832298136607
2021-05-12,True,375,6164280.0,0,0,0,True,False,-0.004254151228214709
2021-05-14,True,375,11573221.0,0,0,0,True,False,0.006255099265705777
2021-05-17,True,375,12159284.0,0,0,0,True,False,0.010537992235163385
2021-05-18,True,375,18133741.0,0,0,0,True,False,0.014964216005205033
2021-05-19,True,375,10541886.0,0,0,0,True,False,-0.002480741611176396
2021-05-20,True,375,7781423.0,0,0,0,True,False,0.0071567989590111125
2021-05-21,True,375,11951911.0,0,0,0,True,False,0.008273009307135482
2021-05-24,True,375,43708775.0,0,0,0,True,False,0.03281733746130033
2021-05-25,True,375,10894227.0,0,0,0,True,False,0.009975669099756779
2021-05-26,True,375,5778732.0,0,0,0,True,False,-0.00048309178743954906
2021-05-27,True,375,6197876.0,0,0,0,True,False,0.004613890237979534
2021-05-28,True,375,16100159.0,0,0,0,True,False,0.009378663540445586
2021-05-31,True,375,8939590.0,0,0,0,True,False,-0.0028422548555187
2021-06-01,True,375,12185711.0,0,0,0,True,False,0.004006127017791794
2021-06-02,True,375,7322925.0,0,0,0,True,False,-0.0039306358381502315
2021-06-03,True,375,7425324.0,0,0,0,True,False,-0.0005717552887364308
2021-06-04,True,375,5468563.0,0,0,0,True,False,-0.0036438168982009245
2021-06-07,True,375,3583934.0,0,0,0,True,False,0.0018420446695832648
2021-06-08,True,375,5149300.0,0,0,0,True,False,0.0022026431718060735
2021-06-09,True,375,5207548.0,0,0,0,True,False,0.0002339728591485013
2021-06-10,True,375,4004140.0,0,0,0,True,False,0.006991349685981696
2021-06-11,True,375,4943908.0,0,0,0,True,False,0.006247830614370065
2021-06-14,True,375,7172333.0,0,0,0,True,False,-0.0055891942244992165
2021-06-15,True,375,3262069.0,0,0,0,True,False,-0.0015121554030476103
2021-06-16,True,375,3861308.0,0,0,0,True,False,-0.002795899347623476
2021-06-17,True,375,4555620.0,0,0,0,True,False,-0.010808270676691767
2021-06-18,True,375,4731235.0,0,0,0,True,False,0.009886837403216164
2021-06-21,True,375,6929673.0,0,0,0,True,False,-0.019425675675675547
2021-06-22,True,375,5965098.0,0,0,0,True,False,0.009185255874985199
2021-06-23,True,375,3568133.0,0,0,0,True,False,0.00693448110951711
2021-06-24,True,375,3442289.0,0,0,0,True,False,0.004180602006689016
2021-06-25,True,375,2640610.0,0,0,0,True,False,0.006575014943215773
2021-06-28,True,375,5416861.0,0,0,0,True,False,0.0045481049562681175
2021-06-29,True,375,2881081.0,0,0,0,True,False,0.0024621878297572675
2021-06-30,True,375,2717350.0,0,0,0,True,False,0.0036777790959781065
2021-07-01,True,375,3193690.0,0,0,0,True,False,0.0031026252983292757
2021-07-02,True,375,2731431.0,0,0,0,True,False,-0.002136752136752129
2021-07-05,True,375,1827544.0,0,0,0,True,False,0.004001883239171278
2021-07-06,True,375,2928110.0,0,0,0,True,False,-0.004496713939813213
2021-07-07,True,375,3269768.0,0,0,0,True,False,0.00011646866992776062
2021-07-08,True,375,2340844.0,0,0,0,True,False,-0.0009233610341643494
2021-07-09,True,375,2374940.0,0,0,0,True,False,0.0003530657879251553
2021-07-12,True,375,2182324.0,0,0,0,True,False,0.006370929683813031
2021-07-13,True,375,1978531.0,0,0,0,True,False,0.005142589995324798
2021-07-14,True,375,1943035.0,0,0,0,True,False,0.00046641791044765846
2021-07-15,True,375,1509561.0,0,0,0,True,False,0.00394431554524366
2021-07-16,True,375,929738.0,0,0,0,True,False,0.0008108421174564118
2021-07-19,True,375,2651204.0,0,0,0,True,False,-0.01672085462145856
2021-07-20,True,375,2880817.0,0,0,0,True,False,-0.003500583430571802
2021-07-22,True,375,1936404.0,0,0,0,True,False,0.01080760095011879
2021-07-23,True,375,2362924.0,0,0,0,True,False,0.0014207909069381408
2021-07-26,True,375,2434694.0,0,0,0,True,False,-0.0016336056009335076
2021-07-27,True,375,1887989.0,0,0,0,True,False,0.0030743762563556487
2021-07-28,True,375,2445129.0,0,0,0,True,False,0.0018639328984155767
2021-07-29,True,375,2464620.0,0,0,0,True,False,0.0030609842241582363
2021-07-30,True,375,7659495.0,0,0,0,True,False,-0.003610923042202674
2021-08-02,True,375,2656194.0,0,0,0,True,False,0.005900046274872839
2021-08-03,True,375,3759958.0,0,0,0,True,False,0.001381374467595231
2021-08-04,True,375,8966664.0,0,0,0,True,False,0.005716207128446449
2021-08-05,False,376,13293426.0,0,0,1,False,False,0.010743258057443583
2021-08-06,True,375,5749202.0,0,0,0,True,False,0.003959723950673233
2021-08-09,True,375,3962329.0,0,0,0,True,False,0.0016010978956999544
2021-08-10,True,375,2736640.0,0,0,0,True,False,0.0011523392486747497
2021-08-11,True,375,4398938.0,0,0,0,True,False,0.008091943239122656
2021-08-12,True,375,2226125.0,0,0,0,True,False,0.00420364315740307
2021-08-13,True,375,2647167.0,0,0,0,True,False,0.00011694538650441899
2021-08-16,True,375,2899821.0,0,0,0,True,False,-0.0018570102135562205
2021-08-17,True,375,2665518.0,0,0,0,True,False,0.00153229608675165
2021-08-18,True,375,3292362.0,0,0,0,True,False,0.003208174904942851
2021-08-20,True,375,4405007.0,0,0,0,True,False,-0.009310097875387835
2021-08-23,True,375,3243047.0,0,0,0,True,False,0.012561576354679804
2021-08-24,True,375,2253045.0,0,0,0,True,False,0.0019574259848300635
2021-08-25,True,375,2947827.0,0,0,0,True,False,0.004555262526971804
2021-08-26,True,375,2429478.0,0,0,0,True,False,-0.0036057692307692735
2021-08-27,True,375,2835821.0,0,0,0,True,False,0.0
2021-08-30,True,375,1899203.0,0,0,0,True,False,0.0070473876063184004
2021-08-31,True,375,3268659.0,0,0,0,True,False,0.002246393946559566
2021-09-01,True,375,2705957.0,0,0,0,True,False,0.0042283298097252064
2021-09-02,True,375,2541038.0,0,0,0,True,False,0.006415490493409504
2021-09-03,True,375,2761584.0,0,0,0,True,False,0.003840782122904951
2021-09-06,True,375,1810786.0,0,0,0,True,False,0.0031347962382446415
2021-09-07,True,375,2096460.0,0,0,0,True,False,0.0
2021-09-08,True,375,2936141.0,0,0,0,True,False,0.0019852855307720407
2021-09-09,True,375,2066781.0,0,0,0,True,False,-0.003358813991197529
2021-09-13,True,375,1629479.0,0,0,0,True,False,-0.0048588616381304295
2021-09-14,True,375,2202700.0,0,0,0,True,False,0.004734957847326582
2021-09-15,True,375,1579745.0,0,0,0,True,False,0.00011548677676409547
2021-09-16,True,375,3145610.0,0,0,0,True,False,0.0014633048176497798
2021-09-17,True,375,9942151.0,0,0,0,True,False,0.006451612903225712
2021-09-20,True,375,2529739.0,0,0,0,True,False,-0.008494208494208566
2021-09-21,True,375,2935505.0,0,0,0,True,False,0.007554080347945469
2021-09-22,True,375,2407355.0,0,0,0,True,False,-0.0025000000000000577
2021-09-23,True,375,3173860.0,0,0,0,True,False,0.005683109797681274
2021-09-24,True,375,1678183.0,0,0,0,True,False,0.0024444444444444713
2021-09-27,True,375,2237097.0,0,0,0,True,False,0.009644842845796031
2021-09-28,True,375,4400945.0,0,0,0,True,False,0.006610644257702969
2021-09-29,True,375,2111815.0,0,0,0,True,False,-0.006297087596986328
2021-09-30,True,375,2913999.0,0,0,0,True,False,0.0005438329345224258
2021-10-01,True,375,3011279.0,0,0,0,True,False,-0.010370697263901163
2021-10-04,True,375,2333522.0,0,0,0,True,False,0.002651347768448886
2021-10-05,True,375,3492640.0,0,0,0,True,False,-0.00108108108108107
2021-10-06,True,375,4110581.0,0,0,0,True,False,0.0026954177897573484
2021-10-07,True,375,1735539.0,0,0,0,True,False,0.011159737417943072
2021-10-08,True,375,1581278.0,0,0,0,True,False,0.00818509221870567
2021-10-11,True,375,1551624.0,0,0,0,True,False,-0.0001086838387132083
2021-10-12,True,375,4755108.0,0,0,0,True,False,0.0
2021-10-13,True,375,4065534.0,0,0,0,True,False,0.006625944714773846
2021-10-14,True,375,4318249.0,0,0,0,True,False,0.003434995315915401
2021-10-18,True,375,3737568.0,0,0,0,True,False,0.010431581100429632
2021-10-19,True,375,4104069.0,0,0,0,True,False,0.007754279959718113
2021-10-20,True,375,3585583.0,0,0,0,True,False,0.0002046245140168157
2021-10-21,True,375,3726622.0,0,0,0,True,False,0.007382282521947392
2021-10-22,True,375,3241548.0,0,0,0,True,False,0.0
2021-10-25,True,375,3410833.0,0,0,0,True,False,0.007960199004975133
2021-10-26,True,375,2695500.0,0,0,0,True,False,0.0009859988168015033
2021-10-27,True,375,4435586.0,0,0,0,True,False,0.0018527547537787736
2021-10-28,True,375,4508071.0,0,0,0,True,False,0.002895193977996424
2021-10-29,True,375,5547071.0,0,0,0,True,False,-0.0042688374863496525
2021-11-01,False,374,2719331.0,0,0,0,False,False,0.008928571428571397
2021-11-02,True,375,4043870.0,0,0,0,True,False,-0.0009703085581215243
2021-11-03,True,375,5122643.0,0,0,0,True,False,0.0031588015698285066
2021-11-04,False,60,,0,0,60,False,False,0.0009416195856872811
2021-11-08,True,375,6578072.0,0,0,0,True,False,0.007066139061616683
2021-11-09,True,375,3546644.0,0,0,0,True,False,0.005061115355232904
2021-11-10,True,375,2933442.0,0,0,0,True,False,-0.006521739130434856
2021-11-11,True,375,2651201.0,0,0,0,True,False,-0.0016230666412068162
2021-11-12,True,375,2915087.0,0,0,0,True,False,0.0041184545989410015
2021-11-15,True,375,2127300.0,0,0,0,True,False,0.0028378510617477204
2021-11-16,True,375,2208385.0,0,0,0,True,False,-9.853187506159156e-05
2021-11-17,True,375,3569014.0,0,0,0,True,False,-0.0008093070308548
2021-11-18,True,375,3038734.0,0,0,0,True,False,0.0031152647975078995
2021-11-22,True,375,3164706.0,0,0,0,True,False,0.005464480874316946
2021-11-23,True,375,3686772.0,0,0,0,True,False,-0.0035934291581108946
2021-11-24,True,375,2146993.0,0,0,0,True,False,0.005985593994115801
2021-11-25,True,375,2277247.0,0,0,0,True,False,0.0
2021-11-26,True,375,3982604.0,0,0,0,True,False,-0.011586543347901213
2021-11-29,True,375,7614755.0,0,0,0,True,False,0.0
2021-11-30,True,375,2699252.0,0,0,0,True,False,0.005154639175257714
2021-12-01,True,375,3258842.0,0,0,0,True,False,0.01022294725394235
2021-12-02,True,375,2602913.0,0,0,0,True,False,-0.0031512605042016695
2021-12-03,True,375,2895657.0,0,0,0,True,False,-0.003873534338358464
2021-12-06,True,375,1796800.0,0,0,0,True,False,0.002542642229049763
2021-12-07,True,375,1953274.0,0,0,0,True,False,0.00903225806451613
2021-12-08,True,375,2389669.0,0,0,0,True,False,0.008176100628930705
2021-12-09,True,375,2845426.0,0,0,0,True,False,0.0033628859675940426
2021-12-10,True,375,2160128.0,0,0,0,True,False,0.001435014350143371
2021-12-13,True,375,2057177.0,0,0,0,True,False,0.005962004850444513
2021-12-14,True,375,1774407.0,0,0,0,True,False,-0.004608294930875556
2021-12-15,True,375,1624851.0,0,0,0,True,False,0.0035842293906809264
2021-12-16,True,375,1309166.0,0,0,0,True,False,0.00825849076081342
2021-12-17,True,375,1776063.0,0,0,0,True,False,-0.0045619491964747905
2021-12-20,False,371,,0,0,0,False,False,-0.01985906470211407
2021-12-21,True,375,2449724.0,0,0,0,True,False,0.013639387890884924
2021-12-22,True,375,2943580.0,0,0,0,True,False,0.006036217303822866
2021-12-23,True,375,1983483.0,0,0,0,True,False,0.010632467390113032
2021-12-24,True,375,3105390.0,0,0,0,True,False,0.004124158888647811
2021-12-27,True,375,2050111.0,0,0,0,True,False,-0.007763805358119269
2021-12-28,True,375,1825278.0,0,0,0,True,False,0.003918154114061823
2021-12-29,True,375,1556633.0,0,0,0,True,False,0.0014119691539045132
2021-12-30,True,375,1863034.0,0,0,0,True,False,-0.0009929390997351906
2021-12-31,True,375,2433312.0,0,0,0,True,False,0.0026487142699480604
2022-01-03,True,375,1423386.0,0,0,0,True,False,0.004129537057161459
2022-01-04,True,375,4227235.0,0,0,0,True,False,0.00222717149220486
2022-01-05,True,375,4142336.0,0,0,0,True,False,-0.00413308534821244
2022-01-06,True,375,3210920.0,0,0,0,True,False,-0.00853832079690997
2022-01-07,True,375,4555413.0,0,0,0,True,False,0.004273939147247274
2022-01-10,True,375,2055921.0,0,0,0,True,False,0.004274809160305315
2022-01-11,True,375,3024171.0,0,0,0,True,False,-0.0031708283789140257
2022-01-12,True,375,2804117.0,0,0,0,True,False,0.008205635195254635
2022-01-13,True,375,1719465.0,0,0,0,True,False,9.804882831643269e-05
2022-01-14,True,375,1687509.0,0,0,0,True,False,-0.004887585532746819
2022-01-17,True,375,4444645.0,0,0,0,True,False,0.000492368291482137
2022-01-18,True,375,1510486.0,0,0,0,True,False,9.728572818357151e-05
2022-01-19,True,375,2507529.0,0,0,0,True,False,-0.004729996058336572
2022-01-20,True,375,2136691.0,0,0,0,True,False,0.0005817335660267542
2022-01-21,True,375,2332875.0,0,0,0,True,False,-0.011638141809290903
2022-01-24,True,375,3044989.0,0,0,0,True,False,-0.0032734847733359995
2022-01-25,True,375,2814171.0,0,0,0,True,False,-0.007494429815677495
2022-01-27,True,375,4133156.0,0,0,0,True,False,-0.018803585346843454
2022-01-28,True,375,3333692.0,0,0,0,True,False,0.00945179584120992
2022-01-31,True,375,5735586.0,0,0,0,True,False,0.01127891416555138
2022-02-01,True,375,3048591.0,0,0,0,True,False,0.011059479553903406
2022-02-02,True,375,2389216.0,0,0,0,True,False,0.007604205782951512
2022-02-03,True,375,4094993.0,0,0,0,True,False,-0.004355885078776711
2022-02-04,True,375,4363044.0,0,0,0,True,False,0.0038885288399221896
2022-02-07,True,375,13137880.0,0,0,0,True,False,0.003774297037176799
2022-02-08,True,375,5262799.0,0,0,0,True,False,0.003278688524590123
2022-02-09,True,375,2306248.0,0,0,0,True,False,0.00905404130906362
2022-02-10,True,375,1830645.0,0,0,0,True,False,0.0020522388059702745
2022-02-11,True,375,2156259.0,0,0,0,True,False,-0.007495835646862736
2022-02-14,True,375,6479680.0,0,0,0,True,False,-0.025175089911035342
2022-02-15,True,375,3525458.0,0,0,0,True,False,0.0037992401519695296
2022-02-16,True,375,2595389.0,0,0,0,True,False,0.00496277915632759
2022-02-17,True,375,2710479.0,0,0,0,True,False,0.010101010101010166
2022-02-18,True,375,2169839.0,0,0,0,True,False,-0.0037109374999999556
2022-02-21,True,375,2878682.0,0,0,0,True,False,-0.006988255847811264
2022-02-22,True,375,3923283.0,0,0,0,True,False,-0.020436100518236078
2022-02-23,True,375,2609449.0,0,0,0,True,False,0.010243020686884874
2022-02-24,True,375,5178317.0,0,0,0,True,False,-0.03643480879253236
2022-02-25,True,375,4483501.0,0,0,0,True,False,0.019324697387980594
2022-02-28,True,375,3594515.0,0,0,0,True,False,-0.01416020671834628
2022-03-02,True,375,3264780.0,0,0,0,True,False,-0.01178416373785407
2022-03-03,True,375,3222716.0,0,0,0,True,False,0.010526315789473717
2022-03-04,True,375,3686721.0,0,0,0,True,False,-0.013713306192414731
2022-03-07,False,353,,0,0,0,False,False,-0.032223183391003385
2022-03-08,True,375,7533889.0,0,0,0,True,False,-0.007140428425705503
2022-03-09,True,375,4914834.0,0,0,0,True,False,0.00454545454545463
2022-03-10,True,375,8269552.0,0,0,0,True,False,0.039601769911504325
2022-03-11,True,375,3633026.0,0,0,0,True,False,-0.0023529411764706687
2022-03-14,True,375,3869447.0,0,0,0,True,False,0.0003185727938832539
2022-03-15,True,375,5183743.0,0,0,0,True,False,0.00720906282183309
2022-03-16,True,375,3189113.0,0,0,0,True,False,0.016285301999587665
2022-03-17,True,375,4210851.0,0,0,0,True,False,0.014743263853584043
2022-03-21,True,375,3137339.0,0,0,0,True,False,0.0025963650888756185
2022-03-22,True,375,2201243.0,0,0,0,True,False,0.001020199959191892
2022-03-23,True,375,3674822.0,0,0,0,True,False,0.006867299535447291
2022-03-24,True,375,2360665.0,0,0,0,True,False,-0.010103071742014413
2022-03-25,True,375,1796757.0,0,0,0,True,False,0.009960977613473032
2022-03-28,True,375,2169281.0,0,0,0,True,False,-0.0019312868469201216
2022-03-29,True,375,2028668.0,0,0,0,True,False,0.0045203415369161615
2022-03-30,True,375,1690963.0,0,0,0,True,False,0.008177688036345332
2022-03-31,True,375,1555687.0,0,0,0,True,False,0.0026369168356998873
2022-04-01,True,375,1377872.0,0,0,0,True,False,-0.004561581348200727
2022-04-04,True,375,5237427.0,0,0,0,True,False,0.0016717474677943045
2022-04-05,True,375,2523982.0,0,0,0,True,False,0.004589395566839238
2022-04-06,True,375,2131357.0,0,0,0,True,False,-0.0019685039370078705
2022-04-07,True,375,2171828.0,0,0,0,True,False,-0.00516871464794233
2022-04-08,True,375,2069671.0,0,0,0,True,False,0.0057109669925468065
2022-04-11,True,375,3067343.0,0,0,0,True,False,-0.005037783375314908
2022-04-12,True,375,3032128.0,0,0,0,True,False,-0.004368932038834927
2022-04-13,True,375,1270305.0,0,0,0,True,False,0.0035121951219512226
2022-04-18,True,375,2692967.0,0,0,0,True,False,-0.011010237589337502
2022-04-19,True,375,2027475.0,0,0,0,True,False,0.006273894716204209
2022-04-20,True,375,2082873.0,0,0,0,True,False,0.01065929727595738
2022-04-21,True,375,1489404.0,0,0,0,True,False,0.00824823252160245
2022-04-22,True,375,3773337.0,0,0,0,True,False,-0.008601527012660815
2022-04-25,True,375,2872436.0,0,0,0,True,False,-0.009009009009009028
2022-04-26,True,375,1827555.0,0,0,0,True,False,0.008080808080808133
2022-04-27,True,375,1341252.0,0,0,0,True,False,-0.010097010492971736
2022-04-28,True,375,1432699.0,0,0,0,True,False,0.0025105442860011706
2022-04-29,True,375,2620078.0,0,0,0,True,False,0.0007878668505023612
2022-05-02,True,375,2743035.0,0,0,0,True,False,-0.006453564586064386
2022-05-04,True,375,1483981.0,0,0,0,True,False,0.0022407822367080943
2022-05-05,True,375,2150507.0,0,0,0,True,False,0.012949039264828821
2022-05-06,True,375,1964814.0,0,0,0,True,False,-0.018750000000000044
2022-05-09,True,375,2298630.0,0,0,0,True,False,-0.018312757201646046
2022-05-10,True,375,1573287.0,0,0,0,True,False,0.0011543708678769526
2022-05-11,True,375,1841250.0,0,0,0,True,False,0.0034839527027026307
2022-05-12,True,375,3273636.0,0,0,0,True,False,-0.012526096033402934
2022-05-13,True,375,3201970.0,0,0,0,True,False,0.014588286146531182
2022-05-16,True,375,5844131.0,0,0,0,True,False,0.010101010101010166
2022-05-17,True,375,1983682.0,0,0,0,True,False,0.005154073911613155
2022-05-18,True,375,2284390.0,0,0,0,True,False,0.0009626698042570769
2022-05-19,True,375,2521700.0,0,0,0,True,False,-0.01954148471615713
2022-05-20,True,375,2323602.0,0,0,0,True,False,0.01257791629563676
2022-05-23,True,375,1720396.0,0,0,0,True,False,0.0012972972972973285
2022-05-24,True,375,1463530.0,0,0,0,True,False,0.0030368763557482303
2022-05-25,True,375,1953277.0,0,0,0,True,False,-0.005179110919292129
2022-05-26,True,375,1392766.0,0,0,0,True,False,0.007498070349542418
2022-05-27,True,375,2588951.0,0,0,0,True,False,0.0038330494037477347
2022-05-30,True,375,1467034.0,0,0,0,True,False,0.010683760683760646
2022-05-31,True,375,1762471.0,0,0,0,True,False,-0.0016849199663016012
2022-06-01,True,375,1606831.0,0,0,0,True,False,0.0008554319931564081
2022-06-02,True,375,1728680.0,0,0,0,True,False,-0.005537806176783899
2022-06-03,True,375,2313595.0,0,0,0,True,False,0.006914893617021356
2022-06-06,True,375,1782914.0,0,0,0,True,False,-0.0016130766749112846
2022-06-07,True,375,1423466.0,0,0,0,True,False,-0.0037748058671268625
2022-06-08,True,375,1605792.0,0,0,0,True,False,0.00571182239465462
2022-06-09,True,375,1989179.0,0,0,0,True,False,-0.004352441613588165
2022-06-10,True,375,1244553.0,0,0,0,True,False,-0.011130136986301387
2022-06-13,True,375,2751053.0,0,0,0,True,False,-0.017528673447305798
2022-06-14,True,375,1492169.0,0,0,0,True,False,-0.0025776084276588618
2022-06-15,True,375,1327586.0,0,0,0,True,False,0.0021205357142857206
2022-06-16,True,375,1049694.0,0,0,0,True,False,0.011444444444444368
2022-06-17,True,375,1901329.0,0,0,0,True,False,-0.0026068230760512012
2022-06-20,True,375,1540013.0,0,0,0,True,False,-0.002259887005649719
2022-06-21,True,375,1262833.0,0,0,0,True,False,0.011507479861910141
2022-06-22,True,375,1533517.0,0,0,0,True,False,-0.004988913525498906
2022-06-23,True,375,1313622.0,0,0,0,True,False,0.00436192819595127
2022-06-24,True,375,1773773.0,0,0,0,True,False,0.010083102493074758
2022-06-27,True,375,1546887.0,0,0,0,True,False,0.011546074334726208
2022-06-28,True,375,1517657.0,0,0,0,True,False,-0.006064544076240019
2022-06-29,True,375,1170537.0,0,0,0,True,False,-0.010220548682087105
2022-06-30,True,375,2795942.0,0,0,0,True,False,0.00010894432944774657
2022-07-01,True,375,1421334.0,0,0,0,True,False,-0.00461868958109557
2022-07-04,True,375,1052974.0,0,0,0,True,False,-0.0033091374893252645
2022-07-05,True,375,1861239.0,0,0,0,True,False,0.002849303503587919
2022-07-06,True,375,1406534.0,0,0,0,True,False,0.005608465608465618
2022-07-07,True,375,1164738.0,0,0,0,True,False,0.007179273748829429
2022-07-08,True,375,1279774.0,0,0,0,True,False,0.004313000616142926
2022-07-11,True,375,934714.0,0,0,0,True,False,-0.007063158972259176
2022-07-12,True,375,1273303.0,0,0,0,True,False,-0.006249359696752443
2022-07-13,True,375,2016145.0,0,0,0,True,False,0.008998758791890715
2022-07-14,True,375,1442478.0,0,0,0,True,False,0.0012345679012346622
2022-07-15,True,375,1111209.0,0,0,0,True,False,0.004684572142410914
2022-07-18,True,375,987331.0,0,0,0,True,False,0.012114882506527369
2022-07-19,True,375,686679.0,0,0,0,True,False,-0.0032679738562092497
2022-07-20,True,375,2261655.0,0,0,0,True,False,0.006226149829283045
2022-07-21,True,375,1515025.0,0,0,0,True,False,0.004729996058336683
2022-07-22,True,375,2373707.0,0,0,0,True,False,0.004401408450704247
2022-07-25,True,375,1514114.0,0,0,0,True,False,0.0029302598163702953
2022-07-26,True,375,2243564.0,0,0,0,True,False,0.0028087167070218744
2022-07-27,True,375,1363225.0,0,0,0,True,False,0.00311465836091096
2022-07-28,True,375,2621165.0,0,0,0,True,False,0.009179521150752379
2022-07-29,True,375,1565756.0,0,0,0,True,False,0.005638567803777805
2022-08-01,True,375,1134217.0,0,0,0,True,False,0.002653273950535384
2022-08-02,True,375,2889458.0,0,0,0,True,False,-0.002718665041717583
2022-08-03,True,375,2328939.0,0,0,0,True,False,0.0035185185185184764
2022-08-04,True,375,2260505.0,0,0,0,True,False,0.005641879393266658
2022-08-05,True,375,2627158.0,0,0,0,True,False,0.0061055795603983665
2022-08-08,True,375,8786612.0,0,0,0,True,False,-0.015685169531323373
2022-08-10,True,375,2587066.0,0,0,0,True,False,0.002017291066282345
2022-08-11,True,375,2399569.0,0,0,0,True,False,0.011870013621327224
2022-08-12,True,375,2038985.0,0,0,0,True,False,0.0022878932316492406
2022-08-16,True,375,1326560.0,0,0,0,True,False,0.004142346074185621
2022-08-17,True,375,1207329.0,0,0,0,True,False,0.004272692745917128
2022-08-18,True,375,2319030.0,0,0,0,True,False,-0.0017999242137172189
2022-08-19,True,375,895638.0,0,0,0,True,False,0.0
2022-08-22,True,375,1743278.0,0,0,0,True,False,-0.0021149778888676085
2022-08-23,True,375,1476818.0,0,0,0,True,False,-0.005576208178438735
2022-08-24,True,375,1329684.0,0,0,0,True,False,-0.007837889504874851
2022-08-25,True,375,1628502.0,0,0,0,True,False,0.003171247357294016
2022-08-26,True,375,1116561.0,0,0,0,True,False,0.007017206575026469
2022-08-29,True,375,2096198.0,0,0,0,True,False,-0.025166825548141092
2022-08-30,True,375,2036276.0,0,0,0,True,False,0.006213592233009768
2022-09-01,True,375,3249093.0,0,0,0,True,False,-0.016478342749529196
2022-09-02,True,375,1982882.0,0,0,0,True,False,0.005147402901263476
2022-09-05,True,375,1100191.0,0,0,0,True,False,0.001865671641791078
2022-09-06,True,375,1104058.0,0,0,0,True,False,-0.0013921113689094877
2022-09-07,True,375,1474817.0,0,0,0,True,False,-0.005582433941198395
2022-09-08,True,375,1254580.0,0,0,0,True,False,0.007329449351625605
2022-09-09,True,375,3888200.0,0,0,0,True,False,0.008069692801467188
2022-09-12,True,375,1651971.0,0,0,0,True,False,0.0053446870187516815
2022-09-13,True,375,1605423.0,0,0,0,True,False,0.009009009009008917
2022-09-14,True,375,3827728.0,0,0,0,True,False,-0.014778325123152691
2022-09-15,True,375,2623455.0,0,0,0,True,False,0.00043683382841175344
2022-09-16,True,375,1506379.0,0,0,0,True,False,-0.004199475065616798
2022-09-19,True,375,1650018.0,0,0,0,True,False,-0.0031999999999998696
2022-09-20,True,375,1617153.0,0,0,0,True,False,0.009519650655021916
2022-09-21,True,375,1316730.0,0,0,0,True,False,0.0024407252440725724
2022-09-22,True,375,1452604.0,0,0,0,True,False,-0.004041824092786195
2022-09-23,True,375,1772675.0,0,0,0,True,False,-0.004757709251101416
2022-09-26,True,375,2342297.0,0,0,0,True,False,-0.009257578507896214
2022-09-27,True,375,1762319.0,0,0,0,True,False,-0.0013753896937465093
2022-09-28,True,375,1395438.0,0,0,0,True,False,-0.011317254174397107
2022-09-29,True,375,1955021.0,0,0,0,True,False,0.010120297880465756
2022-09-30,True,375,1929863.0,0,0,0,True,False,0.0
2022-10-03,True,375,1480650.0,0,0,0,True,False,-0.007431097733044734
2022-10-04,True,375,2062452.0,0,0,0,True,False,0.026974951830443183
2022-10-06,True,375,2034951.0,0,0,0,True,False,0.003095975232198178
2022-10-07,True,375,1582143.0,0,0,0,True,False,-0.0034428212524425517
2022-10-10,True,375,1531341.0,0,0,0,True,False,-0.010912511759172072
2022-10-11,True,375,1359407.0,0,0,0,True,False,-0.001223184042152714
2022-10-12,True,375,1340836.0,0,0,0,True,False,0.005692599620493288
2022-10-13,True,375,1826148.0,0,0,0,True,False,-0.0026197604790418882
2022-10-14,True,375,2439604.0,0,0,0,True,False,0.015903429775819156
2022-10-17,True,375,1468065.0,0,0,0,True,False,-0.0026525198938991412
2022-10-18,True,375,3900190.0,0,0,0,True,False,0.005698529411764852
2022-10-19,True,375,1716838.0,0,0,0,True,False,0.001066856330014243
2022-10-20,True,375,1107659.0,0,0,0,True,False,-0.0031602708803611934
2022-10-21,True,375,2655245.0,0,0,0,True,False,0.0031503150315030926
2022-10-24,False,60,,0,0,60,False,False,0.009525505207869767
2022-10-25,True,375,2147985.0,0,0,0,True,False,0.0008741258741258306
2022-10-27,True,375,2192335.0,0,0,0,True,False,0.012132767137533529
2022-10-28,True,375,1370040.0,0,0,0,True,False,0.0013813347146680588
2022-10-31,True,375,1654382.0,0,0,0,True,False,0.0051573426573428005
2022-11-01,True,375,2225343.0,0,0,0,True,False,0.00488187603521939
2022-11-02,True,375,1464392.0,0,0,0,True,False,-0.0005206525511975979
2022-11-03,True,375,1996172.0,0,0,0,True,False,-0.007500436071864569
2022-11-04,True,375,6041687.0,0,0,0,True,False,0.0031669947787382746
2022-11-07,True,375,17556842.0,0,0,0,True,False,0.029041463824072355
2022-11-09,True,375,2978809.0,0,0,0,True,False,0.01098901098901095
2022-11-10,True,375,1826240.0,0,0,0,True,False,-0.0024406117800195304
2022-11-11,True,375,3299895.0,0,0,0,True,False,0.020163622841087525
2022-11-14,True,375,1979263.0,0,0,0,True,False,0.0057452123230641305
2022-11-15,True,375,1448907.0,0,0,0,True,False,0.0027841052898001095
2022-11-16,True,375,1389437.0,0,0,0,True,False,-0.0025768911055693566
2022-11-17,True,375,1242918.0,0,0,0,True,False,0.00016694490818025542
2022-11-18,True,375,1582297.0,0,0,0,True,False,0.0042610076029743205
2022-11-21,True,375,1554161.0,0,0,0,True,False,8.304958059968115e-05
2022-11-22,True,375,897510.0,0,0,0,True,False,0.00025083612040122105
2022-11-23,True,375,2805594.0,0,0,0,True,False,0.0027504584097348683
2022-11-24,True,375,1732097.0,0,0,0,True,False,0.004365014000988321
2022-11-25,True,375,2131725.0,0,0,0,True,False,0.0015583989501311013
2022-11-28,True,375,796284.0,0,0,0,True,False,-0.0026350461133070047
2022-11-29,True,375,1197817.0,0,0,0,True,False,-0.0014802631578947345
2022-11-30,True,375,1304448.0,0,0,0,True,False,0.0006577865482650935
2022-12-01,True,375,1649117.0,0,0,0,True,False,0.008043117744610306
2022-12-02,True,375,1500903.0,0,0,0,True,False,-0.000822368421052655
2022-12-05,True,375,1100321.0,0,0,0,True,False,0.001481237656352885
2022-12-06,True,375,1629942.0,0,0,0,True,False,-0.003485167774355591
2022-12-07,True,375,1023637.0,0,0,0,True,False,0.0025439028393239305
2022-12-08,True,375,1489917.0,0,0,0,True,False,0.004613230084850484
2022-12-09,True,375,1471594.0,0,0,0,True,False,0.003511637403021517
2022-12-12,True,375,1453037.0,0,0,0,True,False,-0.0034041173609985487
2022-12-13,True,375,1099503.0,0,0,0,True,False,0.002860645688598229
2022-12-14,True,375,3082249.0,0,0,0,True,False,0.0040584415584414835
2022-12-15,True,375,2159236.0,0,0,0,True,False,0.00039980809211570545
2022-12-16,True,375,1384337.0,0,0,0,True,False,-0.004311396729846262
2022-12-19,True,375,1119122.0,0,0,0,True,False,-0.0005791346074295323
2022-12-20,True,375,1027147.0,0,0,0,True,False,-0.00404657692625332
2022-12-21,True,375,1153969.0,0,0,0,True,False,0.0009912440112340715
2022-12-22,True,375,1728657.0,0,0,0,True,False,0.003614356560477372
2022-12-23,True,375,1908587.0,0,0,0,True,False,-0.0037149611617697254
2022-12-26,True,375,1877794.0,0,0,0,True,False,0.0017452006980802626
2022-12-27,True,375,2127308.0,0,0,0,True,False,0.005695142378559392
2022-12-28,True,375,999271.0,0,0,0,True,False,-0.0015784663952812528
2022-12-29,True,375,1131053.0,0,0,0,True,False,-0.0016638935108153063
2022-12-30,True,375,1976021.0,0,0,0,True,False,0.0019542382542139247
2023-01-02,True,375,1043763.0,0,0,0,True,False,0.0011396011396012096
2023-01-03,True,375,867293.0,0,0,0,True,False,0.004084967320261423
2023-01-04,True,375,1072946.0,0,0,0,True,False,-0.0016317206494248504
2023-01-05,True,375,981797.0,0,0,0,True,False,0.001732816238963597
2023-01-06,True,375,826241.0,0,0,0,True,False,0.0027238959966982
2023-01-09,True,375,1381697.0,0,0,0,True,False,0.005317381189764214
2023-01-10,True,375,1069372.0,0,0,0,True,False,0.0
2023-01-11,True,375,1534730.0,0,0,0,True,False,0.0015952980688498375
2023-01-12,True,375,1356281.0,0,0,0,True,False,0.0015075376884421399
2023-01-13,True,375,1025620.0,0,0,0,True,False,0.004958399865534702
2023-01-16,True,375,1067427.0,0,0,0,True,False,0.003828866322623581
2023-01-17,True,375,895457.0,0,0,0,True,False,-8.291186468778466e-05
2023-01-18,True,375,2830866.0,0,0,0,True,False,0.004128401718763053
2023-01-19,True,375,1244373.0,0,0,0,True,False,0.0
2023-01-20,True,375,1329574.0,0,0,0,True,False,0.006952687807359581
2023-01-23,True,375,1226243.0,0,0,0,True,False,0.009956125548430617
2023-01-24,True,375,815242.0,0,0,0,True,False,0.004159733777038266
2023-01-25,True,375,2002142.0,0,0,0,True,False,0.003198922468221177
2023-01-27,True,375,6280807.0,0,0,0,True,False,-0.0008795074758135568
2023-01-30,True,375,9705359.0,0,0,0,True,False,-0.010887617641631264
2023-01-31,True,375,2520499.0,0,0,0,True,False,0.0068353962682432545
2023-02-01,True,375,3011345.0,0,0,0,True,False,0.008261494252873591
2023-02-02,True,375,10902482.0,0,0,0,True,False,-0.012903225806451535
2023-02-03,True,375,5830562.0,0,0,0,True,False,0.007140172867343031
2023-02-06,True,375,8327034.0,0,0,0,True,False,0.025133003118693598
2023-02-07,True,375,2196043.0,0,0,0,True,False,0.0076307805461064415
2023-02-08,True,375,2322496.0,0,0,0,True,False,0.00695715854998169
2023-02-09,True,375,3005920.0,0,0,0,True,False,0.0029069767441860517
2023-02-10,True,375,2009405.0,0,0,0,True,False,-0.008166969147005432
2023-02-13,True,375,2230507.0,0,0,0,True,False,0.001989509857116989
2023-02-14,True,375,2818223.0,0,0,0,True,False,0.005306274436790215
2023-02-15,True,375,1759809.0,0,0,0,True,False,-0.0016638935108153063
2023-02-16,True,375,1819213.0,0,0,0,True,False,0.0074613117170230225
2023-02-17,True,375,1454425.0,0,0,0,True,False,-0.0014834044131279978
2023-02-20,True,375,1695860.0,0,0,0,True,False,0.0025440497503061987
2023-02-21,True,375,1679637.0,0,0,0,True,False,0.0031401655723664046
2023-02-22,True,375,2138077.0,0,0,0,True,False,-0.005822833142420714
2023-02-23,True,375,1993503.0,0,0,0,True,False,0.0003870343492986539
2023-02-24,True,375,2426183.0,0,0,0,True,False,0.002294455066921719
2023-02-27,True,375,1633080.0,0,0,0,True,False,-0.000767018216682569
2023-02-28,True,375,1643669.0,0,0,0,True,False,-0.0004739336492890489
2023-03-01,True,375,1572015.0,0,0,0,True,False,0.0015312470092831987
2023-03-02,True,375,2005627.0,0,0,0,True,False,-0.0005594405594404606
2023-03-03,True,375,6421331.0,0,0,0,True,False,0.014221556886227615
2023-03-06,True,375,2749469.0,0,0,0,True,False,0.006951871657753905
2023-03-08,True,375,2861563.0,0,0,0,True,False,-0.003203987184051238
2023-03-09,True,375,1269300.0,0,0,0,True,False,0.002218278615794045
2023-03-10,True,375,2562677.0,0,0,0,True,False,-0.01002326830141409
2023-03-13,True,375,1662328.0,0,0,0,True,False,-0.001551519576526439
2023-03-14,True,375,2456843.0,0,0,0,True,False,-0.004433962264150937
2023-03-15,True,375,1744626.0,0,0,0,True,False,0.007224334600760329
2023-03-16,True,375,2848319.0,0,0,0,True,False,0.002417093686551297
2023-03-17,True,375,1519145.0,0,0,0,True,False,0.005707219632835603
2023-03-20,True,375,2144452.0,0,0,0,True,False,-0.008286252354048895
2023-03-21,True,375,3465786.0,0,0,0,True,False,0.0038461538461538325
2023-03-22,True,375,2093317.0,0,0,0,True,False,0.0008624820316245341
2023-03-23,True,375,3206096.0,0,0,0,True,False,-0.004122327677116289
2023-03-24,True,375,2612777.0,0,0,0,True,False,0.004980955171403512
2023-03-27,True,375,2919498.0,0,0,0,True,False,0.003165809259992214
2023-03-28,True,375,2293393.0,0,0,0,True,False,0.004912073877591183
2023-03-29,True,375,2649576.0,0,0,0,True,False,0.0007864726700745894
2023-03-31,True,375,2606184.0,0,0,0,True,False,0.007059961315280416
2023-04-03,True,375,2299633.0,0,0,0,True,False,0.0033460803059273125
2023-04-05,True,375,2189883.0,0,0,0,True,False,0.0019011406844107182
2023-04-06,True,375,2242341.0,0,0,0,True,False,0.0009551098376312517
2023-04-10,True,375,2500049.0,0,0,0,True,False,0.002557302519416549
2023-04-11,True,375,4478634.0,0,0,0,True,False,0.009700427960057212
2023-04-12,True,375,4759783.0,0,0,0,True,False,0.001314553990610312
2023-04-13,True,375,4146940.0,0,0,0,True,False,0.0001889644746786434
2023-04-17,True,375,4706324.0,0,0,0,True,False,-0.010309278350515427
2023-04-18,False,376,4139598.0,0,0,1,False,False,0.0017450404114622842
2023-04-19,True,375,3255651.0,0,0,0,True,False,-0.0022925263640531934
2023-04-20,True,375,4546100.0,0,0,0,True,False,0.0033370411568409697
2023-04-21,True,375,4694282.0,0,0,0,True,False,0.0011940846881601797
2023-04-24,True,375,4228918.0,0,0,0,True,False,0.002765996680804017
2023-04-25,True,375,6396747.0,0,0,0,True,False,0.0018954779312212455
2023-04-26,True,375,5373545.0,0,0,0,True,False,0.0012471049349724872
2023-04-27,True,375,2147374.0,0,0,0,True,False,-0.003527336860670194
2023-04-28,True,375,2663566.0,0,0,0,True,False,0.006648346777767822
2023-05-02,True,375,2121645.0,0,0,0,True,False,0.006769658045478133
2023-05-03,True,375,1759173.0,0,0,0,True,False,-0.006528551532033466
2023-05-04,True,375,2070845.0,0,0,0,True,False,0.0005264081417792887
2023-05-05,True,375,2710774.0,0,0,0,True,False,0.0015535991714139552
2023-05-08,True,375,1590520.0,0,0,0,True,False,0.002081706999739641
2023-05-09,True,375,2839930.0,0,0,0,True,False,0.0005130836326321386
2023-05-10,True,375,3457608.0,0,0,0,True,False,0.002265992679100437
2023-05-11,True,375,3291525.0,0,0,0,True,False,0.0003496503496505099
2023-05-12,True,375,1665683.0,0,0,0,True,False,0.001743071291615772
2023-05-15,True,375,1927002.0,0,0,0,True,False,0.00121096790935038
2023-05-16,True,375,2299690.0,0,0,0,True,False,0.0029194573244033517
2023-05-17,True,375,2695025.0,0,0,0,True,False,8.533151292766661e-05
2023-05-18,True,375,3414748.0,0,0,0,True,False,0.005279291553133447
2023-05-19,True,375,9704761.0,0,0,0,True,False,0.0045979005812439855
2023-05-22,True,375,3320216.0,0,0,0,True,False,0.0033009034051423303
2023-05-23,True,375,2329674.0,0,0,0,True,False,0.00407596912670205
2023-05-24,True,375,2553628.0,0,0,0,True,False,-0.0008616232982939787
2023-05-25,True,375,2953330.0,0,0,0,True,False,0.00017185083347648344
2023-05-26,True,375,2308747.0,0,0,0,True,False,0.0009471327707937238
2023-05-29,True,375,2734080.0,0,0,0,True,False,0.0072556551429789895
2023-05-30,True,375,1752822.0,0,0,0,True,False,0.0011778563015312216
2023-05-31,True,375,3350297.0,0,0,0,True,False,-0.015431317986339677
2023-06-01,True,375,2505588.0,0,0,0,True,False,0.001376936316695332
2023-06-02,True,375,2140101.0,0,0,0,True,False,0.002572016460905324
2023-06-05,True,375,1499541.0,0,0,0,True,False,0.0032390044323218348
2023-06-06,True,375,1172229.0,0,0,0,True,False,0.0017035775127767216
2023-06-07,True,375,1256871.0,0,0,0,True,False,0.003241767616447566
2023-06-08,True,375,1063050.0,0,0,0,True,False,0.001953125000000222
2023-06-09,True,375,1761470.0,0,0,0,True,False,0.0
2023-06-12,True,375,1351637.0,0,0,0,True,False,0.0025929127052721768
2023-06-13,True,375,969708.0,0,0,0,True,False,0.0015556131708582832
2023-06-14,True,375,987222.0,0,0,0,True,False,0.0011277869350221348
2023-06-15,True,375,1108603.0,0,0,0,True,False,-0.0006072698880889016
2023-06-16,True,375,1446683.0,0,0,0,True,False,0.0035288928098808903
2023-06-19,True,375,1931707.0,0,0,0,True,False,0.002192982456140413
2023-06-20,False,376,1364506.0,0,0,1,False,False,-0.000614898102600181
2023-06-21,True,375,1492494.0,0,0,0,True,False,-0.0010563380281690682
2023-06-22,True,375,1459398.0,0,0,0,True,False,8.829242451002806e-05
2023-06-23,True,375,2128018.0,0,0,0,True,False,-0.0016875388578027062
2023-06-26,True,375,1319338.0,0,0,0,True,False,0.001711557517340756
2023-06-27,True,375,1516494.0,0,0,0,True,False,0.0017046474071416018
2023-06-28,True,375,2071060.0,0,0,0,True,False,0.00881445570736017
2023-06-30,True,375,1037420.0,0,0,0,True,False,0.005253940455341555
2023-07-03,True,375,2175556.0,0,0,0,True,False,0.003756442736088106
2023-07-04,True,375,3573644.0,0,0,0,True,False,0.00469724143820982
2023-07-05,True,375,2254874.0,0,0,0,True,False,0.0013582342954159277
2023-07-06,True,375,1199517.0,0,0,0,True,False,-0.0014376321353065658
2023-07-07,True,375,1247176.0,0,0,0,True,False,-0.003799071338117299
2023-07-10,True,375,2787302.0,0,0,0,True,False,0.0031207827260459897
2023-07-11,True,375,2080167.0,0,0,0,True,False,0.005492184199408445
2023-07-12,True,375,1656086.0,0,0,0,True,False,0.0
2023-07-13,True,375,2607581.0,0,0,0,True,False,0.008989145183174951
2023-07-14,True,375,1929725.0,0,0,0,True,False,0.0012798634812287712
2023-07-17,True,375,1237259.0,0,0,0,True,False,0.003761969904240825
2023-07-18,True,375,3814018.0,0,0,0,True,False,0.0017441860465114978
2023-07-19,True,375,2521004.0,0,0,0,True,False,0.003628691983122323
2023-07-20,True,375,4010294.0,0,0,0,True,False,0.0009153698926520626
2023-07-21,True,375,5158795.0,0,0,0,True,False,0.0
2023-07-24,True,375,1717335.0,0,0,0,True,False,-0.0004875274234177329
2023-07-25,True,375,1677980.0,0,0,0,True,False,0.006311700922479346
2023-07-26,True,375,1256058.0,0,0,0,True,False,0.003772347055928993
2023-07-27,True,375,1188859.0,0,0,0,True,False,0.0032552083333332593
2023-07-28,True,375,1637047.0,0,0,0,True,False,-0.0009724473257698429
2023-07-31,True,375,939340.0,0,0,0,True,False,0.001542959233392871
2023-08-01,True,375,1129176.0,0,0,0,True,False,0.0019386106623586752
2023-08-02,True,375,1731080.0,0,0,0,True,False,-0.004082632481424042
2023-08-03,True,375,1743565.0,0,0,0,True,False,-0.00033394556687249555
2023-08-04,True,375,3770580.0,0,0,0,True,False,0.005749070003381762
2023-08-07,True,375,6863752.0,0,0,0,True,False,0.0066294487090019505
2023-08-08,True,375,2770629.0,0,0,0,True,False,0.004751011789547954
2023-08-09,True,375,2267583.0,0,0,0,True,False,0.002265992679100437
2023-08-10,True,375,2640280.0,0,0,0,True,False,0.0
2023-08-11,True,375,1966083.0,0,0,0,True,False,0.0027008189580066677
2023-08-14,True,375,3721403.0,0,0,0,True,False,-0.002697998259355905
2023-08-16,True,375,4020693.0,0,0,0,True,False,-0.0039215686274510775
2023-08-17,True,375,2090332.0,0,0,0,True,False,0.0007960375022113553
2023-08-18,True,375,2285740.0,0,0,0,True,False,-0.002188183807439792
2023-08-21,True,375,1185037.0,0,0,0,True,False,0.0031515363739824664
2023-08-22,True,375,1671733.0,0,0,0,True,False,0.002100472606336501
2023-08-23,True,375,2410496.0,0,0,0,True,False,0.00510473508185183
2023-08-24,True,375,3088221.0,0,0,0,True,False,0.003210133610966448
2023-08-25,True,375,1398683.0,0,0,0,True,False,-0.005373548275264373
2023-08-28,True,375,1312864.0,0,0,0,True,False,0.0054414604177634995
2023-08-29,True,375,1006342.0,0,0,0,True,False,0.0008723719794119233
2023-08-30,True,375,1003678.0,0,0,0,True,False,0.0025206431986093403
2023-08-31,True,375,2175189.0,0,0,0,True,False,0.00317180616740087
2023-09-01,True,375,1392388.0,0,0,0,True,False,0.0009783865516321821
2023-09-04,True,375,1325972.0,0,0,0,True,False,0.004389815627743543
2023-09-05,True,375,1204318.0,0,0,0,True,False,-0.00034734282737047817
2023-09-06,True,375,1688031.0,0,0,0,True,False,0.0022689588969369012
2023-09-07,True,375,1083787.0,0,0,0,True,False,-0.005166827217794934
2023-09-08,True,375,1969457.0,0,0,0,True,False,0.0006889424733034222
2023-09-11,True,375,2396421.0,0,0,0,True,False,0.006170723345903406
2023-09-12,True,375,2983378.0,0,0,0,True,False,0.004823967501692561
2023-09-13,True,375,1895794.0,0,0,0,True,False,0.0015319148936170368
2023-09-14,True,375,2732446.0,0,0,0,True,False,0.004110738255033608
2023-09-15,True,375,1203386.0,0,0,0,True,False,0.00435693338919152
2023-09-18,True,375,2614382.0,0,0,0,True,False,0.0011703728473497765
2023-09-20,True,375,3349103.0,0,0,0,True,False,-0.003565505804311697
2023-09-21,True,375,2954487.0,0,0,0,True,False,-0.0016638935108153063
2023-09-22,True,375,4418302.0,0,0,0,True,False,0.009353741496598733
2023-09-25,True,375,1554136.0,0,0,0,True,False,0.00484463748747066
2023-09-26,True,375,1071481.0,0,0,0,True,False,0.0001683785149015904
2023-09-27,True,375,732978.0,0,0,0,True,False,-0.0016822272689039908
2023-09-28,True,375,1893902.0,0,0,0,True,False,0.0021186440677967155
2023-09-29,True,375,1364068.0,0,0,0,True,False,0.004830508474576334
2023-10-03,True,375,1653393.0,0,0,0,True,False,-0.0028413839211096636
2023-10-04,True,375,3077542.0,0,0,0,True,False,-0.0051401094345879805
2023-10-05,True,375,1697917.0,0,0,0,True,False,0.008202323991797655
2023-10-06,True,375,912311.0,0,0,0,True,False,0.0024495312104062528
2023-10-09,True,375,1938598.0,0,0,0,True,False,-0.01043419723998662
2023-10-10,True,375,1100750.0,0,0,0,True,False,0.004191258232828732
2023-10-11,True,375,1363029.0,0,0,0,True,False,0.009299966181941066
2023-10-12,True,375,944562.0,0,0,0,True,False,0.0032263542197317197
2023-10-13,True,375,3598211.0,0,0,0,True,False,-0.013489285409374108
2023-10-16,True,375,2241520.0,0,0,0,True,False,-0.0003471017007984356
2023-10-17,True,375,1422272.0,0,0,0,True,False,0.0038227628149436477
2023-10-18,True,375,836766.0,0,0,0,True,False,0.001994450225459632
2023-10-19,True,375,2086810.0,0,0,0,True,False,-0.004889975550122383
2023-10-20,True,375,1111971.0,0,0,0,True,False,-0.00245055137405914
2023-10-23,True,375,1096846.0,0,0,0,True,False,0.0005330490405117683
2023-10-25,True,375,1700288.0,0,0,0,True,False,0.011223750905141383
2023-10-26,True,375,2209777.0,0,0,0,True,False,-0.00925260510240744
2023-10-27,True,375,1758410.0,0,0,0,True,False,0.005484460694698434
2023-10-30,True,375,989680.0,0,0,0,True,False,0.0023144027060708616
2023-10-31,True,375,1492599.0,0,0,0,True,False,0.0014129282938890597
2023-11-01,True,375,1147449.0,0,0,0,True,False,0.0017691287041132764
2023-11-02,True,375,1322686.0,0,0,0,True,False,0.006698395910453181
2023-11-03,True,375,1107743.0,0,0,0,True,False,0.006993006993007089
2023-11-06,True,375,3520845.0,0,0,0,True,False,0.005181347150259086
2023-11-07,True,375,1397466.0,0,0,0,True,False,0.001219299773558502
2023-11-08,True,375,1393452.0,0,0,0,True,False,0.002670802102179737
2023-11-09,True,375,806465.0,0,0,0,True,False,0.0011199172984148742
2023-11-10,True,375,591316.0,0,0,0,True,False,0.0002596952908586747
2023-11-12,False,60,,0,0,60,False,False,0.007496768634209339
2023-11-13,True,375,832688.0,0,0,0,True,False,0.0003443526170798794
2023-11-15,True,375,1912113.0,0,0,0,True,False,0.009454232917920136
2023-11-16,True,375,1054424.0,0,0,0,True,False,0.0011986301369864005
2023-11-17,True,375,6715844.0,0,0,0,True,False,-0.016435541859270764
2023-11-20,True,375,2045520.0,0,0,0,True,False,0.001954165926452367
2023-11-21,True,375,1095946.0,0,0,0,True,False,0.004436557231588312
2023-11-22,True,375,1666210.0,0,0,0,True,False,0.002760954755967271
2023-11-23,True,375,963108.0,0,0,0,True,False,0.004021447721179516
2023-11-24,True,375,894205.0,0,0,0,True,False,0.0025869759143621884
2023-11-28,True,375,807663.0,0,0,0,True,False,0.0051721062957017505
2023-11-29,True,375,1017773.0,0,0,0,True,False,0.0058438108730298755
2023-11-30,True,375,1476521.0,0,0,0,True,False,0.0024632708718219654
2023-12-01,True,375,1870940.0,0,0,0,True,False,0.003273467221091897
2023-12-04,False,375,6941979.0,0,1,0,True,False,0.028241671767071708
2023-12-05,True,375,7989277.0,0,0,0,True,False,-0.0012588116817724426
2023-12-06,True,375,5780349.0,0,0,0,True,False,0.010117627704203214
2023-12-07,True,375,1536774.0,0,0,0,True,False,0.0037847622181996776
2023-12-08,True,375,2048613.0,0,0,0,True,False,-0.002452984464431762
2023-12-11,True,375,2493857.0,0,0,0,True,False,0.0008136696501219731
2023-12-12,True,375,1986679.0,0,0,0,True,False,0.004804169041608963
2023-12-13,True,375,1280729.0,0,0,0,True,False,0.0026107530390797606
2023-12-14,True,375,2957882.0,0,0,0,True,False,0.011308562197092087
2023-12-15,True,375,2115004.0,0,0,0,True,False,0.006975066142868691
2023-12-18,True,375,3212014.0,0,0,0,True,False,-0.0022373090572442855
2023-12-19,True,375,2292062.0,0,0,0,True,False,0.0020860696901801035
2023-12-20,True,375,2775223.0,0,0,0,True,False,0.004115853658536617
2023-12-21,True,375,3418010.0,0,0,0,True,False,-0.0037822078638405365
2023-12-22,True,375,1792972.0,0,0,0,True,False,0.0019425019425018952
2023-12-26,True,375,1527597.0,0,0,0,True,False,0.002589453860640356
2023-12-27,True,375,1058524.0,0,0,0,True,False,0.0035238841033673474
2023-12-28,True,375,2361214.0,0,0,0,True,False,0.0024666615277886272
2023-12-29,True,375,2027557.0,0,0,0,True,False,-0.006082069443375193
2024-01-01,True,375,919541.0,0,0,0,True,False,0.00046736251752621527
2024-01-02,True,375,1606846.0,0,0,0,True,False,0.004778317405608856
2024-01-03,True,375,1725631.0,0,0,0,True,False,0.00023466833541929688
2024-01-04,True,375,1616820.0,0,0,0,True,False,-0.003103180760279267
2024-01-05,True,375,2237434.0,0,0,0,True,False,0.0021752641392167593
2024-01-08,True,375,1802692.0,0,0,0,True,False,-0.0022605035466521928
2024-01-09,True,375,1526286.0,0,0,0,True,False,0.006529702181876207
2024-01-10,True,375,2402650.0,0,0,0,True,False,-0.0018372074446841857
2024-01-11,True,375,1527419.0,0,0,0,True,False,0.006430868167202508
2024-01-12,True,375,1244834.0,0,0,0,True,False,0.004104627766599478
2024-01-15,True,375,3719127.0,0,0,0,True,False,0.005508341202392186
2024-01-16,True,375,2161766.0,0,0,0,True,False,-0.0012484394506865337
2024-01-17,True,375,5778325.0,0,0,0,True,False,-0.02117647058823524
2024-01-18,True,375,1987736.0,0,0,0,True,False,-0.0010375927847395827
2024-01-19,True,375,1394544.0,0,0,0,True,False,0.007159904534606243
2024-01-20,True,375,1459508.0,0,0,0,True,False,0.0009548058561426043
2024-01-23,True,375,3361082.0,0,0,0,True,False,-0.005945303210463715
2024-01-24,True,375,2471902.0,0,0,0,True,False,0.008098504255846795
2024-01-25,True,375,2798066.0,0,0,0,True,False,0.0008090614886731018
2024-01-29,True,375,2494654.0,0,0,0,True,False,0.006504065040650486
2024-01-30,True,375,2290120.0,0,0,0,True,False,0.0020025632809996807
2024-01-31,True,375,1665213.0,0,0,0,True,False,0.0014388489208632116
2024-02-01,True,375,2400792.0,0,0,0,True,False,0.0018704699555764925
2024-02-02,True,375,3782938.0,0,0,0,True,False,0.005397070161912154
2024-02-05,True,375,9674265.0,0,0,0,True,False,-0.001388888888888884
2024-02-06,True,375,1896952.0,0,0,0,True,False,0.003035019455253085
2024-02-07,True,375,8945222.0,0,0,0,True,False,0.0003817959682346217
2024-02-08,True,375,6477778.0,0,0,0,True,False,0.004280442804428075
2024-02-09,True,375,7555139.0,0,0,0,True,False,0.00535790827261029
2024-02-12,True,375,4762600.0,0,0,0,True,False,0.000689179875947632
2024-02-13,True,375,3519764.0,0,0,0,True,False,0.0021923620933521626
2024-02-14,True,375,2715144.0,0,0,0,True,False,-0.008153510929922114
2024-02-15,True,375,6710986.0,0,0,0,True,False,0.006325706594885627
2024-02-16,True,375,4285004.0,0,0,0,True,False,0.004143101407339422
2024-02-19,True,375,2492306.0,0,0,0,True,False,0.0016502739454749005
2024-02-20,True,375,1846782.0,0,0,0,True,False,-0.0007898374251300577
2024-02-21,True,375,1792236.0,0,0,0,True,False,0.0
2024-02-22,True,375,2676878.0,0,0,0,True,False,0.0012953367875647714
2024-02-23,True,375,2024320.0,0,0,0,True,False,-0.001434159061277751
2024-02-26,True,375,2331892.0,0,0,0,True,False,-0.007036233313605589
2024-02-27,True,375,1116202.0,0,0,0,True,False,0.0006592827004219259
2024-02-28,True,375,1610080.0,0,0,0,True,False,0.000466977985323469
2024-02-29,True,375,1714230.0,0,0,0,True,False,0.0018855218855218236
2024-03-01,True,375,1372011.0,0,0,0,True,False,-0.0013280212483399723
2024-03-02,False,105,578446.0,0,0,0,False,False,0.002597571270861687
2024-03-04,True,375,1623207.0,0,0,0,True,False,0.0009047434406099786
2024-03-05,True,375,2160863.0,0,0,0,True,False,-0.002398392428858531
2024-03-06,True,375,3914475.0,0,0,0,True,False,-0.0005739063894911745
2024-03-07,True,375,2946496.0,0,0,0,True,False,0.007653061224489832
2024-03-11,True,375,1984993.0,0,0,0,True,False,0.0050890585241729624
2024-03-12,True,375,3846627.0,0,0,0,True,False,-0.005039410776586095
2024-03-13,True,375,2707800.0,0,0,0,True,False,-0.00046113306982875635
2024-03-14,True,375,3131569.0,0,0,0,True,False,0.00334492908750339
2024-03-15,True,375,1860338.0,0,0,0,True,False,-0.0023616734143050433
2024-03-18,True,375,2366825.0,0,0,0,True,False,-0.006829668078131457
2024-03-19,True,375,2054660.0,0,0,0,True,False,-0.0033449382210390954
2024-03-20,True,375,2651736.0,0,0,0,True,False,0.003598366895024574
2024-03-21,True,375,1788319.0,0,0,0,True,False,0.007057546145494031
2024-03-22,True,375,2119068.0,0,0,0,True,False,0.0014135702746365109
2024-03-26,True,375,2504941.0,0,0,0,True,False,-0.004621567314132657
2024-03-27,True,375,1579510.0,0,0,0,True,False,0.0016176867080075485
2024-03-28,True,375,2140157.0,0,0,0,True,False,0.0016972165648336812
2024-04-01,True,375,2086695.0,0,0,0,True,False,0.008101467560927
2024-04-02,True,375,1422627.0,0,0,0,True,False,0.00026385224274405594
2024-04-03,True,375,1588768.0,0,0,0,True,False,-0.001370846661009284
2024-04-04,True,375,2222971.0,0,0,0,True,False,0.005188067444876765
2024-04-05,True,375,2609527.0,0,0,0,True,False,-0.003746056782334306
2024-04-08,True,375,1228654.0,0,0,0,True,False,0.0001958480219348413
2024-04-09,True,375,752930.0,0,0,0,True,False,0.001107347576863038
2024-04-10,True,375,1325909.0,0,0,0,True,False,0.0008487301690931481
2024-04-12,True,375,2278148.0,0,0,0,True,False,-0.00019295086184711874
2024-04-15,True,375,3105135.0,0,0,0,True,False,-0.008805687822059927
2024-04-16,True,375,1739938.0,0,0,0,True,False,-0.010080379496639869
2024-04-18,True,375,1824966.0,0,0,0,True,False,-0.00099628055260359
2024-04-19,True,375,2093554.0,0,0,0,True,False,-0.01627268465813969
2024-04-22,True,375,2509657.0,0,0,0,True,False,0.00553333333333339
2024-04-23,True,375,1510909.0,0,0,0,True,False,0.002864023953655037
2024-04-24,True,375,866288.0,0,0,0,True,False,0.007115135834411479
2024-04-25,True,375,1507024.0,0,0,0,True,False,-0.0023948220064725634
2024-04-26,True,375,2528804.0,0,0,0,True,False,0.004802955665024644
2024-04-29,True,375,2352981.0,0,0,0,True,False,0.00498132004981322
2024-04-30,True,375,1595341.0,0,0,0,True,False,0.0024257125530624535
2024-05-02,True,375,4646194.0,0,0,0,True,False,0.00718635809987811
2024-05-03,True,375,1724705.0,0,0,0,True,False,0.00548027702499243
2024-05-06,True,375,10380479.0,0,0,0,True,False,0.004813477737665384
2024-05-07,True,375,2430635.0,0,0,0,True,False,0.0030883261272389717
2024-05-08,True,375,2449590.0,0,0,0,True,False,-0.0013065389161948104
2024-05-09,True,375,1955525.0,0,0,0,True,False,0.0006162188809464286
2024-05-10,True,375,7272457.0,0,0,0,True,False,0.008536585365853666
2024-05-13,True,375,2392694.0,0,0,0,True,False,0.003672644916447254
2024-05-14,True,375,1951672.0,0,0,0,True,False,0.005006489894307409
2024-05-15,True,375,1550517.0,0,0,0,True,False,0.0037901944002933785
2024-05-16,True,375,2465836.0,0,0,0,True,False,0.0056049713659069855
2024-05-17,True,375,1743851.0,0,0,0,True,False,0.002708358980672232
2024-05-18,False,105,356280.0,0,0,0,False,False,0.00568911726922372
2024-05-21,True,375,2540904.0,0,0,0,True,False,-0.000608642726719455
2024-05-22,True,375,5090751.0,0,0,0,True,False,-0.004756170981336627
2024-05-23,True,375,3485755.0,0,0,0,True,False,0.007267175572519102
2024-05-24,True,375,3220113.0,0,0,0,True,False,0.00018075555823338085
2024-05-27,True,375,1149575.0,0,0,0,True,False,0.005555555555555536
2024-05-28,True,375,1739887.0,0,0,0,True,False,0.0026394721055789105
2024-05-29,True,375,1411789.0,0,0,0,True,False,-0.003008785654110002
2024-05-30,True,375,3860978.0,0,0,0,True,False,-0.004363636363636347
2024-05-31,True,375,2344610.0,0,0,0,True,False,0.0021715526601520097
2024-06-03,True,375,16117513.0,0,0,0,True,False,0.037546557731587216
2024-06-04,True,375,16265249.0,0,0,0,True,False,-0.01320132013201325
2024-06-05,True,375,13512936.0,0,0,0,True,False,0.012095225905542017
2024-06-06,True,375,10143888.0,0,0,0,True,False,0.015808520093962386
2024-06-07,True,375,3175628.0,0,0,0,True,False,0.0029357798165137172
2024-06-10,True,375,5895026.0,0,0,0,True,False,0.005605786618444908
2024-06-11,True,375,2198276.0,0,0,0,True,False,0.00650132434384787
2024-06-12,True,375,1987468.0,0,0,0,True,False,0.0017953321364452268
2024-06-13,True,375,1496149.0,0,0,0,True,False,0.007331465697085315
2024-06-14,True,375,2852871.0,0,0,0,True,False,0.00011835720203579037
2024-06-18,True,375,2599678.0,0,0,0,True,False,0.0025613533476291916
2024-06-19,True,375,2863665.0,0,0,0,True,False,0.001774517922630947
2024-06-20,True,375,2767990.0,0,0,0,True,False,-0.0015217136837175627
2024-06-21,True,375,2218451.0,0,0,0,True,False,0.0
2024-06-24,True,375,3143506.0,0,0,0,True,False,-0.0035949670461353778
2024-06-25,True,375,2035039.0,0,0,0,True,False,0.004199160167966509
2024-06-26,True,375,1539665.0,0,0,0,True,False,-0.0024942098699447524
2024-06-27,True,375,1485778.0,0,0,0,True,False,-0.00047376524931896924
2024-06-28,True,375,3689181.0,0,0,0,True,False,0.0022485207100590987
2024-07-01,True,375,1819511.0,0,0,0,True,False,0.0012967875036840049
2024-07-02,True,375,2769692.0,0,0,0,True,False,0.0016020886489052089
2024-07-03,True,375,5782086.0,0,0,0,True,False,0.0016916384726921585
2024-07-04,True,375,2156179.0,0,0,0,True,False,0.002318530408418118
2024-07-05,True,375,2401745.0,0,0,0,True,False,-0.0005963029218842841
2024-07-08,True,375,3540139.0,0,0,0,True,False,0.0001744997673336357
2024-07-09,True,375,1761359.0,0,0,0,True,False,0.0036766851473590823
2024-07-10,True,375,3616585.0,0,0,0,True,False,0.002564401445390052
2024-07-11,True,375,1606739.0,0,0,0,True,False,0.005117346038468362
2024-07-12,True,375,1966222.0,0,0,0,True,False,0.00064241079250138
2024-07-15,True,375,1947908.0,0,0,0,True,False,-0.001973531460413236
2024-07-16,True,375,2422545.0,0,0,0,True,False,-0.0011321181931394086
2024-07-18,True,375,2072531.0,0,0,0,True,False,-0.001530612244898033
2024-07-19,True,375,1913934.0,0,0,0,True,False,0.0028011204481792618
2024-07-22,True,375,2114605.0,0,0,0,True,False,-0.009050028105677344
2024-07-23,True,375,2076745.0,0,0,0,True,False,0.005694760820045497
2024-07-24,True,375,1987359.0,0,0,0,True,False,0.0
2024-07-25,True,375,1668147.0,0,0,0,True,False,-0.007553135429474889
2024-07-26,True,375,2951669.0,0,0,0,True,False,-0.005065080393427235
2024-07-29,True,375,3737911.0,0,0,0,True,False,0.0070934356648642005
2024-07-30,True,375,1820117.0,0,0,0,True,False,0.004247990815155145
2024-07-31,True,375,2029095.0,0,0,0,True,False,0.002523948832673817
2024-08-01,True,375,1425075.0,0,0,0,True,False,0.003888380603842556
2024-08-02,True,375,2435257.0,0,0,0,True,False,-0.006033182503770607
2024-08-05,True,375,5997850.0,0,0,0,True,False,-0.020937776467118807
2024-08-06,True,375,2972354.0,0,0,0,True,False,0.015617283950617233
2024-08-07,True,375,2020980.0,0,0,0,True,False,0.011566114410753281
2024-08-08,True,375,1771275.0,0,0,0,True,False,0.001974333662388972
2024-08-09,True,375,1749701.0,0,0,0,True,False,0.00990099009900991
2024-08-12,True,375,1837403.0,0,0,0,True,False,-0.005333333333333301
2024-08-13,True,375,1879860.0,0,0,0,True,False,0.0006765483732085187
2024-08-14,True,375,2112989.0,0,0,0,True,False,0.004956085319949954
2024-08-16,True,375,1955914.0,0,0,0,True,False,-0.0002490039840638003
2024-08-19,True,375,1777780.0,0,0,0,True,False,0.004684418145956659
2024-08-20,True,375,1308662.0,0,0,0,True,False,0.004112447827154364
2024-08-21,True,375,1287456.0,0,0,0,True,False,0.002321603128054628
2024-08-22,True,375,1393785.0,0,0,0,True,False,0.0029390154298309934
2024-08-23,True,375,1062631.0,0,0,0,True,False,0.0018292682926828174
2024-08-26,True,375,1036314.0,0,0,0,True,False,0.002696739396911063
2024-08-27,True,375,1159311.0,0,0,0,True,False,0.0029433406916850036
2024-08-28,True,375,1194173.0,0,0,0,True,False,-0.00024541382906928533
2024-08-29,True,375,1400184.0,0,0,0,True,False,0.0016084132384781569
2024-08-30,True,375,1087580.0,0,0,0,True,False,0.0017776143189898175
2024-09-02,True,375,881190.0,0,0,0,True,False,0.001286370597243458
2024-09-03,True,375,1245843.0,0,0,0,True,False,0.00030417325708720355
2024-09-04,True,375,1915329.0,0,0,0,True,False,-0.00965508865678888
2024-09-05,True,375,1070712.0,0,0,0,True,False,0.002572741194486916
2024-09-06,True,375,4939325.0,0,0,0,True,False,-0.007946210268948706
2024-09-09,True,375,3757693.0,0,0,0,True,False,0.0014032402092103435
2024-09-10,True,375,1847046.0,0,0,0,True,False,0.002927325951380899
2024-09-11,True,375,2431535.0,0,0,0,True,False,-0.003640311661770368
2024-09-12,True,375,1455303.0,0,0,0,True,False,0.005188067444876765
2024-09-13,True,375,1565021.0,0,0,0,True,False,0.005721551176096629
2024-09-16,True,375,1439770.0,0,0,0,True,False,0.0014562492085601342
2024-09-17,True,375,1386590.0,0,0,0,True,False,-0.0012078062424510927
2024-09-18,True,375,1112188.0,0,0,0,True,False,0.0013414244650271634
2024-09-19,True,375,1880694.0,0,0,0,True,False,0.005437875434713746
2024-09-20,True,375,888112.0,0,0,0,True,False,0.005502846299810349
2024-09-23,True,375,2248603.0,0,0,0,True,False,0.0019120458891013214
2024-09-24,True,375,1565007.0,0,0,0,True,False,-0.0009999375039059233
2024-09-25,True,375,1505172.0,0,0,0,True,False,0.0
2024-09-26,True,375,1299153.0,0,0,0,True,False,0.003593267351698959
2024-09-27,True,375,1605939.0,0,0,0,True,False,-0.00018703241895257072
2024-09-30,True,375,2862909.0,0,0,0,True,False,-0.0004985666209647022
2024-10-01,True,375,1902961.0,0,0,0,True,False,0.0
2024-10-03,True,375,1467405.0,0,0,0,True,False,-0.007039597737272141
2024-10-04,True,375,2580079.0,0,0,0,True,False,-0.0012610340479193294
2024-10-07,True,375,1348135.0,0,0,0,True,False,0.0034493571652556287
2024-10-08,True,375,1562410.0,0,0,0,True,False,-0.0009702457956015653
2024-10-09,True,375,2301184.0,0,0,0,True,False,0.007298335467349704
2024-10-10,True,375,1010451.0,0,0,0,True,False,0.004021110831867292
2024-10-11,True,375,772750.0,0,0,0,True,False,0.00018819396524705212
2024-10-14,True,375,1055466.0,0,0,0,True,False,0.003503503503503369
2024-10-15,True,375,780533.0,0,0,0,True,False,0.0014297258656057465
2024-10-16,True,375,950549.0,0,0,0,True,False,-0.0027329192546584613
2024-10-17,True,375,2487289.0,0,0,0,True,False,0.00446705546593873
2024-10-18,True,375,1283240.0,0,0,0,True,False,-0.0002465179341796242
2024-10-21,True,375,2159782.0,0,0,0,True,False,0.005793036160741449
2024-10-22,True,375,1143431.0,0,0,0,True,False,0.0012300123001229846
2024-10-23,True,375,2336659.0,0,0,0,True,False,-0.0005060728744938903
2024-10-24,True,375,785453.0,0,0,0,True,False,0.0010825267447782672
2024-10-25,False,750,,750,0,0,False,False,0.003331866473879286
2024-10-28,False,750,,750,0,0,False,False,0.0011495721037169115
2024-10-29,False,750,,750,0,0,False,False,0.003719815900636858
2024-10-30,True,375,3035929.0,0,0,0,True,False,-0.004867495943753353
2024-10-31,True,375,1271461.0,0,0,0,True,False,-0.004310606520551263
2024-11-01,False,60,,0,0,60,False,False,0.0015832419924490804
2024-11-04,True,375,1090617.0,0,0,0,True,False,0.0009124642618163481
2024-11-05,True,375,1676183.0,0,0,0,True,False,-0.00048178259560371917
2024-11-06,False,750,,750,0,0,False,False,0.0015922627823317104
2024-11-07,True,375,2159267.0,0,0,0,True,False,0.006487813431527156
2024-11-08,False,750,,750,0,0,False,False,0.0012813046010484719
2024-11-11,True,375,2291240.0,0,0,0,True,False,0.005825704434668788
2024-11-12,True,375,1130316.0,0,0,0,True,False,0.007742774395649743
2024-11-13,True,375,2097812.0,0,0,0,True,False,-0.0032685672780097264
2024-11-14,True,375,990667.0,0,0,0,True,False,-0.0051058070866141225
2024-11-18,True,375,1351791.0,0,0,0,True,False,0.006390767512564288
2024-11-19,False,750,,750,0,0,False,False,0.00571007552035363
2024-11-21,True,375,7515293.0,0,0,0,True,False,-0.004860418743768635
2024-11-22,True,375,2767072.0,0,0,0,True,False,0.006530925854782987
2024-11-25,True,375,4902262.0,0,0,0,True,False,0.015284512921244886
2024-11-26,True,375,1275671.0,0,0,0,True,False,-0.0017150629842096476
2024-11-27,True,375,1147897.0,0,0,0,True,False,0.00023857807467497771
2024-11-28,True,375,1174834.0,0,0,0,True,False,-0.000898364975744137
2024-11-29,False,750,,750,0,0,False,False,0.0006543334721313965
2024-12-02,True,375,990759.0,0,0,0,True,False,0.00029808036246570246
2024-12-03,False,750,,750,0,0,False,False,0.0011349381757361776
2024-12-04,True,375,1357638.0,0,0,0,True,False,0.0018183951196621972
2024-12-05,True,375,859813.0,0,0,0,True,False,0.0016888940655757079
2024-12-06,True,375,1150677.0,0,0,0,True,False,0.0011570726063061532
2024-12-09,True,375,1055484.0,0,0,0,True,False,-0.004577321976939608
2024-12-10,True,375,829224.0,0,0,0,True,False,0.004428904428904312
2024-12-11,True,375,688191.0,0,0,0,True,False,-0.0009213405505009709
2024-12-12,True,375,775378.0,0,0,0,True,False,-0.00034810860988621073
2024-12-13,True,375,916622.0,0,0,0,True,False,-0.0009374267635340328
2024-12-16,True,375,695204.0,0,0,0,True,False,-0.0011617100371746902
2024-12-17,False,750,,750,0,0,False,False,-0.002440016266775147
2024-12-18,True,375,865457.0,0,0,0,True,False,0.0014120969639914716
2024-12-19,True,375,2188408.0,0,0,0,True,False,-0.01926736441484289
2024-12-20,True,375,981298.0,0,0,0,True,False,0.00318413938119555
2024-12-23,True,375,984635.0,0,0,0,True,False,0.004054054054053902
2024-12-24,True,375,545251.0,0,0,0,True,False,0.004570383912248621
2024-12-26,True,375,994585.0,0,0,0,True,False,0.00024606299212615035
2024-12-27,True,375,992293.0,0,0,0,True,False,0.0028255528255527462
2024-12-30,False,750,,750,0,0,False,False,0.0015610365282547889
2024-12-31,True,375,1214053.0,0,0,0,True,False,-0.008004538005798478
2025-01-01,True,375,543685.0,0,0,0,True,False,-0.0005653266331658857
2025-01-02,True,375,729015.0,0,0,0,True,False,0.0008812791136849629
2025-01-03,True,375,1664526.0,0,0,0,True,False,-0.001308818946712309
2025-01-06,True,375,1176670.0,0,0,0,True,False,0.005168284381696697
2025-01-07,True,375,1290563.0,0,0,0,True,False,0.0018627954779033562
2025-01-08,True,375,1133661.0,0,0,0,True,False,0.003211716341212645
2025-01-09,True,375,4678868.0,0,0,0,True,False,0.00038918077446958854
2025-01-10,True,375,1578931.0,0,0,0,True,False,-0.0021653543307086354
2025-01-13,True,375,1628254.0,0,0,0,True,False,-0.004430719656283499
2025-01-14,True,375,1426100.0,0,0,0,True,False,0.005487344811029526
2025-01-15,True,375,1242071.0,0,0,0,True,False,0.0035309793471018924
2025-01-16,True,375,2347523.0,0,0,0,True,False,0.008220631132325629
2025-01-17,True,375,927405.0,0,0,0,True,False,-0.002213541666666763
2025-01-20,True,375,1409088.0,0,0,0,True,False,0.006808064938465641
2025-01-21,True,375,1103329.0,0,0,0,True,False,0.008740359897172256
2025-01-22,True,375,1569103.0,0,0,0,True,False,0.0028954988154779038
2025-01-23,True,375,1714484.0,0,0,0,True,False,-0.004578936890304641
2025-01-24,True,375,1599287.0,0,0,0,True,False,0.004891122278056992
2025-01-27,True,375,1511749.0,0,0,0,True,False,-0.006044325050369337
2025-01-28,True,375,1690569.0,0,0,0,True,False,0.012032085561497263
2025-01-29,True,375,975831.0,0,0,0,True,False,0.001130093731303683
2025-01-30,True,375,1311024.0,0,0,0,True,False,6.591957811474813e-05
2025-01-31,True,375,850071.0,0,0,0,True,False,-0.00013071895424843216
2025-02-01,True,375,719998.0,0,0,0,True,False,0.0021989393351440345
2025-02-03,True,375,1200055.0,0,0,0,True,False,-0.0053461989829183265
2025-02-04,True,375,1316654.0,0,0,0,True,False,0.007818145982524172
2025-02-05,True,375,1912690.0,0,0,0,True,False,0.0019267822736031004
2025-02-06,True,375,2141459.0,0,0,0,True,False,0.004572175048987548
2025-02-07,True,375,5806345.0,0,0,0,True,False,0.007759135221168334
2025-02-10,True,375,2154053.0,0,0,0,True,False,0.004888647474198926
2025-02-11,True,375,1525501.0,0,0,0,True,False,0.0006105834464043003
2025-02-12,False,750,,750,0,0,False,False,0.002941176470588225
2025-02-13,True,375,1436574.0,0,0,0,True,False,0.0019783068422127847
2025-02-14,False,750,,750,0,0,False,False,0.005433287482806026
2025-02-17,True,375,1403260.0,0,0,0,True,False,-0.0024278579356270535
2025-02-18,True,375,1268924.0,0,0,0,True,False,-0.0002747630168978832
2025-02-19,True,375,1134980.0,0,0,0,True,False,-0.004755341144038638
2025-02-20,True,375,900891.0,0,0,0,True,False,-0.0015151515151515804
2025-02-21,False,750,,750,0,0,False,False,-0.002126637854153901
2025-02-24,True,375,1468451.0,0,0,0,True,False,-0.013673908516693256
2025-02-25,True,375,1316423.0,0,0,0,True,False,0.0038397095783300195
2025-02-27,False,750,,750,0,0,False,False,0.008379691571016146
2025-02-28,True,375,2017694.0,0,0,0,True,False,-0.0019934500925530285
2025-03-03,True,375,1354615.0,0,0,0,True,False,0.0005073934473760477
2025-03-04,True,375,3886145.0,0,0,0,True,False,-0.004524886877828038
2025-03-05,True,375,1607026.0,0,0,0,True,False,0.0017450788775652537
2025-03-06,True,375,2107101.0,0,0,0,True,False,0.008219178082191858
2025-03-07,True,375,1113726.0,0,0,0,True,False,0.0015734026542617574
2025-03-10,True,375,1035283.0,0,0,0,True,False,0.0010245901639345245
2025-03-11,True,375,1256901.0,0,0,0,True,False,-0.003710830126443132
2025-03-12,True,375,946300.0,0,0,0,True,False,0.0009590354843129756
2025-03-13,True,375,767662.0,0,0,0,True,False,0.004358353510895752
2025-03-17,True,375,1023386.0,0,0,0,True,False,0.0012362637362637319
2025-03-18,True,375,1132975.0,0,0,0,True,False,0.004562422231439323
2025-03-19,True,375,1545922.0,0,0,0,True,False,0.002643530129465166
2025-03-20,True,375,1169328.0,0,0,0,True,False,0.003959465807664042
2025-03-21,True,375,868444.0,0,0,0,True,False,0.001535790598290676
2025-03-24,True,375,1047965.0,0,0,0,True,False,0.004638833664678543
2025-03-25,True,375,1891766.0,0,0,0,True,False,0.003713188220230368
2025-03-26,True,375,1000563.0,0,0,0,True,False,0.0021418835594209096
2025-03-27,True,375,1286914.0,0,0,0,True,False,0.0014422446571389358
2025-03-28,True,375,818969.0,0,0,0,True,False,6.476264490640204e-05
2025-04-01,True,375,1332921.0,0,0,0,True,False,-0.00570539419087146
2025-04-02,True,375,748686.0,0,0,0,True,False,0.0013614262560777135
2025-04-03,True,375,1275544.0,0,0,0,True,False,-0.008498583569405138
2025-04-04,False,750,,750,0,0,False,False,-0.0010257725349402946
2025-04-07,True,375,3312905.0,0,0,0,True,False,-0.050097592713077455
2025-04-08,True,375,1751413.0,0,0,0,True,False,0.014686248331108098
2025-04-09,True,375,1027130.0,0,0,0,True,False,-0.003896103896103842
2025-04-11,True,375,1909085.0,0,0,0,True,False,0.022222222222222143
2025-04-15,True,375,1376433.0,0,0,0,True,False,0.02135561745589598
2025-04-16,True,375,1215311.0,0,0,0,True,False,-0.001308044473512071
2025-04-17,True,375,2372198.0,0,0,0,True,False,-0.0001942627727772317
2025-04-21,True,375,5690294.0,0,0,0,True,False,0.011589821113630716
2025-04-22,True,375,1679776.0,0,0,0,True,False,0.004833578071463451
2025-04-23,True,375,2577629.0,0,0,0,True,False,0.005722634847193486
2025-04-24,True,375,1694621.0,0,0,0,True,False,-0.001780889216408843
2025-04-25,True,375,1509683.0,0,0,0,True,False,0.004684418145956659
2025-04-28,True,375,1779695.0,0,0,0,True,False,0.0015675946827189424
2025-04-29,True,375,1953428.0,0,0,0,True,False,0.004225093380687106
2025-04-30,True,375,2618430.0,0,0,0,True,False,0.0009250693802034249
2025-05-02,True,375,2410457.0,0,0,0,True,False,0.0034916201117318746
2025-05-05,True,375,5631848.0,0,0,0,True,False,-0.022255563890972718
2025-05-06,True,375,2746361.0,0,0,0,True,False,0.004173781066211468
2025-05-07,True,375,3438510.0,0,0,0,True,False,-0.009704968944099335
2025-05-08,True,375,1290055.0,0,0,0,True,False,0.0019292604501608412
2025-05-09,False,750,,750,0,0,False,False,-0.011692468482591978
2025-05-12,True,375,3982214.0,0,0,0,True,False,0.02370275464445859
2025-05-13,True,375,2535131.0,0,0,0,True,False,-0.002934015856170813
2025-05-14,True,375,1208242.0,0,0,0,True,False,0.004738450028056507
2025-05-15,False,750,,750,0,0,False,False,0.002554835493519425
2025-05-16,False,750,,750,0,0,False,False,-0.004950495049504955
2025-05-19,True,375,1751079.0,0,0,0,True,False,-0.000504731861198704
2025-05-20,True,375,1410622.0,0,0,0,True,False,0.004657310088740596
2025-05-21,True,375,1276658.0,0,0,0,True,False,0.00044492468060775003
2025-05-22,True,375,1053144.0,0,0,0,True,False,0.000507872016251909
2025-05-23,True,375,855092.0,0,0,0,True,False,0.0026724357342835514
2025-05-26,True,375,958170.0,0,0,0,True,False,0.0022144890857322963
2025-05-27,True,375,876893.0,0,0,0,True,False,0.0003148019895484744
2025-05-28,True,375,1192050.0,0,0,0,True,False,0.0006297229219143219
2025-05-29,True,375,1224233.0,0,0,0,True,False,0.0037688442211054607
2025-05-30,False,750,,750,0,0,False,False,-0.00012529758175672256
2025-06-02,True,375,8293836.0,0,0,0,True,False,-0.0007990165949600669
2025-06-03,True,375,2196552.0,0,0,0,True,False,0.0033189920098342096
2025-06-04,True,375,2791637.0,0,0,0,True,False,0.010888393961890674
2025-06-05,True,375,876942.0,0,0,0,True,False,0.003972687771570449
2025-06-06,True,375,994191.0,0,0,0,True,False,-0.0001859196826970999
2025-06-09,True,375,3286901.0,0,0,0,True,False,0.005845074755429724
2025-06-10,True,375,930598.0,0,0,0,True,False,0.0012195121951219523
2025-06-11,True,375,804976.0,0,0,0,True,False,0.0
2025-06-12,True,375,1010197.0,0,0,0,True,False,0.0019646365422396617
2025-06-13,False,750,,750,0,0,False,False,-0.022077114427860645
2025-06-16,True,375,902378.0,0,0,0,True,False,-0.0010084457330139518
2025-06-17,True,375,1321098.0,0,0,0,True,False,0.0009454774661203924
2025-06-18,True,375,688617.0,0,0,0,True,False,0.0005681459503819042
2025-06-19,True,375,1932781.0,0,0,0,True,False,0.002213508727548774
2025-06-20,True,375,1246995.0,0,0,0,True,False,0.005747126436781658
2025-06-23,True,375,837358.0,0,0,0,True,False,-0.006601697579377563
2025-06-24,True,375,1912118.0,0,0,0,True,False,0.011456421292486807
2025-06-25,True,375,883447.0,0,0,0,True,False,0.004712535344015167
2025-06-26,True,375,1790352.0,0,0,0,True,False,0.0024999999999999467
2025-06-27,True,375,7622214.0,0,0,0,True,False,0.00940438871473348
2025-06-30,True,375,3427593.0,0,0,0,True,False,0.005531042197501668
2025-07-01,True,375,1554143.0,0,0,0,True,False,0.00018296029761533106
2025-07-02,True,375,1129419.0,0,0,0,True,False,0.0009753718605218786
2025-07-03,True,375,748009.0,0,0,0,True,False,0.0009843730773961834
2025-07-04,False,750,,750,0,0,False,False,0.0021685254027261625
2025-07-07,True,375,559550.0,0,0,0,True,False,-0.0001232589670897566
2025-07-08,True,375,549267.0,0,0,0,True,False,0.0008671952428145335
2025-07-09,True,375,582756.0,0,0,0,True,False,-0.0027700831024930483
2025-07-10,True,375,624524.0,0,0,0,True,False,-0.00012324377618933013
2025-07-11,True,375,765617.0,0,0,0,True,False,0.0
2025-07-14,True,375,1602658.0,0,0,0,True,False,0.0015459773668913268
2025-07-15,True,375,475276.0,0,0,0,True,False,0.002348288221480699
2025-07-16,True,375,1753254.0,0,0,0,True,False,-0.0004899559039686086
2025-07-17,True,375,5203608.0,0,0,0,True,False,0.009512341962673032
2025-07-18,True,375,2279973.0,0,0,0,True,False,0.0039215686274509665
2025-07-21,True,375,1311507.0,0,0,0,True,False,0.0
2025-07-22,True,375,1662633.0,0,0,0,True,False,0.005406718911366237
2025-07-23,True,375,3270523.0,0,0,0,True,False,-0.0031286424145757774
2025-07-24,True,375,1203271.0,0,0,0,True,False,-6.097189195775066e-05
2025-07-25,True,375,881831.0,0,0,0,True,False,-0.001898346601347134
2025-07-28,True,375,916210.0,0,0,0,True,False,0.0008065516813500206
2025-07-29,True,375,696126.0,0,0,0,True,False,-0.00018831209591363418
2025-07-30,True,375,653802.0,0,0,0,True,False,0.00012517994617256
2025-07-31,True,375,1063208.0,0,0,0,True,False,-0.006124999999999936
2025-08-01,True,375,582501.0,0,0,0,True,False,-0.0007534848675121442
2025-08-04,True,375,1130562.0,0,0,0,True,False,0.0019547260230783348
2025-08-05,True,375,869936.0,0,0,0,True,False,0.001506024096385561
2025-08-06,True,375,516111.0,0,0,0,True,False,-6.242197253425452e-05
2025-08-07,True,375,731943.0,0,0,0,True,False,-0.004349987571464098
2025-08-08,False,750,,750,0,0,False,False,-0.000744786494538241
2025-08-11,True,375,4042320.0,0,0,0,True,False,0.006728133565910843
2025-08-12,True,375,1444971.0,0,0,0,True,False,0.00481120584652861
2025-08-13,True,375,539446.0,0,0,0,True,False,0.0018877116063815702
2025-08-14,True,375,517146.0,0,0,0,True,False,0.0005477451159394686
2025-08-18,True,375,1566944.0,0,0,0,True,False,0.012719563900666309
2025-08-19,True,375,478999.0,0,0,0,True,False,0.0015734688937303343
2025-08-20,True,375,698979.0,0,0,0,True,False,-0.0019270143321690192
2025-08-21,True,375,455609.0,0,0,0,True,False,6.032090722651873e-05
2025-08-22,True,375,508396.0,0,0,0,True,False,-0.001696147322510222
2025-08-25,True,375,426046.0,0,0,0,True,False,0.000795788442703449
2025-08-26,True,375,585484.0,0,0,0,True,False,-0.002020820575627691
2025-08-28,True,375,1079911.0,0,0,0,True,False,-0.0014225630875803752
2025-08-29,True,375,665869.0,0,0,0,True,False,-0.0025537215820615744
2025-09-01,True,375,838747.0,0,0,0,True,False,0.0008723828514456411
2025-09-02,True,375,436603.0,0,0,0,True,False,0.0009931719428926122
2025-09-03,True,375,587877.0,0,0,0,True,False,0.0006842923794712075
2025-09-04,True,375,819584.0,0,0,0,True,False,0.00202952029520298
2025-09-05,True,375,469028.0,0,0,0,True,False,0.0020374143359880303
2025-09-08,True,375,591213.0,0,0,0,True,False,0.0013011958609578933
2025-09-09,True,375,413192.0,0,0,0,True,False,0.004950495049504955
2025-09-10,True,375,659901.0,0,0,0,True,False,0.004950495049504955
2025-09-11,True,375,820250.0,0,0,0,True,False,0.0007941841285357132
2025-09-12,True,375,830341.0,0,0,0,True,False,-0.0004851425106124907
2025-09-15,True,375,712623.0,0,0,0,True,False,0.0004251700680271142
2025-09-16,True,375,760307.0,0,0,0,True,False,0.0013349514563107956
2025-09-17,True,375,509040.0,0,0,0,True,False,0.0015606242496997158
2025-09-18,True,375,1832405.0,0,0,0,True,False,0.002042245302835699
2025-09-19,False,750,,750,0,0,False,False,-0.0024587284861258274
2025-09-22,True,375,1158249.0,0,0,0,True,False,-0.0006376441945393774
2025-09-23,True,375,683830.0,0,0,0,True,False,-0.00011700011700011004
2025-09-24,True,375,2528577.0,0,0,0,True,False,0.0074755606670500185
2025-09-25,True,375,957087.0,0,0,0,True,False,0.0004618137735956651
2025-09-26,True,375,1092265.0,0,0,0,True,False,0.0006384584131404747
2025-09-29,True,375,705693.0,0,0,0,True,False,0.0008164693532395351
2025-09-30,True,375,1678232.0,0,0,0,True,False,-5.747126436772554e-05
2025-10-01,True,375,810919.0,0,0,0,True,False,-0.001602380679867288
2025-10-03,True,375,1106657.0,0,0,0,True,False,0.0
2025-10-06,True,375,1036487.0,0,0,0,True,False,0.0003457416157657267
2025-10-07,True,375,796723.0,0,0,0,True,False,0.00040054932478827965
2025-10-08,True,375,690129.0,0,0,0,True,False,0.0030665972342764913
2025-10-09,True,375,372765.0,0,0,0,True,False,0.005015747113029434
2025-10-10,True,375,826152.0,0,0,0,True,False,0.000812630601346731
2025-10-13,True,375,1265423.0,0,0,0,True,False,-0.0022135194959986837
2025-10-14,True,375,839213.0,0,0,0,True,False,-0.0011312217194570096
2025-10-15,True,375,516865.0,0,0,0,True,False,0.002397260273972579
2025-10-16,True,375,1054002.0,0,0,0,True,False,0.0015785319652723562
2025-10-17,False,750,,750,0,0,False,False,0.0014669374858948814
2025-10-20,True,375,1163318.0,0,0,0,True,False,0.007432432432432412
2025-10-21,False,61,,0,0,0,False,False,0.0011025358324145973
2025-10-23,True,375,1388771.0,0,0,0,True,False,0.005457251529684237
2025-10-24,False,750,,750,0,0,False,False,0.0020349796502034945
2025-10-27,True,375,856472.0,0,0,0,True,False,0.003818483674598916
2025-10-28,True,375,3564178.0,0,0,0,True,False,0.00010787486515639877
2025-10-29,True,375,1306628.0,0,0,0,True,False,0.0036539494895218017
2025-10-30,True,375,1772544.0,0,0,0,True,False,0.0004792332268370725
2025-10-31,True,375,997490.0,0,0,0,True,False,0.0004280363830926337
2025-11-03,True,375,2202802.0,0,0,0,True,False,0.0013333333333334085
2025-11-04,True,375,1057323.0,0,0,0,True,False,0.0025300442757747454
2025-11-06,True,375,4407994.0,0,0,0,True,False,0.015765765765765716
2025-11-07,True,375,1139951.0,0,0,0,True,False,-0.0011460123977704573
2025-11-08,False,79,,0,0,0,False,False,0.02110389610389629
2025-11-10,True,375,872868.0,0,0,0,True,False,-0.06274509803921569
2025-11-11,True,375,768926.0,0,0,0,True,False,0.0032086686655095065
2025-11-12,True,375,666702.0,0,0,0,True,False,0.0044048243314105395
2025-11-13,True,375,842955.0,0,0,0,True,False,0.0005767012687427631
2025-11-14,True,375,1080924.0,0,0,0,True,False,-0.0016238868517548521
2025-11-17,True,375,1298068.0,0,0,0,True,False,0.0031509892039878196
2025-11-18,True,375,1155952.0,0,0,0,True,False,0.002672147995889107
2025-11-19,True,375,397830.0,0,0,0,True,False,0.0011839802326778504
2025-11-20,True,375,1011856.0,0,0,0,True,False,0.005609382967873611
2025-11-21,True,375,463085.0,0,0,0,True,False,-0.001376076652566005
2025-11-24,True,375,543168.0,0,0,0,True,False,0.0031878245668157668
2025-11-25,True,375,742863.0,0,0,0,True,False,0.006032793647519741
2025-11-26,True,375,1100212.0,0,0,0,True,False,0.003152008134214457
2025-11-27,True,375,1012789.0,0,0,0,True,False,0.003712934235288179
2025-11-28,True,375,788707.0,0,0,0,True,False,0.0039054470709145583
2025-12-01,True,375,1708289.0,0,0,0,True,False,0.009320428125159985
2025-12-02,True,375,1411205.0,0,0,0,True,False,0.00349578449516752
2025-12-03,True,375,1098775.0,0,0,0,True,False,0.0007734350830153058
2025-12-04,True,375,1128851.0,0,0,0,True,False,0.00026293647454767033
2025-12-05,False,750,,750,0,0,False,False,0.0005799852367394109
2025-12-08,True,375,579448.0,0,0,0,True,False,-0.0008747555829988762
2025-12-09,True,375,755196.0,0,0,0,True,False,0.0005763688760807018
2025-12-10,True,375,544105.0,0,0,0,True,False,0.0010948334289140327
2025-12-11,True,375,1030394.0,0,0,0,True,False,0.004279749478079298
2025-12-12,True,375,518344.0,0,0,0,True,False,0.0035321005609807443
2025-12-15,True,375,399125.0,0,0,0,True,False,-0.005557864118013733
2025-12-16,True,375,462821.0,0,0,0,True,False,-5.175447676231126e-05
2025-12-17,True,375,2030797.0,0,0,0,True,False,0.005781249999999849
2025-12-18,True,375,1099564.0,0,0,0,True,False,0.0015875454498899266
2025-12-19,True,375,429547.0,0,0,0,True,False,0.003122120994984101
2025-12-22,True,375,547033.0,0,0,0,True,False,0.0011224489795917947
2025-12-23,True,375,471686.0,0,0,0,True,False,0.0018471010774756547
2025-12-24,True,375,318284.0,0,0,0,True,False,0.002007722007722146
2025-12-26,True,375,317525.0,0,0,0,True,False,0.00010321515198441489
2025-12-29,True,375,398844.0,0,0,0,True,False,0.00041386445938962346
2025-12-30,True,375,474183.0,0,0,0,True,False,-0.002795899347623587
2025-12-31,True,375,351674.0,0,0,0,True,False,0.002209433768369129
