session,valid,minute_count,opening_volume,duplicate_timestamps,malformed_rows,outside_session_rows,complete_minute_grid,corporate_action_suspect,overnight_gap_pct
2018-01-01,True,375,1561410.0,0,0,0,True,False,
2018-01-02,True,375,3255480.0,0,0,0,True,False,0.0030473135525259654
2018-01-03,False,375,3260950.0,0,1,0,True,False,0.002060221870047396
2018-01-04,True,375,3140490.0,0,0,0,True,False,0.0026792750197004445
2018-01-05,True,375,14286980.0,0,0,0,True,False,0.0009099181073703999
2018-01-08,True,375,4616110.0,0,0,0,True,False,0.01128838049367853
2018-01-09,True,375,9081620.0,0,0,0,True,False,0.0024110910186858625
2018-01-10,True,375,3150630.0,0,0,0,True,False,0.0007510890791648794
2018-01-11,True,375,3657760.0,0,0,0,True,False,-0.0011968880909635216
2018-01-12,False,375,2671890.0,0,1,0,True,False,0.0028601535450849536
2018-01-15,True,375,6541910.0,0,0,0,True,False,0.005124340617935319
2018-01-16,False,375,2624100.0,0,1,0,True,False,0.004008908685968926
2018-01-17,True,375,4064840.0,0,0,0,True,False,0.0015096618357488545
2018-01-18,True,375,4264230.0,0,0,0,True,False,0.0
2018-01-19,True,375,4011520.0,0,0,0,True,False,0.002776920703486674
2018-01-22,True,375,3291190.0,0,0,0,True,False,-0.0013835511145273705
2018-01-23,False,375,9745990.0,0,1,0,True,False,-0.0021505376344086446
2018-01-24,True,375,4726410.0,0,0,0,True,False,0.00029673590504453173
2018-01-25,False,375,7226490.0,0,1,0,True,False,0.003797660641045031
2018-01-29,True,375,10369060.0,0,0,0,True,False,0.002861014907393322
2018-01-30,True,375,4264200.0,0,0,0,True,False,-0.0038410400354556007
2018-01-31,True,375,26278140.0,0,0,0,True,False,0.09011412479620562
2018-02-01,False,375,11081960.0,0,1,0,True,False,0.0028328611898016387
2018-02-02,False,375,5350700.0,0,1,0,True,False,-0.004459789958279448
2018-02-05,False,375,7994890.0,0,1,0,True,False,-0.010627151624008513
2018-02-06,True,375,9470080.0,0,0,0,True,False,-0.037537537537537524
2018-02-07,False,375,11891080.0,0,1,0,True,False,0.0027018913239267306
2018-02-08,False,294,4682600.0,0,0,0,False,False,0.0015172204521318733
2018-02-09,True,375,19441420.0,0,0,0,True,False,-0.013818722139672945
2018-02-12,False,375,41565490.0,0,1,0,True,False,0.04586619924043234
2018-02-14,True,375,13091900.0,0,0,0,True,False,0.007846434075942321
2018-02-15,False,375,4874090.0,0,1,0,True,False,0.003951453570420593
2018-02-16,True,375,5325130.0,0,0,0,True,False,0.007112375533428139
2018-02-19,False,375,32954430.0,0,1,0,True,False,0.007848837209302406
2018-02-20,True,375,22482380.0,0,0,0,True,False,0.009092310063183895
2018-02-21,True,375,12759190.0,0,0,0,True,False,0.005681818181818121
2018-02-22,False,375,12084590.0,0,1,0,True,False,-0.00574444961962417
2018-02-23,True,375,18600430.0,0,0,0,True,False,0.007547169811320753
2018-02-26,True,375,20415240.0,0,0,0,True,False,0.00591715976331364
2018-02-27,False,375,10945340.0,0,1,0,True,False,-0.0001467351430668451
2018-02-28,True,375,9574880.0,0,0,0,True,False,-0.01072865444792126
2018-03-01,True,375,15809300.0,0,0,0,True,False,-0.002080856123662267
2018-03-05,False,375,19471840.0,0,1,0,True,False,-0.006236080178173564
2018-03-06,False,375,13029120.0,0,1,0,True,False,0.014030806771389459
2018-03-07,False,375,7004210.0,0,1,0,True,False,-0.0037907505686125553
2018-03-08,True,375,10228200.0,0,0,0,True,False,0.010615384615384471
2018-03-09,False,375,17941540.0,0,1,0,True,False,0.005972025774005907
2018-03-12,True,375,30532050.0,0,0,0,True,False,0.002937816223274048
2018-03-13,True,375,13316960.0,0,0,0,True,False,-0.0008019246190859031
2018-03-14,True,375,10960810.0,0,0,0,True,False,-0.006369426751592355
2018-03-15,False,375,12033520.0,0,1,0,True,False,0.0
2018-03-16,False,375,11895390.0,0,1,0,True,False,-0.0011428571428571122
2018-03-19,True,375,15537000.0,0,0,0,True,False,-0.004149377593360981
2018-03-20,True,375,34554930.0,0,0,0,True,False,-0.005226480836236891
2018-03-21,True,375,17948520.0,0,0,0,True,False,0.0070659488559892125
2018-03-22,False,357,14943990.0,0,0,0,False,False,0.0010303967027305294
2018-03-23,True,375,29231180.0,0,0,0,True,False,-0.029863628517175833
2018-03-26,True,375,11420650.0,0,0,0,True,False,0.003527336860670083
2018-03-27,True,375,23812620.0,0,0,0,True,False,0.00887372013651877
2018-03-28,True,375,18169480.0,0,0,0,True,False,-0.01457627118644067
2018-04-02,True,375,10157850.0,0,0,0,True,False,0.007890583903208848
2018-04-03,True,375,9345030.0,0,0,0,True,False,-0.009866712826726687
2018-04-04,True,375,15250330.0,0,0,0,True,False,0.005344827586206913
2018-04-05,True,375,25671090.0,0,0,0,True,False,0.026471114290824715
2018-04-06,True,375,13825780.0,0,0,0,True,False,-0.008963971729012199
2018-04-09,True,375,20486610.0,0,0,0,True,False,0.004601226993865115
2018-04-10,True,375,14279190.0,0,0,0,True,False,0.01315564667691782
2018-04-11,True,375,19022670.0,0,0,0,True,False,0.007623467020218655
2018-04-12,True,375,9844640.0,0,0,0,True,False,-0.0018092105263157743
2018-04-13,True,375,8450050.0,0,0,0,True,False,0.003176726299949806
2018-04-16,True,375,9806320.0,0,0,0,True,False,-0.004547751389590626
2018-04-17,False,373,14217960.0,0,0,0,False,False,0.003372681281618828
2018-04-18,False,376,6418460.0,0,0,1,False,False,0.009744623655913998
2018-04-19,True,375,11648620.0,0,0,0,True,False,0.002646815550041204
2018-04-20,True,375,12264120.0,0,0,0,True,False,-0.003862246540070835
2018-04-23,True,375,6773980.0,0,0,0,True,False,0.0019766101136551306
2018-04-24,True,375,8884780.0,0,0,0,True,False,-0.018814985971282394
2018-04-25,True,375,6093120.0,0,0,0,True,False,-0.0033333333333334103
2018-04-26,True,375,7493430.0,0,0,0,True,False,0.0018742545578462888
2018-04-27,True,375,7608960.0,0,0,0,True,False,0.00865051903114189
2018-04-30,True,375,5759340.0,0,0,0,True,False,0.0066349098332765255
2018-05-02,True,375,4593180.0,0,0,0,True,False,0.0033607797008905482
2018-05-03,True,375,6775580.0,0,0,0,True,False,-0.0013917884481559062
2018-05-04,True,375,5698670.0,0,0,0,True,False,0.00034100596760455737
2018-05-07,True,375,6889570.0,0,0,0,True,False,0.009126915791286327
2018-05-08,True,375,5023020.0,0,0,0,True,False,0.006036217303822866
2018-05-09,True,375,15627690.0,0,0,0,True,False,-0.00016849199663016012
2018-05-10,True,375,5744830.0,0,0,0,True,False,-0.0014880952380951218
2018-05-11,True,375,5204720.0,0,0,0,True,False,0.005558362809499728
2018-05-14,True,375,9477480.0,0,0,0,True,False,0.0031337621639451196
2018-05-15,True,375,14739780.0,0,0,0,True,False,0.0003285151116951823
2018-05-16,True,375,13652140.0,0,0,0,True,False,-0.0015948963317384823
2018-05-17,True,375,58885190.0,0,0,0,True,False,0.013024602026049159
2018-05-18,True,375,14837410.0,0,0,0,True,False,0.007041100376617093
2018-05-21,True,375,9426340.0,0,0,0,True,False,0.0020294266869609334
2018-05-22,True,375,12756760.0,0,0,0,True,False,0.003471619510501789
2018-05-23,True,375,24215980.0,0,0,0,True,False,0.0001736412571626822
2018-05-24,True,375,17811950.0,0,0,0,True,False,0.0046176579239010085
2018-05-25,True,375,15310110.0,0,0,0,True,False,0.002714932126696823
2018-05-28,True,375,9962350.0,0,0,0,True,False,0.005635787249031354
2018-05-29,True,375,7328300.0,0,0,0,True,False,-0.0034662045060659397
2018-05-30,True,375,9232120.0,0,0,0,True,False,-0.013544018058690765
2018-05-31,True,375,7955220.0,0,0,0,True,False,0.006896551724137945
2018-06-01,True,375,14411280.0,0,0,0,True,False,-0.012474012474012475
2018-06-04,True,375,10429400.0,0,0,0,True,False,0.005346640527535085
2018-06-05,True,375,5967550.0,0,0,0,True,False,0.0022988505747127963
2018-06-06,True,375,7077190.0,0,0,0,True,False,0.001569037656903749
2018-06-07,True,375,9370600.0,0,0,0,True,False,0.003447681434235461
2018-06-08,True,375,18579060.0,0,0,0,True,False,-0.004818076092374168
2018-06-11,True,375,6489740.0,0,0,0,True,False,0.0018333333333333535
2018-06-12,True,375,13389070.0,0,0,0,True,False,0.0
2018-06-13,True,375,17218330.0,0,0,0,True,False,0.0
2018-06-14,True,375,21176110.0,0,0,0,True,False,-0.0010570824524311906
2018-06-15,True,375,7415620.0,0,0,0,True,False,0.0014025245441795509
2018-06-18,True,375,12575780.0,0,0,0,True,False,-0.0035398230088495852
2018-06-19,True,375,21743860.0,0,0,0,True,False,-0.00035829451809388235
2018-06-20,True,375,9638280.0,0,0,0,True,False,0.004151624548736521
2018-06-21,True,375,13434130.0,0,0,0,True,False,0.006189213085764811
2018-06-22,True,375,14307340.0,0,0,0,True,False,0.0062847908062488855
2018-06-25,True,375,7019060.0,0,0,0,True,False,-0.00196113389195951
2018-06-26,True,375,5991680.0,0,0,0,True,False,0.00287356321839094
2018-06-27,True,375,8688020.0,0,0,0,True,False,0.006017505470459428
2018-06-28,True,375,13246870.0,0,0,0,True,False,0.005535055350553542
2018-06-29,True,375,23491820.0,0,0,0,True,False,0.009879253567508295
2018-07-02,True,375,33191340.0,0,0,0,True,False,0.015693881149709155
2018-07-03,True,375,11407430.0,0,0,0,True,False,0.005186907529958873
2018-07-04,True,375,9131380.0,0,0,0,True,False,-0.00017621145374446812
2018-07-05,True,375,12558270.0,0,0,0,True,False,-0.011027481183266241
2018-07-06,True,375,11826500.0,0,0,0,True,False,-0.006323396567299078
2018-07-09,True,375,17585720.0,0,0,0,True,False,0.018428184281842785
2018-07-10,True,375,10712750.0,0,0,0,True,False,0.006300630063006407
2018-07-11,True,375,9291670.0,0,0,0,True,False,-0.005799648506151112
2018-07-12,True,375,8332630.0,0,0,0,True,False,0.006651087542692835
2018-07-13,True,375,8876420.0,0,0,0,True,False,0.00683945284377252
2018-07-16,True,375,5747480.0,0,0,0,True,False,0.0028668697366063256
2018-07-17,True,375,22312730.0,0,0,0,True,False,0.005780346820809301
2018-07-18,True,375,11074980.0,0,0,0,True,False,0.008846226237530619
2018-07-19,True,375,31428680.0,0,0,0,True,False,0.007536691788972538
2018-07-20,True,375,14343860.0,0,0,0,True,False,0.003822168577750862
2018-07-23,True,375,8119730.0,0,0,0,True,False,0.002774474831549689
2018-07-24,True,375,14236430.0,0,0,0,True,False,-0.0013547513063673078
2018-07-25,True,375,14384370.0,0,0,0,True,False,0.003780718336483968
2018-07-26,True,375,6740360.0,0,0,0,True,False,0.003550738179779467
2018-07-27,True,375,13310610.0,0,0,0,True,False,0.006359895248783998
2018-07-30,True,375,10655790.0,0,0,0,True,False,0.0005462490895848937
2018-07-31,True,375,6524280.0,0,0,0,True,False,0.0
2018-08-01,True,375,10602760.0,0,0,0,True,False,-0.0007101011894194986
2018-08-02,True,375,12065300.0,0,0,0,True,False,-0.0014453477868111575
2018-08-03,True,375,7362720.0,0,0,0,True,False,0.00888485947416151
2018-08-06,True,375,6820860.0,0,0,0,True,False,0.009754335260115488
2018-08-07,True,375,10758990.0,0,0,0,True,False,0.008868778280543
2018-08-08,True,375,19162590.0,0,0,0,True,False,0.00486533449174642
2018-08-09,True,375,8306630.0,0,0,0,True,False,0.005025125628140614
2018-08-10,True,375,5946000.0,0,0,0,True,False,-0.0013633265167006803
2018-08-13,True,375,8911150.0,0,0,0,True,False,-0.000521467060664027
2018-08-14,True,375,62678290.0,0,0,0,True,False,0.030728709394205467
2018-08-16,True,375,14760400.0,0,0,0,True,False,-0.01384083044982698
2018-08-17,True,375,15367620.0,0,0,0,True,False,0.007042253521126751
2018-08-20,True,375,13318690.0,0,0,0,True,False,0.003960737041501572
2018-08-21,True,375,15796940.0,0,0,0,True,False,0.003498833722092476
2018-08-23,True,375,14114980.0,0,0,0,True,False,0.0008555783709789377
2018-08-24,True,375,13265920.0,0,0,0,True,False,-0.0038421236465245867
2018-08-27,True,375,11428320.0,0,0,0,True,False,0.011472275334607929
2018-08-28,True,375,13752040.0,0,0,0,True,False,0.005350362443907519
2018-08-29,True,375,10124670.0,0,0,0,True,False,0.0011872455902306456
2018-08-30,True,375,12954630.0,0,0,0,True,False,-0.001853724300640458
2018-08-31,True,375,14605180.0,0,0,0,True,False,-0.00016439256945577352
2018-09-03,True,375,8426270.0,0,0,0,True,False,0.003661784287616543
2018-09-04,True,375,12554910.0,0,0,0,True,False,0.003842298696959734
2018-09-05,True,375,8950110.0,0,0,0,True,False,-0.0033783783783783994
2018-09-06,True,375,7746950.0,0,0,0,True,False,0.006225811879521981
2018-09-07,True,375,7544350.0,0,0,0,True,False,0.005005840146838025
2018-09-10,True,375,15834590.0,0,0,0,True,False,0.006493506493506551
2018-09-11,True,375,12157630.0,0,0,0,True,False,0.0027700831024930483
2018-09-12,True,375,12457460.0,0,0,0,True,False,0.0050890585241729624
2018-09-14,True,375,11250060.0,0,0,0,True,False,0.009907529722589015
2018-09-17,True,375,10592190.0,0,0,0,True,False,-0.006352826193191108
2018-09-18,True,375,10970350.0,0,0,0,True,False,0.0032467532467532756
2018-09-19,True,375,9474260.0,0,0,0,True,False,0.0055320533680442985
2018-09-21,True,375,46340850.0,0,0,0,True,False,0.013187520102927008
2018-09-24,True,375,19237440.0,0,0,0,True,False,-0.004983922829582044
2018-09-25,True,375,13068140.0,0,0,0,True,False,0.0024691358024691024
2018-09-26,True,375,11989080.0,0,0,0,True,False,0.005317381189763992
2018-09-27,True,375,8496910.0,0,0,0,True,False,0.005097845749054253
2018-09-28,True,375,16713770.0,0,0,0,True,False,0.004761122968313991
2018-10-01,True,375,17520800.0,0,0,0,True,False,0.00034494653328742686
2018-10-03,True,375,10459580.0,0,0,0,True,False,0.003953928141653629
2018-10-04,True,375,16915500.0,0,0,0,True,False,-0.0029386343993086372
2018-10-05,True,375,12199240.0,0,0,0,True,False,0.00017244352474565794
2018-10-08,True,375,15049210.0,0,0,0,True,False,0.0035398230088496963
2018-10-09,True,375,8593370.0,0,0,0,True,False,-0.005328596802841923
2018-10-10,True,375,7487640.0,0,0,0,True,False,0.0029746281714786438
2018-10-11,True,375,13069030.0,0,0,0,True,False,-0.03882657463330452
2018-10-12,True,375,12603230.0,0,0,0,True,False,0.012274368231046884
2018-10-15,True,375,5758190.0,0,0,0,True,False,0.0
2018-10-16,True,375,5456070.0,0,0,0,True,False,0.0017540782318892223
2018-10-17,True,375,6870030.0,0,0,0,True,False,0.012789067974772417
2018-10-19,True,375,7899650.0,0,0,0,True,False,-0.0027051397655546428
2018-10-22,True,375,6775860.0,0,0,0,True,False,0.003230437903804839
2018-10-23,True,375,7556540.0,0,0,0,True,False,-0.00917431192660545
2018-10-24,True,375,5644660.0,0,0,0,True,False,0.004366812227074357
2018-10-25,True,375,4237810.0,0,0,0,True,False,-0.007832422586520948
2018-10-26,True,375,10539230.0,0,0,0,True,False,-0.0007299270072992359
2018-10-29,True,375,6274900.0,0,0,0,True,False,0.008883248730964466
2018-10-30,True,375,6918700.0,0,0,0,True,False,-0.002966841186736402
2018-10-31,True,375,10740040.0,0,0,0,True,False,-0.016306274370790574
2018-11-01,True,375,8900830.0,0,0,0,True,False,0.005063291139240533
2018-11-02,True,375,9053060.0,0,0,0,True,False,0.008629989212513456
2018-11-05,True,375,5130480.0,0,0,0,True,False,-0.0015654896503740634
2018-11-06,True,375,6595240.0,0,0,0,True,False,0.004506065857885488
2018-11-07,False,60,,0,0,60,False,False,0.0078057241977451675
2018-11-09,True,375,6074320.0,0,0,0,True,False,-0.001034482758620725
2018-11-12,True,375,6815940.0,0,0,0,True,False,0.002797202797202747
2018-11-13,True,375,12989610.0,0,0,0,True,False,-0.00171232876712335
2018-11-14,True,375,75297020.0,0,0,0,True,False,0.023169288009470712
2018-11-15,True,375,9357140.0,0,0,0,True,False,0.009923011120615888
2018-11-16,True,375,9552190.0,0,0,0,True,False,0.004768392370572139
2018-11-19,True,375,9161550.0,0,0,0,True,False,0.004872107186358221
2018-11-20,True,375,9812170.0,0,0,0,True,False,-0.009101837540786417
2018-11-21,True,375,15251970.0,0,0,0,True,False,-0.002484913028043989
2018-11-22,True,375,12912980.0,0,0,0,True,False,0.0012697261019409822
2018-11-26,True,375,14541870.0,0,0,0,True,False,0.009089222778705386
2018-11-27,True,375,20595810.0,0,0,0,True,False,-0.0018843037497644488
2018-11-28,True,375,23076230.0,0,0,0,True,False,0.0009582215408201478
2018-11-29,True,375,24559260.0,0,0,0,True,False,0.012369172216936342
2018-11-30,True,375,12670990.0,0,0,0,True,False,0.005639097744360777
2018-12-03,True,375,29674200.0,0,0,0,True,False,0.024417944349801157
2018-12-04,True,375,11229470.0,0,0,0,True,False,-0.0102192493496841
2018-12-05,True,375,7883690.0,0,0,0,True,False,-0.009293680297397744
2018-12-06,True,375,24753970.0,0,0,0,True,False,-0.006195546950629294
2018-12-07,True,375,18056920.0,0,0,0,True,False,0.0007838526357044628
2018-12-10,True,375,8808300.0,0,0,0,True,False,-0.018860510805500996
2018-12-11,True,375,16714890.0,0,0,0,True,False,-0.012749003984063756
2018-12-12,True,375,13000020.0,0,0,0,True,False,0.006164247365281428
2018-12-13,True,375,14331820.0,0,0,0,True,False,0.014016897081413182
2018-12-14,True,375,10820200.0,0,0,0,True,False,-0.0003912363067292146
2018-12-17,True,375,10414440.0,0,0,0,True,False,0.008763388510223846
2018-12-18,True,375,13869620.0,0,0,0,True,False,-0.001908396946564861
2018-12-19,True,375,8786710.0,0,0,0,True,False,0.0017077798861480087
2018-12-20,True,375,6697220.0,0,0,0,True,False,-0.013282732447817858
2018-12-21,True,375,8053580.0,0,0,0,True,False,0.0019113149847094224
2018-12-24,True,375,7653640.0,0,0,0,True,False,-0.004229142637447225
2018-12-26,True,375,8136020.0,0,0,0,True,False,-0.009727626459143934
2018-12-27,True,375,5502510.0,0,0,0,True,False,0.008763388510223846
2018-12-28,True,375,7993210.0,0,0,0,True,False,0.003356367226061252
2018-12-31,True,375,14927690.0,0,0,0,True,False,0.014832162373145996
2019-01-01,True,375,6264040.0,0,0,0,True,False,0.005951238241505008
2019-01-02,True,375,25445690.0,0,0,0,True,False,-0.018619084561675714
2019-01-03,True,375,39886560.0,0,0,0,True,False,0.0006088897909477531
2019-01-04,True,375,14900240.0,0,0,0,True,False,0.0006240898689411356
2019-01-07,True,375,18838070.0,0,0,0,True,False,0.00588832487309654
2019-01-08,True,375,12965360.0,0,0,0,True,False,0.0
2019-01-09,True,375,24702410.0,0,0,0,True,False,-0.003667481662591676
2019-01-10,True,375,17739940.0,0,0,0,True,False,0.0016694490818029983
2019-01-11,True,375,9557040.0,0,0,0,True,False,0.00917431192660545
2019-01-14,True,375,10692250.0,0,0,0,True,False,0.0019015423621382421
2019-01-15,True,375,8264050.0,0,0,0,True,False,0.005313496280552554
2019-01-16,True,375,10010600.0,0,0,0,True,False,0.00379506641366234
2019-01-17,True,375,4965200.0,0,0,0,True,False,0.0035819637589549203
2019-01-18,True,375,7264690.0,0,0,0,True,False,0.004240882103477617
2019-01-21,True,375,6325830.0,0,0,0,True,False,0.004033113988537451
2019-01-22,True,375,14071400.0,0,0,0,True,False,-0.00021240441801184673
2019-01-23,True,375,13544740.0,0,0,0,True,False,0.0013146362839615566
2019-01-24,True,375,9364050.0,0,0,0,True,False,0.0030231051608724524
2019-01-25,True,375,5792140.0,0,0,0,True,False,0.004345936549326357
2019-01-28,True,375,8339160.0,0,0,0,True,False,-0.0013230429988975168
2019-01-29,True,375,7853920.0,0,0,0,True,False,-0.006711409395973256
2019-01-30,True,375,22562480.0,0,0,0,True,False,0.004723346828610087
2019-01-31,True,375,18490860.0,0,0,0,True,False,0.007254107104757823
2019-02-01,True,375,8495080.0,0,0,0,True,False,-0.0006285355122562786
2019-02-04,True,375,9578630.0,0,0,0,True,False,-0.0002105263157894388
2019-02-05,True,375,9363930.0,0,0,0,True,False,0.004633529907329459
2019-02-06,True,375,10733360.0,0,0,0,True,False,0.0027975037658705126
2019-02-07,True,375,8790970.0,0,0,0,True,False,-0.003092783505154628
2019-02-08,True,375,9888010.0,0,0,0,True,False,-0.010245901639344246
2019-02-11,True,375,38145060.0,0,0,0,True,False,0.013441433752933607
2019-02-12,True,375,25397950.0,0,0,0,True,False,-0.0020859407592823676
2019-02-13,True,375,15540800.0,0,0,0,True,False,0.006987258528565521
2019-02-14,True,375,7347350.0,0,0,0,True,False,-0.0020703933747411307
2019-02-15,True,375,10687760.0,0,0,0,True,False,0.0010362694300518616
2019-02-18,True,375,12568140.0,0,0,0,True,False,0.0034239246736571527
2019-02-19,True,375,7760470.0,0,0,0,True,False,-0.0004295532646049205
2019-02-20,True,375,19377530.0,0,0,0,True,False,0.005319148936170137
2019-02-21,True,375,21700910.0,0,0,0,True,False,-0.002228073728985147
2019-02-22,True,375,13709530.0,0,0,0,True,False,-0.001807591885920834
2019-02-25,True,375,18598010.0,0,0,0,True,False,0.003984063745019917
2019-02-26,True,375,15623200.0,0,0,0,True,False,-0.011904761904761973
2019-02-27,True,375,11600640.0,0,0,0,True,False,0.005952380952380931
2019-02-28,True,375,8856010.0,0,0,0,True,False,0.00019743336623889718
2019-03-01,True,375,12541130.0,0,0,0,True,False,0.00800800800800805
2019-03-05,True,375,17672010.0,0,0,0,True,False,0.0015760441292356209
2019-03-06,True,375,14722580.0,0,0,0,True,False,0.0053835800807537915
2019-03-07,True,375,8383940.0,0,0,0,True,False,0.001155401502022091
2019-03-08,True,375,8740320.0,0,0,0,True,False,-0.009012464046021074
2019-03-11,True,375,8847590.0,0,0,0,True,False,0.0035419126328217754
2019-03-12,True,375,9810680.0,0,0,0,True,False,0.006525911708253229
2019-03-13,True,375,10939290.0,0,0,0,True,False,0.003824091778202643
2019-03-14,True,375,7420330.0,0,0,0,True,False,-0.00019451468585873766
2019-03-15,True,375,6346890.0,0,0,0,True,False,0.0015467904098993568
2019-03-18,True,375,6046210.0,0,0,0,True,False,0.009129759129759218
2019-03-19,True,375,7191430.0,0,0,0,True,False,0.003422053231939115
2019-03-20,True,375,6592640.0,0,0,0,True,False,-0.0011391684070628516
2019-03-22,True,375,7719970.0,0,0,0,True,False,0.006815968841285214
2019-03-25,True,375,7908420.0,0,0,0,True,False,-0.008699014111733905
2019-03-26,True,375,4911550.0,0,0,0,True,False,0.0001938360147315521
2019-03-27,True,375,4317720.0,0,0,0,True,False,0.0007698229407235857
2019-03-28,True,375,4205690.0,0,0,0,True,False,0.0007782101167315147
2019-03-29,True,375,13418870.0,0,0,0,True,False,0.00990099009900991
2019-04-01,True,375,30792360.0,0,0,0,True,False,0.018251681075888593
2019-04-02,True,375,10570380.0,0,0,0,True,False,0.0074906367041198685
2019-04-03,True,375,17133920.0,0,0,0,True,False,0.008262910798122025
2019-04-04,True,375,8003180.0,0,0,0,True,False,-0.0031805425631431516
2019-04-05,True,375,4864170.0,0,0,0,True,False,0.0018860807242548905
2019-04-08,True,375,22716120.0,0,0,0,True,False,0.004174986385913959
2019-04-09,True,375,8682750.0,0,0,0,True,False,0.005474452554744547
2019-04-10,True,375,14425220.0,0,0,0,True,False,-0.003432080924855474
2019-04-11,True,375,8622360.0,0,0,0,True,False,-0.005697482080499805
2019-04-12,True,375,10001020.0,0,0,0,True,False,-0.0018587360594793934
2019-04-15,True,375,9991590.0,0,0,0,True,False,0.005430711610486805
2019-04-16,True,375,12225610.0,0,0,0,True,False,-0.0007220216606498298
2019-04-18,True,375,17784820.0,0,0,0,True,False,0.0003614675582868099
2019-04-22,True,375,8919060.0,0,0,0,True,False,-0.0033222591362126463
2019-04-23,True,375,7917730.0,0,0,0,True,False,0.00037397157816010385
2019-04-24,True,375,13285250.0,0,0,0,True,False,0.007456978967495198
2019-04-25,True,375,10640980.0,0,0,0,True,False,-0.003816793893129722
2019-04-26,True,375,83209230.0,0,0,0,True,False,0.020372184133202964
2019-04-30,True,375,16099790.0,0,0,0,True,False,-0.008036529680365279
2019-05-02,True,375,12426060.0,0,0,0,True,False,-0.00876565295169951
2019-05-03,True,375,9324380.0,0,0,0,True,False,-0.0007215007215006786
2019-05-06,False,372,24891150.0,0,0,0,False,False,-0.023931311655096876
2019-05-07,True,375,11022110.0,0,0,0,True,False,0.01584342963653307
2019-05-08,True,375,9684570.0,0,0,0,True,False,0.0011305822498586249
2019-05-09,True,375,7843860.0,0,0,0,True,False,0.0
2019-05-10,True,375,9179130.0,0,0,0,True,False,0.0038461538461538325
2019-05-13,True,375,36217050.0,0,0,0,True,False,-0.01416837782340874
2019-05-14,True,375,39263410.0,0,0,0,True,False,-0.001283147989734723
2019-05-15,True,375,17404420.0,0,0,0,True,False,0.005098789037603524
2019-05-16,True,375,12736390.0,0,0,0,True,False,0.0062893081761006275
2019-05-17,True,375,13840880.0,0,0,0,True,False,-0.007257203842049198
2019-05-20,True,375,18836890.0,0,0,0,True,False,0.018104366347177825
2019-05-21,True,375,11120120.0,0,0,0,True,False,0.0022736668044647246
2019-05-22,True,375,10524730.0,0,0,0,True,False,0.0
2019-05-23,True,375,13037870.0,0,0,0,True,False,0.009725158562367886
2019-05-24,True,375,11618660.0,0,0,0,True,False,0.0038860103626943143
2019-05-27,True,375,24008010.0,0,0,0,True,False,0.0006195786864933162
2019-05-28,True,375,21719840.0,0,0,0,True,False,0.003513566269763846
2019-05-29,True,375,12594670.0,0,0,0,True,False,-0.0009877518767285043
2019-05-30,True,375,11299950.0,0,0,0,True,False,0.0010152284263957867
2019-05-31,True,375,16340060.0,0,0,0,True,False,0.0057377049180327155
2019-06-03,True,375,14191740.0,0,0,0,True,False,0.003694581280788256
2019-06-04,True,375,10732910.0,0,0,0,True,False,-0.0030150753768843908
2019-06-06,True,375,11827660.0,0,0,0,True,False,0.0
2019-06-07,True,375,13879530.0,0,0,0,True,False,-0.0016535758577925774
2019-06-10,True,375,13682020.0,0,0,0,True,False,0.014522821576763434
2019-06-11,True,375,10697230.0,0,0,0,True,False,0.00657489213067608
2019-06-12,True,375,18741920.0,0,0,0,True,False,0.0
2019-06-13,True,375,10974510.0,0,0,0,True,False,-0.003558718861209953
2019-06-14,True,375,8870140.0,0,0,0,True,False,-0.006370694803902066
2019-06-17,True,375,10029070.0,0,0,0,True,False,0.002204408817635173
2019-06-18,True,375,27029660.0,0,0,0,True,False,0.0010575296108290555
2019-06-19,True,375,45614930.0,0,0,0,True,False,0.0170886075949368
2019-06-20,True,375,14955960.0,0,0,0,True,False,-0.00623491552695099
2019-06-21,True,375,9295430.0,0,0,0,True,False,-0.0015974440894568342
2019-06-24,True,375,7686160.0,0,0,0,True,False,0.0004024144869214652
2019-06-25,True,375,22914160.0,0,0,0,True,False,-0.024490635933319682
2019-06-26,True,375,8482390.0,0,0,0,True,False,-0.0022172949002217113
2019-06-27,True,375,20974520.0,0,0,0,True,False,-0.000976562500000111
2019-06-28,True,375,15517460.0,0,0,0,True,False,0.0
2019-07-01,True,375,15303610.0,0,0,0,True,False,0.010103011093502534
2019-07-02,True,375,9445700.0,0,0,0,True,False,0.004542761208769397
2019-07-03,True,375,8707960.0,0,0,0,True,False,0.0021704814522494065
2019-07-04,True,375,13255620.0,0,0,0,True,False,-0.02210052806571494
2019-07-05,True,375,8042080.0,0,0,0,True,False,0.004450738417964839
2019-07-08,True,375,13912850.0,0,0,0,True,False,-0.005235602094240788
2019-07-09,True,375,10228420.0,0,0,0,True,False,-0.0019153011278996157
2019-07-10,True,375,17381830.0,0,0,0,True,False,0.002134471718249653
2019-07-11,True,375,18734080.0,0,0,0,True,False,0.015631880228974104
2019-07-12,True,375,10476360.0,0,0,0,True,False,0.006503360069369135
2019-07-15,True,375,11916680.0,0,0,0,True,False,0.011426153195090993
2019-07-16,True,375,15822470.0,0,0,0,True,False,-0.007892491467576868
2019-07-17,True,375,7501460.0,0,0,0,True,False,0.0014727540500736325
2019-07-18,True,375,6650700.0,0,0,0,True,False,-0.005675846121505179
2019-07-19,True,375,10964120.0,0,0,0,True,False,0.0034158838599487318
2019-07-22,True,375,13006000.0,0,0,0,True,False,-0.001960784313725372
2019-07-23,True,375,7208220.0,0,0,0,True,False,0.004092181779022042
2019-07-24,True,375,8870300.0,0,0,0,True,False,0.0021739130434783593
2019-07-25,True,375,9528290.0,0,0,0,True,False,0.002910230579807438
2019-07-26,True,375,14317990.0,0,0,0,True,False,0.0
2019-07-29,True,375,10633780.0,0,0,0,True,False,0.0
2019-07-30,True,375,11446910.0,0,0,0,True,False,-0.001377726750861008
2019-07-31,True,375,17825030.0,0,0,0,True,False,-0.004099348926935198
2019-08-01,True,375,12076060.0,0,0,0,True,False,-0.011789181692094308
2019-08-02,True,375,20873390.0,0,0,0,True,False,-0.014054311576941259
2019-08-05,True,375,21064880.0,0,0,0,True,False,-0.008345606283750695
2019-08-06,True,375,15702220.0,0,0,0,True,False,-0.014518147684605909
2019-08-07,True,375,31696410.0,0,0,0,True,False,-0.007786988193921207
2019-08-08,True,375,64813660.0,0,0,0,True,False,0.002645502645502784
2019-08-09,True,375,22648760.0,0,0,0,True,False,0.01091405184174632
2019-08-13,True,375,23666950.0,0,0,0,True,False,0.0005532503457814641
2019-08-14,True,375,36071880.0,0,0,0,True,False,0.017553956834532425
2019-08-16,True,375,18644220.0,0,0,0,True,False,-0.00853759294960077
2019-08-19,True,375,14419930.0,0,0,0,True,False,0.011052777010224002
2019-08-20,True,375,11813300.0,0,0,0,True,False,0.0
2019-08-21,True,375,11933150.0,0,0,0,True,False,-0.00335008375209378
2019-08-22,True,375,24409240.0,0,0,0,True,False,-0.005849663644340364
2019-08-23,True,375,13522140.0,0,0,0,True,False,0.0
2019-08-26,True,375,38766490.0,0,0,0,True,False,0.008442503639010113
2019-08-27,True,375,38583170.0,0,0,0,True,False,0.00887573964497057
2019-08-28,True,375,17652040.0,0,0,0,True,False,-0.0028417163967034975
2019-08-29,True,375,16328900.0,0,0,0,True,False,-0.0035799522673032325
2019-08-30,True,375,37022730.0,0,0,0,True,False,0.014836795252225476
2019-09-03,True,375,17467840.0,0,0,0,True,False,-0.016440726853187204
2019-09-04,True,375,23151720.0,0,0,0,True,False,0.006377163680534537
2019-09-05,True,375,38617150.0,0,0,0,True,False,0.014662756598240456
2019-09-06,True,375,16918670.0,0,0,0,True,False,0.006964596633778353
2019-09-09,True,375,17428770.0,0,0,0,True,False,-0.00448179271708693
2019-09-11,True,375,27547520.0,0,0,0,True,False,0.009088327179778588
2019-09-12,True,375,35219050.0,0,0,0,True,False,0.0062755798090041726
2019-09-13,True,375,19686620.0,0,0,0,True,False,0.003829321663019636
2019-09-16,True,375,13767930.0,0,0,0,True,False,-0.012278308321964415
2019-09-17,True,375,18007880.0,0,0,0,True,False,0.0005540166204984764
2019-09-18,True,375,22142140.0,0,0,0,True,False,0.014577259475218707
2019-09-19,True,375,17692850.0,0,0,0,True,False,-0.00475258596589323
2019-09-20,True,375,15673930.0,0,0,0,True,False,0.00665509259259256
2019-09-23,False,361,64415850.0,0,18,0,False,False,0.01888828926065833
2019-09-24,False,367,15114660.0,0,0,0,False,False,0.0026525198938991412
2019-09-25,True,375,13400670.0,0,0,0,True,False,-0.008364813815434524
2019-09-26,True,375,17722350.0,0,0,0,True,False,0.009681881051175623
2019-09-27,True,375,16319100.0,0,0,0,True,False,-0.013227513227513255
2019-09-30,True,375,28305560.0,0,0,0,True,False,-0.008656799776598834
2019-10-01,True,375,23580250.0,0,0,0,True,False,0.0
2019-10-03,True,375,23007330.0,0,0,0,True,False,-0.012820512820512886
2019-10-04,True,375,18333950.0,0,0,0,True,False,0.015312131919905658
2019-10-07,False,375,28193860.0,0,13,0,True,False,0.009647271630991883
2019-10-09,True,375,23952330.0,0,0,0,True,False,-0.007366482504603922
2019-10-10,True,375,19215070.0,0,0,0,True,False,-0.015088757396449659
2019-10-11,True,375,38079630.0,0,0,0,True,False,0.01669195751138086
2019-10-14,True,375,35117920.0,0,0,0,True,False,0.021264028352037778
2019-10-15,True,375,16910330.0,0,0,0,True,False,0.0011604293588627357
2019-10-16,True,375,28687390.0,0,0,0,True,False,0.013172966781214157
2019-10-17,True,375,20219250.0,0,0,0,True,False,-0.0008663008951775852
2019-10-18,True,375,30646750.0,0,0,0,True,False,-0.011111111111111072
2019-10-22,True,375,15841300.0,0,0,0,True,False,-0.0019542155220547697
2019-10-23,True,375,14615210.0,0,0,0,True,False,-0.003679592414378541
2019-10-24,True,375,16275690.0,0,0,0,True,False,0.0002809778027534904
2019-10-25,True,375,17708710.0,0,0,0,True,False,-0.00890125173852574
2019-10-27,False,60,,0,0,60,False,False,0.012242626599888728
2019-10-29,True,375,31186460.0,0,0,0,True,False,0.0002735978112176074
2019-10-30,True,375,25880840.0,0,0,0,True,False,0.003603603603603567
2019-10-31,True,375,29896870.0,0,0,0,True,False,-0.0002570694087402625
2019-11-01,True,375,27060940.0,0,0,0,True,False,0.0005264543300866897
2019-11-04,True,375,72417270.0,0,0,0,True,False,0.01664984863773955
2019-11-05,True,375,45280900.0,0,0,0,True,False,0.016200294550809957
2019-11-06,True,375,32534590.0,0,0,0,True,False,-0.0037174721189591198
2019-11-07,True,375,51848770.0,0,0,0,True,False,0.00397614314115291
2019-11-08,True,375,36096980.0,0,0,0,True,False,-0.002979885771045576
2019-11-11,True,375,29776320.0,0,0,0,True,False,-0.004781077000503342
2019-11-13,True,375,20148590.0,0,0,0,True,False,-0.00024937655860346464
2019-11-14,True,375,26120830.0,0,0,0,True,False,0.006607369758576898
2019-11-15,True,375,14669830.0,0,0,0,True,False,-0.00127388535031836
2019-11-18,True,375,20914860.0,0,0,0,True,False,0.006602336211274817
2019-11-19,True,375,32691860.0,0,0,0,True,False,0.005098324836125379
2019-11-20,True,375,25237450.0,0,0,0,True,False,-0.004962779156327479
2019-11-21,True,375,15529750.0,0,0,0,True,False,0.0022607385079125297
2019-11-22,True,375,21264240.0,0,0,0,True,False,0.0005184033177814129
2019-11-25,True,375,51053920.0,0,0,0,True,False,0.009967605282830805
2019-11-26,True,375,51181980.0,0,0,0,True,False,0.009501187648456089
2019-11-27,True,375,18438470.0,0,0,0,True,False,0.0007058823529411118
2019-11-28,True,375,23676070.0,0,0,0,True,False,0.0023741690408356497
2019-11-29,True,375,23188510.0,0,0,0,True,False,-0.007890461824089146
2019-12-02,True,375,14594060.0,0,0,0,True,False,-0.003984063745019917
2019-12-03,True,375,30554950.0,0,0,0,True,False,-0.002624671916010457
2019-12-04,True,375,42231310.0,0,0,0,True,False,-0.015538847117794408
2019-12-05,True,375,17689380.0,0,0,0,True,False,0.002682926829268295
2019-12-06,False,375,25276740.0,0,168,0,True,False,0.005012531328320913
2019-12-09,True,375,25853100.0,0,0,0,True,False,0.0024875621890545485
2019-12-10,True,375,16134900.0,0,0,0,True,False,-0.0024630541871921707
2019-12-11,True,375,11152810.0,0,0,0,True,False,-0.0009930486593843213
2019-12-12,True,375,23721270.0,0,0,0,True,False,0.0031941031941031817
2019-12-13,True,375,58317400.0,0,0,0,True,False,0.029425837320574244
2019-12-16,True,375,21818990.0,0,0,0,True,False,0.006054960409874299
2019-12-17,True,375,28448720.0,0,0,0,True,False,0.0037914691943126133
2019-12-18,True,375,62699910.0,0,0,0,True,False,-0.002723558783477187
2019-12-19,True,375,56763100.0,0,0,0,True,False,-0.006547753443215121
2019-12-20,True,375,21750340.0,0,0,0,True,False,-0.001567047235281005
2019-12-23,True,375,40929040.0,0,0,0,True,False,-0.0021645021645021467
2019-12-24,True,375,17590430.0,0,0,0,True,False,0.0019510080208107183
2019-12-26,True,375,27910360.0,0,0,0,True,False,-0.00021593608291958777
2019-12-27,True,375,24671970.0,0,0,0,True,False,0.004494863013698724
2019-12-30,True,375,14699660.0,0,0,0,True,False,-0.0004252604720391684
2019-12-31,True,375,17818140.0,0,0,0,True,False,-0.003583473861719977
2020-01-01,True,375,13642800.0,0,0,0,True,False,0.00424628450106157
2020-01-02,True,375,37728040.0,0,0,0,True,False,0.009409751924722043
2020-01-03,True,375,21475900.0,0,0,0,True,False,-0.008620689655172487
2020-01-06,True,375,19964720.0,0,0,0,True,False,-0.007854485324514271
2020-01-07,True,375,23181490.0,0,0,0,True,False,0.005285412262156397
2020-01-08,True,375,19331860.0,0,0,0,True,False,-0.007365319865319853
2020-01-09,True,375,20147440.0,0,0,0,True,False,0.018052057094878338
2020-01-10,True,375,16362460.0,0,0,0,True,False,0.008516825924387073
2020-01-13,True,375,18407340.0,0,0,0,True,False,0.0071780147662017235
2020-01-14,True,375,37683250.0,0,0,0,True,False,0.0024227740763174133
2020-01-15,True,375,22683930.0,0,0,0,True,False,-0.013833199679230246
2020-01-16,True,375,18352560.0,0,0,0,True,False,0.0009970089730808596
2020-01-17,True,375,11847320.0,0,0,0,True,False,-0.0012148208139299843
2020-01-20,True,375,11072920.0,0,0,0,True,False,0.005258899676375606
2020-01-21,True,375,15864040.0,0,0,0,True,False,-0.006314931757995579
2020-01-22,True,375,14271850.0,0,0,0,True,False,0.008851422550052668
2020-01-23,True,375,11993930.0,0,0,0,True,False,0.00252791236570471
2020-01-24,True,375,7684680.0,0,0,0,True,False,0.0006250000000000977
2020-01-27,True,375,27737040.0,0,0,0,True,False,-0.014235609655456893
2020-01-28,True,375,23417310.0,0,0,0,True,False,-0.0013026487190621605
2020-01-29,True,375,21261000.0,0,0,0,True,False,0.008687903764758254
2020-01-30,True,375,29783120.0,0,0,0,True,False,0.0031076581576026108
2020-01-31,True,375,18939590.0,0,0,0,True,False,0.010709504685408211
2020-02-01,True,375,21976530.0,0,0,0,True,False,-0.015963511972634015
2020-02-03,True,375,39863370.0,0,0,0,True,False,-0.00994789199431556
2020-02-04,True,375,15159510.0,0,0,0,True,False,0.008902077151335286
2020-02-05,True,375,16446760.0,0,0,0,True,False,-0.00044198895027636187
2020-02-06,True,375,24874390.0,0,0,0,True,False,0.00020924879681927244
2020-02-07,True,375,18217720.0,0,0,0,True,False,-0.0023070469798657234
2020-02-10,True,375,78153490.0,0,0,0,True,False,-0.0212630236019562
2020-02-11,True,375,36424090.0,0,0,0,True,False,0.011504624407850272
2020-02-12,True,375,27399940.0,0,0,0,True,False,0.011008762075938039
2020-02-13,True,375,17832510.0,0,0,0,True,False,0.000892060660124816
2020-02-14,True,375,13161580.0,0,0,0,True,False,0.002272727272727204
2020-02-17,True,375,18321610.0,0,0,0,True,False,0.0023014959723819395
2020-02-18,True,375,18514160.0,0,0,0,True,False,-0.0091324200913242
2020-02-19,True,375,16262270.0,0,0,0,True,False,0.008782066096602703
2020-02-20,True,375,15720870.0,0,0,0,True,False,-0.009466635880859053
2020-02-24,True,375,37127440.0,0,0,0,True,False,-0.020495495495495453
2020-02-25,True,375,31070840.0,0,0,0,True,False,0.007938417127736352
2020-02-26,True,375,25476000.0,0,0,0,True,False,-0.024893314366998487
2020-02-27,True,375,12508980.0,0,0,0,True,False,-0.003841536614645813
2020-02-28,True,375,43998940.0,0,0,0,True,False,-0.034624697336561705
2020-03-02,True,375,38302090.0,0,0,0,True,False,0.033333333333333215
2020-03-03,True,375,25622480.0,0,0,0,True,False,0.026098901098901228
2020-03-04,True,375,28467990.0,0,0,0,True,False,0.0002577319587631077
2020-03-05,True,375,30852570.0,0,0,0,True,False,0.02046239702365127
2020-03-06,True,375,33697440.0,0,0,0,True,False,-0.047746065617497946
2020-03-09,True,375,37923840.0,0,0,0,True,False,-0.03928266438941086
2020-03-11,True,375,35951280.0,0,0,0,True,False,0.003095975232198178
2020-03-12,True,375,43434430.0,0,0,0,True,False,-0.07625125965737323
2020-03-13,False,315,,0,0,0,False,False,-0.07375643224699824
2020-03-16,True,375,32648380.0,0,0,0,True,False,-0.07654921020656147
2020-03-17,True,375,41629190.0,0,0,0,True,False,0.03376981392143352
2020-03-18,True,375,26386740.0,0,0,0,True,False,0.028368794326241176
2020-03-19,True,375,28427810.0,0,0,0,True,False,-0.049469964664311084
2020-03-20,False,376,23637230.0,0,0,1,False,False,0.028687017285766725
2020-03-23,False,317,15621750.0,0,0,0,False,False,-0.09459459459459463
2020-03-24,True,375,35352610.0,0,0,0,True,False,0.01837559720690929
2020-03-25,True,375,13593420.0,0,0,0,True,False,-0.017292126563649646
2020-03-26,True,375,12350470.0,0,0,0,True,False,0.0034602076124568004
2020-03-27,True,375,17416670.0,0,0,0,True,False,0.028632025450689325
2020-03-30,True,375,20046880.0,0,0,0,True,False,-0.03365906623235615
2020-03-31,True,375,28461700.0,0,0,0,True,False,0.0286274509803921
2020-04-01,True,375,11150360.0,0,0,0,True,False,-0.014814814814814725
2020-04-03,True,375,18777240.0,0,0,0,True,False,0.004126031507877048
2020-04-07,True,375,22616400.0,0,0,0,True,False,0.04722550177095619
2020-04-08,True,375,38988440.0,0,0,0,True,False,-0.018115942028985477
2020-04-09,False,374,22689830.0,0,0,0,False,False,0.025594149908592323
2020-04-13,True,375,25548830.0,0,0,0,True,False,0.0035211267605634866
2020-04-15,True,375,21913100.0,0,0,0,True,False,0.018787663948954147
2020-04-16,True,375,32184860.0,0,0,0,True,False,-0.03395169758487926
2020-04-17,True,375,27875560.0,0,0,0,True,False,0.023743977976600217
2020-04-20,False,373,20633250.0,0,0,0,False,False,0.00855285665412242
2020-04-21,True,375,47713660.0,0,0,0,True,False,-0.02370163820146387
2020-04-22,True,375,20273350.0,0,0,0,True,False,0.0003759398496239186
2020-04-23,True,375,31591060.0,0,0,0,True,False,0.003717472118959231
2020-04-24,True,375,16961520.0,0,0,0,True,False,-0.015162721893491105
2020-04-27,True,375,20507960.0,0,0,0,True,False,0.01972459992556752
2020-04-28,True,375,14497110.0,0,0,0,True,False,0.007355645457888915
2020-04-29,True,375,28212790.0,0,0,0,True,False,-0.0036496350364962904
2020-04-30,True,375,37834640.0,0,0,0,True,False,0.026912181303116123
2020-05-04,True,375,37979820.0,0,0,0,True,False,-0.04201680672268904
2020-05-05,True,375,17490700.0,0,0,0,True,False,0.02310231023102305
2020-05-06,True,375,14332450.0,0,0,0,True,False,-0.0003646973012400023
2020-05-07,True,375,14327500.0,0,0,0,True,False,-0.010061085159899341
2020-05-08,True,375,17221520.0,0,0,0,True,False,0.02389572773352633
2020-05-11,True,375,18588550.0,0,0,0,True,False,0.01026392961876832
2020-05-12,True,375,28751880.0,0,0,0,True,False,-0.0122876761835925
2020-05-13,True,375,34354800.0,0,0,0,True,False,0.04393609295570089
2020-05-14,True,375,17008030.0,0,0,0,True,False,-0.021582733812949728
2020-05-15,True,375,26969850.0,0,0,0,True,False,0.0044642857142858094
2020-05-18,True,375,22293660.0,0,0,0,True,False,0.0032942898975110158
2020-05-19,True,375,20788240.0,0,0,0,True,False,0.01872659176029967
2020-05-20,True,375,21556880.0,0,0,0,True,False,-0.0011017260374587279
2020-05-21,True,375,17061730.0,0,0,0,True,False,0.00035236081747713754
2020-05-22,True,375,23284980.0,0,0,0,True,False,-0.017605633802816878
2020-05-26,True,375,24597830.0,0,0,0,True,False,0.00872410032715365
2020-05-27,True,375,20162800.0,0,0,0,True,False,0.003199431212228987
2020-05-28,True,375,30181850.0,0,0,0,True,False,0.01003460207612461
2020-05-29,True,375,19671760.0,0,0,0,True,False,-0.006124532153793827
2020-06-01,True,375,63326590.0,0,0,0,True,False,0.027210884353741527
2020-06-02,True,375,37437280.0,0,0,0,True,False,0.0076045627376426506
2020-06-03,True,375,18094460.0,0,0,0,True,False,0.020376175548589393
2020-06-04,True,375,19090050.0,0,0,0,True,False,-0.0009457755359394415
2020-06-05,True,375,55259990.0,0,0,0,True,False,0.01844326351984993
2020-06-08,True,375,28619770.0,0,0,0,True,False,0.023550191345304894
2020-06-09,True,375,26139620.0,0,0,0,True,False,0.004184100418409997
2020-06-10,True,375,35275890.0,0,0,0,True,False,0.004550970873786309
2020-06-11,True,375,28608990.0,0,0,0,True,False,-0.009840098400983988
2020-06-12,True,375,19798310.0,0,0,0,True,False,-0.04458598726114649
2020-06-15,True,375,34892160.0,0,0,0,True,False,-0.01814768460575722
2020-06-16,True,375,38870070.0,0,0,0,True,False,0.029065969954278348
2020-06-17,True,375,30310870.0,0,0,0,True,False,-0.0029211295034079487
2020-06-18,True,375,13058300.0,0,0,0,True,False,0.0006493506493505663
2020-06-19,True,375,33574520.0,0,0,0,True,False,0.005954246317768863
2020-06-22,True,375,15591890.0,0,0,0,True,False,-0.0015610365282547889
2020-06-23,True,375,16565600.0,0,0,0,True,False,-0.0003050640634533197
2020-06-24,True,375,38969070.0,0,0,0,True,False,0.018456883509833544
2020-06-25,True,375,15811740.0,0,0,0,True,False,-0.011966861000306861
2020-06-26,True,375,13497650.0,0,0,0,True,False,0.009919404835709855
2020-06-29,True,375,16867140.0,0,0,0,True,False,-0.005235602094240899
2020-06-30,True,375,98109130.0,0,0,0,True,False,0.01000312597686781
2020-07-01,True,375,22159290.0,0,0,0,True,False,0.004886988393402403
2020-07-02,True,375,10761850.0,0,0,0,True,False,0.009256402344955283
2020-07-03,True,375,21544600.0,0,0,0,True,False,0.00837821663674454
2020-07-06,True,375,13372940.0,0,0,0,True,False,0.011536126290224713
2020-07-07,True,375,21708930.0,0,0,0,True,False,-0.00029507229271164004
2020-07-08,True,375,30748920.0,0,0,0,True,False,0.004224502112251116
2020-07-09,True,375,40009370.0,0,0,0,True,False,0.009284216831386694
2020-07-10,True,375,22004110.0,0,0,0,True,False,-0.008408234270803061
2020-07-13,True,375,25297200.0,0,0,0,True,False,0.014180206794682348
2020-07-14,True,375,13495310.0,0,0,0,True,False,-0.010507880910682998
2020-07-15,True,375,24397570.0,0,0,0,True,False,0.0139880952380953
2020-07-16,True,375,14739590.0,0,0,0,True,False,-0.001477104874446189
2020-07-17,True,375,64597780.0,0,0,0,True,False,0.015556207807455369
2020-07-20,True,375,15491390.0,0,0,0,True,False,0.0005699629524080763
2020-07-21,True,375,18028480.0,0,0,0,True,False,0.009929078014184523
2020-07-22,True,375,32177670.0,0,0,0,True,False,0.0025027808676305607
2020-07-23,True,375,15008720.0,0,0,0,True,False,-0.0002855511136494737
2020-07-24,True,375,12821500.0,0,0,0,True,False,-0.014204545454545414
2020-07-27,True,375,20869440.0,0,0,0,True,False,0.013864818024263537
2020-07-28,True,375,14999370.0,0,0,0,True,False,0.003120567375886507
2020-07-29,True,375,37411530.0,0,0,0,True,False,0.0030734842134674256
2020-07-30,True,375,21139670.0,0,0,0,True,False,0.011266094420600892
2020-07-31,True,375,21581430.0,0,0,0,True,False,-0.0024556616643928164
2020-08-03,True,375,12106770.0,0,0,0,True,False,-0.00896495517522422
2020-08-04,True,375,19149520.0,0,0,0,True,False,0.006720430107526987
2020-08-05,True,375,37382030.0,0,0,0,True,False,0.002956989247311803
2020-08-06,True,375,36234070.0,0,0,0,True,False,-0.018630412890231707
2020-08-07,True,375,36560090.0,0,0,0,True,False,-0.012964348042881935
2020-08-10,True,375,19274910.0,0,0,0,True,False,0.006698089804018759
2020-08-11,True,375,49049370.0,0,0,0,True,False,0.008052708638360384
2020-08-12,True,375,19297310.0,0,0,0,True,False,-0.00910179640718567
2020-08-13,True,375,23005510.0,0,0,0,True,False,0.007468079980727627
2020-08-14,True,375,68540790.0,0,0,0,True,False,-0.009900990099009799
2020-08-17,True,375,50943370.0,0,0,0,True,False,0.0
2020-08-18,True,375,22698140.0,0,0,0,True,False,-0.006595995288574796
2020-08-19,True,375,23750970.0,0,0,0,True,False,0.0046242774566473965
2020-08-20,True,375,22754600.0,0,0,0,True,False,-0.018475750577367167
2020-08-21,True,375,22932790.0,0,0,0,True,False,0.008329477093937943
2020-08-24,True,375,25583350.0,0,0,0,True,False,0.012374503852439878
2020-08-25,True,375,15897330.0,0,0,0,True,False,0.005586592178770999
2020-08-26,True,375,17176120.0,0,0,0,True,False,0.002358490566037874
2020-08-27,True,375,22178560.0,0,0,0,True,False,0.0011764705882353343
2020-08-28,True,375,33711380.0,0,0,0,True,False,0.005146198830409343
2020-08-31,True,375,17843840.0,0,0,0,True,False,0.006370929683813031
2020-09-01,True,375,27158080.0,0,0,0,True,False,0.007055961070559613
2020-09-02,True,375,20928690.0,0,0,0,True,False,-0.0043981481481482065
2020-09-03,True,375,17609820.0,0,0,0,True,False,0.006139154160982319
2020-09-04,True,375,18041420.0,0,0,0,True,False,-0.02304883614787767
2020-09-07,True,375,23792680.0,0,0,0,True,False,0.004266413842142658
2020-09-08,True,375,12977480.0,0,0,0,True,False,0.010201660735468465
2020-09-09,True,375,68522380.0,0,0,0,True,False,-0.012626887843525614
2020-09-10,True,375,42028790.0,0,0,0,True,False,0.010486177311725298
2020-09-11,True,375,32826090.0,0,0,0,True,False,0.0019607843137257053
2020-09-14,True,375,24649390.0,0,0,0,True,False,0.00910657149889249
2020-09-15,True,375,14294260.0,0,0,0,True,False,0.00992555831265518
2020-09-16,True,375,13046160.0,0,0,0,True,False,0.002960769800147922
2020-09-17,True,375,22819030.0,0,0,0,True,False,-0.0059347181008900796
2020-09-18,True,375,25357040.0,0,0,0,True,False,0.006256256256256254
2020-09-21,True,375,17488610.0,0,0,0,True,False,-0.0015128593040846239
2020-09-22,True,375,43932320.0,0,0,0,True,False,0.006458557588805203
2020-09-23,True,375,34801050.0,0,0,0,True,False,0.0061382439284762835
2020-09-24,True,375,25445670.0,0,0,0,True,False,-0.012181616832779518
2020-09-25,True,375,16395210.0,0,0,0,True,False,0.01192207036929327
2020-09-28,True,375,24443450.0,0,0,0,True,False,0.025940706955530413
2020-09-29,True,375,21894940.0,0,0,0,True,False,0.010240797121505496
2020-09-30,True,375,18474740.0,0,0,0,True,False,0.004059539918809252
2020-10-01,True,375,15633280.0,0,0,0,True,False,0.015611931976582172
2020-10-05,True,375,61444710.0,0,0,0,True,False,0.014250479583447495
2020-10-06,True,375,24219290.0,0,0,0,True,False,0.00992167101827679
2020-10-07,True,375,14655520.0,0,0,0,True,False,-0.004764425622022173
2020-10-08,True,375,32563560.0,0,0,0,True,False,0.010796221322537214
2020-10-09,True,375,62996960.0,0,0,0,True,False,0.005885500267522659
2020-10-12,True,375,23650550.0,0,0,0,True,False,0.0056542810985460434
2020-10-13,True,375,28462000.0,0,0,0,True,False,0.004048582995951566
2020-10-14,True,375,34457650.0,0,0,0,True,False,0.008165487207403288
2020-10-15,True,375,70902220.0,0,0,0,True,False,0.012490034546904116
2020-10-16,True,375,30252090.0,0,0,0,True,False,0.012077294685990392
2020-10-19,True,375,32781710.0,0,0,0,True,False,0.00964956830878605
2020-10-20,True,375,20093420.0,0,0,0,True,False,-0.010101010101010055
2020-10-21,True,375,40203170.0,0,0,0,True,False,0.01226053639846758
2020-10-22,True,375,25645060.0,0,0,0,True,False,-0.0032242063492063933
2020-10-23,True,375,45142210.0,0,0,0,True,False,0.0043774319066147704
2020-10-26,True,375,23801040.0,0,0,0,True,False,-0.000236127508854711
2020-10-27,True,375,34265420.0,0,0,0,True,False,0.002206964198136152
2020-10-28,True,375,16213520.0,0,0,0,True,False,0.003413801511826353
2020-10-29,True,375,30841970.0,0,0,0,True,False,-0.00572424091587842
2020-10-30,True,375,16773590.0,0,0,0,True,False,0.004239401496259454
2020-11-02,True,375,21139280.0,0,0,0,True,False,0.0031808172253486866
2020-11-03,False,374,22522410.0,0,0,0,False,False,0.014186162269785862
2020-11-04,True,375,30295970.0,0,0,0,True,False,0.006646971935007517
2020-11-05,True,375,23417730.0,0,0,0,True,False,0.02182539682539697
2020-11-06,True,375,41481490.0,0,0,0,True,False,-0.0007062146892653498
2020-11-09,True,375,25018700.0,0,0,0,True,False,0.01906330901388542
2020-11-10,True,375,36757030.0,0,0,0,True,False,0.008249312557286892
2020-11-11,True,375,25846920.0,0,0,0,True,False,-0.00022624434389151293
2020-11-12,True,375,60568350.0,0,0,0,True,False,-0.008403361344537785
2020-11-13,True,375,31967480.0,0,0,0,True,False,0.0012757814161175052
2020-11-14,False,60,,0,0,60,False,False,0.017622950819672134
2020-11-17,True,375,156459340.0,0,0,0,True,False,0.03054989816700604
2020-11-18,True,375,58742390.0,0,0,0,True,False,-0.007092198581560405
2020-11-19,True,375,36009250.0,0,0,0,True,False,-0.009864603481624878
2020-11-20,True,375,79452530.0,0,0,0,True,False,0.003816793893129722
2020-11-23,True,375,37492440.0,0,0,0,True,False,0.011278195488721776
2020-11-24,True,375,30130170.0,0,0,0,True,False,0.011630053535166995
2020-11-25,True,375,27829550.0,0,0,0,True,False,0.004924311508298418
2020-11-26,True,375,16941500.0,0,0,0,True,False,0.009242144177449063
2020-11-27,True,375,37904740.0,0,0,0,True,False,0.0010537407797681642
2020-12-01,False,376,43643650.0,0,0,1,False,False,0.02974430335710565
2020-12-02,True,375,31619800.0,0,0,0,True,False,0.001367755171824303
2020-12-03,True,375,52728340.0,0,0,0,True,False,0.008278145695364225
2020-12-04,True,375,29455620.0,0,0,0,True,False,0.008729388942773975
2020-12-07,True,375,24334740.0,0,0,0,True,False,0.0009630818619583703
2020-12-08,True,375,23132860.0,0,0,0,True,False,0.0008123476848092004
2020-12-09,True,375,20574840.0,0,0,0,True,False,0.008814887365328206
2020-12-10,True,375,37920870.0,0,0,0,True,False,-0.0042720999014130845
2020-12-11,True,375,25021920.0,0,0,0,True,False,0.0030995106035889286
2020-12-14,True,375,53294010.0,0,0,0,True,False,0.0085277554304104
2020-12-15,True,375,26070750.0,0,0,0,True,False,-0.006691094471881542
2020-12-16,True,375,46960090.0,0,0,0,True,False,0.008810572687224738
2020-12-17,True,375,13418090.0,0,0,0,True,False,0.0018685767673622955
2020-12-18,True,375,29329270.0,0,0,0,True,False,0.005988967691095359
2020-12-21,True,375,21030490.0,0,0,0,True,False,-0.009051929490233479
2020-12-22,True,375,43333600.0,0,0,0,True,False,0.009485094850948617
2020-12-23,True,375,20123130.0,0,0,0,True,False,-0.0015002500416736453
2020-12-24,True,375,26668050.0,0,0,0,True,False,0.0056288195561273735
2020-12-28,True,375,23193400.0,0,0,0,True,False,0.00850722311396468
2020-12-29,True,375,19478500.0,0,0,0,True,False,0.006151419558359628
2020-12-30,True,375,16742870.0,0,0,0,True,False,0.0038058991436726863
2020-12-31,True,375,31228140.0,0,0,0,True,False,-0.007019185774450154
2021-01-01,True,375,15551090.0,0,0,0,True,False,0.0037348272642390157
2021-01-04,True,375,37975220.0,0,0,0,True,False,0.011849080137199985
2021-01-05,True,375,50278690.0,0,0,0,True,False,-0.012363427257044313
2021-01-06,True,375,33391150.0,0,0,0,True,False,0.004405286343612591
2021-01-07,True,375,80798090.0,0,0,0,True,False,0.0122699386503069
2021-01-08,True,375,30377880.0,0,0,0,True,False,0.01000277854959708
2021-01-11,True,375,39556160.0,0,0,0,True,False,-0.0009821804405779622
2021-01-12,True,375,79795180.0,0,0,0,True,False,0.0005758710048950899
2021-01-13,False,376,40564460.0,0,0,1,False,False,0.0066006600660066805
2021-01-14,False,376,30258310.0,0,0,1,False,False,0.00014086491055076422
2021-01-15,True,375,54680400.0,0,0,0,True,False,0.007072135785006983
2021-01-18,True,375,43908590.0,0,0,0,True,False,0.0015560899702928843
2021-01-19,True,375,126901460.0,0,0,0,True,False,0.010526315789473717
2021-01-20,True,375,81271290.0,0,0,0,True,False,0.01202346041055713
2021-01-21,True,375,23145430.0,0,0,0,True,False,0.005237125400058273
2021-01-22,True,375,35443660.0,0,0,0,True,False,0.00029859659599873467
2021-01-25,True,375,33411960.0,0,0,0,True,False,0.006337919307466411
2021-01-27,True,375,25827350.0,0,0,0,True,False,-0.00030717247734601827
2021-01-28,True,375,38704110.0,0,0,0,True,False,-0.010249839846252384
2021-01-29,True,375,19030740.0,0,0,0,True,False,0.0105854049719325
2021-02-01,False,376,23778490.0,0,0,1,False,False,0.0033172997180295205
2021-02-02,True,375,30124150.0,0,0,0,True,False,0.008153026026967547
2021-02-03,True,375,20167810.0,0,0,0,True,False,0.004204297726564832
2021-02-04,True,375,29166690.0,0,0,0,True,False,0.0038372985418264616
2021-02-05,True,375,25447320.0,0,0,0,True,False,-0.000304367676152717
2021-02-08,True,375,42052580.0,0,0,0,True,False,0.007841998257333893
2021-02-09,True,375,60335210.0,0,0,0,True,False,0.004264392324093924
2021-02-10,True,375,145412180.0,0,0,0,True,False,0.011972633979475455
2021-02-11,True,375,54577560.0,0,0,0,True,False,-0.0063583815028901425
2021-02-12,True,375,26491050.0,0,0,0,True,False,0.00216294160057684
2021-02-15,True,375,23524870.0,0,0,0,True,False,0.011184694628403102
2021-02-16,True,375,79008810.0,0,0,0,True,False,0.002535421327367615
2021-02-17,True,375,33646490.0,0,0,0,True,False,0.0
2021-02-18,True,375,38937650.0,0,0,0,True,False,0.0067596720839924185
2021-02-19,True,375,44661260.0,0,0,0,True,False,0.0
2021-02-22,True,375,60419230.0,0,0,0,True,False,0.005228562892142241
2021-02-23,True,375,31167840.0,0,0,0,True,False,0.014117647058823346
2021-02-24,False,224,92111840.0,0,0,75,False,False,0.0009532888465204614
2021-02-25,True,375,46844680.0,0,0,0,True,False,0.011001100110010986
2021-02-26,True,375,36566430.0,0,0,0,True,False,-0.026192075218267385
2021-03-01,True,375,29485260.0,0,0,0,True,False,0.013437849944009095
2021-03-02,True,375,20664680.0,0,0,0,True,False,-0.0006839945280436854
2021-03-03,True,375,81230820.0,0,0,0,True,False,0.007614903453902366
2021-03-04,True,375,56540490.0,0,0,0,True,False,-0.03146762961052374
2021-03-05,True,375,36502830.0,0,0,0,True,False,-0.012011615628299999
2021-03-08,True,375,27624390.0,0,0,0,True,False,0.01183190534475731
2021-03-09,True,375,14177680.0,0,0,0,True,False,0.01264102215577001
2021-03-10,True,375,25515910.0,0,0,0,True,False,0.00903316866619619
2021-03-12,True,375,32366810.0,0,0,0,True,False,0.022240640972509995
2021-03-15,True,375,21341960.0,0,0,0,True,False,0.002220988339811214
2021-03-16,True,375,26038320.0,0,0,0,True,False,0.0052974735126325445
2021-03-17,True,375,14641350.0,0,0,0,True,False,0.0
2021-03-18,True,375,29395900.0,0,0,0,True,False,0.015308291991495304
2021-03-19,True,375,32929940.0,0,0,0,True,False,-0.007484818528456394
2021-03-22,True,375,26332420.0,0,0,0,True,False,-0.0006834335702569083
2021-03-23,True,375,19125260.0,0,0,0,True,False,0.0013422818791946067
2021-03-24,True,375,29458740.0,0,0,0,True,False,-0.01229563572490222
2021-03-25,True,375,43178260.0,0,0,0,True,False,0.005522514868309347
2021-03-26,True,375,29735560.0,0,0,0,True,False,0.010235131396957309
2021-03-30,True,375,77792570.0,0,0,0,True,False,0.01920815366522932
2021-03-31,True,375,56975410.0,0,0,0,True,False,-0.0068792995622263264
2021-04-01,True,375,48270080.0,0,0,0,True,False,0.003176930596285432
2021-04-05,True,375,74534080.0,0,0,0,True,False,0.0036092676679473357
2021-04-06,True,375,56009690.0,0,0,0,True,False,0.008756769213042803
2021-04-07,True,375,53536510.0,0,0,0,True,False,0.008700696055684354
2021-04-08,True,375,47894400.0,0,0,0,True,False,0.008211678832116709
2021-04-09,True,375,52397180.0,0,0,0,True,False,-0.0010845986984816536
2021-04-12,True,375,45452470.0,0,0,0,True,False,-0.024916573971079048
2021-04-13,True,375,30343160.0,0,0,0,True,False,0.007127000817852558
2021-04-15,True,375,65779960.0,0,0,0,True,False,0.015482695810564717
2021-04-16,True,375,30045710.0,0,0,0,True,False,0.010961968680089473
2021-04-19,True,375,32386860.0,0,0,0,True,False,-0.019833220644579597
2021-04-20,True,375,30808600.0,0,0,0,True,False,0.015686717074822276
2021-04-22,True,375,79408040.0,0,0,0,True,False,0.008516360376512822
2021-04-23,True,375,63144350.0,0,0,0,True,False,0.007913279132791384
2021-04-26,True,375,23048610.0,0,0,0,True,False,0.011248107289638876
2021-04-27,True,375,40253290.0,0,0,0,True,False,0.005940384003394472
2021-04-28,True,375,40739800.0,0,0,0,True,False,0.003054989816700493
2021-04-29,True,375,105800050.0,0,0,0,True,False,0.012671268157000037
2021-04-30,True,375,73741100.0,0,0,0,True,False,-0.01072360158438801
2021-05-03,True,375,50198670.0,0,0,0,True,False,0.005847953216374435
2021-05-04,True,375,53302770.0,0,0,0,True,False,0.006934682785118662
2021-05-05,True,375,37473420.0,0,0,0,True,False,0.016027743931015248
2021-05-06,False,374,,0,0,0,False,False,-0.01503127625805245
2021-05-07,True,375,107550860.0,0,0,0,True,False,0.02947845804988658
2021-05-10,True,375,83213760.0,0,0,0,True,False,0.02230483271375472
2021-05-11,True,375,71013980.0,0,0,0,True,False,-0.02298850574712641
2021-05-12,True,375,53070110.0,0,0,0,True,False,0.001626016260162677
2021-05-14,True,375,82224100.0,0,0,0,True,False,0.008510638297872353
2021-05-17,True,375,44485520.0,0,0,0,True,False,0.006456177589104106
2021-05-18,True,375,58051990.0,0,0,0,True,False,0.018638925010836527
2021-05-19,True,375,30873180.0,0,0,0,True,False,-0.005510809665112415
2021-05-20,True,375,95409870.0,0,0,0,True,False,-0.025753660637381492
2021-05-21,True,375,31170430.0,0,0,0,True,False,0.008509867825457373
2021-05-24,True,375,39740930.0,0,0,0,True,False,-0.003597122302158362
2021-05-25,True,375,43387230.0,0,0,0,True,False,0.010082493125572967
2021-05-26,True,375,34391510.0,0,0,0,True,False,-0.013211474074744434
2021-05-27,True,375,25169010.0,0,0,0,True,False,0.0019442644199609838
2021-05-28,True,375,56218070.0,0,0,0,True,False,0.02492070684186687
2021-05-31,True,375,28201070.0,0,0,0,True,False,0.007246376811594235
2021-06-01,True,375,29550110.0,0,0,0,True,False,-0.007092198581560294
2021-06-02,True,375,26132870.0,0,0,0,True,False,0.004454140532678785
2021-06-03,True,375,22823540.0,0,0,0,True,False,0.0
2021-06-04,True,375,16605650.0,0,0,0,True,False,-0.0014316392269149159
2021-06-07,True,375,35775270.0,0,0,0,True,False,0.008928571428571397
2021-06-08,True,375,22904090.0,0,0,0,True,False,0.0037217545414267583
2021-06-09,True,375,16106190.0,0,0,0,True,False,0.006306306306306242
2021-06-10,True,375,21191780.0,0,0,0,True,False,0.008454545454545492
2021-06-11,True,375,20980100.0,0,0,0,True,False,0.011479820627802617
2021-06-14,True,375,40098610.0,0,0,0,True,False,0.0036088675030074846
2021-06-15,True,375,25279270.0,0,0,0,True,False,0.004464285714285587
2021-06-16,True,375,23374330.0,0,0,0,True,False,-0.0034100596760442414
2021-06-17,True,375,30568110.0,0,0,0,True,False,-0.018421052631578894
2021-06-18,True,375,37434670.0,0,0,0,True,False,-0.00045228403437358455
2021-06-21,True,375,26920310.0,0,0,0,True,False,-0.022831050228310557
2021-06-22,True,375,14708750.0,0,0,0,True,False,0.007414104882459416
2021-06-23,True,375,14140850.0,0,0,0,True,False,0.010278604273735503
2021-06-24,True,375,14598390.0,0,0,0,True,False,0.0030864197530864335
2021-06-25,True,375,48939970.0,0,0,0,True,False,0.014751899865891982
2021-06-28,True,375,19629480.0,0,0,0,True,False,0.007293007293007303
2021-06-29,True,375,18106730.0,0,0,0,True,False,-0.00042194092826997043
2021-06-30,True,375,16462220.0,0,0,0,True,False,0.005790683811632391
2021-07-01,True,375,13988060.0,0,0,0,True,False,0.005922746781115817
2021-07-02,True,375,12153190.0,0,0,0,True,False,0.002665749419554553
2021-07-05,True,375,14943980.0,0,0,0,True,False,0.007118375955707856
2021-07-06,True,375,11982040.0,0,0,0,True,False,0.0001726370306431857
2021-07-07,True,375,17411210.0,0,0,0,True,False,0.0018011836349600685
2021-07-08,True,375,25168480.0,0,0,0,True,False,0.00016329196603526164
2021-07-09,True,375,27747270.0,0,0,0,True,False,0.001680672268907557
2021-07-12,True,375,28518880.0,0,0,0,True,False,0.009033715115341012
2021-07-13,True,375,14616380.0,0,0,0,True,False,0.010612244897959089
2021-07-14,True,375,16087310.0,0,0,0,True,False,0.001626016260162677
2021-07-15,True,375,14523970.0,0,0,0,True,False,0.0016881028938906528
2021-07-16,True,375,11190700.0,0,0,0,True,False,0.0053259141494435
2021-07-19,True,375,13247120.0,0,0,0,True,False,-0.012394101035456573
2021-07-20,True,375,12122880.0,0,0,0,True,False,0.005931198102016699
2021-07-22,True,375,13238310.0,0,0,0,True,False,0.01379870129870131
2021-07-23,True,375,26653170.0,0,0,0,True,False,0.002114827289104726
2021-07-26,True,375,11945660.0,0,0,0,True,False,0.007739817058869614
2021-07-27,True,375,21259340.0,0,0,0,True,False,0.013878180416345476
2021-07-28,True,375,22244150.0,0,0,0,True,False,-0.0011248593925760053
2021-07-29,True,375,20737620.0,0,0,0,True,False,0.004749725977347463
2021-07-30,True,375,33953060.0,0,0,0,True,False,-0.0015775034293553647
2021-08-02,True,375,17543680.0,0,0,0,True,False,0.007454887479969363
2021-08-03,True,375,15839900.0,0,0,0,True,False,0.0007077140835101137
2021-08-04,True,375,29791330.0,0,0,0,True,False,0.009024372912669776
2021-08-05,False,376,25096330.0,0,0,1,False,False,-0.0011997177134790427
2021-08-06,True,375,24585810.0,0,0,0,True,False,0.0
2021-08-09,True,375,14257460.0,0,0,0,True,False,0.004201680672268893
2021-08-10,True,375,10402590.0,0,0,0,True,False,0.002484913028043989
2021-08-11,True,375,30436460.0,0,0,0,True,False,0.013045696377814942
2021-08-12,True,375,23902880.0,0,0,0,True,False,0.004898530440867743
2021-08-13,True,375,54693820.0,0,0,0,True,False,-0.02001813489572435
2021-08-16,True,375,52350980.0,0,0,0,True,False,0.010211027910143056
2021-08-17,True,375,27287780.0,0,0,0,True,False,0.002838096495280995
2021-08-18,True,375,22610160.0,0,0,0,True,False,0.004993342210386054
2021-08-20,True,375,60153580.0,0,0,0,True,False,-0.034669338677354666
2021-08-23,True,375,35229120.0,0,0,0,True,False,0.025078599107991373
2021-08-24,True,375,39667980.0,0,0,0,True,False,0.014684287812041008
2021-08-25,True,375,27964310.0,0,0,0,True,False,0.007102272727272707
2021-08-26,True,375,12982080.0,0,0,0,True,False,-0.00014382281029778898
2021-08-27,True,375,18609590.0,0,0,0,True,False,0.0015979081929111683
2021-08-30,True,375,21031820.0,0,0,0,True,False,0.012227769336516925
2021-08-31,True,375,18863010.0,0,0,0,True,False,0.005847139078379637
2021-09-01,True,375,20806420.0,0,0,0,True,False,0.002902356437011866
2021-09-02,True,375,13612610.0,0,0,0,True,False,0.0
2021-09-03,True,375,11684490.0,0,0,0,True,False,0.002457002457002533
2021-09-06,True,375,12628460.0,0,0,0,True,False,0.004163775156141636
2021-09-07,True,375,14595990.0,0,0,0,True,False,0.005781152051264282
2021-09-08,True,375,8992840.0,0,0,0,True,False,0.0021082220660575413
2021-09-09,True,375,8446710.0,0,0,0,True,False,-0.0056022408963586345
2021-09-13,True,375,8935740.0,0,0,0,True,False,6.911327666037081e-05
2021-09-14,True,375,12370960.0,0,0,0,True,False,0.004081632653061273
2021-09-15,True,375,9402610.0,0,0,0,True,False,0.0006200909466722582
2021-09-16,True,375,12381870.0,0,0,0,True,False,0.0047484687908609935
2021-09-17,True,375,31306540.0,0,0,0,True,False,-0.0004173622704507496
2021-09-20,True,375,70242790.0,0,0,0,True,False,-0.02371998842927392
2021-09-21,True,375,62316140.0,0,0,0,True,False,0.008497675164341745
2021-09-22,True,375,23385300.0,0,0,0,True,False,0.0022367913613574597
2021-09-23,True,375,22360250.0,0,0,0,True,False,0.020251610923596175
2021-09-24,True,375,13957680.0,0,0,0,True,False,0.003497035122396186
2021-09-27,True,375,21202170.0,0,0,0,True,False,0.003075467234445295
2021-09-28,True,375,15749290.0,0,0,0,True,False,0.002045794318986438
2021-09-29,True,375,14372390.0,0,0,0,True,False,-0.0070367474589523304
2021-09-30,True,375,16613490.0,0,0,0,True,False,0.007110836296181811
2021-10-01,True,375,17374360.0,0,0,0,True,False,-0.008553654743390315
2021-10-04,True,375,15018410.0,0,0,0,True,False,0.0029364036782320024
2021-10-05,True,375,11640160.0,0,0,0,True,False,-0.0060514372163387176
2021-10-06,True,375,11746170.0,0,0,0,True,False,0.0015935650326301953
2021-10-07,True,375,9500880.0,0,0,0,True,False,0.016483516483516425
2021-10-08,True,375,44691420.0,0,0,0,True,False,0.010477299185098987
2021-10-11,True,375,12732990.0,0,0,0,True,False,0.0019193857965451588
2021-10-12,True,375,10857810.0,0,0,0,True,False,0.00022850178993061299
2021-10-13,True,375,14970200.0,0,0,0,True,False,-0.0015065913370997386
2021-10-14,True,375,10063780.0,0,0,0,True,False,0.013947310161611881
2021-10-18,True,375,21413250.0,0,0,0,True,False,0.03352769679300316
2021-10-19,True,375,11353990.0,0,0,0,True,False,0.008516678495386731
2021-10-20,True,375,17952780.0,0,0,0,True,False,0.0021913805697588717
2021-10-21,True,375,13879720.0,0,0,0,True,False,0.00922413151826218
2021-10-22,True,375,15647600.0,0,0,0,True,False,0.002277904328018332
2021-10-25,True,375,8224620.0,0,0,0,True,False,0.00540540540540535
2021-10-26,True,375,9978210.0,0,0,0,True,False,0.009686168151879171
2021-10-27,True,375,11425050.0,0,0,0,True,False,-0.0007423904974015461
2021-10-28,True,375,26134580.0,0,0,0,True,False,-0.007622641509433925
2021-10-29,True,375,17250750.0,0,0,0,True,False,-0.006850369458128003
2021-11-01,False,374,26943510.0,0,0,0,False,False,0.01700060716454166
2021-11-02,True,375,9474820.0,0,0,0,True,False,0.005873715124816492
2021-11-03,True,375,9984890.0,0,0,0,True,False,0.005159332321699406
2021-11-04,False,60,,0,0,60,False,False,0.0037707390648566985
2021-11-08,True,375,11001030.0,0,0,0,True,False,0.010855635130041508
2021-11-09,True,375,10320520.0,0,0,0,True,False,0.0014168530947054059
2021-11-10,True,375,15809470.0,0,0,0,True,False,-0.006508565871175098
2021-11-11,True,375,20760380.0,0,0,0,True,False,0.005315870570107739
2021-11-12,True,375,61078960.0,0,0,0,True,False,0.03076923076923066
2021-11-15,True,375,18464700.0,0,0,0,True,False,0.006528835690968515
2021-11-16,True,375,32493060.0,0,0,0,True,False,0.001205787781350498
2021-11-17,True,375,18298460.0,0,0,0,True,False,-0.000407996736026095
2021-11-18,True,375,17389100.0,0,0,0,True,False,0.005340563634869788
2021-11-22,True,375,21822740.0,0,0,0,True,False,0.00016836434043265847
2021-11-23,True,375,21934540.0,0,0,0,True,False,0.0011141583818992107
2021-11-24,True,375,11915750.0,0,0,0,True,False,0.008739495798319341
2021-11-25,True,375,8459450.0,0,0,0,True,False,0.0055389859394971985
2021-11-26,True,375,18720140.0,0,0,0,True,False,-0.013545748849889128
2021-11-29,True,375,33174880.0,0,0,0,True,False,0.0021623569690965017
2021-11-30,True,375,12234560.0,0,0,0,True,False,0.0009910802775023875
2021-12-01,True,375,15884470.0,0,0,0,True,False,0.020465377067563795
2021-12-02,True,375,17713300.0,0,0,0,True,False,0.0009242144177448175
2021-12-03,True,375,13351770.0,0,0,0,True,False,0.0017969451931716396
2021-12-06,True,375,11675090.0,0,0,0,True,False,-0.0006279716515653622
2021-12-07,True,375,15618850.0,0,0,0,True,False,0.012737127371273749
2021-12-08,True,375,18500270.0,0,0,0,True,False,0.005291005291005346
2021-12-09,True,375,12301460.0,0,0,0,True,False,0.006214352600663942
2021-12-10,True,375,12158880.0,0,0,0,True,False,-0.002125850340136015
2021-12-13,True,375,9189980.0,0,0,0,True,False,0.008488964346349714
2021-12-14,True,375,13206740.0,0,0,0,True,False,-0.006344307270233163
2021-12-15,True,375,8895510.0,0,0,0,True,False,0.0037745560607360673
2021-12-16,True,375,7268990.0,0,0,0,True,False,0.01182197496522952
2021-12-17,True,375,8114510.0,0,0,0,True,False,-0.0019027849852966128
2021-12-20,False,371,,0,0,0,False,False,-0.013163707041258021
2021-12-21,True,375,11340570.0,0,0,0,True,False,0.016127528665982993
2021-12-22,True,375,7279900.0,0,0,0,True,False,0.005500946884299696
2021-12-23,True,375,8613300.0,0,0,0,True,False,0.0070796460176991705
2021-12-24,True,375,7476550.0,0,0,0,True,False,0.003195739014647092
2021-12-27,True,375,5382080.0,0,0,0,True,False,-0.005282005371530896
2021-12-28,True,375,4728130.0,0,0,0,True,False,0.002223210315695834
2021-12-29,True,375,6284160.0,0,0,0,True,False,-0.006211180124223614
2021-12-30,True,375,7672720.0,0,0,0,True,False,0.0021515015688033934
2021-12-31,True,375,7062470.0,0,0,0,True,False,0.0029043383554183677
2022-01-03,True,375,5162330.0,0,0,0,True,False,0.002427402679133328
2022-01-04,True,375,15976600.0,0,0,0,True,False,0.0026958865988346847
2022-01-05,True,375,8313370.0,0,0,0,True,False,-0.0016537557663852676
2022-01-06,True,375,16166030.0,0,0,0,True,False,-0.004248088360237934
2022-01-07,True,375,6375160.0,0,0,0,True,False,0.0036175710594315014
2022-01-10,True,375,6705380.0,0,0,0,True,False,0.005871179416335748
2022-01-11,True,375,31375890.0,0,0,0,True,False,-0.007962328767123217
2022-01-12,True,375,11967400.0,0,0,0,True,False,0.0053801375904038995
2022-01-13,True,375,31878900.0,0,0,0,True,False,0.005401637916013335
2022-01-14,True,375,17284050.0,0,0,0,True,False,-0.005085301837270406
2022-01-17,True,375,7854000.0,0,0,0,True,False,0.003303055326176807
2022-01-18,True,375,16281330.0,0,0,0,True,False,-0.00032509752925879987
2022-01-19,True,375,15322030.0,0,0,0,True,False,-0.0004178854993732717
2022-01-20,True,375,9549060.0,0,0,0,True,False,0.0017384105960265295
2022-01-21,True,375,9515320.0,0,0,0,True,False,-0.008182494421026476
2022-01-24,True,375,11968740.0,0,0,0,True,False,-0.008547008547008517
2022-01-25,True,375,15619460.0,0,0,0,True,False,-0.005270331667423855
2022-01-27,True,375,15731580.0,0,0,0,True,False,-0.01446654611211573
2022-01-28,True,375,11853260.0,0,0,0,True,False,0.013750114584288209
2022-01-31,True,375,7506760.0,0,0,0,True,False,0.022007366482504676
2022-02-01,True,375,11861740.0,0,0,0,True,False,0.01881051175656978
2022-02-02,True,375,21922140.0,0,0,0,True,False,0.010188356164383627
2022-02-03,True,375,19486000.0,0,0,0,True,False,-0.012842465753424626
2022-02-04,True,375,21406130.0,0,0,0,True,False,0.009286328460877069
2022-02-07,True,375,32813680.0,0,0,0,True,False,-0.005194141689373266
2022-02-08,True,375,24641100.0,0,0,0,True,False,0.00852392606971053
2022-02-09,True,375,16267690.0,0,0,0,True,False,0.009430094300942882
2022-02-10,True,375,19616110.0,0,0,0,True,False,0.009023789991796427
2022-02-11,True,375,15477320.0,0,0,0,True,False,-0.006574727389352053
2022-02-14,True,375,17601640.0,0,0,0,True,False,-0.025323534110880397
2022-02-15,True,375,16642000.0,0,0,0,True,False,0.011493281500887242
2022-02-16,True,375,13393130.0,0,0,0,True,False,0.008382438376628887
2022-02-17,True,375,11683790.0,0,0,0,True,False,0.01102693602693594
2022-02-18,True,375,10438590.0,0,0,0,True,False,-0.0026886237607124386
2022-02-21,True,375,9294700.0,0,0,0,True,False,-0.001680672268907557
2022-02-22,True,375,10526850.0,0,0,0,True,False,-0.019475021168501194
2022-02-23,True,375,8413360.0,0,0,0,True,False,0.012345679012345512
2022-02-24,True,375,17451360.0,0,0,0,True,False,-0.03857984005624393
2022-02-25,True,375,15936890.0,0,0,0,True,False,0.015448658649398705
2022-02-28,True,375,20230330.0,0,0,0,True,False,-0.008221094979884547
2022-03-02,True,375,40596810.0,0,0,0,True,False,0.0027928371940200147
2022-03-03,True,375,35050310.0,0,0,0,True,False,0.012403100775193687
2022-03-04,True,375,24590930.0,0,0,0,True,False,-0.0008438818565399409
2022-03-07,False,353,,0,0,0,False,False,-0.0007048872180451804
2022-03-08,True,375,18781720.0,0,0,0,True,False,0.0
2022-03-09,True,375,10997370.0,0,0,0,True,False,0.0063196145035153695
2022-03-10,True,375,19687840.0,0,0,0,True,False,0.001512738853503226
2022-03-11,True,375,31622660.0,0,0,0,True,False,0.003816793893129722
2022-03-14,True,375,11988160.0,0,0,0,True,False,0.005238021876444288
2022-03-15,True,375,16152250.0,0,0,0,True,False,-0.004853247053385634
2022-03-16,True,375,11325320.0,0,0,0,True,False,0.012277420928530791
2022-03-17,True,375,12997090.0,0,0,0,True,False,0.009501187648456089
2022-03-21,True,375,19006150.0,0,0,0,True,False,0.005921710374529043
2022-03-22,True,375,18095640.0,0,0,0,True,False,0.017890191239975373
2022-03-23,True,375,17236290.0,0,0,0,True,False,0.011613691931540382
2022-03-24,True,375,13829750.0,0,0,0,True,False,0.0015802543456995277
2022-03-25,True,375,12962220.0,0,0,0,True,False,0.005864884929473124
2022-03-28,True,375,8308380.0,0,0,0,True,False,0.0029940119760478723
2022-03-29,True,375,6712940.0,0,0,0,True,False,0.003509295900843812
2022-03-30,True,375,14419280.0,0,0,0,True,False,0.003005259203606281
2022-03-31,True,375,7541450.0,0,0,0,True,False,0.0013780431786862835
2022-04-01,True,375,13465310.0,0,0,0,True,False,0.0019120458891013214
2022-04-04,True,375,7616000.0,0,0,0,True,False,-7.591861524436361e-05
2022-04-05,True,375,8270060.0,0,0,0,True,False,0.005592841163311046
2022-04-06,True,375,27795410.0,0,0,0,True,False,0.004464285714285587
2022-04-07,True,375,10765560.0,0,0,0,True,False,0.005109489051094762
2022-04-08,True,375,6960430.0,0,0,0,True,False,0.005392627613208134
2022-04-11,True,375,7327150.0,0,0,0,True,False,0.003440702781844829
2022-04-12,True,375,10336650.0,0,0,0,True,False,-0.001107419712070734
2022-04-13,True,375,8688710.0,0,0,0,True,False,0.009833585476550777
2022-04-18,True,375,19488250.0,0,0,0,True,False,0.012082066869300911
2022-04-19,True,375,12664920.0,0,0,0,True,False,0.00917704991419832
2022-04-20,True,375,8892880.0,0,0,0,True,False,0.011178707224334561
2022-04-21,True,375,14904580.0,0,0,0,True,False,7.59936165362074e-05
2022-04-22,True,375,11850050.0,0,0,0,True,False,-0.004131599081866777
2022-04-25,True,375,17141100.0,0,0,0,True,False,-0.02252111354394737
2022-04-26,True,375,9779400.0,0,0,0,True,False,0.009399264405394403
2022-04-27,True,375,14591570.0,0,0,0,True,False,-0.0048661800486617945
2022-04-28,True,375,6881900.0,0,0,0,True,False,0.009214743589743613
2022-04-29,True,375,10061750.0,0,0,0,True,False,0.007388575514419626
2022-05-02,True,375,7120930.0,0,0,0,True,False,-0.010236220472440882
2022-05-04,True,375,49806140.0,0,0,0,True,False,0.023361603700848166
2022-05-05,True,375,14468170.0,0,0,0,True,False,0.011058451816745807
2022-05-06,True,375,11867170.0,0,0,0,True,False,-0.015527950310559091
2022-05-09,True,375,11575400.0,0,0,0,True,False,-0.02021772939346811
2022-05-10,True,375,14839780.0,0,0,0,True,False,0.0
2022-05-11,True,375,14325150.0,0,0,0,True,False,0.010318142734307756
2022-05-12,True,375,13634490.0,0,0,0,True,False,-0.013641401654020058
2022-05-13,True,375,13183870.0,0,0,0,True,False,0.014389132183394437
2022-05-16,True,375,13292090.0,0,0,0,True,False,0.022291247944454806
2022-05-17,True,375,23273570.0,0,0,0,True,False,0.012886365684419365
2022-05-18,True,375,14239680.0,0,0,0,True,False,0.006982417767308791
2022-05-19,True,375,14449260.0,0,0,0,True,False,-0.027049873203719432
2022-05-20,True,375,12755620.0,0,0,0,True,False,0.02994860889597728
2022-05-23,True,375,87568980.0,0,0,0,True,False,-0.06159110350727115
2022-05-24,True,375,31520370.0,0,0,0,True,False,0.004873294346978474
2022-05-25,True,375,22030720.0,0,0,0,True,False,0.0008950770760816074
2022-05-26,True,375,12551940.0,0,0,0,True,False,0.009018036072144353
2022-05-27,True,375,16571770.0,0,0,0,True,False,0.012001142965996747
2022-05-30,True,375,13010100.0,0,0,0,True,False,0.015340364333652934
2022-05-31,True,375,22387370.0,0,0,0,True,False,-0.0019102196752627254
2022-06-01,True,375,18382520.0,0,0,0,True,False,0.008041627246925254
2022-06-02,True,375,16548820.0,0,0,0,True,False,0.006409048067860468
2022-06-03,True,375,10608480.0,0,0,0,True,False,0.011111111111111072
2022-06-06,True,375,12524360.0,0,0,0,True,False,-0.0015000937558596883
2022-06-07,True,375,8209430.0,0,0,0,True,False,-0.010662957811775509
2022-06-08,True,375,11419710.0,0,0,0,True,False,0.011225444340505097
2022-06-09,True,375,13395640.0,0,0,0,True,False,-0.010402282978919208
2022-06-10,True,375,22320870.0,0,0,0,True,False,-0.013409961685823757
2022-06-13,True,375,17250900.0,0,0,0,True,False,-0.018759159745969645
2022-06-14,True,375,12062410.0,0,0,0,True,False,-0.006733668341708521
2022-06-15,True,375,31021700.0,0,0,0,True,False,-0.04312938816449341
2022-06-16,True,375,13153840.0,0,0,0,True,False,0.01425153438052651
2022-06-17,True,375,24716370.0,0,0,0,True,False,-0.0007789028596862924
2022-06-20,True,375,28318740.0,0,0,0,True,False,-0.0022050716648290836
2022-06-21,True,375,21164740.0,0,0,0,True,False,0.011560693641618602
2022-06-22,True,375,25508350.0,0,0,0,True,False,-0.01098901098901095
2022-06-23,True,375,18735470.0,0,0,0,True,False,0.003824091778202643
2022-06-24,True,375,16172520.0,0,0,0,True,False,0.010941960038058918
2022-06-27,True,375,12891140.0,0,0,0,True,False,0.02171361502347402
2022-06-28,True,375,11774550.0,0,0,0,True,False,-0.0011534025374856371
2022-06-29,True,375,17014530.0,0,0,0,True,False,-0.011363636363636354
2022-06-30,True,375,16619730.0,0,0,0,True,False,0.002730064839040036
2022-07-01,True,375,11022440.0,0,0,0,True,False,0.0028918449971082616
2022-07-04,True,375,16590560.0,0,0,0,True,False,-0.0033279779664907583
2022-07-05,True,375,12735780.0,0,0,0,True,False,0.008305064919873706
2022-07-06,True,375,17217920.0,0,0,0,True,False,-0.0017441860465117198
2022-07-07,True,375,10992870.0,0,0,0,True,False,0.0093131548311991
2022-07-08,True,375,34677550.0,0,0,0,True,False,0.013134657836644692
2022-07-11,True,375,19447150.0,0,0,0,True,False,0.0
2022-07-12,True,375,21021200.0,0,0,0,True,False,-0.008871851040525791
2022-07-13,True,375,11074230.0,0,0,0,True,False,0.0044345898004434225
2022-07-14,True,375,14286790.0,0,0,0,True,False,0.006859924762115499
2022-07-15,True,375,15949980.0,0,0,0,True,False,-0.0033039647577092213
2022-07-18,False,376,13597370.0,0,0,1,False,False,0.014132278123233366
2022-07-19,True,375,21707000.0,0,0,0,True,False,-0.0033185840707965486
2022-07-20,True,375,16638200.0,0,0,0,True,False,0.019052803483941227
2022-07-21,True,375,9102300.0,0,0,0,True,False,0.0035610229847846675
2022-07-22,True,375,8708760.0,0,0,0,True,False,0.008021390374331583
2022-07-25,True,375,19191230.0,0,0,0,True,False,-0.0009616412009830766
2022-07-26,True,375,40550390.0,0,0,0,True,False,0.007567119311703063
2022-07-27,True,375,10178170.0,0,0,0,True,False,0.00337623971301948
2022-07-28,True,375,31108130.0,0,0,0,True,False,0.021449396084964434
2022-07-29,True,375,30575873.0,0,0,0,True,False,0.027944111776447178
2022-08-01,True,375,42589841.0,0,0,0,True,False,0.02504638218923927
2022-08-02,True,375,19846010.0,0,0,0,True,False,-0.002309468822170868
2022-08-03,True,375,13347740.0,0,0,0,True,False,0.0004675081813931836
2022-08-04,True,375,11854735.0,0,0,0,True,False,0.0037348272642390157
2022-08-05,True,375,12226630.0,0,0,0,True,False,0.0009298000929800487
2022-08-08,True,375,7467251.0,0,0,0,True,False,0.004657661853749495
2022-08-10,True,375,9883570.0,0,0,0,True,False,0.005591798695246952
2022-08-11,True,375,14019131.0,0,0,0,True,False,0.010535959688501961
2022-08-12,True,375,25189999.0,0,0,0,True,False,0.0032110091743118296
2022-08-16,True,375,18346190.0,0,0,0,True,False,0.008873114463176623
2022-08-17,True,375,10901265.0,0,0,0,True,False,0.004424778761061843
2022-08-18,True,375,7946855.0,0,0,0,True,False,-0.00044424700133272044
2022-08-19,True,375,7022090.0,0,0,0,True,False,-0.0013309671694765601
2022-08-22,True,375,11146988.0,0,0,0,True,False,-0.001823154056517784
2022-08-23,True,375,13963397.0,0,0,0,True,False,-0.009505703422053258
2022-08-24,True,375,10277810.0,0,0,0,True,False,-0.0032437442075997636
2022-08-25,True,375,6016014.0,0,0,0,True,False,0.0075294117647057845
2022-08-26,True,375,14020145.0,0,0,0,True,False,0.007042253521126751
2022-08-29,True,375,17876230.0,0,0,0,True,False,-0.03209302325581398
2022-08-30,True,375,11524856.0,0,0,0,True,False,0.013802950975725814
2022-09-01,True,375,9454791.0,0,0,0,True,False,-0.013370216689718828
2022-09-02,True,375,11679115.0,0,0,0,True,False,0.004223369310182967
2022-09-05,True,375,8202790.0,0,0,0,True,False,0.0042613636363637575
2022-09-06,True,375,7976757.0,0,0,0,True,False,0.00467726847521055
2022-09-07,True,375,9518400.0,0,0,0,True,False,-0.009212344541685846
2022-09-08,True,375,5446484.0,0,0,0,True,False,0.0074349442379182396
2022-09-09,True,375,10129589.0,0,0,0,True,False,0.010387157695939564
2022-09-12,True,375,13726811.0,0,0,0,True,False,0.00945179584120992
2022-09-13,True,375,6865677.0,0,0,0,True,False,0.003717472118959231
2022-09-14,True,375,10210504.0,0,0,0,True,False,-0.013914656771799594
2022-09-15,True,375,12858301.0,0,0,0,True,False,-0.0022956841138659367
2022-09-16,True,375,10560650.0,0,0,0,True,False,-0.008403361344537785
2022-09-19,True,375,8219718.0,0,0,0,True,False,0.003780718336483968
2022-09-20,True,375,9599599.0,0,0,0,True,False,0.01017935046049434
2022-09-21,True,375,8282505.0,0,0,0,True,False,-0.002827521206409056
2022-09-22,True,375,8478157.0,0,0,0,True,False,-0.0009564801530367317
2022-09-23,True,375,42993995.0,0,0,0,True,False,0.02361445783132532
2022-09-26,True,375,23241264.0,0,0,0,True,False,0.0
2022-09-27,True,375,15207246.0,0,0,0,True,False,0.015022533800701066
2022-09-28,True,375,13601098.0,0,0,0,True,False,-0.01429300663603883
2022-09-29,True,375,15250711.0,0,0,0,True,False,0.018907563025210017
2022-09-30,True,375,10271025.0,0,0,0,True,False,-0.001031459515214106
2022-10-03,True,375,7985900.0,0,0,0,True,False,0.0
2022-10-04,True,375,11222664.0,0,0,0,True,False,0.020345879959308144
2022-10-06,True,375,11000733.0,0,0,0,True,False,0.00591715976331364
2022-10-07,True,375,7510587.0,0,0,0,True,False,-0.0009671179883946612
2022-10-10,True,375,6553780.0,0,0,0,True,False,-0.011627906976744207
2022-10-11,True,375,8090046.0,0,0,0,True,False,0.0038778477944740875
2022-10-12,True,375,8663085.0,0,0,0,True,False,0.004002001000500188
2022-10-13,True,375,7067088.0,0,0,0,True,False,0.0044709388971682085
2022-10-14,True,375,7269620.0,0,0,0,True,False,0.016974538192710886
2022-10-17,True,375,9087852.0,0,0,0,True,False,-0.003994008986520248
2022-10-18,True,375,5942703.0,0,0,0,True,False,0.006522829904666239
2022-10-19,True,375,6192893.0,0,0,0,True,False,-0.0014888337468983437
2022-10-20,True,375,8328697.0,0,0,0,True,False,-0.005497251374312784
2022-10-21,True,375,5357379.0,0,0,0,True,False,-0.0019792182088075316
2022-10-24,False,60,,0,0,60,False,False,0.018472291562656062
2022-10-25,True,375,10081777.0,0,0,0,True,False,0.0
2022-10-27,True,375,19060645.0,0,0,0,True,False,0.010874938210578389
2022-10-28,True,375,11574393.0,0,0,0,True,False,-0.0009596928982725794
2022-10-31,True,375,9695331.0,0,0,0,True,False,0.002952755905512028
2022-11-01,True,375,26372747.0,0,0,0,True,False,-0.02425742574257428
2022-11-02,True,375,11616886.0,0,0,0,True,False,-0.0014829461196244065
2022-11-03,True,375,8239702.0,0,0,0,True,False,-0.0034619188921859445
2022-11-04,True,375,11395998.0,0,0,0,True,False,0.0053948013732221245
2022-11-07,True,375,16884544.0,0,0,0,True,False,0.009051929490233368
2022-11-09,True,375,8000229.0,0,0,0,True,False,0.005625879043600568
2022-11-10,True,375,6197003.0,0,0,0,True,False,-0.006610009442870712
2022-11-11,True,375,12384564.0,0,0,0,True,False,0.013835877862595547
2022-11-14,True,375,15512843.0,0,0,0,True,False,0.008833100883310019
2022-11-15,True,375,6316964.0,0,0,0,True,False,0.002759889604415866
2022-11-16,True,375,9822528.0,0,0,0,True,False,-0.0004608294930875667
2022-11-17,True,375,7275413.0,0,0,0,True,False,-0.005166744950681035
2022-11-18,True,375,4773475.0,0,0,0,True,False,-0.00047214353163371747
2022-11-21,True,375,16365238.0,0,0,0,True,False,0.019886363636363757
2022-11-22,True,375,6416562.0,0,0,0,True,False,0.0028818443804035088
2022-11-23,True,375,4540817.0,0,0,0,True,False,0.0033222591362127574
2022-11-24,True,375,4047463.0,0,0,0,True,False,0.004269449715369911
2022-11-25,True,375,4768202.0,0,0,0,True,False,-0.00047326076668252615
2022-11-28,True,375,7621398.0,0,0,0,True,False,-0.0032910202162670377
2022-11-29,True,375,9483742.0,0,0,0,True,False,0.0009532888465204614
2022-11-30,True,375,10366262.0,0,0,0,True,False,0.00047147571900052476
2022-12-01,True,375,11910428.0,0,0,0,True,False,0.010692701069270116
2022-12-02,True,375,16714070.0,0,0,0,True,False,0.0013556258472660065
2022-12-05,True,375,20290547.0,0,0,0,True,False,0.012963790791238328
2022-12-06,True,375,10259477.0,0,0,0,True,False,-0.0012987012987013546
2022-12-07,True,375,6677621.0,0,0,0,True,False,0.004428697962798989
2022-12-08,True,375,5824299.0,0,0,0,True,False,0.00494604316546754
2022-12-09,True,375,7287485.0,0,0,0,True,False,0.008042895442359255
2022-12-12,True,375,8769515.0,0,0,0,True,False,-0.0018115942028985588
2022-12-13,True,375,6547395.0,0,0,0,True,False,0.004910714285714324
2022-12-14,True,375,4991636.0,0,0,0,True,False,0.0031460674157302027
2022-12-15,True,375,6110642.0,0,0,0,True,False,-0.00309734513274329
2022-12-16,True,375,5614280.0,0,0,0,True,False,-0.004959422903516808
2022-12-19,True,375,3553858.0,0,0,0,True,False,0.002256317689530718
2022-12-20,True,375,8781121.0,0,0,0,True,False,-0.004032258064516014
2022-12-21,True,375,5723730.0,0,0,0,True,False,0.0076611086074807044
2022-12-22,True,375,7569376.0,0,0,0,True,False,0.004107713372889066
2022-12-23,True,375,6699635.0,0,0,0,True,False,-0.012115563839701693
2022-12-26,True,375,6983512.0,0,0,0,True,False,0.005378973105134355
2022-12-27,True,375,8875490.0,0,0,0,True,False,0.01619818961410191
2022-12-28,True,375,11683582.0,0,0,0,True,False,-0.0031418312387792025
2022-12-29,True,375,9693849.0,0,0,0,True,False,-0.011786038077969185
2022-12-30,True,375,14997513.0,0,0,0,True,False,0.010290827740492281
2023-01-02,True,375,28286021.0,0,0,0,True,False,0.013735046521931915
2023-01-03,True,375,15996726.0,0,0,0,True,False,0.005877413937867448
2023-01-04,True,375,10832851.0,0,0,0,True,False,0.001687051876845258
2023-01-05,True,375,13071016.0,0,0,0,True,False,0.008658008658008587
2023-01-06,True,375,9101068.0,0,0,0,True,False,0.001712328767123239
2023-01-09,True,375,9333181.0,0,0,0,True,False,0.011245674740484546
2023-01-10,True,375,14496614.0,0,0,0,True,False,0.00042517006802733626
2023-01-11,True,375,12263614.0,0,0,0,True,False,0.005894736842105397
2023-01-12,True,375,6302809.0,0,0,0,True,False,0.00295109612141653
2023-01-13,True,375,9869953.0,0,0,0,True,False,0.004235493434985083
2023-01-16,True,375,11581879.0,0,0,0,True,False,0.00830220008302196
2023-01-17,True,375,4768720.0,0,0,0,True,False,0.0004177109440266502
2023-01-18,True,375,11743916.0,0,0,0,True,False,0.006711409395973034
2023-01-19,True,375,7808337.0,0,0,0,True,False,-0.00408830744071953
2023-01-20,True,375,7634215.0,0,0,0,True,False,-0.0008097165991902688
2023-01-23,True,375,6116152.0,0,0,0,True,False,0.00406834825061031
2023-01-24,True,375,3939587.0,0,0,0,True,False,0.005747126436781658
2023-01-25,True,375,16108205.0,0,0,0,True,False,-0.0004152823920267057
2023-01-27,True,375,8896212.0,0,0,0,True,False,0.007438016528925617
2023-01-30,True,375,7507445.0,0,0,0,True,False,-0.0016576875259013413
2023-01-31,True,375,6422225.0,0,0,0,True,False,0.0008428150021069225
2023-02-01,True,375,5332786.0,0,0,0,True,False,0.004180602006689016
2023-02-02,True,375,4554464.0,0,0,0,True,False,-0.0008193363375664786
2023-02-03,True,375,9105443.0,0,0,0,True,False,0.0
2023-02-06,True,375,10667779.0,0,0,0,True,False,0.0008340283569641116
2023-02-07,True,375,30274054.0,0,0,0,True,False,-0.041702127659574484
2023-02-08,True,375,8488820.0,0,0,0,True,False,0.0026990553306343035
2023-02-09,True,375,13237702.0,0,0,0,True,False,0.0049283154121864126
2023-02-10,True,375,12042763.0,0,0,0,True,False,-0.0031432420296362285
2023-02-13,True,375,11725165.0,0,0,0,True,False,0.0
2023-02-14,True,375,6522080.0,0,0,0,True,False,0.003664681630783262
2023-02-15,True,375,5656355.0,0,0,0,True,False,-0.003656307129798919
2023-02-16,True,375,5783898.0,0,0,0,True,False,0.005890348889895813
2023-02-17,True,375,7075521.0,0,0,0,True,False,-0.004017857142857184
2023-02-20,True,375,5524972.0,0,0,0,True,False,0.002678571428571308
2023-02-21,True,375,6562675.0,0,0,0,True,False,0.003555555555555534
2023-02-22,True,375,5577158.0,0,0,0,True,False,-0.0022026431718061845
2023-02-23,True,375,4398628.0,0,0,0,True,False,0.003147482014388414
2023-02-24,True,375,6441812.0,0,0,0,True,False,0.002673796791443861
2023-02-27,True,375,5635317.0,0,0,0,True,False,0.0
2023-02-28,True,375,7928121.0,0,0,0,True,False,0.003286384976525669
2023-03-01,True,375,14412665.0,0,0,0,True,False,0.006246996636232627
2023-03-02,True,375,9191383.0,0,0,0,True,False,0.0033112582781456013
2023-03-03,True,375,13197100.0,0,0,0,True,False,0.010968049594659135
2023-03-06,True,375,11033070.0,0,0,0,True,False,0.0018639328984155767
2023-03-08,True,375,13994049.0,0,0,0,True,False,-0.00472589792060496
2023-03-09,True,375,16641934.0,0,0,0,True,False,0.013151714419915361
2023-03-10,True,375,11999520.0,0,0,0,True,False,-0.011090573012939031
2023-03-13,True,375,6252916.0,0,0,0,True,False,0.00046210720887240875
2023-03-14,True,375,8623876.0,0,0,0,True,False,-0.0004670714619336991
2023-03-15,True,375,6890082.0,0,0,0,True,False,0.008916001877053104
2023-03-16,True,375,21172647.0,0,0,0,True,False,-0.013339466421343205
2023-03-17,True,375,7527655.0,0,0,0,True,False,0.010921177587844388
2023-03-20,True,375,7418964.0,0,0,0,True,False,-0.010261194029850818
2023-03-21,True,375,5409902.0,0,0,0,True,False,0.004780114722753304
2023-03-22,True,375,6023641.0,0,0,0,True,False,-0.0004770992366411875
2023-03-23,True,375,4182062.0,0,0,0,True,False,-0.004766444232602529
2023-03-24,True,375,6333273.0,0,0,0,True,False,0.0009532888465204614
2023-03-27,True,375,5445394.0,0,0,0,True,False,0.005392156862745079
2023-03-28,True,375,3309149.0,0,0,0,True,False,0.00488519785051289
2023-03-29,True,375,5096694.0,0,0,0,True,False,0.0
2023-03-31,True,375,6478657.0,0,0,0,True,False,0.010587102983637964
2023-04-03,True,375,3736819.0,0,0,0,True,False,0.00574162679425827
2023-04-05,True,375,5312387.0,0,0,0,True,False,-0.0014388489208633226
2023-04-06,True,375,4907238.0,0,0,0,True,False,-0.00047664442326034173
2023-04-10,True,375,3392696.0,0,0,0,True,False,0.0004786979415987158
2023-04-11,True,375,4482006.0,0,0,0,True,False,0.004281636536631828
2023-04-12,True,375,5651042.0,0,0,0,True,False,0.005576208178438735
2023-04-13,True,375,4664462.0,0,0,0,True,False,-0.0009293680297397522
2023-04-17,True,375,5990702.0,0,0,0,True,False,0.0
2023-04-18,False,376,4154554.0,0,0,1,False,False,0.0009337068160597539
2023-04-19,True,375,13786206.0,0,0,0,True,False,0.002789400278939924
2023-04-20,True,375,4616392.0,0,0,0,True,False,0.0009250693802036469
2023-04-21,True,375,6971693.0,0,0,0,True,False,-0.0009250693802034249
2023-04-24,True,375,5105040.0,0,0,0,True,False,0.0023551577955722713
2023-04-25,True,375,4601060.0,0,0,0,True,False,0.00046882325363339916
2023-04-26,True,375,4963526.0,0,0,0,True,False,-0.004672897196261627
2023-04-27,True,375,3097504.0,0,0,0,True,False,-0.00561272217025266
2023-04-28,True,375,4938991.0,0,0,0,True,False,0.0009285051067779992
2023-05-02,True,375,6439111.0,0,0,0,True,False,0.0004631773969430153
2023-05-03,True,375,15745572.0,0,0,0,True,False,-0.005885015844273478
2023-05-04,True,375,8804024.0,0,0,0,True,False,0.002277904328018332
2023-05-05,True,375,6886284.0,0,0,0,True,False,-0.00045085662759247747
2023-05-08,True,375,4106127.0,0,0,0,True,False,0.0050597976080957174
2023-05-09,True,375,7973637.0,0,0,0,True,False,-0.0009115770282589475
2023-05-10,True,375,3426417.0,0,0,0,True,False,-0.00045599635202930866
2023-05-11,True,375,3813525.0,0,0,0,True,False,-0.001828153564899515
2023-05-12,True,375,9189331.0,0,0,0,True,False,-0.0027611596870686927
2023-05-15,True,375,6875131.0,0,0,0,True,False,0.0018717828731866781
2023-05-16,True,375,3848718.0,0,0,0,True,False,0.00510915002322343
2023-05-17,True,375,4273207.0,0,0,0,True,False,-0.0004653327128897322
2023-05-18,True,375,3953462.0,0,0,0,True,False,0.004243281471004279
2023-05-19,True,375,5012330.0,0,0,0,True,False,0.0023730422401517792
2023-05-22,True,375,3994180.0,0,0,0,True,False,0.002865329512893977
2023-05-23,True,375,3009652.0,0,0,0,True,False,0.0
2023-05-24,True,375,2429115.0,0,0,0,True,False,-0.0037914691943128354
2023-05-25,True,375,5135877.0,0,0,0,True,False,0.0
2023-05-26,True,375,2503501.0,0,0,0,True,False,0.0
2023-05-29,True,375,4423390.0,0,0,0,True,False,0.005166744950681146
2023-05-30,True,375,4983773.0,0,0,0,True,False,0.0060018467220683824
2023-05-31,True,375,5815421.0,0,0,0,True,False,-0.005607476635513975
2023-06-01,True,375,3360618.0,0,0,0,True,False,0.0004723665564478896
2023-06-02,True,375,7891721.0,0,0,0,True,False,0.004716981132075526
2023-06-05,True,375,5924891.0,0,0,0,True,False,0.005087881591119503
2023-06-06,True,375,6044415.0,0,0,0,True,False,0.0022831050228311334
2023-06-07,True,375,3394728.0,0,0,0,True,False,0.004126547455295837
2023-06-08,True,375,8727656.0,0,0,0,True,False,-0.00044822949350065144
2023-06-09,True,375,8869973.0,0,0,0,True,False,0.0
2023-06-12,True,375,4071573.0,0,0,0,True,False,0.0009170105456213218
2023-06-13,True,375,3497856.0,0,0,0,True,False,0.0036496350364965124
2023-06-14,True,375,13907338.0,0,0,0,True,False,0.0045045045045044585
2023-06-15,True,375,7603843.0,0,0,0,True,False,0.0013186813186814028
2023-06-16,True,375,5391491.0,0,0,0,True,False,0.007042253521126751
2023-06-19,True,375,6080668.0,0,0,0,True,False,0.010061242344707066
2023-06-20,False,376,3513282.0,0,0,1,False,False,0.0
2023-06-21,True,375,6783201.0,0,0,0,True,False,0.003493449781659441
2023-06-22,True,375,8897789.0,0,0,0,True,False,-0.029398859148749512
2023-06-23,True,375,5140551.0,0,0,0,True,False,-0.00629496402877705
2023-06-26,True,375,4389717.0,0,0,0,True,False,0.0022862368541380906
2023-06-27,False,376,5846188.0,0,0,1,False,False,0.003629764065335772
2023-06-28,True,375,2943957.0,0,0,0,True,False,0.0054102795311090635
2023-06-30,True,375,4614891.0,0,0,0,True,False,0.0
2023-07-03,True,375,5729360.0,0,0,0,True,False,0.0022321428571427937
2023-07-04,True,375,4137833.0,0,0,0,True,False,0.0013268465280849018
2023-07-05,True,375,3363928.0,0,0,0,True,False,0.0017801513128616886
2023-07-06,True,375,7009567.0,0,0,0,True,False,-0.007532122286220577
2023-07-07,True,375,4462757.0,0,0,0,True,False,-0.006211180124223614
2023-07-10,True,375,3145481.0,0,0,0,True,False,0.005824372759856589
2023-07-11,True,375,7731015.0,0,0,0,True,False,0.0030368763557482303
2023-07-12,True,375,4507219.0,0,0,0,True,False,-0.0004340277777777901
2023-07-13,True,375,11893991.0,0,0,0,True,False,0.010452961672473782
2023-07-14,True,375,3716119.0,0,0,0,True,False,0.006086956521739184
2023-07-17,True,375,7522129.0,0,0,0,True,False,0.0029761904761904656
2023-07-18,True,375,6070396.0,0,0,0,True,False,0.0016977928692700761
2023-07-19,True,375,3318799.0,0,0,0,True,False,0.0012870012870014325
2023-07-20,True,375,3816959.0,0,0,0,True,False,0.0012870012870014325
2023-07-21,True,375,5407165.0,0,0,0,True,False,-0.0025662959794697793
2023-07-24,True,375,5077102.0,0,0,0,True,False,-0.001713796058269046
2023-07-25,True,375,15525356.0,0,0,0,True,False,-0.0017361111111111605
2023-07-26,True,375,7755157.0,0,0,0,True,False,0.00503355704697972
2023-07-27,True,375,6079479.0,0,0,0,True,False,0.003337505214851877
2023-07-28,True,375,3806542.0,0,0,0,True,False,-0.0008312551953448821
2023-07-31,True,375,7845176.0,0,0,0,True,False,0.0016611295681061566
2023-08-01,True,375,5602893.0,0,0,0,True,False,0.005698005698005826
2023-08-02,True,375,8220252.0,0,0,0,True,False,-0.0016246953696180677
2023-08-03,True,375,5664683.0,0,0,0,True,False,-0.0033585222502098278
2023-08-04,True,375,3598376.0,0,0,0,True,False,0.005897219882055715
2023-08-07,True,375,2559213.0,0,0,0,True,False,0.005042016806722671
2023-08-08,True,375,3716217.0,0,0,0,True,False,0.002105263157894832
2023-08-09,True,375,3305371.0,0,0,0,True,False,0.0016927634363097521
2023-08-10,True,375,3204899.0,0,0,0,True,False,-0.004149377593360981
2023-08-11,True,375,4756691.0,0,0,0,True,False,0.0016652789342215257
2023-08-14,True,375,5111330.0,0,0,0,True,False,-0.0020738282870178537
2023-08-16,True,375,4529105.0,0,0,0,True,False,0.0
2023-08-17,True,375,3511418.0,0,0,0,True,False,-0.0004312203536006587
2023-08-18,True,375,2472834.0,0,0,0,True,False,0.002586206896551646
2023-08-21,True,375,2413484.0,0,0,0,True,False,0.0030068728522336663
2023-08-22,True,375,2324741.0,0,0,0,True,False,0.0029965753424658903
2023-08-23,True,375,6287728.0,0,0,0,True,False,0.002552105487026779
2023-08-24,True,375,2599405.0,0,0,0,True,False,0.005046257359125228
2023-08-25,True,375,2646399.0,0,0,0,True,False,-0.002535925612848655
2023-08-28,True,375,3705759.0,0,0,0,True,False,-0.0008539709649871829
2023-08-29,True,375,1920701.0,0,0,0,True,False,0.0080816673755848
2023-08-30,True,375,9490594.0,0,0,0,True,False,0.006683375104427736
2023-08-31,True,375,13907789.0,0,0,0,True,False,0.006554690700532495
2023-09-01,True,375,19518126.0,0,0,0,True,False,0.004065040650406582
2023-09-04,True,375,20279209.0,0,0,0,True,False,0.018927444794952564
2023-09-05,True,375,7410172.0,0,0,0,True,False,-0.0011372251705837888
2023-09-06,True,375,4630511.0,0,0,0,True,False,0.004933586337760865
2023-09-07,True,375,3403567.0,0,0,0,True,False,0.0
2023-09-08,True,375,6350187.0,0,0,0,True,False,0.009992313604919367
2023-09-11,True,375,4641774.0,0,0,0,True,False,-0.0007716049382715529
2023-09-12,True,375,8309299.0,0,0,0,True,False,0.012967200610221274
2023-09-13,True,375,4755551.0,0,0,0,True,False,0.005430566330488773
2023-09-14,True,375,6914226.0,0,0,0,True,False,0.008468052347959887
2023-09-15,True,375,9115501.0,0,0,0,True,False,0.0049261083743843415
2023-09-18,True,375,17896557.0,0,0,0,True,False,0.02002266717038159
2023-09-20,True,375,9230187.0,0,0,0,True,False,0.0
2023-09-21,True,375,6869807.0,0,0,0,True,False,-0.0015564202334629185
2023-09-22,True,375,5302648.0,0,0,0,True,False,-0.005863956215793609
2023-09-25,True,375,4079858.0,0,0,0,True,False,0.0023622047244094
2023-09-26,True,375,12959370.0,0,0,0,True,False,0.013752455795677854
2023-09-27,True,375,4785054.0,0,0,0,True,False,-0.0019379844961240345
2023-09-28,True,375,3920659.0,0,0,0,True,False,-0.0003894080996885707
2023-09-29,True,375,4595732.0,0,0,0,True,False,0.00746561886051067
2023-10-03,True,375,3720430.0,0,0,0,True,False,-0.000387446726075269
2023-10-04,True,375,5038903.0,0,0,0,True,False,-0.00819992190550578
2023-10-05,True,375,4194264.0,0,0,0,True,False,0.003987240829345984
2023-10-06,True,375,4473912.0,0,0,0,True,False,0.007566706491437758
2023-10-09,True,375,5661216.0,0,0,0,True,False,-0.008343265792610244
2023-10-10,True,375,4034829.0,0,0,0,True,False,0.010944466963923816
2023-10-11,True,375,3868718.0,0,0,0,True,False,0.005586592178770999
2023-10-12,True,375,3974357.0,0,0,0,True,False,0.003201280512204807
2023-10-13,True,375,3524749.0,0,0,0,True,False,-0.007936507936507908
2023-10-16,True,375,3344278.0,0,0,0,True,False,-0.0007987220447285281
2023-10-17,True,375,6678907.0,0,0,0,True,False,0.006294256490952055
2023-10-18,True,375,4373097.0,0,0,0,True,False,0.0007827788649705791
2023-10-19,True,375,5816176.0,0,0,0,True,False,-0.013364779874213806
2023-10-20,True,375,2929798.0,0,0,0,True,False,-0.006359300476947549
2023-10-23,True,375,4443965.0,0,0,0,True,False,0.002030869212022779
2023-10-25,True,375,4887603.0,0,0,0,True,False,0.010000000000000009
2023-10-26,True,375,3676553.0,0,0,0,True,False,-0.003298969072164981
2023-10-27,True,375,6766642.0,0,0,0,True,False,0.0033305578684430515
2023-10-30,True,375,3808410.0,0,0,0,True,False,0.008750000000000036
2023-10-31,True,375,3265147.0,0,0,0,True,False,0.007133864876206486
2023-11-01,True,375,3994388.0,0,0,0,True,False,0.000841042893187538
2023-11-02,True,375,24022175.0,0,0,0,True,False,-0.01334481274214383
2023-11-03,True,375,6147773.0,0,0,0,True,False,-0.0025316455696202667
2023-11-06,True,375,4002360.0,0,0,0,True,False,0.009369676320272413
2023-11-07,True,375,3069522.0,0,0,0,True,False,-0.0025083612040133207
2023-11-08,True,375,2733970.0,0,0,0,True,False,0.0
2023-11-09,True,375,1981224.0,0,0,0,True,False,0.002099958000840063
2023-11-10,True,375,1716105.0,0,0,0,True,False,-0.0008357709987464323
2023-11-12,False,60,,0,0,60,False,False,0.012068248023304085
2023-11-13,True,375,1339417.0,0,0,0,True,False,0.0
2023-11-15,True,375,10991902.0,0,0,0,True,False,0.007450331125827825
2023-11-16,True,375,3601785.0,0,0,0,True,False,-0.0008058017727639033
2023-11-17,True,375,3110271.0,0,0,0,True,False,0.002411575562700996
2023-11-20,True,375,2201356.0,0,0,0,True,False,0.0008003201280510908
2023-11-21,True,375,5173441.0,0,0,0,True,False,0.006438631790744553
2023-11-22,True,375,2677051.0,0,0,0,True,False,0.0015847860538826808
2023-11-23,True,375,2750007.0,0,0,0,True,False,0.00039588281868563335
2023-11-24,True,375,1662452.0,0,0,0,True,False,-0.00039447731755426485
2023-11-28,True,375,2746207.0,0,0,0,True,False,0.007936507936507908
2023-11-29,True,375,3074469.0,0,0,0,True,False,0.0023649980291684525
2023-11-30,True,375,2290784.0,0,0,0,True,False,0.0
2023-12-01,True,375,2848179.0,0,0,0,True,False,0.007818608287724738
2023-12-04,True,375,7342762.0,0,0,0,True,False,0.01692307692307682
2023-12-05,True,375,3678943.0,0,0,0,True,False,0.0
2023-12-06,True,375,2690146.0,0,0,0,True,False,0.006074411541381997
2023-12-07,True,375,4421854.0,0,0,0,True,False,-0.002272727272727315
2023-12-08,True,375,4597874.0,0,0,0,True,False,0.0007689350249904248
2023-12-11,True,375,3594904.0,0,0,0,True,False,0.0050309597523219285
2023-12-12,True,375,5774852.0,0,0,0,True,False,-0.0015355086372359494
2023-12-13,True,375,2739260.0,0,0,0,True,False,0.0015343306482549224
2023-12-14,True,375,6522641.0,0,0,0,True,False,0.007232584697373534
2023-12-15,True,375,11861930.0,0,0,0,True,False,0.01060606060606073
2023-12-18,True,375,8850886.0,0,0,0,True,False,0.002196997436836101
2023-12-19,True,375,4628956.0,0,0,0,True,False,0.0007323324789454411
2023-12-20,True,375,3000764.0,0,0,0,True,False,0.002952029520295163
2023-12-21,True,375,6256389.0,0,0,0,True,False,-0.0015515903801397446
2023-12-22,True,375,6514045.0,0,0,0,True,False,0.007993909402360222
2023-12-26,True,375,5977779.0,0,0,0,True,False,0.009366804046459398
2023-12-27,True,375,4432013.0,0,0,0,True,False,0.0033234859675035366
2023-12-28,True,375,7612691.0,0,0,0,True,False,0.008762322015334112
2023-12-29,True,375,4523405.0,0,0,0,True,False,0.003984063745019695
2024-01-01,True,375,3590400.0,0,0,0,True,False,0.005025125628140614
2024-01-02,True,375,3820449.0,0,0,0,True,False,0.005726556907659441
2024-01-03,True,375,11523619.0,0,0,0,True,False,0.0007173601147776321
2024-01-04,True,375,9455494.0,0,0,0,True,False,0.007407407407407307
2024-01-05,True,375,7889331.0,0,0,0,True,False,0.004464285714285587
2024-01-08,True,375,11483791.0,0,0,0,True,False,0.011588785046729111
2024-01-09,True,375,3785804.0,0,0,0,True,False,0.00945179584120992
2024-01-10,True,375,4061746.0,0,0,0,True,False,-0.00037355248412385134
2024-01-11,True,375,3149964.0,0,0,0,True,False,0.00521803950801325
2024-01-12,True,375,3586721.0,0,0,0,True,False,0.005181347150259086
2024-01-15,True,375,2926757.0,0,0,0,True,False,0.0040605389442600615
2024-01-16,False,375,4241387.0,0,1,0,True,False,-0.0022222222222223476
2024-01-17,True,375,10916284.0,0,0,0,True,False,-0.013114754098360715
2024-01-18,True,375,8585771.0,0,0,0,True,False,-0.0015168752370117167
2024-01-19,True,375,4508593.0,0,0,0,True,False,0.009516558812333376
2024-01-20,True,375,2893082.0,0,0,0,True,False,0.0011185682326622093
2024-01-23,True,375,4400861.0,0,0,0,True,False,0.007097497198356395
2024-01-24,True,375,6112570.0,0,0,0,True,False,0.001153402537485304
2024-01-25,True,375,12603295.0,0,0,0,True,False,0.009988901220865598
2024-01-29,True,375,4639766.0,0,0,0,True,False,0.004099888184867506
2024-01-30,True,375,5911405.0,0,0,0,True,False,0.004072565716401133
2024-01-31,True,375,3710102.0,0,0,0,True,False,0.0018552875695732052
2024-02-01,True,375,4244072.0,0,0,0,True,False,0.0033100404560502117
2024-02-02,True,375,7789603.0,0,0,0,True,False,0.0037091988130564246
2024-02-05,True,375,16561570.0,0,0,0,True,False,0.010101010101010166
2024-02-06,True,375,7700821.0,0,0,0,True,False,0.010243730130695683
2024-02-07,True,375,16100612.0,0,0,0,True,False,0.01556016597510368
2024-02-08,True,375,5923258.0,0,0,0,True,False,0.005536332179930881
2024-02-09,True,375,5485003.0,0,0,0,True,False,0.0027816411682890507
2024-02-12,True,375,4429565.0,0,0,0,True,False,0.0056657223796034994
2024-02-13,True,375,6962677.0,0,0,0,True,False,0.0018181818181817189
2024-02-14,True,375,3799603.0,0,0,0,True,False,-0.005805515239477588
2024-02-15,True,375,5702699.0,0,0,0,True,False,0.00035348179568761573
2024-02-16,True,375,2750698.0,0,0,0,True,False,0.006376195536663243
2024-02-19,True,375,2763049.0,0,0,0,True,False,0.00492091388400695
2024-02-20,True,375,2746063.0,0,0,0,True,False,0.0010578279266570956
2024-02-21,True,375,15420672.0,0,0,0,True,False,0.0017692852087756172
2024-02-22,True,375,9698801.0,0,0,0,True,False,0.007644197359277127
2024-02-23,True,375,5004344.0,0,0,0,True,False,0.004459691252144182
2024-02-26,True,375,4391201.0,0,0,0,True,False,0.003094910591471711
2024-02-27,True,375,3909748.0,0,0,0,True,False,0.00035063113604505425
2024-02-28,True,375,2659100.0,0,0,0,True,False,-0.0010402219140082103
2024-02-29,True,375,3778134.0,0,0,0,True,False,0.002135231316725994
2024-03-01,True,375,7861359.0,0,0,0,True,False,0.009887005649717562
2024-03-02,False,105,6439566.0,0,0,0,False,False,0.010974393082806788
2024-03-04,True,375,20187714.0,0,0,0,True,False,-0.0022544283413847843
2024-03-05,True,375,9496629.0,0,0,0,True,False,0.0013071895424836555
2024-03-06,True,375,7164393.0,0,0,0,True,False,-0.001315789473684159
2024-03-07,True,375,24392715.0,0,0,0,True,False,0.004614370468029039
2024-03-11,True,375,18586188.0,0,0,0,True,False,0.011779687997452992
2024-03-12,True,375,7757281.0,0,0,0,True,False,0.0029268292682926855
2024-03-13,True,375,9045287.0,0,0,0,True,False,0.0032829940906107247
2024-03-14,True,375,25902066.0,0,0,0,True,False,0.0017439832577608172
2024-03-15,True,375,12718038.0,0,0,0,True,False,0.0014015416958654825
2024-03-18,True,375,16258622.0,0,0,0,True,False,0.005289139633286366
2024-03-19,True,375,25537329.0,0,0,0,True,False,0.00033568311513931803
2024-03-20,True,375,14580976.0,0,0,0,True,False,0.006390850992263664
2024-03-21,True,375,23685548.0,0,0,0,True,False,0.01753179786868353
2024-03-22,True,375,13590479.0,0,0,0,True,False,-0.006997667444185396
2024-03-26,True,375,14176198.0,0,0,0,True,False,-0.001980851766259395
2024-03-27,True,375,5310669.0,0,0,0,True,False,0.0013136288998356616
2024-03-28,True,375,5121897.0,0,0,0,True,False,0.000655307994757548
2024-04-01,True,375,13626280.0,0,0,0,True,False,0.0035199999999999676
2024-04-02,True,375,15600095.0,0,0,0,True,False,0.0009213759213757555
2024-04-03,True,375,11481664.0,0,0,0,True,False,-0.00030358227079529954
2024-04-04,True,375,9527897.0,0,0,0,True,False,0.011610143599144473
2024-04-05,True,375,9269988.0,0,0,0,True,False,-0.0003049710277522877
2024-04-08,True,375,16080132.0,0,0,0,True,False,0.022351500306184713
2024-04-09,True,375,5190555.0,0,0,0,True,False,0.006670709520921747
2024-04-10,True,375,13923909.0,0,0,0,True,False,0.006921456515197155
2024-04-12,True,375,11756850.0,0,0,0,True,False,0.005451241671714069
2024-04-15,True,375,13522400.0,0,0,0,True,False,-0.01039755351681948
2024-04-16,True,375,9773718.0,0,0,0,True,False,-0.0018616196090599502
2024-04-18,True,375,10627435.0,0,0,0,True,False,0.0037429819089207506
2024-04-19,True,375,13037970.0,0,0,0,True,False,-0.007444168734491274
2024-04-22,True,375,10057204.0,0,0,0,True,False,0.011111111111111072
2024-04-23,True,375,5921251.0,0,0,0,True,False,0.008636644046884578
2024-04-24,True,375,6717820.0,0,0,0,True,False,0.008379888268156499
2024-04-25,True,375,5843794.0,0,0,0,True,False,-0.0018105009052503673
2024-04-26,True,375,15357926.0,0,0,0,True,False,0.004784688995215447
2024-04-29,True,375,9188042.0,0,0,0,True,False,0.012947907256850133
2024-04-30,True,375,6751252.0,0,0,0,True,False,0.005673335323977513
2024-05-02,True,375,9004156.0,0,0,0,True,False,0.0015174506828528056
2024-05-03,True,375,9022988.0,0,0,0,True,False,0.008355714712026119
2024-05-06,True,375,7941599.0,0,0,0,True,False,0.008708708708708546
2024-05-07,True,375,6480711.0,0,0,0,True,False,0.0026865671641791433
2024-05-08,True,375,6139784.0,0,0,0,True,False,-0.0012165450121655041
2024-05-09,True,375,4490628.0,0,0,0,True,False,-0.002704326923076983
2024-05-10,True,375,5197020.0,0,0,0,True,False,0.007407407407407307
2024-05-13,True,375,5710814.0,0,0,0,True,False,0.0003078817733987993
2024-05-14,True,375,6574239.0,0,0,0,True,False,0.0003047851264856849
2024-05-15,True,375,4684113.0,0,0,0,True,False,-0.0006058770069676811
2024-05-16,True,375,5743515.0,0,0,0,True,False,0.008441362677117814
2024-05-17,True,375,6139651.0,0,0,0,True,False,0.004522158577027424
2024-05-18,False,105,1420218.0,0,0,0,False,False,0.0053859964093356805
2024-05-21,True,375,10607954.0,0,0,0,True,False,0.004171632896305066
2024-05-22,True,375,9333019.0,0,0,0,True,False,0.007754164273406028
2024-05-23,True,375,9217065.0,0,0,0,True,False,0.0
2024-05-24,True,375,9576249.0,0,0,0,True,False,-0.0011418783899516116
2024-05-27,True,375,6041237.0,0,0,0,True,False,0.016009148084619618
2024-05-28,True,375,6233704.0,0,0,0,True,False,0.0008534850640113945
2024-05-29,True,375,7811393.0,0,0,0,True,False,-0.001998857795545317
2024-05-30,True,375,22776605.0,0,0,0,True,False,-0.011494252873563204
2024-05-31,True,375,14181190.0,0,0,0,True,False,0.005145278450363389
2024-06-03,True,375,18615894.0,0,0,0,True,False,0.0343283582089553
2024-06-04,True,375,15633242.0,0,0,0,True,False,0.0008603383997705105
2024-06-05,True,375,11560327.0,0,0,0,True,False,0.01629583202757745
2024-06-06,True,375,14474308.0,0,0,0,True,False,0.00591715976331364
2024-06-07,True,375,9416246.0,0,0,0,True,False,-0.0008713331397037782
2024-06-10,True,375,13763366.0,0,0,0,True,False,0.00704107292539824
2024-06-11,True,375,11057397.0,0,0,0,True,False,0.0002770850651150347
2024-06-12,True,375,7407366.0,0,0,0,True,False,0.0035792951541850915
2024-06-13,True,375,7304938.0,0,0,0,True,False,0.004546201456975485
2024-06-14,True,375,5696254.0,0,0,0,True,False,0.0035105040864460424
2024-06-18,True,375,7135391.0,0,0,0,True,False,0.004920721705850228
2024-06-19,True,375,6121312.0,0,0,0,True,False,0.006343077771649108
2024-06-20,True,375,6242290.0,0,0,0,True,False,0.008496695729438564
2024-06-21,True,375,10130579.0,0,0,0,True,False,-0.018331053351573146
2024-06-24,True,375,12297291.0,0,0,0,True,False,-0.010925306577480587
2024-06-25,True,375,4512487.0,0,0,0,True,False,0.0010686164229471995
2024-06-26,True,375,5789999.0,0,0,0,True,False,-0.0009667330110889605
2024-06-27,True,375,7068380.0,0,0,0,True,False,-0.001388888888888995
2024-06-28,True,375,7036120.0,0,0,0,True,False,-0.001032406079724768
2024-07-01,True,375,4227969.0,0,0,0,True,False,-0.0014306151645206988
2024-07-02,True,375,4440207.0,0,0,0,True,False,0.0012625538020085703
2024-07-03,True,375,3990042.0,0,0,0,True,False,-0.0005726065048098361
2024-07-04,True,375,5122355.0,0,0,0,True,False,0.003515137770722321
2024-07-05,True,375,8172296.0,0,0,0,True,False,-0.0016997167138811387
2024-07-08,True,375,5399750.0,0,0,0,True,False,-0.0022857142857143353
2024-07-09,True,375,4123952.0,0,0,0,True,False,0.006493506493506551
2024-07-10,True,375,2904125.0,0,0,0,True,False,0.003256950098871725
2024-07-11,True,375,6280163.0,0,0,0,True,False,0.010701545778834864
2024-07-12,True,375,2561904.0,0,0,0,True,False,0.004426084390675822
2024-07-15,True,375,6491474.0,0,0,0,True,False,0.0035098155859607516
2024-07-16,True,375,4202830.0,0,0,0,True,False,0.0044896737503741235
2024-07-18,True,375,7259655.0,0,0,0,True,False,0.0024521531100480942
2024-07-19,True,375,8161500.0,0,0,0,True,False,-0.0018639889363237794
2024-07-22,True,375,9833159.0,0,0,0,True,False,0.00189753320683117
2024-07-23,True,375,6006036.0,0,0,0,True,False,0.006853582554517068
2024-07-24,True,375,4456195.0,0,0,0,True,False,-0.0011235955056178026
2024-07-25,True,375,9141132.0,0,0,0,True,False,-0.01061173533083637
2024-07-26,True,375,5994835.0,0,0,0,True,False,0.007936507936507908
2024-07-29,True,375,5858089.0,0,0,0,True,False,0.01266601082144625
2024-07-30,True,375,6192877.0,0,0,0,True,False,-0.000552181115405892
2024-07-31,True,375,9488004.0,0,0,0,True,False,0.010574293527803036
2024-08-01,True,375,20636919.0,0,0,0,True,False,0.016682785299806602
2024-08-02,True,375,20492650.0,0,0,0,True,False,-0.012330531869210404
2024-08-05,True,375,19097872.0,0,0,0,True,False,-0.029862996401287867
2024-08-06,True,375,12434388.0,0,0,0,True,False,0.012521762421320526
2024-08-07,True,375,5161121.0,0,0,0,True,False,0.01673612489250509
2024-08-08,True,375,6801249.0,0,0,0,True,False,-0.0048653908530651435
2024-08-09,True,375,4693136.0,0,0,0,True,False,0.015936254980079667
2024-08-12,True,375,5681747.0,0,0,0,True,False,-0.004614370468028928
2024-08-13,True,375,3823200.0,0,0,0,True,False,-0.0002629157355067413
2024-08-14,True,375,8397884.0,0,0,0,True,False,0.007054081289889158
2024-08-16,True,375,6995775.0,0,0,0,True,False,0.009894234049812267
2024-08-19,True,375,9173763.0,0,0,0,True,False,0.009030100334448177
2024-08-20,True,375,9498179.0,0,0,0,True,False,0.010448439223830208
2024-08-21,True,375,5876484.0,0,0,0,True,False,-0.0055248618784530246
2024-08-22,True,375,4542932.0,0,0,0,True,False,0.0033552631578945835
2024-08-23,True,375,4850717.0,0,0,0,True,False,-0.0006489292667098967
2024-08-26,True,375,4215011.0,0,0,0,True,False,0.0022039281778700737
2024-08-27,True,375,5804093.0,0,0,0,True,False,-0.00012835322808357752
2024-08-28,True,375,5157691.0,0,0,0,True,False,-0.0003231017770598532
2024-08-29,True,375,4380951.0,0,0,0,True,False,-0.0028636511552229127
2024-08-30,True,375,5022029.0,0,0,0,True,False,-0.0009794319294809117
2024-09-02,True,375,4149899.0,0,0,0,True,False,0.004241435562805984
2024-09-03,True,375,3120050.0,0,0,0,True,False,0.0009168303863786864
2024-09-04,True,375,8228019.0,0,0,0,True,False,-0.018255844496979257
2024-09-05,True,375,4740932.0,0,0,0,True,False,-0.0006618133686300265
2024-09-06,True,375,3840075.0,0,0,0,True,False,-0.0009862581366296697
2024-09-09,True,375,7191454.0,0,0,0,True,False,-0.002314049586776834
2024-09-10,True,375,6592094.0,0,0,0,True,False,0.006688963210702337
2024-09-11,True,375,3898898.0,0,0,0,True,False,0.0014698022447887649
2024-09-12,True,375,13636028.0,0,0,0,True,False,0.02439681897829904
2024-09-13,True,375,12219210.0,0,0,0,True,False,0.006455862977602145
2024-09-16,True,375,6593955.0,0,0,0,True,False,0.010430247718383301
2024-09-17,True,375,3535610.0,0,0,0,True,False,-0.0012322459303456545
2024-09-18,True,375,3437710.0,0,0,0,True,False,-0.0016377333770062341
2024-09-19,True,375,3596337.0,0,0,0,True,False,0.008900697442709937
2024-09-20,True,375,7707089.0,0,0,0,True,False,0.005996002664890199
2024-09-23,True,375,6221557.0,0,0,0,True,False,0.014990138067061176
2024-09-24,True,375,29847023.0,0,0,0,True,False,0.008122157244964345
2024-09-25,True,375,15830074.0,0,0,0,True,False,0.004978220286247836
2024-09-26,True,375,5140300.0,0,0,0,True,False,0.00290967622113536
2024-09-27,True,375,14879853.0,0,0,0,True,False,0.009063444108761365
2024-09-30,True,375,22960790.0,0,0,0,True,False,0.008246553903569431
2024-10-01,True,375,11451521.0,0,0,0,True,False,0.008208910832193217
2024-10-03,True,375,22230301.0,0,0,0,True,False,-0.007198560287942302
2024-10-04,True,375,11911191.0,0,0,0,True,False,5.9883825378692634e-05
2024-10-07,True,375,6011223.0,0,0,0,True,False,0.0010783608914450848
2024-10-08,True,375,19094735.0,0,0,0,True,False,-0.006703229737964667
2024-10-09,True,375,10361606.0,0,0,0,True,False,-0.002314090937519442
2024-10-10,True,375,15679045.0,0,0,0,True,False,-0.0006944006060222163
2024-10-11,True,375,17960721.0,0,0,0,True,False,-0.004312769548096784
2024-10-14,True,375,8378622.0,0,0,0,True,False,0.0064034815045073135
2024-10-15,True,375,8516590.0,0,0,0,True,False,0.0073260073260073
2024-10-16,True,375,4965209.0,0,0,0,True,False,-0.003019401259154564
2024-10-17,True,375,4575546.0,0,0,0,True,False,0.0035460992907803135
2024-10-18,True,375,6332919.0,0,0,0,True,False,-0.0006557377049180024
2024-10-21,True,375,5226880.0,0,0,0,True,False,0.0038585209003214604
2024-10-22,True,375,5829197.0,0,0,0,True,False,-0.0007096316366684841
2024-10-23,True,375,9650174.0,0,0,0,True,False,-0.003910133209622746
2024-10-24,True,375,5017547.0,0,0,0,True,False,0.005380321474208083
2024-10-25,False,750,,750,0,0,False,False,0.0
2024-10-28,False,750,,750,0,0,False,False,-0.0024596884394644247
2024-10-29,False,750,,750,0,0,False,False,0.00234113712374584
2024-10-30,True,375,4554496.0,0,0,0,True,False,-0.01332445036642238
2024-10-31,True,375,2912026.0,0,0,0,True,False,0.0015451797111187826
2024-11-01,False,60,,0,0,60,False,False,0.008966493629070316
2024-11-04,True,375,4626875.0,0,0,0,True,False,0.0016694490818029983
2024-11-05,True,375,8538747.0,0,0,0,True,False,-0.0006798096532970588
2024-11-06,False,750,,750,0,0,False,False,0.01049868766404205
2024-11-07,True,375,21933420.0,0,0,0,True,False,0.014953514075807917
2024-11-08,False,750,,750,0,0,False,False,0.005623552762156869
2024-11-11,True,375,12537600.0,0,0,0,True,False,0.0011533242876524685
2024-11-12,True,375,4571584.0,0,0,0,True,False,0.0024778030146603847
2024-11-13,True,375,8266501.0,0,0,0,True,False,-0.0020847810979848225
2024-11-14,True,375,7641405.0,0,0,0,True,False,0.00014317417137954536
2024-11-18,True,375,6458485.0,0,0,0,True,False,0.010211471610660494
2024-11-19,False,750,,750,0,0,False,False,0.0056657223796034994
2024-11-21,True,375,11936258.0,0,0,0,True,False,-0.0005731480154750335
2024-11-22,True,375,6478132.0,0,0,0,True,False,0.001071428571428612
2024-11-25,True,375,5486756.0,0,0,0,True,False,0.015697266993693226
2024-11-26,True,375,6497766.0,0,0,0,True,False,0.0024327517898101725
2024-11-27,True,375,6054047.0,0,0,0,True,False,-0.0007616673590914447
2024-11-28,True,375,4756589.0,0,0,0,True,False,-0.004424778761061843
2024-11-29,False,750,,750,0,0,False,False,0.001879830119055903
2024-12-02,True,375,3838126.0,0,0,0,True,False,-0.0031818496230198168
2024-12-03,False,750,,750,0,0,False,False,0.0026646624760862103
2024-12-04,True,375,4684704.0,0,0,0,True,False,0.0027285129604366354
2024-12-05,True,375,3996187.0,0,0,0,True,False,0.004181232435396698
2024-12-06,True,375,3669153.0,0,0,0,True,False,0.002651077425055881
2024-12-09,True,375,4824959.0,0,0,0,True,False,0.0009449881876475441
2024-12-10,True,375,5292432.0,0,0,0,True,False,0.003273213092852334
2024-12-11,True,375,3115605.0,0,0,0,True,False,0.0012632978723403632
2024-12-12,True,375,3335901.0,0,0,0,True,False,0.0014603385330236307
2024-12-13,True,375,8735784.0,0,0,0,True,False,-0.0026595744680851796
2024-12-16,True,375,3983041.0,0,0,0,True,False,0.0009408602150535739
2024-12-17,False,750,,750,0,0,False,False,-0.0007437457741718001
2024-12-18,True,375,3182139.0,0,0,0,True,False,0.002403020940610956
2024-12-19,True,375,9459710.0,0,0,0,True,False,-0.020686315206863037
2024-12-20,True,375,3905315.0,0,0,0,True,False,-0.0017465418471426242
2024-12-23,True,375,6938128.0,0,0,0,True,False,0.01387900355871885
2024-12-24,True,375,2992915.0,0,0,0,True,False,-0.004301530216486937
2024-12-26,True,375,3173774.0,0,0,0,True,False,0.0005678994817917005
2024-12-27,True,375,2078119.0,0,0,0,True,False,0.0007112375533426807
2024-12-30,False,750,,750,0,0,False,False,-0.0004317478592502644
2024-12-31,True,375,3594656.0,0,0,0,True,False,-0.004581818181818131
2025-01-01,True,375,2129979.0,0,0,0,True,False,0.0
2025-01-02,True,375,2648478.0,0,0,0,True,False,0.000803564906129095
2025-01-03,True,375,3207933.0,0,0,0,True,False,0.0012317947974784804
2025-01-06,True,375,4700906.0,0,0,0,True,False,0.00021687269572767676
2025-01-07,True,375,4202420.0,0,0,0,True,False,0.005909090909090864
2025-01-08,True,375,5433792.0,0,0,0,True,False,0.005631476197627272
2025-01-09,True,375,3566734.0,0,0,0,True,False,-0.004149377593361092
2025-01-10,True,375,5219041.0,0,0,0,True,False,-0.0009995386744579005
2025-01-13,True,375,6100346.0,0,0,0,True,False,-0.013930192518391005
2025-01-14,True,375,7496925.0,0,0,0,True,False,0.0011400651465798273
2025-01-15,True,375,2970526.0,0,0,0,True,False,0.006131111460462302
2025-01-16,True,375,3161655.0,0,0,0,True,False,0.011058451816745807
2025-01-17,True,375,3496675.0,0,0,0,True,False,0.001566170712607784
2025-01-20,True,375,3256046.0,0,0,0,True,False,0.00645409143296205
2025-01-21,True,375,3530349.0,0,0,0,True,False,0.00464054773678213
2025-01-22,True,375,3467674.0,0,0,0,True,False,0.0036215133302512914
2025-01-23,True,375,2521059.0,0,0,0,True,False,-0.007760962359332546
2025-01-24,True,375,3145272.0,0,0,0,True,False,-0.0011481056257176547
2025-01-27,True,375,4065982.0,0,0,0,True,False,-0.011340996168582307
2025-01-28,True,375,11114736.0,0,0,0,True,False,-0.0015012642225031847
2025-01-29,True,375,3413916.0,0,0,0,True,False,0.0007757951900697613
2025-01-30,True,375,2912308.0,0,0,0,True,False,-0.0011454753722792699
2025-01-31,True,375,3576962.0,0,0,0,True,False,-0.005159332321699628
2025-02-01,True,375,1927218.0,0,0,0,True,False,0.001632289657219177
2025-02-03,True,375,7295496.0,0,0,0,True,False,-0.0128571428571429
2025-02-04,True,375,3402145.0,0,0,0,True,False,0.009348635707228325
2025-02-05,True,375,2687464.0,0,0,0,True,False,0.0007515971439309155
2025-02-06,True,375,3657191.0,0,0,0,True,False,0.0011910078904271426
2025-02-07,True,375,6052198.0,0,0,0,True,False,0.004900113079532753
2025-02-10,True,375,8128732.0,0,0,0,True,False,-0.0003619254433587793
2025-02-11,True,375,4111084.0,0,0,0,True,False,-0.006795608991113422
2025-02-12,False,750,,750,0,0,False,False,-0.006528417818740362
2025-02-13,True,375,7000053.0,0,0,0,True,False,-0.001283503208757919
2025-02-14,False,750,,750,0,0,False,False,-0.0011729345355911969
2025-02-17,True,375,5469960.0,0,0,0,True,False,-0.008282345918519729
2025-02-18,True,375,2973734.0,0,0,0,True,False,-0.00014890923981836224
2025-02-19,True,375,5166534.0,0,0,0,True,False,0.0025342874180083186
2025-02-20,True,375,3239504.0,0,0,0,True,False,-0.003902798232695126
2025-02-21,False,750,,750,0,0,False,False,-0.0006521739130435078
2025-02-24,True,375,5020104.0,0,0,0,True,False,-0.012731152204836338
2025-02-25,True,375,4815567.0,0,0,0,True,False,0.008006405124099336
2025-02-27,False,750,,750,0,0,False,False,0.0015328467153286063
2025-02-28,True,375,6900825.0,0,0,0,True,False,-0.007204610951008661
2025-03-03,True,375,5245900.0,0,0,0,True,False,-0.00160326483019968
2025-03-04,True,375,4934644.0,0,0,0,True,False,-0.015688259109311598
2025-03-05,True,375,7994316.0,0,0,0,True,False,-0.0017953321364452268
2025-03-06,True,375,18263804.0,0,0,0,True,False,0.007619439868204125
2025-03-07,True,375,11125688.0,0,0,0,True,False,-6.677796327203556e-05
2025-03-10,True,375,8783782.0,0,0,0,True,False,0.0003960396039603964
2025-03-11,True,375,6926103.0,0,0,0,True,False,-0.01692665117822778
2025-03-12,True,375,3570479.0,0,0,0,True,False,0.0011270967314194191
2025-03-13,True,375,9540627.0,0,0,0,True,False,0.011512610634191622
2025-03-17,True,375,6920636.0,0,0,0,True,False,0.00789124668435015
2025-03-18,True,375,7546856.0,0,0,0,True,False,0.006446520194711258
2025-03-19,True,375,17374493.0,0,0,0,True,False,0.014230271668822958
2025-03-20,True,375,9446583.0,0,0,0,True,False,0.009209032420840257
2025-03-21,True,375,3944546.0,0,0,0,True,False,0.0
2025-03-24,True,375,4857761.0,0,0,0,True,False,0.005856888209829325
2025-03-25,True,375,6107323.0,0,0,0,True,False,0.004485438119906648
2025-03-26,True,375,3109807.0,0,0,0,True,False,-0.00044794266333925137
2025-03-27,True,375,2925726.0,0,0,0,True,False,-0.0013547513063671968
2025-03-28,True,375,3559496.0,0,0,0,True,False,0.0023869427778853147
2025-04-01,True,375,6692437.0,0,0,0,True,False,-0.013813229571984387
2025-04-02,True,375,3167714.0,0,0,0,True,False,0.004893964110929794
2025-04-03,True,375,3204556.0,0,0,0,True,False,-0.01188323430638083
2025-04-04,False,750,,750,0,0,False,False,-0.007994800129996649
2025-04-07,True,375,37902949.0,0,0,0,True,False,-0.09019830833747955
2025-04-08,True,375,12525439.0,0,0,0,True,False,0.036021505376343965
2025-04-09,True,375,25637419.0,0,0,0,True,False,-0.0003844675124953234
2025-04-11,True,375,18989509.0,0,0,0,True,False,0.05747938751472326
2025-04-15,True,375,9052381.0,0,0,0,True,False,0.01595864239154854
2025-04-16,True,375,7532464.0,0,0,0,True,False,-0.002121433796634875
2025-04-17,True,375,14592266.0,0,0,0,True,False,-0.01969365426695835
2025-04-21,True,375,5864168.0,0,0,0,True,False,0.002987467210725736
2025-04-22,True,375,17516252.0,0,0,0,True,False,0.017921146953405076
2025-04-23,True,375,6064715.0,0,0,0,True,False,0.01021887230033336
2025-04-24,True,375,4782585.0,0,0,0,True,False,-0.0007102272727274039
2025-04-25,True,375,7920117.0,0,0,0,True,False,0.0039592760180995334
2025-04-28,True,375,5098519.0,0,0,0,True,False,0.0
2025-04-29,True,375,4583869.0,0,0,0,True,False,-0.0005627857896588484
2025-04-30,True,375,3721859.0,0,0,0,True,False,-0.0007770556654422833
2025-05-02,True,375,4671628.0,0,0,0,True,False,0.0031527658354828514
2025-05-05,True,375,2840122.0,0,0,0,True,False,0.003971349549677372
2025-05-06,True,375,5045822.0,0,0,0,True,False,-0.00014074595355373365
2025-05-07,True,375,6781075.0,0,0,0,True,False,-0.013732833957553203
2025-05-08,True,375,3384791.0,0,0,0,True,False,0.0006854009595613775
2025-05-09,False,750,,750,0,0,False,False,-0.016806136680613593
2025-05-12,True,375,6163456.0,0,0,0,True,False,0.019677871148459314
2025-05-13,True,375,14407942.0,0,0,0,True,False,0.006955945677376674
2025-05-14,True,375,21986414.0,0,0,0,True,False,0.009560740790265365
2025-05-15,False,750,,750,0,0,False,False,0.0012878300064391723
2025-05-16,False,750,,750,0,0,False,False,0.0015913430935710071
2025-05-19,True,375,3826600.0,0,0,0,True,False,0.003811944091486552
2025-05-20,True,375,21496247.0,0,0,0,True,False,0.0069952305246423485
2025-05-21,True,375,5395342.0,0,0,0,True,False,-0.0008146384258680417
2025-05-22,True,375,8747770.0,0,0,0,True,False,-0.005129472838514393
2025-05-23,True,375,4586074.0,0,0,0,True,False,0.0016735882972787053
2025-05-26,True,375,5017549.0,0,0,0,True,False,0.0
2025-05-27,True,375,3465211.0,0,0,0,True,False,0.0008622282441337337
2025-05-28,True,375,2614138.0,0,0,0,True,False,0.003956478733926794
2025-05-29,True,375,4426992.0,0,0,0,True,False,0.0053306886505919415
2025-05-30,False,750,,750,0,0,False,False,-0.0002451731535396684
2025-06-02,True,375,7830374.0,0,0,0,True,False,-0.012422360248447228
2025-06-03,True,375,4041065.0,0,0,0,True,False,-0.0006283775292195148
2025-06-04,True,375,2919910.0,0,0,0,True,False,0.0009532888465204614
2025-06-05,True,375,2642230.0,0,0,0,True,False,0.0029040404040403534
2025-06-06,True,375,4644975.0,0,0,0,True,False,-0.014868712432774545
2025-06-09,True,375,2902324.0,0,0,0,True,False,0.0006345580303317444
2025-06-10,True,375,5263576.0,0,0,0,True,False,0.004769475357710551
2025-06-11,True,375,3862458.0,0,0,0,True,False,0.005139736588499755
2025-06-12,True,375,2821560.0,0,0,0,True,False,-0.0005765904285989221
2025-06-13,False,750,,750,0,0,False,False,-0.0183486238532109
2025-06-16,True,375,2171104.0,0,0,0,True,False,-0.002166207168176504
2025-06-17,True,375,2550518.0,0,0,0,True,False,-0.0002599935001624809
2025-06-18,True,375,1562628.0,0,0,0,True,False,-0.002163508817937587
2025-06-19,True,375,3330198.0,0,0,0,True,False,0.0
2025-06-20,True,375,1472910.0,0,0,0,True,False,0.0015945784333266655
2025-06-23,True,375,3760006.0,0,0,0,True,False,-0.007910349373763892
2025-06-24,True,375,2672717.0,0,0,0,True,False,0.009517558254020564
2025-06-25,True,375,2502431.0,0,0,0,True,False,0.0056118170676644485
2025-06-26,True,375,7660116.0,0,0,0,True,False,0.003646833013435602
2025-06-27,True,375,10830051.0,0,0,0,True,False,0.0037406483790523026
2025-06-30,True,375,2900976.0,0,0,0,True,False,-0.0016743147711768547
2025-07-01,True,375,2110854.0,0,0,0,True,False,0.0013141426783478405
2025-07-02,True,375,3058573.0,0,0,0,True,False,0.0016270337922401623
2025-07-03,True,375,13581544.0,0,0,0,True,False,0.00030129557095515125
2025-07-04,False,750,,750,0,0,False,False,0.002174569616429922
2025-07-07,True,375,3201245.0,0,0,0,True,False,-0.00030665440049071346
2025-07-08,True,375,1441416.0,0,0,0,True,False,-0.00043071621954238193
2025-07-09,True,375,3263009.0,0,0,0,True,False,0.00030883261272385276
2025-07-10,True,375,3780867.0,0,0,0,True,False,0.005025125628140836
2025-07-11,True,375,2602338.0,0,0,0,True,False,6.225487144373432e-05
2025-07-14,True,375,2150004.0,0,0,0,True,False,-0.0009375585974124023
2025-07-15,True,375,3316082.0,0,0,0,True,False,6.240249609978932e-05
2025-07-16,True,375,4947779.0,0,0,0,True,False,-0.0016952345074402464
2025-07-17,True,375,1993868.0,0,0,0,True,False,0.0012714558169102386
2025-07-18,True,375,7144341.0,0,0,0,True,False,0.0008126523723197554
2025-07-21,True,375,7652917.0,0,0,0,True,False,0.0
2025-07-22,True,375,1924433.0,0,0,0,True,False,0.0007353842382644693
2025-07-23,True,375,2067024.0,0,0,0,True,False,0.0017181076271706175
2025-07-24,True,375,2722147.0,0,0,0,True,False,0.0030151990646729576
2025-07-25,True,375,1642580.0,0,0,0,True,False,-0.0024449877750611915
2025-07-28,True,375,2372184.0,0,0,0,True,False,-0.0015481793410948574
2025-07-29,True,375,2310106.0,0,0,0,True,False,-0.005208987071670723
2025-07-30,True,375,2696058.0,0,0,0,True,False,-0.0032671680433978834
2025-07-31,True,375,6264635.0,0,0,0,True,False,-0.0018598884066957089
2025-08-01,True,375,5487355.0,0,0,0,True,False,0.00400508582326764
2025-08-04,True,375,5353279.0,0,0,0,True,False,0.0032679738562091387
2025-08-05,True,375,2862772.0,0,0,0,True,False,0.001946624803767616
2025-08-06,True,375,1398421.0,0,0,0,True,False,0.0010661649419880792
2025-08-07,True,375,2100524.0,0,0,0,True,False,-0.009766855702583399
2025-08-08,False,750,,750,0,0,False,False,-0.002064693737095724
2025-08-11,True,375,1253642.0,0,0,0,True,False,-0.0018957345971564177
2025-08-12,True,375,3232872.0,0,0,0,True,False,0.00012618296529964823
2025-08-13,True,375,2680220.0,0,0,0,True,False,0.005057758351545427
2025-08-14,True,375,8580145.0,0,0,0,True,False,-0.0020579981290924643
2025-08-18,True,375,19241087.0,0,0,0,True,False,0.014902363823227072
2025-08-19,True,375,2683057.0,0,0,0,True,False,0.003355067417864177
2025-08-20,True,375,2307094.0,0,0,0,True,False,-0.006281407035175879
2025-08-21,True,375,1747819.0,0,0,0,True,False,0.0009272423811583774
2025-08-22,True,375,2781645.0,0,0,0,True,False,-0.000248000496000933
2025-08-25,True,375,1919303.0,0,0,0,True,False,0.005367856015156214
2025-08-26,True,375,2231154.0,0,0,0,True,False,-0.0030692139054181444
2025-08-28,True,375,2509768.0,0,0,0,True,False,0.0047081586584971635
2025-08-29,True,375,2118741.0,0,0,0,True,False,0.002140494259583736
2025-09-01,True,375,2039551.0,0,0,0,True,False,-0.0004529278550632343
2025-09-02,True,375,3170478.0,0,0,0,True,False,-0.0001920614596671033
2025-09-03,True,375,7160227.0,0,0,0,True,False,-0.00031555695803087147
2025-09-04,True,375,5733850.0,0,0,0,True,False,0.006851355376824575
2025-09-05,True,375,1845692.0,0,0,0,True,False,0.001799640071985742
2025-09-08,True,375,11612895.0,0,0,0,True,False,0.013110846245530272
2025-09-09,True,375,1955975.0,0,0,0,True,False,0.0026650873556413046
2025-09-10,True,375,2223763.0,0,0,0,True,False,-0.0010037789324516266
2025-09-11,True,375,1237004.0,0,0,0,True,False,-0.00017711654268504073
2025-09-12,True,375,2065779.0,0,0,0,True,False,0.001180637544273777
2025-09-15,True,375,1464734.0,0,0,0,True,False,0.0011204151432950837
2025-09-16,True,375,2309490.0,0,0,0,True,False,0.0015964995269630577
2025-09-17,True,375,2412557.0,0,0,0,True,False,0.002033110659308779
2025-09-18,True,375,3458207.0,0,0,0,True,False,0.002690058479532187
2025-09-19,False,750,,750,0,0,False,False,5.8109128943995e-05
2025-09-22,True,375,2217432.0,0,0,0,True,False,-0.006861262937550738
2025-09-23,True,375,3746113.0,0,0,0,True,False,0.0002917152858807892
2025-09-24,True,375,4008468.0,0,0,0,True,False,-0.00028866693608919913
2025-09-25,True,375,2014005.0,0,0,0,True,False,0.001216051884880498
2025-09-26,True,375,3224687.0,0,0,0,True,False,-0.000754279083260756
2025-09-29,True,375,2379777.0,0,0,0,True,False,0.001434034416825991
2025-09-30,True,375,2336255.0,0,0,0,True,False,0.0011813349084464075
2025-10-01,True,375,2004797.0,0,0,0,True,False,-0.00029577048210593926
2025-10-03,True,375,12122734.0,0,0,0,True,False,0.0033420864168058895
2025-10-06,True,375,3575912.0,0,0,0,True,False,5.7706734376106184e-05
2025-10-07,True,375,3135186.0,0,0,0,True,False,0.00029351335485761076
2025-10-08,True,375,1650728.0,0,0,0,True,False,0.00291545189504383
2025-10-09,True,375,20036747.0,0,0,0,True,False,0.0034262485481997285
2025-10-10,True,375,3727923.0,0,0,0,True,False,-0.0011917598320186906
2025-10-13,True,375,3716446.0,0,0,0,True,False,-0.004889272361230934
2025-10-14,True,375,3906536.0,0,0,0,True,False,0.008708189158016078
2025-10-15,True,375,2098416.0,0,0,0,True,False,0.00891802504134187
2025-10-16,True,375,1288644.0,0,0,0,True,False,0.0
2025-10-17,False,750,,750,0,0,False,False,0.0
2025-10-20,True,375,2253538.0,0,0,0,True,False,0.010495626822157433
2025-10-21,False,61,,0,0,0,False,False,0.0017431725740848503
2025-10-23,True,375,6929006.0,0,0,0,True,False,0.007065091498726028
2025-10-24,False,750,,750,0,0,False,False,0.0034482758620688614
2025-10-27,True,375,4232537.0,0,0,0,True,False,0.008427932576539288
2025-10-28,True,375,6978963.0,0,0,0,True,False,0.004190023214993399
2025-10-29,True,375,15404030.0,0,0,0,True,False,0.011120286264794776
2025-10-30,True,375,3207970.0,0,0,0,True,False,-0.0027041644131963194
2025-10-31,True,375,2796547.0,0,0,0,True,False,-0.0024396855516399807
2025-11-03,True,375,2056774.0,0,0,0,True,False,-0.0027337342810278553
2025-11-04,True,375,1692575.0,0,0,0,True,False,0.0016420361247948545
2025-11-06,True,375,3242438.0,0,0,0,True,False,-0.0003345413994981783
2025-11-07,True,375,2077916.0,0,0,0,True,False,-0.001973498731322243
2025-11-08,False,79,,0,0,0,False,False,0.013223140495867813
2025-11-10,True,375,1799698.0,0,0,0,True,False,-0.05192708333333329
2025-11-11,True,375,2227265.0,0,0,0,True,False,0.007713498622589521
2025-11-12,True,375,2698058.0,0,0,0,True,False,0.0018774157923799883
2025-11-13,True,375,19194849.0,0,0,0,True,False,0.02965864577504207
2025-11-14,True,375,6873416.0,0,0,0,True,False,0.005494194279241027
2025-11-17,True,375,3612730.0,0,0,0,True,False,0.0064942528735632
2025-11-18,True,375,4035938.0,0,0,0,True,False,-0.005308100623124812
2025-11-19,True,375,2112948.0,0,0,0,True,False,5.799118533977854e-05
2025-11-20,True,375,2112211.0,0,0,0,True,False,0.005196304849884648
2025-11-21,True,375,3294463.0,0,0,0,True,False,-0.003769208466221974
2025-11-24,True,375,2298295.0,0,0,0,True,False,0.0
2025-11-25,True,375,2607073.0,0,0,0,True,False,0.0030211480362538623
2025-11-26,True,375,3727015.0,0,0,0,True,False,0.005055368319691889
2025-11-27,True,375,3271450.0,0,0,0,True,False,0.00507105371778982
2025-11-28,True,375,1523917.0,0,0,0,True,False,-0.0002973005113569016
2025-12-01,True,375,2010770.0,0,0,0,True,False,0.005114785297966051
2025-12-02,True,375,1848490.0,0,0,0,True,False,-0.0010083036773427256
2025-12-03,True,375,1328085.0,0,0,0,True,False,-0.0006551908988027266
2025-12-04,True,375,1423493.0,0,0,0,True,False,0.005693736889421652
2025-12-05,False,750,,750,0,0,False,False,0.0005991611743558778
2025-12-08,True,375,1644826.0,0,0,0,True,False,-0.0017922217575719879
2025-12-09,True,375,2746064.0,0,0,0,True,False,0.0005511328842620067
2025-12-10,True,375,3024698.0,0,0,0,True,False,6.211565935765329e-05
2025-12-11,True,375,6410184.0,0,0,0,True,False,0.0092592592592593
2025-12-12,True,375,8716935.0,0,0,0,True,False,0.007211538461538325
2025-12-15,True,375,3435325.0,0,0,0,True,False,-0.006104651162790797
2025-12-16,True,375,2765460.0,0,0,0,True,False,0.0
2025-12-17,True,375,1764227.0,0,0,0,True,False,0.0017078916372201824
2025-12-18,True,375,2330501.0,0,0,0,True,False,-0.002231356429829856
2025-12-19,True,375,2886430.0,0,0,0,True,False,0.007144983626079293
2025-12-22,True,375,3291749.0,0,0,0,True,False,0.0014218009478672577
2025-12-23,True,375,1439497.0,0,0,0,True,False,0.0017153673252099377
2025-12-24,True,375,2423065.0,0,0,0,True,False,0.003102681184872891
2025-12-26,True,375,1696149.0,0,0,0,True,False,0.0
2025-12-29,True,375,10635987.0,0,0,0,True,False,0.003017751479289954
2025-12-30,True,375,2218094.0,0,0,0,True,False,0.002785838653511341
2025-12-31,True,375,13220900.0,0,0,0,True,False,0.024590163934426146
