session,valid,minute_count,opening_volume,duplicate_timestamps,malformed_rows,outside_session_rows,complete_minute_grid,corporate_action_suspect,overnight_gap_pct
2018-01-01,False,375,26288.0,0,1,0,True,False,
2018-01-02,True,375,100366.0,0,0,0,True,False,0.005671077504725952
2018-01-03,True,375,61560.0,0,0,0,True,False,0.0003800836183960321
2018-01-04,True,375,60712.0,0,0,0,True,False,0.004168245547555793
2018-01-05,False,375,55130.0,0,1,0,True,False,0.0
2018-01-08,False,375,38732.0,0,1,0,True,False,0.003158090284228088
2018-01-09,True,375,47546.0,0,0,0,True,False,0.0022888363851150118
2018-01-10,True,375,93005.0,0,0,0,True,False,0.0007604450449252287
2018-01-11,True,375,146882.0,0,0,0,True,False,0.0024973242953978403
2018-01-12,False,375,275895.0,0,1,0,True,False,0.0046561604584527405
2018-01-15,False,375,66846.0,0,1,0,True,False,0.0026138127730241933
2018-01-16,True,375,107116.0,0,0,0,True,False,0.0067947687586760175
2018-01-17,True,375,293706.0,0,0,0,True,False,0.0034965034965035446
2018-01-18,True,375,99908.0,0,0,0,True,False,0.000690846286701241
2018-01-19,True,375,84392.0,0,0,0,True,False,0.0013667924115685626
2018-01-22,True,375,72690.0,0,0,0,True,False,-0.004659042778483724
2018-01-23,False,375,138215.0,0,1,0,True,False,0.008071197411003261
2018-01-24,True,375,153427.0,0,0,0,True,False,-0.0022602518566354757
2018-01-25,True,375,102588.0,0,0,0,True,False,1.8897994922717487e-05
2018-01-29,True,375,139676.0,0,0,0,True,False,0.00012775471095505253
2018-01-30,False,375,90819.0,0,1,0,True,False,-0.006013928307973093
2018-01-31,True,375,120214.0,0,0,0,True,False,-0.005705229793977806
2018-02-01,True,375,82000.0,0,0,0,True,False,0.004133533045764581
2018-02-02,True,375,167055.0,0,0,0,True,False,-0.00952380952380949
2018-02-05,True,375,117927.0,0,0,0,True,False,-0.011128775834658211
2018-02-06,True,375,92961.0,0,0,0,True,False,-0.032154340836012874
2018-02-07,True,375,149843.0,0,0,0,True,False,0.008999999999999897
2018-02-08,False,294,119707.0,0,1,0,False,False,0.007015883744508455
2018-02-09,True,375,64884.0,0,0,0,True,False,-0.005461533274897068
2018-02-12,False,375,91184.0,0,1,0,True,False,-0.0005704697986576024
2018-02-14,True,375,117341.0,0,0,0,True,False,0.0033309235374003876
2018-02-15,False,375,70353.0,0,1,0,True,False,0.011013793103448188
2018-02-16,False,375,115686.0,0,1,0,True,False,0.0003422313483916195
2018-02-19,True,375,44396.0,0,0,0,True,False,0.004776526782668045
2018-02-20,False,375,96967.0,0,1,0,True,False,0.002053388090349051
2018-02-21,True,375,70792.0,0,0,0,True,False,0.010533469249065508
2018-02-22,True,375,141117.0,0,0,0,True,False,0.0036172311739559593
2018-02-23,True,375,120578.0,0,0,0,True,False,0.0032696723090992474
2018-02-26,True,375,64005.0,0,0,0,True,False,-0.0037904558266108612
2018-02-27,True,375,76401.0,0,0,0,True,False,0.005089899524061359
2018-02-28,True,375,96925.0,0,0,0,True,False,-0.002301117685733045
2018-03-01,True,375,66427.0,0,0,0,True,False,0.005142744115513853
2018-03-05,True,375,82839.0,0,0,0,True,False,0.005275304978568984
2018-03-06,False,375,106910.0,0,1,0,True,False,0.006123106670963496
2018-03-07,True,375,78455.0,0,0,0,True,False,0.009536336731338357
2018-03-08,False,375,43983.0,0,1,0,True,False,0.009083702186694964
2018-03-09,False,375,62611.0,0,1,0,True,False,0.0009993337774816258
2018-03-12,False,375,79891.0,0,1,0,True,False,0.002635914332784095
2018-03-13,True,375,19098454.0,0,0,0,True,False,-0.04101639344262287
2018-03-14,True,375,318110.0,0,0,0,True,False,0.0023699802501646605
2018-03-15,True,375,100383.0,0,0,0,True,False,0.002472419023082706
2018-03-16,True,375,110474.0,0,0,0,True,False,0.0006627367539850937
2018-03-19,False,375,74682.0,0,1,0,True,False,0.0
2018-03-20,True,375,111762.0,0,0,0,True,False,-0.0030967632460866534
2018-03-21,True,375,108685.0,0,0,0,True,False,0.001414170968393691
2018-03-22,False,357,78588.0,0,0,0,False,False,0.0034662651867931604
2018-03-23,True,375,159103.0,0,0,0,True,False,-0.00743626062322944
2018-03-26,True,375,72635.0,0,0,0,True,False,0.0039726612558736996
2018-03-27,True,375,72423.0,0,0,0,True,False,0.00283990060347894
2018-03-28,True,375,85420.0,0,0,0,True,False,-0.0069599206990854645
2018-04-02,True,375,67225.0,0,0,0,True,False,-0.0015512255383665075
2018-04-03,True,375,92758.0,0,0,0,True,False,-0.003754736479503973
2018-04-04,True,375,135239.0,0,0,0,True,False,0.007178810132849378
2018-04-05,True,375,45798.0,0,0,0,True,False,0.006763218548969663
2018-04-06,True,375,46744.0,0,0,0,True,False,-3.3851257574157856e-05
2018-04-09,True,375,33634.0,0,0,0,True,False,0.0
2018-04-10,False,375,46420.0,0,1,0,True,False,0.00021879893062015654
2018-04-11,True,375,75176.0,0,0,0,True,False,0.005863503102202072
2018-04-12,True,375,278974.0,0,0,0,True,False,0.0
2018-04-13,True,375,241988.0,0,0,0,True,False,0.004752639469235431
2018-04-16,True,375,338237.0,0,0,0,True,False,-0.009378477189636025
2018-04-17,False,373,99788.0,0,0,0,False,False,0.000671794066865461
2018-04-18,False,376,176066.0,0,0,1,False,False,0.0007586294095334178
2018-04-19,True,375,154658.0,0,0,0,True,False,0.005438391247984509
2018-04-20,True,375,1391755.0,0,0,0,True,False,0.01844481909286344
2018-04-23,True,375,319431.0,0,0,0,True,False,0.0029291154071471315
2018-04-24,True,375,375805.0,0,0,0,True,False,0.0034251815581634037
2018-04-25,True,375,416786.0,0,0,0,True,False,0.0016274596833851795
2018-04-26,True,375,242976.0,0,0,0,True,False,0.0003577858824614921
2018-04-27,True,375,196790.0,0,0,0,True,False,0.00030079967309326605
2018-04-30,True,375,169913.0,0,0,0,True,False,-0.001752458068247531
2018-05-02,True,375,141105.0,0,0,0,True,False,0.00042504958911870894
2018-05-03,True,375,290386.0,0,0,0,True,False,0.0028000000000001357
2018-05-04,True,375,201203.0,0,0,0,True,False,0.002941041312439552
2018-05-07,True,375,135568.0,0,0,0,True,False,0.0031618281115262103
2018-05-08,True,375,160428.0,0,0,0,True,False,0.0019544924154024645
2018-05-09,True,375,103821.0,0,0,0,True,False,-5.8132775258790126e-05
2018-05-10,True,375,220640.0,0,0,0,True,False,0.004139314891787427
2018-05-11,True,375,83255.0,0,0,0,True,False,0.0022923134956329694
2018-05-14,True,375,60400.0,0,0,0,True,False,-0.0011557353366079548
2018-05-15,True,375,61638.0,0,0,0,True,False,0.0029069767441860517
2018-05-16,True,375,92791.0,0,0,0,True,False,-0.002024663034126739
2018-05-17,True,375,153996.0,0,0,0,True,False,0.0045581927366313835
2018-05-18,True,375,86748.0,0,0,0,True,False,0.0
2018-05-21,True,375,226638.0,0,0,0,True,False,0.009642346208869723
2018-05-22,True,375,57283.0,0,0,0,True,False,0.0022535211267604716
2018-05-23,True,375,55737.0,0,0,0,True,False,0.00301616207603006
2018-05-24,True,375,85161.0,0,0,0,True,False,0.003160957318502078
2018-05-25,True,375,222216.0,0,0,0,True,False,0.00394376807098773
2018-05-28,True,375,110637.0,0,0,0,True,False,0.007409677149781357
2018-05-29,True,375,136352.0,0,0,0,True,False,0.008727310136710686
2018-05-30,True,375,84238.0,0,0,0,True,False,-0.0030909617777575837
2018-05-31,True,375,585836.0,0,0,0,True,False,-0.011261582323592312
2018-06-01,True,375,284639.0,0,0,0,True,False,0.004581901489117968
2018-06-04,True,375,390516.0,0,0,0,True,False,0.007418526109170598
2018-06-05,True,375,330897.0,0,0,0,True,False,0.0011481056257176547
2018-06-06,True,375,316469.0,0,0,0,True,False,0.0
2018-06-07,True,375,277163.0,0,0,0,True,False,0.0
2018-06-08,True,375,498036.0,0,0,0,True,False,0.0005478504080043134
2018-06-11,True,375,177933.0,0,0,0,True,False,0.0015191034423456262
2018-06-12,True,375,433261.0,0,0,0,True,False,0.0034839225541150043
2018-06-13,True,375,1492448.0,0,0,0,True,False,0.019623255944527074
2018-06-14,True,375,529510.0,0,0,0,True,False,0.00328947368421062
2018-06-15,True,375,758698.0,0,0,0,True,False,0.008403361344537785
2018-06-18,True,375,1840394.0,0,0,0,True,False,0.015190217391304328
2018-06-19,True,375,610470.0,0,0,0,True,False,-0.0010142543859648079
2018-06-20,True,375,549207.0,0,0,0,True,False,0.004936917169500843
2018-06-21,True,375,385063.0,0,0,0,True,False,0.00659340659340657
2018-06-22,True,375,265377.0,0,0,0,True,False,0.0038461538461538325
2018-06-25,True,375,325691.0,0,0,0,True,False,0.0016030956329464718
2018-06-26,True,375,311051.0,0,0,0,True,False,0.0028881859441618474
2018-06-27,True,375,1451299.0,0,0,0,True,False,0.004292540698145331
2018-06-28,True,375,779351.0,0,0,0,True,False,0.004308023694130414
2018-06-29,True,375,550958.0,0,0,0,True,False,0.00043381595358171765
2018-07-02,True,375,381655.0,0,0,0,True,False,0.003794037940379358
2018-07-03,True,375,718868.0,0,0,0,True,False,0.003182222701653137
2018-07-04,True,375,417018.0,0,0,0,True,False,0.0026400704018774146
2018-07-05,True,375,433185.0,0,0,0,True,False,0.0032405795548888783
2018-07-06,True,375,437318.0,0,0,0,True,False,-0.0005042998195137205
2018-07-09,True,375,1639484.0,0,0,0,True,False,0.0032590275061921137
2018-07-10,True,375,917964.0,0,0,0,True,False,0.006896551724137945
2018-07-11,True,375,5168616.0,0,0,0,True,False,0.01303617605502394
2018-07-12,True,375,1849043.0,0,0,0,True,False,0.007106598984771617
2018-07-13,True,375,818690.0,0,0,0,True,False,0.0004559039562332945
2018-07-16,True,375,557275.0,0,0,0,True,False,0.006550163121822994
2018-07-17,True,375,687867.0,0,0,0,True,False,7.542046911535039e-05
2018-07-18,True,375,410663.0,0,0,0,True,False,0.0024999999999999467
2018-07-19,True,375,308682.0,0,0,0,True,False,0.0010499999999999954
2018-07-20,True,375,294851.0,0,0,0,True,False,-0.0005538771399797859
2018-07-23,True,375,554638.0,0,0,0,True,False,0.0014513788098693414
2018-07-24,True,375,363691.0,0,0,0,True,False,0.006946179601219349
2018-07-25,True,375,252248.0,0,0,0,True,False,0.002729845475719417
2018-07-26,True,375,194781.0,0,0,0,True,False,-0.001289506953223718
2018-07-27,True,375,330402.0,0,0,0,True,False,0.002479550102249428
2018-07-30,True,375,253954.0,0,0,0,True,False,-0.00038585209003216825
2018-07-31,True,375,416603.0,0,0,0,True,False,-0.0011829450187728074
2018-08-01,True,375,348948.0,0,0,0,True,False,0.0030091044699347425
2018-08-02,True,375,242875.0,0,0,0,True,False,0.0031411490525889985
2018-08-03,True,375,287733.0,0,0,0,True,False,0.004363449691991761
2018-08-06,True,375,276213.0,0,0,0,True,False,0.009605662285136596
2018-08-07,True,375,175383.0,0,0,0,True,False,0.0008854258898529643
2018-08-08,True,375,201817.0,0,0,0,True,False,0.001523616048755727
2018-08-09,True,375,216691.0,0,0,0,True,False,0.0025316455696202667
2018-08-10,True,375,201013.0,0,0,0,True,False,0.0014914054600607685
2018-08-13,True,375,547454.0,0,0,0,True,False,0.002911646586345462
2018-08-14,True,375,347852.0,0,0,0,True,False,-0.0037509377344335793
2018-08-16,True,375,515657.0,0,0,0,True,False,0.00014999999999987246
2018-08-17,True,375,233355.0,0,0,0,True,False,0.002364242695734431
2018-08-20,True,375,334139.0,0,0,0,True,False,0.006965174129353269
2018-08-21,True,375,325251.0,0,0,0,True,False,-0.0019859494079388362
2018-08-23,True,375,670039.0,0,0,0,True,False,0.003870967741935516
2018-08-24,True,375,269051.0,0,0,0,True,False,0.0005899995083336051
2018-08-27,True,375,215931.0,0,0,0,True,False,0.0004897159647403448
2018-08-28,True,375,344906.0,0,0,0,True,False,0.002414575254261919
2018-08-29,True,375,155143.0,0,0,0,True,False,0.0012319138143435104
2018-08-30,True,375,256151.0,0,0,0,True,False,-0.0025322561196189364
2018-08-31,True,375,423651.0,0,0,0,True,False,-0.00033605376860290637
2018-09-03,True,375,275333.0,0,0,0,True,False,0.003272377285851835
2018-09-04,True,375,434932.0,0,0,0,True,False,0.004780487804878053
2018-09-05,True,375,303893.0,0,0,0,True,False,0.0
2018-09-06,True,375,343936.0,0,0,0,True,False,-0.000962927298988947
2018-09-07,True,375,228051.0,0,0,0,True,False,0.0023138105567608314
2018-09-10,True,375,229468.0,0,0,0,True,False,0.002717979555021177
2018-09-11,True,375,291101.0,0,0,0,True,False,0.002399232245681393
2018-09-12,True,375,354095.0,0,0,0,True,False,0.0034959906121649897
2018-09-14,True,375,822858.0,0,0,0,True,False,-0.0004889975550121939
2018-09-17,True,375,165828.0,0,0,0,True,False,0.0019361084220717029
2018-09-18,True,375,315722.0,0,0,0,True,False,0.00026538637844097934
2018-09-19,True,375,164133.0,0,0,0,True,False,-0.001012536162005695
2018-09-21,True,375,521013.0,0,0,0,True,False,0.0001444599605142649
2018-09-24,True,375,277193.0,0,0,0,True,False,0.0014678725318433283
2018-09-25,True,375,651227.0,0,0,0,True,False,-0.0016300656554222304
2018-09-26,True,375,285329.0,0,0,0,True,False,0.0017864504603546383
2018-09-27,True,375,321042.0,0,0,0,True,False,-0.002445101646368464
2018-09-28,True,375,561288.0,0,0,0,True,False,-0.0032036613272311554
2018-10-01,True,375,433860.0,0,0,0,True,False,0.0022415370539798918
2018-10-03,True,375,622361.0,0,0,0,True,False,-0.0009323388385721332
2018-10-04,True,375,1102263.0,0,0,0,True,False,-0.0001854427445526774
2018-10-05,True,375,914955.0,0,0,0,True,False,-0.006301502666020364
2018-10-08,True,375,300473.0,0,0,0,True,False,0.0012619047619049084
2018-10-09,True,375,309898.0,0,0,0,True,False,0.0014200442861267426
2018-10-10,True,375,306759.0,0,0,0,True,False,0.0019562002003912227
2018-10-11,True,375,1080578.0,0,0,0,True,False,-0.02886497064579252
2018-10-12,True,375,2877330.0,0,0,0,True,False,-0.008521303258145374
2018-10-15,True,375,681456.0,0,0,0,True,False,0.01041666666666674
2018-10-16,True,375,401733.0,0,0,0,True,False,0.001739486339916052
2018-10-17,True,375,363224.0,0,0,0,True,False,0.003540409057334326
2018-10-19,True,375,1094614.0,0,0,0,True,False,-0.0005181347150259308
2018-10-22,True,375,366674.0,0,0,0,True,False,-0.0008874040820587847
2018-10-23,True,375,335325.0,0,0,0,True,False,-0.006446520194711258
2018-10-24,True,375,538733.0,0,0,0,True,False,0.002327154647544294
2018-10-25,True,375,457984.0,0,0,0,True,False,-0.011525060305548118
2018-10-26,True,375,382086.0,0,0,0,True,False,0.005286988585527119
2018-10-29,True,375,375047.0,0,0,0,True,False,0.007071269487750609
2018-10-30,True,375,260714.0,0,0,0,True,False,0.000535905680600246
2018-10-31,True,375,274478.0,0,0,0,True,False,0.0027443529660122756
2018-11-01,True,375,469535.0,0,0,0,True,False,0.004677969606120325
2018-11-02,True,375,276027.0,0,0,0,True,False,0.0032157676348547604
2018-11-05,True,375,175219.0,0,0,0,True,False,-0.001254967580004207
2018-11-06,True,375,249303.0,0,0,0,True,False,0.0016659174445354807
2018-11-07,False,60,,0,0,60,False,False,0.004894978115044912
2018-11-09,True,375,432553.0,0,0,0,True,False,0.010303967027305516
2018-11-12,True,375,290233.0,0,0,0,True,False,0.0002620545073375169
2018-11-13,True,375,238032.0,0,0,0,True,False,-0.000991183681986585
2018-11-14,True,375,299179.0,0,0,0,True,False,-0.005784526391901634
2018-11-15,True,375,333595.0,0,0,0,True,False,-0.008879672462381083
2018-11-16,True,375,339931.0,0,0,0,True,False,0.006393180607352056
2018-11-19,True,375,154276.0,0,0,0,True,False,0.0052938062466914015
2018-11-20,True,375,221865.0,0,0,0,True,False,0.0
2018-11-21,True,375,452956.0,0,0,0,True,False,-0.0046283981486408
2018-11-22,True,375,694100.0,0,0,0,True,False,0.0038610038610038533
2018-11-26,True,375,739682.0,0,0,0,True,False,0.0015416804316705779
2018-11-27,True,375,612842.0,0,0,0,True,False,0.004333694474539573
2018-11-28,True,375,458187.0,0,0,0,True,False,-0.003429174360327081
2018-11-29,True,375,780629.0,0,0,0,True,False,0.006045340050377934
2018-11-30,True,375,458657.0,0,0,0,True,False,-0.001523616048755727
2018-12-03,True,375,259914.0,0,0,0,True,False,0.004658699615150974
2018-12-04,True,375,310814.0,0,0,0,True,False,-0.0005040322580645018
2018-12-05,True,375,390610.0,0,0,0,True,False,-0.0019155658382465912
2018-12-06,True,375,360649.0,0,0,0,True,False,-0.002944258695543711
2018-12-07,True,375,331553.0,0,0,0,True,False,-0.0024874371859296973
2018-12-10,True,375,606453.0,0,0,0,True,False,-0.01242593194489583
2018-12-11,True,375,427262.0,0,0,0,True,False,0.0049738553755898085
2018-12-12,True,375,351067.0,0,0,0,True,False,0.0020279912871485894
2018-12-13,True,375,607317.0,0,0,0,True,False,0.0037193156459212062
2018-12-14,True,375,474332.0,0,0,0,True,False,0.0008327655386479726
2018-12-17,True,375,229135.0,0,0,0,True,False,0.005179262835017795
2018-12-18,True,375,354074.0,0,0,0,True,False,-0.0005017813236991575
2018-12-19,True,375,381451.0,0,0,0,True,False,-0.0015594345792042663
2018-12-20,True,375,351490.0,0,0,0,True,False,-0.008625938705094427
2018-12-21,True,375,322549.0,0,0,0,True,False,-0.00358056265984652
2018-12-24,True,375,272311.0,0,0,0,True,False,0.00041994750656160207
2018-12-26,True,375,310627.0,0,0,0,True,False,-0.00010405827263271217
2018-12-27,True,375,972158.0,0,0,0,True,False,0.008985200845665897
2018-12-28,True,375,304286.0,0,0,0,True,False,0.002644048273515054
2018-12-31,True,375,262624.0,0,0,0,True,False,0.00579862941486553
2019-01-01,True,375,194649.0,0,0,0,True,False,0.0006597176408498218
2019-01-02,True,375,273218.0,0,0,0,True,False,-0.0004722178498347551
2019-01-03,True,375,397206.0,0,0,0,True,False,0.0
2019-01-04,True,375,443360.0,0,0,0,True,False,-0.0005260389268806342
2019-01-07,True,375,339390.0,0,0,0,True,False,0.005207226354941419
2019-01-08,True,375,328122.0,0,0,0,True,False,0.003898840885142363
2019-01-09,True,375,413492.0,0,0,0,True,False,0.008672659968270713
2019-01-10,True,375,510530.0,0,0,0,True,False,0.002865329512893977
2019-01-11,True,375,3799671.0,0,0,0,True,False,-0.005847953216374324
2019-01-14,True,375,754320.0,0,0,0,True,False,0.003716463662751135
2019-01-15,True,375,569314.0,0,0,0,True,False,-0.0030020105208075076
2019-01-16,True,375,548000.0,0,0,0,True,False,0.0017141632740518276
2019-01-17,True,375,784976.0,0,0,0,True,False,0.0021612102777555098
2019-01-18,True,375,318779.0,0,0,0,True,False,-0.0073878627968337884
2019-01-21,True,375,359605.0,0,0,0,True,False,0.0013161358252171684
2019-01-22,True,375,330954.0,0,0,0,True,False,0.0016544552115338451
2019-01-23,True,375,304384.0,0,0,0,True,False,0.002372791985235878
2019-01-24,True,375,285802.0,0,0,0,True,False,0.002020202020202033
2019-01-25,True,375,334745.0,0,0,0,True,False,0.0
2019-01-28,True,375,748055.0,0,0,0,True,False,0.006928165859248825
2019-01-29,True,375,353297.0,0,0,0,True,False,0.0010204081632652073
2019-01-30,True,375,339745.0,0,0,0,True,False,-0.0018907404139461015
2019-01-31,True,375,337428.0,0,0,0,True,False,0.001436383337953151
2019-02-01,True,375,768693.0,0,0,0,True,False,0.00249438762783738
2019-02-04,True,375,263271.0,0,0,0,True,False,0.002840628396403533
2019-02-05,True,375,193274.0,0,0,0,True,False,0.0003903962521960569
2019-02-06,True,375,263794.0,0,0,0,True,False,-0.0005363237445148439
2019-02-07,True,375,253887.0,0,0,0,True,False,0.002294685990338108
2019-02-08,True,375,188566.0,0,0,0,True,False,-0.0013235471062447157
2019-02-11,True,375,172663.0,0,0,0,True,False,0.0020917449044122183
2019-02-12,True,375,500964.0,0,0,0,True,False,0.0021301316808675086
2019-02-13,True,375,520409.0,0,0,0,True,False,0.005363237445148661
2019-02-14,True,375,282470.0,0,0,0,True,False,0.0009961127308066864
2019-02-15,True,375,349224.0,0,0,0,True,False,0.0
2019-02-18,True,375,731087.0,0,0,0,True,False,0.0014744913005013682
2019-02-19,True,375,586907.0,0,0,0,True,False,5.0763998172387303e-05
2019-02-20,True,375,962833.0,0,0,0,True,False,0.005222960027295942
2019-02-21,True,375,526428.0,0,0,0,True,False,0.00039184952978055243
2019-02-22,True,375,367824.0,0,0,0,True,False,0.002588573669760841
2019-02-25,True,375,287815.0,0,0,0,True,False,0.001814411612234279
2019-02-26,True,375,1527883.0,0,0,0,True,False,-0.0015098137896326635
2019-02-27,True,375,548469.0,0,0,0,True,False,0.003937007874015741
2019-02-28,True,375,629472.0,0,0,0,True,False,0.004461564717068489
2019-03-01,True,375,844514.0,0,0,0,True,False,0.005823040080665365
2019-03-05,True,375,419160.0,0,0,0,True,False,0.005012531328320913
2019-03-06,True,375,464229.0,0,0,0,True,False,0.002141004004936997
2019-03-07,True,375,364661.0,0,0,0,True,False,-0.0004985044865404298
2019-03-08,True,375,381136.0,0,0,0,True,False,0.00496277915632759
2019-03-11,True,375,557556.0,0,0,0,True,False,0.0030404152762328884
2019-03-12,True,375,389790.0,0,0,0,True,False,-0.0010415891674727673
2019-03-13,True,375,248024.0,0,0,0,True,False,0.0019411676870240147
2019-03-14,True,375,263411.0,0,0,0,True,False,0.004987468671679318
2019-03-15,True,375,233078.0,0,0,0,True,False,0.004119154066408726
2019-03-18,True,375,496078.0,0,0,0,True,False,0.0034381139489194634
2019-03-19,True,375,359564.0,0,0,0,True,False,0.0030387627541568207
2019-03-20,True,375,560471.0,0,0,0,True,False,-0.00024648755237866027
2019-03-22,True,375,732268.0,0,0,0,True,False,0.007374078240220072
2019-03-25,True,375,403880.0,0,0,0,True,False,-0.0010945273631840502
2019-03-26,True,375,416213.0,0,0,0,True,False,0.001615508885298933
2019-03-27,True,375,317216.0,0,0,0,True,False,0.007426868084676519
2019-03-28,True,375,894240.0,0,0,0,True,False,0.007710512252843804
2019-03-29,True,375,647194.0,0,0,0,True,False,0.004977600796416182
2019-04-01,True,375,242083.0,0,0,0,True,False,0.004999999999999893
2019-04-02,True,375,423843.0,0,0,0,True,False,0.0010565370156514486
2019-04-03,True,375,694108.0,0,0,0,True,False,0.0028860028860029363
2019-04-04,True,375,316217.0,0,0,0,True,False,0.0
2019-04-05,True,375,444339.0,0,0,0,True,False,0.005302410862509044
2019-04-08,True,375,350185.0,0,0,0,True,False,0.003900536323744541
2019-04-09,True,375,446228.0,0,0,0,True,False,-0.0017361111111110494
2019-04-10,True,375,708800.0,0,0,0,True,False,-0.0021317875877265857
2019-04-11,True,375,657533.0,0,0,0,True,False,0.0010034508920921947
2019-04-12,True,375,520380.0,0,0,0,True,False,0.006419753086419844
2019-04-15,True,375,2812628.0,0,0,0,True,False,0.028290405106679017
2019-04-16,True,375,1070410.0,0,0,0,True,False,0.0035502958579882726
2019-04-18,True,375,904528.0,0,0,0,True,False,0.006036499766027159
2019-04-22,True,375,439552.0,0,0,0,True,False,-0.0006048480900758824
2019-04-23,True,375,346177.0,0,0,0,True,False,0.0012498264129980896
2019-04-24,True,375,311353.0,0,0,0,True,False,-0.002311604253351862
2019-04-25,True,375,267285.0,0,0,0,True,False,0.002951212763995237
2019-04-26,True,375,444571.0,0,0,0,True,False,0.0
2019-04-30,True,375,635958.0,0,0,0,True,False,0.002485445588893853
2019-05-02,True,375,379890.0,0,0,0,True,False,-0.0005540166204985875
2019-05-03,True,375,635651.0,0,0,0,True,False,-0.013410394184313779
2019-05-06,False,372,448313.0,0,0,0,False,False,-0.012334121281625143
2019-05-07,True,375,327992.0,0,0,0,True,False,0.0009963390333194155
2019-05-08,True,375,303229.0,0,0,0,True,False,-0.0013927576601671099
2019-05-09,True,375,361086.0,0,0,0,True,False,-0.005102040816326481
2019-05-10,True,375,466871.0,0,0,0,True,False,0.0017501842299190162
2019-05-13,True,375,286148.0,0,0,0,True,False,0.0012674271229402567
2019-05-14,True,375,274246.0,0,0,0,True,False,0.0004686035613870043
2019-05-15,True,375,343208.0,0,0,0,True,False,0.0009546539379474694
2019-05-16,True,375,368154.0,0,0,0,True,False,0.0028228314434717294
2019-05-17,True,375,279173.0,0,0,0,True,False,0.0005209566658772591
2019-05-20,True,375,442595.0,0,0,0,True,False,0.014804202483285511
2019-05-21,True,375,294218.0,0,0,0,True,False,2.327746741159764e-05
2019-05-22,True,375,406038.0,0,0,0,True,False,0.000948766603415585
2019-05-23,True,375,416698.0,0,0,0,True,False,0.00382775119617218
2019-05-24,True,375,511283.0,0,0,0,True,False,0.006319883325230924
2019-05-27,True,375,429550.0,0,0,0,True,False,0.0028061784729509487
2019-05-28,True,375,517330.0,0,0,0,True,False,0.0009718172983479434
2019-05-29,True,375,742080.0,0,0,0,True,False,0.005802707930367523
2019-05-30,True,375,940677.0,0,0,0,True,False,0.002857885164978091
2019-05-31,True,375,807956.0,0,0,0,True,False,0.0063830778549129885
2019-06-03,True,375,747573.0,0,0,0,True,False,0.00045454545454548523
2019-06-04,True,375,631077.0,0,0,0,True,False,-0.0071650186379769165
2019-06-06,True,375,683687.0,0,0,0,True,False,0.004109589041095818
2019-06-07,True,375,493119.0,0,0,0,True,False,0.003693444136657398
2019-06-10,True,375,525144.0,0,0,0,True,False,0.007706775540162303
2019-06-11,True,375,690188.0,0,0,0,True,False,0.003544031223363664
2019-06-12,True,375,475066.0,0,0,0,True,False,-0.003550821127385695
2019-06-13,True,375,888411.0,0,0,0,True,False,-0.0007723711795211141
2019-06-14,True,375,388400.0,0,0,0,True,False,0.005814989751359079
2019-06-17,True,375,337935.0,0,0,0,True,False,0.0027558005156012033
2019-06-18,True,375,335621.0,0,0,0,True,False,0.0
2019-06-19,True,375,361162.0,0,0,0,True,False,0.000665631240292841
2019-06-20,True,375,594185.0,0,0,0,True,False,-0.014103187585658095
2019-06-21,True,375,294198.0,0,0,0,True,False,0.0008979609715500381
2019-06-24,True,375,206225.0,0,0,0,True,False,0.000932483737039469
2019-06-25,True,375,252758.0,0,0,0,True,False,-0.0029209584257572363
2019-06-26,True,375,239610.0,0,0,0,True,False,0.0008837825894829621
2019-06-27,True,375,350263.0,0,0,0,True,False,0.0008654934422227534
2019-06-28,True,375,299313.0,0,0,0,True,False,-0.0006632765863364698
2019-07-01,True,375,427370.0,0,0,0,True,False,0.0031418312387792025
2019-07-02,True,375,232637.0,0,0,0,True,False,0.005306643380130316
2019-07-03,True,375,173524.0,0,0,0,True,False,-0.0009315530319834453
2019-07-04,True,375,262424.0,0,0,0,True,False,0.0
2019-07-05,True,375,146871.0,0,0,0,True,False,0.0026773761713521083
2019-07-08,True,375,368700.0,0,0,0,True,False,-0.008237764496850208
2019-07-09,True,375,506398.0,0,0,0,True,False,0.0013357284325918872
2019-07-10,True,375,2572822.0,0,0,0,True,False,-0.019515414349014826
2019-07-11,True,375,547615.0,0,0,0,True,False,0.010350394074636782
2019-07-12,True,375,392234.0,0,0,0,True,False,7.136230642967867e-05
2019-07-15,True,375,360580.0,0,0,0,True,False,0.008064516129032251
2019-07-16,True,375,653123.0,0,0,0,True,False,-0.004448606883633799
2019-07-17,True,375,345739.0,0,0,0,True,False,0.0009971983474998947
2019-07-18,True,375,345248.0,0,0,0,True,False,0.0005673758865247791
2019-07-19,True,375,342940.0,0,0,0,True,False,0.0006986100069861223
2019-07-22,True,375,255292.0,0,0,0,True,False,-0.0014423076923076872
2019-07-23,True,375,523193.0,0,0,0,True,False,0.009847424246019587
2019-07-24,True,375,231833.0,0,0,0,True,False,-0.004693506922332946
2019-07-25,True,375,298928.0,0,0,0,True,False,0.004716531681753233
2019-07-26,True,375,231990.0,0,0,0,True,False,0.0007282978973335297
2019-07-29,True,375,259817.0,0,0,0,True,False,-0.001985815602836838
2019-07-30,True,375,317612.0,0,0,0,True,False,0.002305773845936665
2019-07-31,True,375,305158.0,0,0,0,True,False,-0.002090704406561672
2019-08-01,True,375,344812.0,0,0,0,True,False,-0.00045433893684687643
2019-08-02,True,375,337693.0,0,0,0,True,False,-0.0024330900243310083
2019-08-05,True,375,616940.0,0,0,0,True,False,-0.003013754503636945
2019-08-06,True,375,524292.0,0,0,0,True,False,-0.003214285714285614
2019-08-07,True,375,391265.0,0,0,0,True,False,0.007340485601355251
2019-08-08,True,375,247403.0,0,0,0,True,False,0.0045520100955471765
2019-08-09,True,375,200451.0,0,0,0,True,False,0.0027509095749400636
2019-08-13,True,375,301008.0,0,0,0,True,False,0.0
2019-08-14,True,375,285044.0,0,0,0,True,False,-0.008590909090909093
2019-08-16,True,375,678413.0,0,0,0,True,False,0.016369654922232746
2019-08-19,True,375,180794.0,0,0,0,True,False,0.007859454461396131
2019-08-20,True,375,400806.0,0,0,0,True,False,0.0027700831024930483
2019-08-21,True,375,233230.0,0,0,0,True,False,-0.0023059360730594003
2019-08-22,True,375,190839.0,0,0,0,True,False,0.001832340815391742
2019-08-23,True,375,553024.0,0,0,0,True,False,0.0034657726634348407
2019-08-26,True,375,386388.0,0,0,0,True,False,-0.0013333333333332975
2019-08-27,True,375,306437.0,0,0,0,True,False,0.0013233348037053894
2019-08-28,True,375,187607.0,0,0,0,True,False,-0.0006691947356680661
2019-08-29,True,375,271325.0,0,0,0,True,False,-0.00721513614939584
2019-08-30,True,375,445481.0,0,0,0,True,False,0.0040322580645162365
2019-09-03,True,375,549703.0,0,0,0,True,False,0.004869411243913158
2019-09-04,True,375,377155.0,0,0,0,True,False,0.008459483526269018
2019-09-05,True,375,262008.0,0,0,0,True,False,-0.0013361838588989983
2019-09-06,True,375,339414.0,0,0,0,True,False,2.256368600384029e-05
2019-09-09,True,375,215044.0,0,0,0,True,False,0.0009099181073703999
2019-09-11,True,375,549634.0,0,0,0,True,False,0.0004576659038901809
2019-09-12,True,375,301897.0,0,0,0,True,False,0.0015802193716305535
2019-09-13,True,375,425404.0,0,0,0,True,False,0.00018738873793688882
2019-09-16,True,375,526489.0,0,0,0,True,False,0.007909472701819853
2019-09-17,True,375,288577.0,0,0,0,True,False,0.0023023255813952037
2019-09-18,True,375,338464.0,0,0,0,True,False,0.00018814675446843232
2019-09-19,True,375,300763.0,0,0,0,True,False,-0.002849002849002802
2019-09-20,True,375,376326.0,0,0,0,True,False,0.0038151557060421837
2019-09-23,False,361,3526818.0,0,20,0,False,False,0.01400966183574881
2019-09-24,False,367,1201064.0,0,0,0,False,False,-0.0024752475247524774
2019-09-25,True,375,788766.0,0,0,0,True,False,0.008645533141210304
2019-09-26,True,375,915119.0,0,0,0,True,False,0.0058011314603509945
2019-09-27,True,375,574848.0,0,0,0,True,False,-0.0022013782542112947
2019-09-30,True,375,477336.0,0,0,0,True,False,0.0013841670713938825
2019-10-01,True,375,461276.0,0,0,0,True,False,-0.0004053796260971021
2019-10-03,True,375,523903.0,0,0,0,True,False,0.004708052225403936
2019-10-04,True,375,324830.0,0,0,0,True,False,0.0017501215362176747
2019-10-07,False,375,813073.0,0,16,0,True,False,0.0009624639076035724
2019-10-09,True,375,368634.0,0,0,0,True,False,0.006842619745845546
2019-10-10,True,375,531512.0,0,0,0,True,False,0.0030169642415549536
2019-10-11,True,375,5066249.0,0,0,0,True,False,-0.03584981026562806
2019-10-14,True,375,663785.0,0,0,0,True,False,0.002865329512893977
2019-10-15,True,375,477959.0,0,0,0,True,False,0.004672319596549013
2019-10-16,True,375,597184.0,0,0,0,True,False,9.814505839633725e-05
2019-10-17,True,375,819959.0,0,0,0,True,False,-0.019951338199513335
2019-10-18,True,375,512716.0,0,0,0,True,False,0.004189255791030133
2019-10-22,True,375,1264719.0,0,0,0,True,False,0.010199125789218
2019-10-23,True,375,401363.0,0,0,0,True,False,0.004878048780487809
2019-10-24,True,375,695373.0,0,0,0,True,False,0.0009606147934677622
2019-10-25,True,375,319667.0,0,0,0,True,False,0.006730769230769207
2019-10-27,False,60,,0,0,60,False,False,0.003487933634992446
2019-10-29,True,375,868928.0,0,0,0,True,False,0.001818053030481881
2019-10-30,True,375,596364.0,0,0,0,True,False,0.011455586871533585
2019-10-31,True,375,740365.0,0,0,0,True,False,-0.0025490413388008504
2019-11-01,True,375,636676.0,0,0,0,True,False,-0.004638280099360403
2019-11-04,True,375,429769.0,0,0,0,True,False,0.0
2019-11-05,True,375,481194.0,0,0,0,True,False,0.001321726448201943
2019-11-06,True,375,385680.0,0,0,0,True,False,0.0009099181073703999
2019-11-07,True,375,242648.0,0,0,0,True,False,0.006253423406974434
2019-11-08,True,375,226796.0,0,0,0,True,False,0.00210526315789461
2019-11-11,True,375,378060.0,0,0,0,True,False,0.00237094767482815
2019-11-13,True,375,610804.0,0,0,0,True,False,0.008139368841924899
2019-11-14,True,375,423641.0,0,0,0,True,False,0.003900871959614527
2019-11-15,True,375,350831.0,0,0,0,True,False,0.00273972602739736
2019-11-18,True,375,310778.0,0,0,0,True,False,0.0031775270550311596
2019-11-19,True,375,322219.0,0,0,0,True,False,0.0009298000929800487
2019-11-20,True,375,650719.0,0,0,0,True,False,0.005997250272602006
2019-11-21,True,375,480948.0,0,0,0,True,False,0.00189753320683117
2019-11-22,True,375,1018112.0,0,0,0,True,False,-0.009634457353357884
2019-11-25,True,375,412433.0,0,0,0,True,False,0.003579807948141278
2019-11-26,True,375,456032.0,0,0,0,True,False,0.0028071017274471366
2019-11-27,True,375,434775.0,0,0,0,True,False,0.0029325513196480912
2019-11-28,True,375,823690.0,0,0,0,True,False,0.005863746958637561
2019-11-29,True,375,217261.0,0,0,0,True,False,0.004383640830483149
2019-12-02,True,375,488496.0,0,0,0,True,False,0.004069894962591025
2019-12-03,True,375,586630.0,0,0,0,True,False,0.003315190499752596
2019-12-04,True,375,918876.0,0,0,0,True,False,0.0009751340809360798
2019-12-05,True,375,546687.0,0,0,0,True,False,0.00288878189696673
2019-12-06,False,375,327211.0,0,192,0,True,False,0.0011076284966888839
2019-12-09,True,375,252397.0,0,0,0,True,False,0.002331606217616411
2019-12-10,True,375,885745.0,0,0,0,True,False,0.0
2019-12-11,True,375,950376.0,0,0,0,True,False,0.004538127712337303
2019-12-12,True,375,368070.0,0,0,0,True,False,0.0054411764705881716
2019-12-13,True,375,1606545.0,0,0,0,True,False,0.00948103792415167
2019-12-16,True,375,684000.0,0,0,0,True,False,0.012560386473430052
2019-12-17,True,375,946777.0,0,0,0,True,False,-0.0016431924882629456
2019-12-18,True,375,1564926.0,0,0,0,True,False,0.002536315425409219
2019-12-19,True,375,1302777.0,0,0,0,True,False,0.006696531658430649
2019-12-20,True,375,951865.0,0,0,0,True,False,-0.005242640139803689
2019-12-23,True,375,488827.0,0,0,0,True,False,-0.0045045045045044585
2019-12-24,True,375,287233.0,0,0,0,True,False,0.0013416815742397503
2019-12-26,True,375,215474.0,0,0,0,True,False,0.00018050541516245744
2019-12-27,True,375,777226.0,0,0,0,True,False,0.002269632319564341
2019-12-30,True,375,328181.0,0,0,0,True,False,-0.0007696835242450017
2019-12-31,True,375,335419.0,0,0,0,True,False,0.002220543460842883
2020-01-01,True,375,245064.0,0,0,0,True,False,0.001385681293302632
2020-01-02,True,375,385429.0,0,0,0,True,False,0.004585253456221183
2020-01-03,True,375,1098887.0,0,0,0,True,False,0.003245248029670744
2020-01-06,True,375,733811.0,0,0,0,True,False,0.0018173557473875057
2020-01-07,True,375,580927.0,0,0,0,True,False,-0.00038612669498261365
2020-01-08,True,375,918320.0,0,0,0,True,False,0.0
2020-01-09,True,375,769868.0,0,0,0,True,False,-0.0020414050191935873
2020-01-10,True,375,427941.0,0,0,0,True,False,0.003603603603603567
2020-01-13,True,375,357717.0,0,0,0,True,False,0.0021915951197468697
2020-01-14,True,375,639166.0,0,0,0,True,False,0.0009119927040583953
2020-01-15,True,375,617579.0,0,0,0,True,False,0.0013574660633484115
2020-01-16,True,375,562975.0,0,0,0,True,False,0.0013264388489206969
2020-01-17,True,375,697257.0,0,0,0,True,False,0.00033482142857144126
2020-01-20,True,375,1936282.0,0,0,0,True,False,-0.011306306306306246
2020-01-21,True,375,349984.0,0,0,0,True,False,-0.0018170109020655412
2020-01-22,True,375,460578.0,0,0,0,True,False,0.0032660195961176086
2020-01-23,True,375,439128.0,0,0,0,True,False,0.0
2020-01-24,True,375,191130.0,0,0,0,True,False,0.0013482632541133022
2020-01-27,True,375,380779.0,0,0,0,True,False,0.0021510297482836283
2020-01-28,True,375,233545.0,0,0,0,True,False,0.002628787529400878
2020-01-29,True,375,380284.0,0,0,0,True,False,0.000916170407695871
2020-01-30,True,375,378966.0,0,0,0,True,False,0.0027855153203342198
2020-01-31,True,375,314076.0,0,0,0,True,False,0.002225189141076944
2020-02-01,True,375,133784.0,0,0,0,True,False,-0.0013926238955052073
2020-02-03,True,375,824182.0,0,0,0,True,False,-0.007151095732410573
2020-02-04,True,375,865005.0,0,0,0,True,False,0.009004739336492928
2020-02-05,True,375,370777.0,0,0,0,True,False,0.0014441629773433995
2020-02-06,True,375,336165.0,0,0,0,True,False,-0.0011641443538998875
2020-02-07,True,375,322015.0,0,0,0,True,False,0.004697040864255486
2020-02-10,True,375,293422.0,0,0,0,True,False,0.0013564078578109928
2020-02-11,True,375,305162.0,0,0,0,True,False,0.004598021457433488
2020-02-12,True,375,213727.0,0,0,0,True,False,-0.0007432526594508548
2020-02-13,True,375,319718.0,0,0,0,True,False,-6.902581565504384e-05
2020-02-14,True,375,452393.0,0,0,0,True,False,-0.001369237790962985
2020-02-17,True,375,422723.0,0,0,0,True,False,0.006390288593678406
2020-02-18,True,375,229831.0,0,0,0,True,False,-0.0009536568197817674
2020-02-19,True,375,245002.0,0,0,0,True,False,0.00033860045146716367
2020-02-20,True,375,388452.0,0,0,0,True,False,0.004739984503896899
2020-02-24,True,375,601864.0,0,0,0,True,False,-0.00046360686138158247
2020-02-25,True,375,332511.0,0,0,0,True,False,0.0016571969696970168
2020-02-26,True,375,351066.0,0,0,0,True,False,-0.004160887656033285
2020-02-27,True,375,478770.0,0,0,0,True,False,-0.000966069745523157
2020-02-28,True,375,678239.0,0,0,0,True,False,-0.013829279923700533
2020-03-02,True,375,675384.0,0,0,0,True,False,0.01243781094527363
2020-03-03,True,375,421816.0,0,0,0,True,False,0.008638338243371457
2020-03-04,True,375,497959.0,0,0,0,True,False,0.007349338559529572
2020-03-05,True,375,645856.0,0,0,0,True,False,-0.000527122867548524
2020-03-06,True,375,514097.0,0,0,0,True,False,-0.015485687470671028
2020-03-09,True,375,592114.0,0,0,0,True,False,-0.019098042923324288
2020-03-11,True,375,1215354.0,0,0,0,True,False,-0.0242301867743564
2020-03-12,True,375,807971.0,0,0,0,True,False,-0.025588536335721557
2020-03-13,False,316,,0,0,0,False,False,-0.04746049661399543
2020-03-16,True,375,1144601.0,0,0,0,True,False,-0.0357142857142857
2020-03-17,True,375,840977.0,0,0,0,True,False,0.027010982487384982
2020-03-18,True,375,1832280.0,0,0,0,True,False,0.026193390452876386
2020-03-19,True,375,957729.0,0,0,0,True,False,-0.06562827617193345
2020-03-20,False,376,554979.0,0,0,1,False,False,-0.003667481662591676
2020-03-23,False,317,883836.0,0,0,0,False,False,-0.09646113946289636
2020-03-24,True,375,877702.0,0,0,0,True,False,0.013519313304720892
2020-03-25,True,375,370575.0,0,0,0,True,False,2.9412629783287514e-05
2020-03-26,True,375,647824.0,0,0,0,True,False,0.05750577367205545
2020-03-27,True,375,466861.0,0,0,0,True,False,0.016788178440738433
2020-03-30,True,375,840977.0,0,0,0,True,False,-0.045405405405405386
2020-03-31,True,375,415238.0,0,0,0,True,False,0.03126227760004485
2020-04-01,True,375,773329.0,0,0,0,True,False,0.0037932930181419078
2020-04-03,True,375,1523866.0,0,0,0,True,False,0.015169194865811031
2020-04-07,True,375,766898.0,0,0,0,True,False,0.03198551599275801
2020-04-08,True,375,1186442.0,0,0,0,True,False,-0.0033128521675113154
2020-04-09,False,374,791146.0,0,0,0,False,False,0.02365497076023404
2020-04-13,True,375,382930.0,0,0,0,True,False,0.0
2020-04-15,True,375,926603.0,0,0,0,True,False,0.013283378746594021
2020-04-16,True,375,918199.0,0,0,0,True,False,-0.015005760368663523
2020-04-17,True,375,3205051.0,0,0,0,True,False,0.046329128640353545
2020-04-20,False,373,596048.0,0,0,0,False,False,0.011049723756906049
2020-04-21,True,375,727150.0,0,0,0,True,False,-0.027923115052046033
2020-04-22,True,375,539329.0,0,0,0,True,False,-5.7545676880987884e-05
2020-04-23,True,375,846727.0,0,0,0,True,False,0.003948110547095318
2020-04-24,True,375,611093.0,0,0,0,True,False,-0.014086770219603584
2020-04-27,True,375,596139.0,0,0,0,True,False,0.0060672614962251625
2020-04-28,True,375,524066.0,0,0,0,True,False,0.01690294438386042
2020-04-29,True,375,471401.0,0,0,0,True,False,0.004825737265415464
2020-04-30,True,375,980351.0,0,0,0,True,False,0.040462427745664664
2020-05-04,True,375,898602.0,0,0,0,True,False,-0.026347068145800345
2020-05-05,True,375,452668.0,0,0,0,True,False,0.012742812742812637
2020-05-06,True,375,510402.0,0,0,0,True,False,0.0036476523088861956
2020-05-07,True,375,495276.0,0,0,0,True,False,0.0005238344683080598
2020-05-08,True,375,498170.0,0,0,0,True,False,0.022759039004193182
2020-05-11,True,375,451981.0,0,0,0,True,False,0.00632577754348973
2020-05-12,True,375,431178.0,0,0,0,True,False,-0.0013429752066115297
2020-05-13,True,375,731371.0,0,0,0,True,False,0.02361396303901442
2020-05-14,True,375,430665.0,0,0,0,True,False,-0.017742350218565184
2020-05-15,True,375,534155.0,0,0,0,True,False,0.007360672975814886
2020-05-18,True,375,352904.0,0,0,0,True,False,0.0021019442984759884
2020-05-19,True,375,1011860.0,0,0,0,True,False,-0.01909744594211482
2020-05-20,True,375,499891.0,0,0,0,True,False,0.0009753092757045501
2020-05-21,True,375,338969.0,0,0,0,True,False,-0.00317590410818569
2020-05-22,True,375,402080.0,0,0,0,True,False,-0.006532335058539784
2020-05-26,True,375,758131.0,0,0,0,True,False,-7.443614619262462e-05
2020-05-27,True,375,569616.0,0,0,0,True,False,0.004898817615224704
2020-05-28,True,375,591154.0,0,0,0,True,False,-0.009711155378486103
2020-05-29,True,375,430175.0,0,0,0,True,False,-0.012087227414330215
2020-06-01,True,375,544236.0,0,0,0,True,False,0.005050505050504972
2020-06-02,True,375,588571.0,0,0,0,True,False,0.010893032384690748
2020-06-03,True,375,776872.0,0,0,0,True,False,0.0013664869085672215
2020-06-04,True,375,644274.0,0,0,0,True,False,-0.0006103515625
2020-06-05,True,375,758961.0,0,0,0,True,False,-0.0015990835103462109
2020-06-08,True,375,513022.0,0,0,0,True,False,0.012841756420878259
2020-06-09,True,375,581631.0,0,0,0,True,False,-0.0028998115122517154
2020-06-10,True,375,539446.0,0,0,0,True,False,0.0009879518072291038
2020-06-11,True,375,498117.0,0,0,0,True,False,-0.004267425320056861
2020-06-12,True,375,582957.0,0,0,0,True,False,-0.02746615087040616
2020-06-15,True,375,503901.0,0,0,0,True,False,0.0007361601884570135
2020-06-16,True,375,317100.0,0,0,0,True,False,0.014143993713780612
2020-06-17,True,375,313835.0,0,0,0,True,False,0.0020570085218925005
2020-06-18,True,375,235093.0,0,0,0,True,False,-0.0003666137113528256
2020-06-19,True,375,489736.0,0,0,0,True,False,0.0028484431784696618
2020-06-22,True,375,470877.0,0,0,0,True,False,0.0031071856726934133
2020-06-23,True,375,638992.0,0,0,0,True,False,-0.002460629921259838
2020-06-24,True,375,404404.0,0,0,0,True,False,-0.0024521824423736627
2020-06-25,True,375,295664.0,0,0,0,True,False,-0.0029885845867424488
2020-06-26,True,375,636041.0,0,0,0,True,False,0.004763322417385973
2020-06-29,True,375,733617.0,0,0,0,True,False,-0.0034039334341905425
2020-06-30,True,375,483310.0,0,0,0,True,False,-0.001640162590030525
2020-07-01,True,375,502361.0,0,0,0,True,False,-0.00256588571017502
2020-07-02,True,375,242357.0,0,0,0,True,False,0.0009523809523810378
2020-07-03,True,375,528276.0,0,0,0,True,False,0.0021537748957851655
2020-07-06,True,375,724840.0,0,0,0,True,False,0.004555808656036442
2020-07-07,True,375,1293487.0,0,0,0,True,False,0.006191950464396356
2020-07-08,True,375,497601.0,0,0,0,True,False,4.4054804176463236e-05
2020-07-09,True,375,778316.0,0,0,0,True,False,0.0045065344749888325
2020-07-10,True,375,2457104.0,0,0,0,True,False,-0.0032768361581920757
2020-07-13,True,375,628439.0,0,0,0,True,False,-0.0004952501013011368
2020-07-14,True,375,516045.0,0,0,0,True,False,-0.005512431094611303
2020-07-15,True,375,775624.0,0,0,0,True,False,0.0045977011494253706
2020-07-16,True,375,3193552.0,0,0,0,True,False,0.0032188841201716833
2020-07-17,True,375,731338.0,0,0,0,True,False,0.0017913121361397
2020-07-20,True,375,632289.0,0,0,0,True,False,-0.002718622564567341
2020-07-21,True,375,502673.0,0,0,0,True,False,0.0072267389340558985
2020-07-22,True,375,352100.0,0,0,0,True,False,0.0010769092703939442
2020-07-23,True,375,359629.0,0,0,0,True,False,0.0004337899543378487
2020-07-24,True,375,678248.0,0,0,0,True,False,-0.00906080397387532
2020-07-27,True,375,776708.0,0,0,0,True,False,0.002871965906985352
2020-07-28,True,375,954258.0,0,0,0,True,False,0.0045351473922903285
2020-07-29,True,375,1644320.0,0,0,0,True,False,-0.007878105791706225
2020-07-30,True,375,1331404.0,0,0,0,True,False,0.003027643703378713
2020-07-31,True,375,1042903.0,0,0,0,True,False,0.009710653222271048
2020-08-03,True,375,677059.0,0,0,0,True,False,-0.00024006983849855779
2020-08-04,True,375,516649.0,0,0,0,True,False,0.004868830591373774
2020-08-05,True,375,524574.0,0,0,0,True,False,0.004466765928131888
2020-08-06,True,375,1080001.0,0,0,0,True,False,0.007975188303057212
2020-08-07,True,375,710546.0,0,0,0,True,False,-0.0008009178085156554
2020-08-10,True,375,338221.0,0,0,0,True,False,0.010021786492374618
2020-08-11,True,375,535248.0,0,0,0,True,False,2.1901487111009033e-05
2020-08-12,True,375,1146607.0,0,0,0,True,False,0.002562979189485226
2020-08-13,True,375,648094.0,0,0,0,True,False,0.004862953138815129
2020-08-14,True,375,483623.0,0,0,0,True,False,0.007522123893805244
2020-08-17,True,375,319394.0,0,0,0,True,False,0.008534438576553782
2020-08-18,True,375,451901.0,0,0,0,True,False,0.0012389380530974936
2020-08-19,True,375,500178.0,0,0,0,True,False,0.002885716803242566
2020-08-20,True,375,762205.0,0,0,0,True,False,-0.0013053386136860912
2020-08-21,True,375,410388.0,0,0,0,True,False,0.004891062694530879
2020-08-24,True,375,390790.0,0,0,0,True,False,0.0003778197577508635
2020-08-25,True,375,324258.0,0,0,0,True,False,-0.0026211737527211953
2020-08-26,True,375,262500.0,0,0,0,True,False,0.0
2020-08-27,True,375,597421.0,0,0,0,True,False,0.004432624113475114
2020-08-28,True,375,606081.0,0,0,0,True,False,0.009029847426715865
2020-08-31,True,375,452635.0,0,0,0,True,False,0.0007818608287724071
2020-09-01,True,375,521656.0,0,0,0,True,False,0.010262917696297835
2020-09-02,True,375,267758.0,0,0,0,True,False,-0.0013333333333332975
2020-09-03,True,375,762657.0,0,0,0,True,False,0.0018774157923799883
2020-09-04,True,375,943910.0,0,0,0,True,False,-0.010869565217391353
2020-09-07,True,375,355684.0,0,0,0,True,False,-0.0047826086956521685
2020-09-08,True,375,1177877.0,0,0,0,True,False,0.002553648068669423
2020-09-09,True,375,854148.0,0,0,0,True,False,-0.0075977462864949
2020-09-10,True,375,484737.0,0,0,0,True,False,0.005598621877691556
2020-09-11,True,375,378819.0,0,0,0,True,False,0.0007942982267827858
2020-09-14,True,375,962991.0,0,0,0,True,False,0.005822047842045208
2020-09-15,True,375,1647409.0,0,0,0,True,False,0.002575452716297777
2020-09-16,True,375,492657.0,0,0,0,True,False,-0.00020084757677396592
2020-09-17,True,375,1032042.0,0,0,0,True,False,-0.008792965627497984
2020-09-18,True,375,619141.0,0,0,0,True,False,0.007684353520812648
2020-09-21,True,375,967394.0,0,0,0,True,False,0.003051881993896277
2020-09-22,True,375,892146.0,0,0,0,True,False,0.006888168557536378
2020-09-23,True,375,1330410.0,0,0,0,True,False,-0.006727344677483149
2020-09-24,True,375,800657.0,0,0,0,True,False,-0.005278116118554554
2020-09-25,True,375,1807484.0,0,0,0,True,False,0.015437392795883298
2020-09-28,True,375,970645.0,0,0,0,True,False,0.009098428453267138
2020-09-29,True,375,1424286.0,0,0,0,True,False,0.0024083985179086387
2020-09-30,True,375,483690.0,0,0,0,True,False,0.0009047954157033189
2020-10-01,True,375,648056.0,0,0,0,True,False,0.010873942811115533
2020-10-05,True,375,3134537.0,0,0,0,True,False,0.032024264387285006
2020-10-06,True,375,1904585.0,0,0,0,True,False,0.00855204954290767
2020-10-07,True,375,3167453.0,0,0,0,True,False,0.008403361344537785
2020-10-08,True,375,6653423.0,0,0,0,True,False,0.017146178436501014
2020-10-09,True,375,2176318.0,0,0,0,True,False,-0.002874276995138536
2020-10-12,True,375,866246.0,0,0,0,True,False,0.001957295373665513
2020-10-13,True,375,867183.0,0,0,0,True,False,0.00601131541725608
2020-10-14,True,375,795620.0,0,0,0,True,False,0.004062886415827638
2020-10-15,True,375,1450287.0,0,0,0,True,False,0.000355871886120962
2020-10-16,True,375,1032839.0,0,0,0,True,False,0.004878048780487809
2020-10-19,True,375,602859.0,0,0,0,True,False,0.006166122597025758
2020-10-20,True,375,736125.0,0,0,0,True,False,0.0036832412523020164
2020-10-21,True,375,612210.0,0,0,0,True,False,-0.00036496350364967345
2020-10-22,True,375,760217.0,0,0,0,True,False,-0.006162464985994376
2020-10-23,True,375,643787.0,0,0,0,True,False,0.005612092187967654
2020-10-26,True,375,366547.0,0,0,0,True,False,0.000948872516186583
2020-10-27,True,375,490711.0,0,0,0,True,False,0.0036245353159851668
2020-10-28,True,375,707717.0,0,0,0,True,False,0.005902560306705551
2020-10-29,True,375,468441.0,0,0,0,True,False,-0.0034580921266311737
2020-10-30,True,375,549117.0,0,0,0,True,False,0.0015196990995782755
2020-11-02,True,375,548987.0,0,0,0,True,False,-0.0005635919594213501
2020-11-03,False,374,438190.0,0,0,0,False,False,-0.0015337423312883347
2020-11-04,True,375,1784589.0,0,0,0,True,False,-0.007227082540890106
2020-11-05,True,375,505913.0,0,0,0,True,False,0.010918674698795261
2020-11-06,True,375,576122.0,0,0,0,True,False,0.0040922619047618625
2020-11-09,True,375,964413.0,0,0,0,True,False,0.007414238288454333
2020-11-10,True,375,1218202.0,0,0,0,True,False,-0.010328948575412333
2020-11-11,True,375,616485.0,0,0,0,True,False,0.005256217030896737
2020-11-12,True,375,574201.0,0,0,0,True,False,-0.0005581395348837059
2020-11-13,True,375,675702.0,0,0,0,True,False,-0.007103467613795655
2020-11-14,False,60,,0,0,60,False,False,0.006369785794813954
2020-11-17,True,375,483058.0,0,0,0,True,False,0.008136163845506417
2020-11-18,True,375,432679.0,0,0,0,True,False,-9.394081728508752e-05
2020-11-19,True,375,1157943.0,0,0,0,True,False,0.004035942735302944
2020-11-20,True,375,511875.0,0,0,0,True,False,0.005586592178770999
2020-11-23,True,375,539745.0,0,0,0,True,False,0.012039127163280705
2020-11-24,True,375,698930.0,0,0,0,True,False,0.0026216885140710744
2020-11-25,True,375,468516.0,0,0,0,True,False,0.001100513573000672
2020-11-26,True,375,295060.0,0,0,0,True,False,-0.005148338827363985
2020-11-27,True,375,483709.0,0,0,0,True,False,-0.008067473414008042
2020-12-01,False,376,938839.0,0,0,1,False,False,0.0003734129947721154
2020-12-02,True,375,496351.0,0,0,0,True,False,-0.003664345914254352
2020-12-03,True,375,576260.0,0,0,0,True,False,0.009792500910083657
2020-12-04,True,375,332969.0,0,0,0,True,False,-7.377351530790666e-05
2020-12-07,True,375,378231.0,0,0,0,True,False,-0.0033039647577092213
2020-12-08,True,375,530776.0,0,0,0,True,False,-0.00036483035388545915
2020-12-09,True,375,1002875.0,0,0,0,True,False,0.006435466571326431
2020-12-10,True,375,509874.0,0,0,0,True,False,0.0021158940986112373
2020-12-11,True,375,325515.0,0,0,0,True,False,0.004171011470281538
2020-12-14,True,375,394040.0,0,0,0,True,False,0.007189072609633307
2020-12-15,True,375,321364.0,0,0,0,True,False,-0.0037725054084497556
2020-12-16,True,375,475635.0,0,0,0,True,False,0.005445105736355593
2020-12-17,True,375,352744.0,0,0,0,True,False,0.0003202732998826008
2020-12-18,True,375,1223199.0,0,0,0,True,False,0.0070224719101124045
2020-12-21,True,375,449221.0,0,0,0,True,False,0.003155680224403934
2020-12-22,True,375,584712.0,0,0,0,True,False,0.008540925266903976
2020-12-23,True,375,684797.0,0,0,0,True,False,0.0018811070663438123
2020-12-24,True,375,367445.0,0,0,0,True,False,0.0006363620728204733
2020-12-28,True,375,277033.0,0,0,0,True,False,0.0003609549837571002
2020-12-29,True,375,282074.0,0,0,0,True,False,-0.004126735104532542
2020-12-30,True,375,290189.0,0,0,0,True,False,0.0004773269689737347
2020-12-31,True,375,411243.0,0,0,0,True,False,-0.0034364261168384758
2021-01-01,False,376,420980.0,0,0,1,False,False,0.005340873389883871
2021-01-04,True,375,908035.0,0,0,0,True,False,0.006139154160982319
2021-01-05,True,375,2073007.0,0,0,0,True,False,-0.00013157894736848252
2021-01-06,True,375,594410.0,0,0,0,True,False,0.002587322121604174
2021-01-07,True,375,790591.0,0,0,0,True,False,0.006876227897838927
2021-01-08,True,375,1131922.0,0,0,0,True,False,0.013280865715691093
2021-01-11,True,375,3354451.0,0,0,0,True,False,0.03436128990937326
2021-01-12,True,375,1030931.0,0,0,0,True,False,0.002477434829262215
2021-01-13,False,376,567910.0,0,0,1,False,False,0.0015930850644332306
2021-01-14,False,376,956223.0,0,0,1,False,False,-0.0009499683343888732
2021-01-15,True,375,727597.0,0,0,0,True,False,-0.0028819332069597303
2021-01-18,True,375,725047.0,0,0,0,True,False,0.007751937984496138
2021-01-19,True,375,498183.0,0,0,0,True,False,0.00598988720342275
2021-01-20,True,375,987920.0,0,0,0,True,False,0.0003059039461608126
2021-01-21,True,375,688103.0,0,0,0,True,False,0.0
2021-01-22,True,375,487886.0,0,0,0,True,False,-0.009819642338999124
2021-01-25,True,375,405694.0,0,0,0,True,False,0.00508778324524628
2021-01-27,True,375,596761.0,0,0,0,True,False,0.001502253380070151
2021-01-28,True,375,572866.0,0,0,0,True,False,-0.010401507376032071
2021-01-29,True,375,666501.0,0,0,0,True,False,0.002216706473719743
2021-02-01,False,376,397217.0,0,0,1,False,False,-0.007650693043951495
2021-02-02,True,375,686468.0,0,0,0,True,False,0.007619047619047636
2021-02-03,True,375,645311.0,0,0,0,True,False,0.005633802816901401
2021-02-04,True,375,466775.0,0,0,0,True,False,0.005015624999999968
2021-02-05,True,375,452913.0,0,0,0,True,False,0.004222257102495686
2021-02-08,True,375,294821.0,0,0,0,True,False,0.009016134134767428
2021-02-09,True,375,626085.0,0,0,0,True,False,-0.00745573159366264
2021-02-10,True,375,367027.0,0,0,0,True,False,0.002076516486282376
2021-02-11,True,375,208486.0,0,0,0,True,False,-0.00015549681231530332
2021-02-12,True,375,917269.0,0,0,0,True,False,-0.0063348416289593645
2021-02-15,True,375,312476.0,0,0,0,True,False,0.00650827256331854
2021-02-16,True,375,520046.0,0,0,0,True,False,0.0006353240152476847
2021-02-17,True,375,1124977.0,0,0,0,True,False,-0.0025377449405717956
2021-02-18,False,376,752492.0,0,0,1,False,False,-0.0026844545676401044
2021-02-19,True,375,561967.0,0,0,0,True,False,0.0009819967266775365
2021-02-22,True,375,595466.0,0,0,0,True,False,0.005847953216374213
2021-02-23,True,375,679173.0,0,0,0,True,False,0.004906107257655279
2021-02-24,False,225,1331043.0,0,0,76,False,False,-0.0043884626980670305
2021-02-25,True,375,873038.0,0,0,0,True,False,0.009213227683797953
2021-02-26,True,375,659809.0,0,0,0,True,False,-0.008042895442359255
2021-03-01,True,375,758611.0,0,0,0,True,False,0.008600334361696493
2021-03-02,True,375,671105.0,0,0,0,True,False,0.008517887563884052
2021-03-03,True,375,601525.0,0,0,0,True,False,0.005632869449966771
2021-03-04,True,375,737676.0,0,0,0,True,False,-0.009826400262037294
2021-03-05,True,375,552673.0,0,0,0,True,False,-0.008677074774034566
2021-03-08,True,375,376420.0,0,0,0,True,False,-0.002975206611570247
2021-03-09,True,375,245053.0,0,0,0,True,False,-0.0005816465583142749
2021-03-10,True,375,407053.0,0,0,0,True,False,0.004737787943146499
2021-03-12,True,375,751823.0,0,0,0,True,False,0.0016286644951140072
2021-03-15,True,375,475802.0,0,0,0,True,False,-0.004289316001440668
2021-03-16,True,375,629705.0,0,0,0,True,False,-0.0006694861285740927
2021-03-17,True,375,814035.0,0,0,0,True,False,-0.0003219575016097931
2021-03-18,True,375,635636.0,0,0,0,True,False,0.004724789071916424
2021-03-19,True,375,487880.0,0,0,0,True,False,-0.0039447731755424265
2021-03-22,True,375,489001.0,0,0,0,True,False,-0.0019968574047402043
2021-03-23,True,375,738487.0,0,0,0,True,False,0.0038363171355497716
2021-03-24,True,375,419792.0,0,0,0,True,False,-0.009802673456397293
2021-03-25,True,375,492989.0,0,0,0,True,False,-0.0040960000000000996
2021-03-26,True,375,545057.0,0,0,0,True,False,0.005252886648235533
2021-03-30,True,375,668595.0,0,0,0,True,False,0.005872756933115841
2021-03-31,True,375,530815.0,0,0,0,True,False,-0.00259231158320683
2021-04-01,True,375,902423.0,0,0,0,True,False,0.005070866141732244
2021-04-05,True,375,850088.0,0,0,0,True,False,0.00126302494474273
2021-04-06,True,375,632880.0,0,0,0,True,False,0.009244992295839749
2021-04-07,True,375,341291.0,0,0,0,True,False,-0.0022960355120159592
2021-04-08,True,375,601276.0,0,0,0,True,False,-0.0003057169061448928
2021-04-09,True,375,605608.0,0,0,0,True,False,0.012070006035002967
2021-04-12,True,375,814646.0,0,0,0,True,False,-0.0008270676691729539
2021-04-13,True,375,2206949.0,0,0,0,True,False,-0.010772545398584188
2021-04-15,True,375,968953.0,0,0,0,True,False,0.012916666666666687
2021-04-16,True,375,604634.0,0,0,0,True,False,0.0006197706848465323
2021-04-19,True,375,556117.0,0,0,0,True,False,-0.005367063180691134
2021-04-20,True,375,657362.0,0,0,0,True,False,0.020844214424766028
2021-04-22,True,375,442494.0,0,0,0,True,False,0.002547770700636942
2021-04-23,True,375,332266.0,0,0,0,True,False,-0.005142500120151938
2021-04-26,True,375,646525.0,0,0,0,True,False,-0.003197300771208167
2021-04-27,True,375,375779.0,0,0,0,True,False,0.00154778795305055
2021-04-28,True,375,225344.0,0,0,0,True,False,0.005490383848056668
2021-04-29,True,375,321136.0,0,0,0,True,False,0.00723663144412412
2021-04-30,True,375,244565.0,0,0,0,True,False,-0.00496074748350428
2021-05-03,True,375,416329.0,0,0,0,True,False,-0.005130735076467663
2021-05-04,True,375,306921.0,0,0,0,True,False,0.008827404479578416
2021-05-05,True,375,235034.0,0,0,0,True,False,0.0056177014920484325
2021-05-06,False,374,,0,0,0,False,False,0.0024209167204647386
2021-05-07,True,375,400345.0,0,0,0,True,False,0.005487981000673825
2021-05-10,True,375,419788.0,0,0,0,True,False,0.004774832321941869
2021-05-11,True,375,323339.0,0,0,0,True,False,-0.00699078487448368
2021-05-12,True,375,267020.0,0,0,0,True,False,-0.00032041012495998
2021-05-14,True,375,436961.0,0,0,0,True,False,0.004115626417784624
2021-05-17,True,375,307524.0,0,0,0,True,False,0.000982961992136211
2021-05-18,True,375,419220.0,0,0,0,True,False,0.008868277601496999
2021-05-19,True,375,305879.0,0,0,0,True,False,-0.0014408522074178531
2021-05-20,True,375,624046.0,0,0,0,True,False,-0.005770041168271289
2021-05-21,True,375,299025.0,0,0,0,True,False,0.00011435479391619374
2021-05-24,True,375,280233.0,0,0,0,True,False,0.0003246226261970353
2021-05-25,True,375,199521.0,0,0,0,True,False,0.0031144562678431242
2021-05-26,True,375,213634.0,0,0,0,True,False,0.0006414368184732844
2021-05-27,True,375,704664.0,0,0,0,True,False,0.0010922906442931701
2021-05-28,True,375,306752.0,0,0,0,True,False,-0.002969678024382638
2021-05-31,True,375,282339.0,0,0,0,True,False,-0.0006345177664974777
2021-06-01,True,375,202733.0,0,0,0,True,False,0.0016121384542437944
2021-06-02,True,375,504192.0,0,0,0,True,False,-0.0009670566600082919
2021-06-03,True,375,249502.0,0,0,0,True,False,0.006236044657097262
2021-06-04,True,375,397969.0,0,0,0,True,False,-0.005373779770421971
2021-06-07,True,375,348981.0,0,0,0,True,False,0.0020710530508205593
2021-06-08,True,375,441837.0,0,0,0,True,False,0.003451521807342317
2021-06-09,True,375,290457.0,0,0,0,True,False,0.0
2021-06-10,True,375,253890.0,0,0,0,True,False,0.0032190517861050427
2021-06-11,True,375,182065.0,0,0,0,True,False,-0.0013837064676616162
2021-06-14,True,375,397537.0,0,0,0,True,False,-0.0008684126331185427
2021-06-15,True,375,242325.0,0,0,0,True,False,0.006131974739924884
2021-06-16,True,375,163110.0,0,0,0,True,False,0.0003373198405396405
2021-06-17,True,375,234455.0,0,0,0,True,False,-0.0012845215157353262
2021-06-18,True,375,512374.0,0,0,0,True,False,0.006729758149316645
2021-06-21,True,375,263262.0,0,0,0,True,False,-0.01150469270360277
2021-06-22,True,375,375122.0,0,0,0,True,False,0.009471432936144275
2021-06-23,True,375,187292.0,0,0,0,True,False,0.0072617246596067275
2021-06-24,True,375,545564.0,0,0,0,True,False,0.006127450980392135
2021-06-25,True,375,598551.0,0,0,0,True,False,0.0015578635014836806
2021-06-28,True,375,299029.0,0,0,0,True,False,0.006021594684385345
2021-06-29,True,375,189173.0,0,0,0,True,False,0.0
2021-06-30,True,375,235499.0,0,0,0,True,False,0.003223146690652934
2021-07-01,True,375,237512.0,0,0,0,True,False,0.002088928678006585
2021-07-02,True,375,364899.0,0,0,0,True,False,-0.0020970641102456833
2021-07-05,True,375,348685.0,0,0,0,True,False,0.0045387598064263734
2021-07-06,True,375,256709.0,0,0,0,True,False,-0.004507211538461564
2021-07-07,True,375,427298.0,0,0,0,True,False,0.0004123837306981848
2021-07-08,True,375,503696.0,0,0,0,True,False,0.0073150990363617385
2021-07-09,True,375,1926887.0,0,0,0,True,False,-0.0009222256378726978
2021-07-12,True,375,357290.0,0,0,0,True,False,0.0072233638458185645
2021-07-13,True,375,322813.0,0,0,0,True,False,0.0046889653016568555
2021-07-14,True,375,257492.0,0,0,0,True,False,-0.0010656970912737984
2021-07-15,True,375,372399.0,0,0,0,True,False,0.0041065206570432
2021-07-16,True,375,154272.0,0,0,0,True,False,0.003435352904434641
2021-07-19,True,375,216685.0,0,0,0,True,False,-0.0046948356807511304
2021-07-20,True,375,181803.0,0,0,0,True,False,-9.419448020353549e-05
2021-07-22,True,375,484063.0,0,0,0,True,False,-0.0035298160122451128
2021-07-23,True,375,394916.0,0,0,0,True,False,0.004759386567953605
2021-07-26,True,375,177900.0,0,0,0,True,False,-0.0031152647975077885
2021-07-27,True,375,103043.0,0,0,0,True,False,-0.00010936303841768691
2021-07-28,True,375,264737.0,0,0,0,True,False,1.5684060289622437e-05
2021-07-29,True,375,284293.0,0,0,0,True,False,0.00010937841807545645
2021-07-30,True,375,286066.0,0,0,0,True,False,0.007827175954915555
2021-08-02,True,375,224205.0,0,0,0,True,False,0.004310957411530758
2021-08-03,True,375,544779.0,0,0,0,True,False,0.002795031055900621
2021-08-04,True,375,701232.0,0,0,0,True,False,0.006419738025892574
2021-08-05,True,375,493320.0,0,0,0,True,False,0.0
2021-08-06,True,375,157178.0,0,0,0,True,False,-0.002924912024130477
2021-08-09,True,375,235352.0,0,0,0,True,False,0.0036232978048853504
2021-08-10,True,375,178363.0,0,0,0,True,False,-0.001626016260162677
2021-08-11,True,375,197982.0,0,0,0,True,False,0.005492691418795159
2021-08-12,True,375,114875.0,0,0,0,True,False,-0.006274275470570689
2021-08-13,True,375,271061.0,0,0,0,True,False,0.003523492437928377
2021-08-16,True,375,482994.0,0,0,0,True,False,0.0011429232794664124
2021-08-17,True,375,500132.0,0,0,0,True,False,0.005007576304206562
2021-08-18,True,375,564655.0,0,0,0,True,False,0.008992094861659972
2021-08-20,True,375,515323.0,0,0,0,True,False,-0.015113208607225204
2021-08-23,True,375,586153.0,0,0,0,True,False,0.007996395990539584
2021-08-24,True,375,482893.0,0,0,0,True,False,0.005499037668408091
2021-08-25,True,375,164126.0,0,0,0,True,False,-0.0013969378016902567
2021-08-26,True,375,255696.0,0,0,0,True,False,-0.0013642564802183177
2021-08-27,True,375,588883.0,0,0,0,True,False,0.0016393442622950616
2021-08-30,True,375,281464.0,0,0,0,True,False,-0.0005380683346785098
2021-08-31,True,375,223094.0,0,0,0,True,False,0.00010784578053391058
2021-09-01,True,375,616857.0,0,0,0,True,False,-0.0005002764685747563
2021-09-02,True,375,441954.0,0,0,0,True,False,0.004303388918773576
2021-09-03,True,375,261857.0,0,0,0,True,False,-0.0007575955484731001
2021-09-06,True,375,251888.0,0,0,0,True,False,0.0038331160365057126
2021-09-07,True,375,277630.0,0,0,0,True,False,0.004184100418409997
2021-09-08,True,375,2621897.0,0,0,0,True,False,-0.0036220040012029386
2021-09-09,True,375,231465.0,0,0,0,True,False,0.003628177966101598
2021-09-13,True,375,354022.0,0,0,0,True,False,-0.006854732401792796
2021-09-14,True,375,331472.0,0,0,0,True,False,0.0021996615905244266
2021-09-15,True,375,218323.0,0,0,0,True,False,0.0002318870452437949
2021-09-16,True,375,1507537.0,0,0,0,True,False,-0.005063291139240533
2021-09-17,True,375,229695.0,0,0,0,True,False,0.004329891624606175
2021-09-20,True,375,408630.0,0,0,0,True,False,-0.004586376762357736
2021-09-21,True,375,257111.0,0,0,0,True,False,0.009934424942081854
2021-09-22,True,375,276146.0,0,0,0,True,False,0.00014241510117951606
2021-09-23,True,375,361016.0,0,0,0,True,False,0.0034355351007973045
2021-09-24,True,375,770824.0,0,0,0,True,False,0.004648760330578483
2021-09-27,True,375,223238.0,0,0,0,True,False,0.005478569126651678
2021-09-28,True,375,324884.0,0,0,0,True,False,0.002865329512893977
2021-09-29,True,375,380860.0,0,0,0,True,False,-0.004567056300551986
2021-09-30,True,375,249143.0,0,0,0,True,False,0.0037459111533184597
2021-10-01,True,375,327630.0,0,0,0,True,False,0.0008071559001774364
2021-10-04,True,375,222052.0,0,0,0,True,False,-0.0010325452911911226
2021-10-05,True,375,234765.0,0,0,0,True,False,-0.006615506747816857
2021-10-06,True,375,359624.0,0,0,0,True,False,-0.0007944673812532166
2021-10-07,True,375,236013.0,0,0,0,True,False,0.0042477319209186515
2021-10-08,True,375,533673.0,0,0,0,True,False,0.0069266290405336495
2021-10-11,True,375,4576315.0,0,0,0,True,False,-0.04767943190464119
2021-10-12,True,375,1055775.0,0,0,0,True,False,0.004894317981534613
2021-10-13,True,375,599829.0,0,0,0,True,False,-0.002186987424822262
2021-10-14,True,375,1757624.0,0,0,0,True,False,-0.009034868304151122
2021-10-18,True,375,780426.0,0,0,0,True,False,-0.002919203099059242
2021-10-19,True,375,651984.0,0,0,0,True,False,0.005343197698314928
2021-10-20,True,375,709819.0,0,0,0,True,False,-0.006313704452605928
2021-10-21,True,375,847240.0,0,0,0,True,False,-0.0010670879585359394
2021-10-22,True,375,328238.0,0,0,0,True,False,0.0076564910344048
2021-10-25,True,375,456280.0,0,0,0,True,False,0.0003283978468524573
2021-10-26,True,375,764851.0,0,0,0,True,False,0.0010025780578630794
2021-10-27,True,375,358811.0,0,0,0,True,False,-0.0008462542492002623
2021-10-28,True,375,280631.0,0,0,0,True,False,0.008470810818558494
2021-10-29,True,375,796244.0,0,0,0,True,False,-0.006414377556984152
2021-11-01,False,374,345567.0,0,0,0,False,False,0.009973560517038793
2021-11-02,True,375,657255.0,0,0,0,True,False,0.0033454420147314146
2021-11-03,True,375,200894.0,0,0,0,True,False,0.005797933409873668
2021-11-04,False,60,,0,0,60,False,False,0.007138659136193493
2021-11-08,True,375,416433.0,0,0,0,True,False,0.01121513972610555
2021-11-09,True,375,294220.0,0,0,0,True,False,0.0005704506560182399
2021-11-10,True,375,248420.0,0,0,0,True,False,-0.0014273479874393757
2021-11-11,True,375,209758.0,0,0,0,True,False,-0.00129143349117522
2021-11-12,True,375,212993.0,0,0,0,True,False,0.0007992692395524248
2021-11-15,True,375,260686.0,0,0,0,True,False,0.0011350737797957144
2021-11-16,True,375,283891.0,0,0,0,True,False,0.0053521126760562865
2021-11-17,True,375,326252.0,0,0,0,True,False,0.0007328072153325316
2021-11-18,True,375,204376.0,0,0,0,True,False,-0.0016047489206998389
2021-11-22,True,375,446243.0,0,0,0,True,False,0.0018577456472588239
2021-11-23,True,375,225998.0,0,0,0,True,False,-0.00541320822807656
2021-11-24,True,375,365662.0,0,0,0,True,False,5.760368663598747e-05
2021-11-25,True,375,306761.0,0,0,0,True,False,0.003467365967366076
2021-11-26,True,375,180830.0,0,0,0,True,False,-0.007246376811594235
2021-11-29,True,375,571522.0,0,0,0,True,False,0.0020784883720930125
2021-11-30,True,375,775452.0,0,0,0,True,False,-0.0031410622501427676
2021-12-01,True,375,474691.0,0,0,0,True,False,0.0
2021-12-02,True,375,453948.0,0,0,0,True,False,0.0028499580888516896
2021-12-03,True,375,393482.0,0,0,0,True,False,0.0025982952983227836
2021-12-06,True,375,456351.0,0,0,0,True,False,-0.00015105740181275973
2021-12-07,True,375,201257.0,0,0,0,True,False,0.008121568849397187
2021-12-08,True,375,338250.0,0,0,0,True,False,0.0030640668523675973
2021-12-09,True,375,356877.0,0,0,0,True,False,-0.003863134657836609
2021-12-10,True,375,383480.0,0,0,0,True,False,-0.004166666666666652
2021-12-13,True,375,228875.0,0,0,0,True,False,0.005509641873278293
2021-12-14,True,375,224601.0,0,0,0,True,False,-0.003262552532625529
2021-12-15,True,375,222977.0,0,0,0,True,False,1.3812345474484289e-05
2021-12-16,True,375,414262.0,0,0,0,True,False,0.003080369644357317
2021-12-17,True,375,1139784.0,0,0,0,True,False,0.004881450488145145
2021-12-20,False,371,,0,0,0,False,False,0.0028220961748022244
2021-12-21,True,375,323983.0,0,0,0,True,False,0.0065602787064871215
2021-12-22,True,375,188120.0,0,0,0,True,False,0.003600110772639109
2021-12-23,True,375,235189.0,0,0,0,True,False,0.0049586776859504855
2021-12-24,True,375,515061.0,0,0,0,True,False,0.00665182412959453
2021-12-27,True,375,174225.0,0,0,0,True,False,0.0
2021-12-28,True,375,215675.0,0,0,0,True,False,0.0037878787878788955
2021-12-29,True,375,166518.0,0,0,0,True,False,-0.003965524218022876
2021-12-30,True,375,173559.0,0,0,0,True,False,-0.0028305975404951944
2021-12-31,True,375,209815.0,0,0,0,True,False,0.0018201284796575123
2022-01-03,True,375,585987.0,0,0,0,True,False,0.002673796791443861
2022-01-04,True,375,367512.0,0,0,0,True,False,0.004220183486238538
2022-01-05,True,375,409990.0,0,0,0,True,False,-0.0035321112743960104
2022-01-06,True,375,334229.0,0,0,0,True,False,-0.011410788381742698
2022-01-07,True,375,454109.0,0,0,0,True,False,0.0026378298927807187
2022-01-10,True,375,1595716.0,0,0,0,True,False,0.03086371763974194
2022-01-11,True,375,307737.0,0,0,0,True,False,-0.007106808116180807
2022-01-12,True,375,603211.0,0,0,0,True,False,0.002298263534218581
2022-01-13,True,375,2248224.0,0,0,0,True,False,0.015881247164063028
2022-01-14,True,375,472071.0,0,0,0,True,False,-0.005169317598768597
2022-01-17,True,375,691592.0,0,0,0,True,False,0.006757608613429333
2022-01-18,True,375,394696.0,0,0,0,True,False,0.0022236024844719537
2022-01-19,True,375,641960.0,0,0,0,True,False,0.004758327072376556
2022-01-20,True,375,524437.0,0,0,0,True,False,-0.002423778543181543
2022-01-21,True,375,782829.0,0,0,0,True,False,-0.006822065403128019
2022-01-24,True,375,365603.0,0,0,0,True,False,-0.0005205622071837723
2022-01-25,True,375,588852.0,0,0,0,True,False,0.00019900497512437276
2022-01-27,True,375,1065677.0,0,0,0,True,False,-0.00900422321974026
2022-01-28,True,375,715028.0,0,0,0,True,False,-0.001752272478370398
2022-01-31,True,375,464299.0,0,0,0,True,False,0.014600614335394502
2022-02-01,True,375,297105.0,0,0,0,True,False,0.006689007863923457
2022-02-02,True,375,346182.0,0,0,0,True,False,0.0060183968462550474
2022-02-03,True,375,426323.0,0,0,0,True,False,-0.003338595719350912
2022-02-04,True,375,502146.0,0,0,0,True,False,-0.0004977470397148354
2022-02-07,True,375,257584.0,0,0,0,True,False,-0.006811632171862758
2022-02-08,True,375,426584.0,0,0,0,True,False,0.002578137394891211
2022-02-09,True,375,385532.0,0,0,0,True,False,0.0032102728731941976
2022-02-10,True,375,331910.0,0,0,0,True,False,0.007550380177593574
2022-02-11,True,375,648265.0,0,0,0,True,False,-0.0035053243752820595
2022-02-14,True,375,1698574.0,0,0,0,True,False,0.00839425940969396
2022-02-15,True,375,869495.0,0,0,0,True,False,0.015244760870439578
2022-02-16,True,375,800809.0,0,0,0,True,False,0.0024644352010014803
2022-02-17,True,375,518809.0,0,0,0,True,False,0.003937007874015741
2022-02-18,True,375,578429.0,0,0,0,True,False,-0.003924574177094686
2022-02-21,True,375,1286421.0,0,0,0,True,False,0.002921898444286475
2022-02-22,True,375,1119189.0,0,0,0,True,False,-0.018540179351698716
2022-02-23,True,375,381241.0,0,0,0,True,False,0.005807556787320811
2022-02-24,True,375,825034.0,0,0,0,True,False,-0.027408382093563666
2022-02-25,True,375,512522.0,0,0,0,True,False,0.018262963180456726
2022-02-28,True,375,328200.0,0,0,0,True,False,-0.009367016747090506
2022-03-02,True,375,758909.0,0,0,0,True,False,0.000422416220782873
2022-03-03,True,375,360103.0,0,0,0,True,False,0.003902507748661632
2022-03-04,True,375,335499.0,0,0,0,True,False,-0.012256872452361733
2022-03-07,False,353,,0,0,0,False,False,-0.01932916429789655
2022-03-08,True,375,464915.0,0,0,0,True,False,-0.006061302461865425
2022-03-09,True,375,719949.0,0,0,0,True,False,0.0030606566499722376
2022-03-10,True,375,483901.0,0,0,0,True,False,0.01264431006047273
2022-03-11,True,375,234343.0,0,0,0,True,False,-0.004915701246875903
2022-03-14,True,375,316250.0,0,0,0,True,False,-0.006383569247848997
2022-03-15,True,375,1407457.0,0,0,0,True,False,0.0038408779149519123
2022-03-16,True,375,1630694.0,0,0,0,True,False,0.011812117843246206
2022-03-17,True,375,312006.0,0,0,0,True,False,0.009200360370198446
2022-03-21,True,375,323079.0,0,0,0,True,False,0.006919849615866669
2022-03-22,True,375,855730.0,0,0,0,True,False,0.005524861878453136
2022-03-23,True,375,266889.0,0,0,0,True,False,0.0008097165991902688
2022-03-24,True,375,375619.0,0,0,0,True,False,-0.0029641606036109325
2022-03-25,True,375,224639.0,0,0,0,True,False,0.0050521251002406675
2022-03-28,True,375,191764.0,0,0,0,True,False,-0.0040431266846361336
2022-03-29,True,375,489433.0,0,0,0,True,False,-0.0014189189189188767
2022-03-30,True,375,256367.0,0,0,0,True,False,0.009519951387482184
2022-03-31,True,375,386555.0,0,0,0,True,False,0.002680965147453085
2022-04-01,True,375,224961.0,0,0,0,True,False,0.0013759568243452147
2022-04-04,True,375,269316.0,0,0,0,True,False,0.001064395955295394
2022-04-05,True,375,538347.0,0,0,0,True,False,0.0
2022-04-06,True,375,412267.0,0,0,0,True,False,-0.0008393442622950387
2022-04-07,True,375,359396.0,0,0,0,True,False,-0.0017324093816630803
2022-04-08,True,375,406341.0,0,0,0,True,False,0.0019142263674500892
2022-04-11,True,375,476689.0,0,0,0,True,False,-1.3549951897728896e-05
2022-04-12,True,375,1302424.0,0,0,0,True,False,-0.0034633908761296794
2022-04-13,True,375,247468.0,0,0,0,True,False,0.005506279328396646
2022-04-18,True,375,970734.0,0,0,0,True,False,-0.014737991266375539
2022-04-19,True,375,482061.0,0,0,0,True,False,0.005466338119919589
2022-04-20,True,375,393421.0,0,0,0,True,False,0.011560693641618602
2022-04-21,True,375,360084.0,0,0,0,True,False,0.006183249016301184
2022-04-22,True,375,329163.0,0,0,0,True,False,-0.011019055509527753
2022-04-25,True,375,279149.0,0,0,0,True,False,-0.015222806531967947
2022-04-26,True,375,274448.0,0,0,0,True,False,0.008021541150929012
2022-04-27,True,375,401245.0,0,0,0,True,False,0.0005643340857788282
2022-04-28,True,375,238714.0,0,0,0,True,False,0.00786516853932584
2022-04-29,True,375,289119.0,0,0,0,True,False,0.004748603351955261
2022-05-02,True,375,188041.0,0,0,0,True,False,-0.0079199549041713
2022-05-04,True,375,372367.0,0,0,0,True,False,-5.6517930313360054e-05
2022-05-05,True,375,191353.0,0,0,0,True,False,0.008354866494401314
2022-05-06,True,375,284820.0,0,0,0,True,False,-0.014178838617741385
2022-05-09,True,375,553602.0,0,0,0,True,False,-0.012496367335076974
2022-05-10,True,375,259880.0,0,0,0,True,False,-0.0032075006168270637
2022-05-11,True,375,192731.0,0,0,0,True,False,-0.0013083296990841209
2022-05-12,True,375,386786.0,0,0,0,True,False,-0.012930089853166793
2022-05-13,True,375,503587.0,0,0,0,True,False,0.005856515373352744
2022-05-16,True,375,179221.0,0,0,0,True,False,0.0020539906103287375
2022-05-17,True,375,271785.0,0,0,0,True,False,-0.004431314623338234
2022-05-18,True,375,225798.0,0,0,0,True,False,-0.0005047955577991425
2022-05-19,True,375,466870.0,0,0,0,True,False,-0.01678726483357451
2022-05-20,True,375,617521.0,0,0,0,True,False,0.011644610165347347
2022-05-23,True,375,362430.0,0,0,0,True,False,0.0020618556701030855
2022-05-24,True,375,254134.0,0,0,0,True,False,-0.0005878628922854068
2022-05-25,True,375,625024.0,0,0,0,True,False,0.0002885871381268501
2022-05-26,True,375,356023.0,0,0,0,True,False,0.008135218387173238
2022-05-27,True,375,1055354.0,0,0,0,True,False,0.007198253842938707
2022-05-30,True,375,400748.0,0,0,0,True,False,0.009275415556984079
2022-05-31,True,375,273493.0,0,0,0,True,False,-0.007647928994082842
2022-06-01,True,375,225035.0,0,0,0,True,False,0.0068350668647845225
2022-06-02,True,375,886905.0,0,0,0,True,False,-0.00029797377830753646
2022-06-03,True,375,376079.0,0,0,0,True,False,0.010043795620438
2022-06-06,True,375,160203.0,0,0,0,True,False,-0.0062509085622910465
2022-06-07,True,375,868270.0,0,0,0,True,False,-0.009292299625686229
2022-06-08,True,375,399186.0,0,0,0,True,False,0.0056977090151741905
2022-06-09,True,375,209420.0,0,0,0,True,False,-0.0015927324209532578
2022-06-10,True,375,209633.0,0,0,0,True,False,-0.015400739468397928
2022-06-13,True,375,404640.0,0,0,0,True,False,-0.019812304483837306
2022-06-14,True,375,586427.0,0,0,0,True,False,-0.010852713178294615
2022-06-15,True,375,210861.0,0,0,0,True,False,0.0010886469673405674
2022-06-16,True,375,281829.0,0,0,0,True,False,0.010920436817472678
2022-06-17,True,375,897078.0,0,0,0,True,False,-0.01685214626391096
2022-06-20,True,375,296652.0,0,0,0,True,False,-0.002900418949403849
2022-06-21,True,375,328256.0,0,0,0,True,False,-0.0015789725513962738
2022-06-22,True,375,764042.0,0,0,0,True,False,-0.0046967340590979845
2022-06-23,True,375,430837.0,0,0,0,True,False,-0.0006356589147287206
2022-06-24,True,375,411271.0,0,0,0,True,False,0.007863082751022654
2022-06-27,True,375,371039.0,0,0,0,True,False,0.01667652994643465
2022-06-28,True,375,180693.0,0,0,0,True,False,-0.004200605248498079
2022-06-29,True,375,341598.0,0,0,0,True,False,-0.014239433436299298
2022-06-30,True,375,354017.0,0,0,0,True,False,-0.004563431700638887
2022-07-01,True,375,212437.0,0,0,0,True,False,-0.001378465308623067
2022-07-04,True,375,233665.0,0,0,0,True,False,-0.005703992794956481
2022-07-05,True,375,314387.0,0,0,0,True,False,0.006244590082848944
2022-07-06,True,375,351340.0,0,0,0,True,False,0.000466272925085498
2022-07-07,True,375,390953.0,0,0,0,True,False,0.001837672281776337
2022-07-08,True,375,512181.0,0,0,0,True,False,0.0018214936247722413
2022-07-11,True,375,1908188.0,0,0,0,True,False,-0.018475432420021365
2022-07-12,True,375,926466.0,0,0,0,True,False,0.0009640412609659421
2022-07-13,True,375,440302.0,0,0,0,True,False,0.0063219322418544
2022-07-14,True,375,621364.0,0,0,0,True,False,0.004965635173797223
2022-07-15,True,375,959313.0,0,0,0,True,False,0.0055129913391074314
2022-07-18,True,375,613358.0,0,0,0,True,False,0.00933206457321245
2022-07-19,True,375,264912.0,0,0,0,True,False,-0.011693140676473424
2022-07-20,True,375,713750.0,0,0,0,True,False,0.010995445673389836
2022-07-21,True,375,306627.0,0,0,0,True,False,0.0022151898734177333
2022-07-22,True,375,242307.0,0,0,0,True,False,0.0019031441199137689
2022-07-25,True,375,323279.0,0,0,0,True,False,-0.0019393595383379036
2022-07-26,True,375,400741.0,0,0,0,True,False,-9.478672985785419e-05
2022-07-27,True,375,175231.0,0,0,0,True,False,-0.0009621552277100376
2022-07-28,True,375,339618.0,0,0,0,True,False,0.00930531799708123
2022-07-29,True,375,397715.0,0,0,0,True,False,0.008583690987124415
2022-08-01,True,375,261433.0,0,0,0,True,False,0.00818181818181829
2022-08-02,True,375,237547.0,0,0,0,True,False,-0.0026222848741151994
2022-08-03,True,375,453091.0,0,0,0,True,False,-0.0012180267965895553
2022-08-04,True,375,468845.0,0,0,0,True,False,0.0038957147138147796
2022-08-05,True,375,253013.0,0,0,0,True,False,0.0018479880774961988
2022-08-08,True,375,121893.0,0,0,0,True,False,0.0003567394018668679
2022-08-10,True,375,231124.0,0,0,0,True,False,0.0027104284846779514
2022-08-11,True,375,376174.0,0,0,0,True,False,0.014380332955426844
2022-08-12,True,375,141283.0,0,0,0,True,False,0.0011713030746705044
2022-08-16,True,375,194380.0,0,0,0,True,False,0.002645502645502562
2022-08-17,True,375,227344.0,0,0,0,True,False,-0.002328323017978251
2022-08-18,True,375,262821.0,0,0,0,True,False,-0.000987225013629578
2022-08-19,True,375,225775.0,0,0,0,True,False,0.0017746228926354135
2022-08-22,True,375,189086.0,0,0,0,True,False,-0.006480757023280437
2022-08-23,True,375,266287.0,0,0,0,True,False,-0.010152057245080504
2022-08-24,True,375,230966.0,0,0,0,True,False,-0.002771761355891189
2022-08-25,True,375,169007.0,0,0,0,True,False,0.006729971420669445
2022-08-26,True,375,312319.0,0,0,0,True,False,0.0044409937888199025
2022-08-29,True,375,824726.0,0,0,0,True,False,-0.030692163340002132
2022-08-30,True,375,295578.0,0,0,0,True,False,0.005417463352453744
2022-09-01,True,375,933487.0,0,0,0,True,False,-0.005641968766559646
2022-09-02,True,375,316575.0,0,0,0,True,False,0.008625775283406911
2022-09-05,True,375,311432.0,0,0,0,True,False,-0.001215047402836067
2022-09-06,True,375,238551.0,0,0,0,True,False,-0.0014331210191083077
2022-09-07,True,375,203839.0,0,0,0,True,False,-0.007994883274704212
2022-09-08,True,375,305500.0,0,0,0,True,False,0.005391690453536269
2022-09-09,True,375,151161.0,0,0,0,True,False,0.009510569054314466
2022-09-12,True,375,436341.0,0,0,0,True,False,0.005274752552049344
2022-09-13,True,375,334211.0,0,0,0,True,False,0.007859789993823307
2022-09-14,True,375,1665460.0,0,0,0,True,False,-0.03031240334055052
2022-09-15,True,375,374841.0,0,0,0,True,False,0.0016000000000000458
2022-09-16,True,375,893532.0,0,0,0,True,False,-0.009499275478988878
2022-09-19,True,375,478842.0,0,0,0,True,False,0.007132194393763447
2022-09-20,True,375,273854.0,0,0,0,True,False,0.00728215459304149
2022-09-21,True,375,214634.0,0,0,0,True,False,-0.0016485328058027937
2022-09-22,True,375,369197.0,0,0,0,True,False,-0.003964156034511501
2022-09-23,True,375,448922.0,0,0,0,True,False,-0.001445975368557506
2022-09-26,True,375,535519.0,0,0,0,True,False,-0.008973264359734223
2022-09-27,True,375,369655.0,0,0,0,True,False,0.0031333333333334323
2022-09-28,True,375,487696.0,0,0,0,True,False,-0.014680597804523243
2022-09-29,True,375,315745.0,0,0,0,True,False,0.008603180369556984
2022-09-30,True,375,448349.0,0,0,0,True,False,-0.0063621262458471994
2022-10-03,True,375,273997.0,0,0,0,True,False,-0.0043218085106383475
2022-10-04,True,375,384484.0,0,0,0,True,False,0.014175257731958713
2022-10-06,True,375,303095.0,0,0,0,True,False,0.005169628432956319
2022-10-07,True,375,264252.0,0,0,0,True,False,0.0014225670869705276
2022-10-10,True,375,628955.0,0,0,0,True,False,-0.01890482398956972
2022-10-11,True,375,1507035.0,0,0,0,True,False,-0.0077936210731831546
2022-10-12,True,375,333104.0,0,0,0,True,False,0.0068211488250653485
2022-10-13,True,375,442643.0,0,0,0,True,False,0.0005646982897709041
2022-10-14,True,375,363891.0,0,0,0,True,False,0.014467041917326506
2022-10-17,True,375,286742.0,0,0,0,True,False,-0.009142212189616195
2022-10-18,True,375,407970.0,0,0,0,True,False,0.012861736334405238
2022-10-19,True,375,193125.0,0,0,0,True,False,0.007013069811922179
2022-10-20,True,375,253012.0,0,0,0,True,False,-0.005126561999359125
2022-10-21,True,375,193416.0,0,0,0,True,False,-4.749916876445326e-05
2022-10-24,False,60,,0,0,60,False,False,0.010229445506692025
2022-10-25,True,375,503360.0,0,0,0,True,False,0.007124762507916493
2022-10-27,True,375,414353.0,0,0,0,True,False,0.00017404237140627998
2022-10-28,True,375,176360.0,0,0,0,True,False,-0.003810818930756965
2022-10-31,True,375,376918.0,0,0,0,True,False,0.014187207735594898
2022-11-01,True,375,445131.0,0,0,0,True,False,0.010801377293523817
2022-11-02,True,375,303324.0,0,0,0,True,False,0.003375268487266103
2022-11-03,True,375,232482.0,0,0,0,True,False,-0.0027649057769538743
2022-11-04,True,375,343876.0,0,0,0,True,False,0.003118178983473552
2022-11-07,True,375,245676.0,0,0,0,True,False,0.003106554830692776
2022-11-09,True,375,193901.0,0,0,0,True,False,0.005880896372415512
2022-11-10,True,375,351202.0,0,0,0,True,False,-0.012461059190031154
2022-11-11,True,375,1106019.0,0,0,0,True,False,0.02015600624024949
2022-11-14,True,375,233249.0,0,0,0,True,False,0.0024125452352230514
2022-11-15,True,375,218842.0,0,0,0,True,False,-0.0031966142902165595
2022-11-16,True,375,322226.0,0,0,0,True,False,0.0
2022-11-17,True,375,277981.0,0,0,0,True,False,-0.005952380952380931
2022-11-18,True,375,192154.0,0,0,0,True,False,0.001494768310911887
2022-11-21,True,375,230868.0,0,0,0,True,False,-0.006473991896296494
2022-11-22,True,375,229098.0,0,0,0,True,False,-0.0008529304252468117
2022-11-23,True,375,231390.0,0,0,0,True,False,0.005738447598912622
2022-11-24,True,375,134728.0,0,0,0,True,False,0.0031004234724743007
2022-11-25,True,375,234970.0,0,0,0,True,False,0.0
2022-11-28,True,375,380961.0,0,0,0,True,False,-0.005319148936170248
2022-11-29,True,375,291593.0,0,0,0,True,False,-0.0026533018867924696
2022-11-30,True,375,268881.0,0,0,0,True,False,-0.0020648967551621933
2022-12-01,True,375,534545.0,0,0,0,True,False,0.00705674801528966
2022-12-02,True,375,647080.0,0,0,0,True,False,-0.004347575722676522
2022-12-05,True,375,228448.0,0,0,0,True,False,-0.0011928660789618517
2022-12-06,True,375,195541.0,0,0,0,True,False,-0.0072846715328466205
2022-12-07,True,375,189189.0,0,0,0,True,False,-0.0049335302806499115
2022-12-08,True,375,316364.0,0,0,0,True,False,-0.0029673590504450953
2022-12-09,True,375,200495.0,0,0,0,True,False,0.005692995529060996
2022-12-12,True,375,396418.0,0,0,0,True,False,-0.010486322188449804
2022-12-13,True,375,206801.0,0,0,0,True,False,-0.002374429223744312
2022-12-14,True,375,246493.0,0,0,0,True,False,0.006401202103681447
2022-12-15,True,375,414376.0,0,0,0,True,False,-0.0012488849241747424
2022-12-16,True,375,248095.0,0,0,0,True,False,-0.00874723811253375
2022-12-19,True,375,266487.0,0,0,0,True,False,-0.002765802932678141
2022-12-20,True,375,210025.0,0,0,0,True,False,-0.0019811247172607516
2022-12-21,True,375,233250.0,0,0,0,True,False,0.0015413070283600838
2022-12-22,True,375,232531.0,0,0,0,True,False,0.009500459699662844
2022-12-23,True,375,209773.0,0,0,0,True,False,-0.013144776600150232
2022-12-26,True,375,110387.0,0,0,0,True,False,-0.00082017951098734
2022-12-27,True,375,129060.0,0,0,0,True,False,0.00467117393976646
2022-12-28,True,375,142803.0,0,0,0,True,False,-0.002210623272950518
2022-12-29,True,375,164334.0,0,0,0,True,False,-0.008256599140577081
2022-12-30,True,375,148262.0,0,0,0,True,False,0.0045242644249141595
2023-01-02,True,375,74968.0,0,0,0,True,False,0.0019664474897069795
2023-01-03,True,375,87132.0,0,0,0,True,False,-0.0033711308611706903
2023-01-04,True,375,157726.0,0,0,0,True,False,-0.0016002415458937769
2023-01-05,True,375,319837.0,0,0,0,True,False,0.005161329268660753
2023-01-06,True,375,352162.0,0,0,0,True,False,-0.0008023859627874774
2023-01-09,True,375,598961.0,0,0,0,True,False,0.00469834157876714
2023-01-10,True,375,1291604.0,0,0,0,True,False,-0.0072529465095194645
2023-01-11,True,375,493491.0,0,0,0,True,False,0.0015525114155250375
2023-01-12,True,375,440569.0,0,0,0,True,False,0.00030048076923083755
2023-01-13,True,375,254693.0,0,0,0,True,False,0.001602972240116296
2023-01-16,True,375,431095.0,0,0,0,True,False,-0.01667531312532422
2023-01-17,True,375,212096.0,0,0,0,True,False,-0.0014992503748125774
2023-01-18,True,375,244943.0,0,0,0,True,False,0.0
2023-01-19,True,375,295450.0,0,0,0,True,False,-0.003655229336163246
2023-01-20,True,375,141445.0,0,0,0,True,False,-0.0011724721352349698
2023-01-23,True,375,116997.0,0,0,0,True,False,0.005341246290801127
2023-01-24,True,375,184275.0,0,0,0,True,False,0.003913062594345762
2023-01-25,True,375,76498.0,0,0,0,True,False,-0.0019812942513329768
2023-01-27,True,375,284066.0,0,0,0,True,False,-0.0017773374901663974
2023-01-30,True,375,254960.0,0,0,0,True,False,0.0029325513196480912
2023-01-31,True,375,209357.0,0,0,0,True,False,0.0040026198966596205
2023-02-01,True,375,284825.0,0,0,0,True,False,0.0013398838767306742
2023-02-02,True,375,523112.0,0,0,0,True,False,0.008534432018834526
2023-02-03,True,375,266665.0,0,0,0,True,False,0.012424154868535098
2023-02-06,True,375,205037.0,0,0,0,True,False,-0.0005323741007193794
2023-02-07,True,375,190994.0,0,0,0,True,False,0.0011544344714133903
2023-02-08,True,375,363317.0,0,0,0,True,False,0.003187193539082811
2023-02-09,True,375,279136.0,0,0,0,True,False,-0.0019875070982395826
2023-02-10,True,375,220097.0,0,0,0,True,False,-0.00675799602138849
2023-02-13,True,375,267218.0,0,0,0,True,False,0.005909612686535448
2023-02-14,True,375,355613.0,0,0,0,True,False,0.006027554535017243
2023-02-15,True,375,188070.0,0,0,0,True,False,-0.00371428571428567
2023-02-16,True,375,205618.0,0,0,0,True,False,0.0009222605315057919
2023-02-17,True,375,161246.0,0,0,0,True,False,-0.006718309859154892
2023-02-20,True,375,181974.0,0,0,0,True,False,0.0008573878250928146
2023-02-21,True,375,123631.0,0,0,0,True,False,0.0012465433496196
2023-02-22,True,375,191313.0,0,0,0,True,False,-0.010732908458864432
2023-02-23,True,375,172653.0,0,0,0,True,False,0.003225806451612856
2023-02-24,True,375,164312.0,0,0,0,True,False,0.0039306561849168364
2023-02-27,True,375,131575.0,0,0,0,True,False,0.0
2023-02-28,True,375,375170.0,0,0,0,True,False,-0.001949025487256395
2023-03-01,True,375,288400.0,0,0,0,True,False,-0.001682388992369166
2023-03-02,True,375,259193.0,0,0,0,True,False,-0.007515244577655067
2023-03-03,True,375,214425.0,0,0,0,True,False,0.00902527075812265
2023-03-06,True,375,152908.0,0,0,0,True,False,0.006361037522637725
2023-03-08,True,375,349525.0,0,0,0,True,False,-0.00414446417998815
2023-03-09,True,375,247900.0,0,0,0,True,False,-0.0014896535449330228
2023-03-10,True,375,208653.0,0,0,0,True,False,-0.006030603060306006
2023-03-13,True,375,299835.0,0,0,0,True,False,-0.0005997001499250532
2023-03-14,True,375,433856.0,0,0,0,True,False,-0.0018259281801582539
2023-03-15,True,375,250730.0,0,0,0,True,False,0.008784182264022222
2023-03-16,True,375,221693.0,0,0,0,True,False,0.0028133791809941133
2023-03-17,True,375,1570054.0,0,0,0,True,False,-0.010723313393936618
2023-03-20,True,375,605789.0,0,0,0,True,False,-0.001622149426735553
2023-03-21,True,375,217102.0,0,0,0,True,False,-0.0008582326764143833
2023-03-22,True,375,198283.0,0,0,0,True,False,0.006317515432098686
2023-03-23,True,375,160947.0,0,0,0,True,False,-0.004331218334958087
2023-03-24,True,375,256500.0,0,0,0,True,False,0.006038338658147069
2023-03-27,True,375,151620.0,0,0,0,True,False,0.0072289156626506035
2023-03-28,True,375,155455.0,0,0,0,True,False,0.0009603072983355165
2023-03-29,True,375,195459.0,0,0,0,True,False,0.0038498556304138454
2023-03-31,True,375,314280.0,0,0,0,True,False,0.013325921219822012
2023-04-03,True,375,272949.0,0,0,0,True,False,0.00653870162297121
2023-04-05,True,375,178812.0,0,0,0,True,False,-0.005153029356652072
2023-04-06,True,375,150949.0,0,0,0,True,False,-0.00462962962962965
2023-04-10,True,375,116709.0,0,0,0,True,False,0.0003106554830691888
2023-04-11,True,375,286258.0,0,0,0,True,False,0.00030646644192455774
2023-04-12,True,375,419555.0,0,0,0,True,False,0.006595359860296801
2023-04-13,True,375,1094503.0,0,0,0,True,False,-0.01078582434514641
2023-04-17,True,375,2132161.0,0,0,0,True,False,-0.018139097744360955
2023-04-18,True,375,405369.0,0,0,0,True,False,0.005081236062440153
2023-04-19,True,375,312145.0,0,0,0,True,False,4.791413786486842e-05
2023-04-20,True,375,218549.0,0,0,0,True,False,0.0003237293622531112
2023-04-21,True,375,275895.0,0,0,0,True,False,0.0016264352082964173
2023-04-24,True,375,627391.0,0,0,0,True,False,-0.0025007913896802902
2023-04-25,True,375,289738.0,0,0,0,True,False,0.0034678436317781003
2023-04-26,True,375,377460.0,0,0,0,True,False,0.0018739862364371973
2023-04-27,True,375,334691.0,0,0,0,True,False,-0.003129890453834161
2023-04-28,True,375,310788.0,0,0,0,True,False,0.003260188087774285
2023-05-02,True,375,373053.0,0,0,0,True,False,0.0062208398133747345
2023-05-03,True,375,527736.0,0,0,0,True,False,-0.0002953107757347473
2023-05-04,True,375,268153.0,0,0,0,True,False,4.716981132069087e-05
2023-05-05,True,375,251274.0,0,0,0,True,False,0.000932545850170996
2023-05-08,True,375,139658.0,0,0,0,True,False,0.005562355711872913
2023-05-09,True,375,122972.0,0,0,0,True,False,0.0007999999999999119
2023-05-10,True,375,233496.0,0,0,0,True,False,-0.0009413622422641543
2023-05-11,True,375,153275.0,0,0,0,True,False,0.008841463414634099
2023-05-12,True,375,94852.0,0,0,0,True,False,-0.000259146341463401
2023-05-15,True,375,117183.0,0,0,0,True,False,0.0021361000915471884
2023-05-16,True,375,167844.0,0,0,0,True,False,0.0014454866984467962
2023-05-17,True,375,194597.0,0,0,0,True,False,-1.5356265356314402e-05
2023-05-18,True,375,113486.0,0,0,0,True,False,0.004984501316219969
2023-05-19,True,375,147308.0,0,0,0,True,False,0.0031250000000000444
2023-05-22,True,375,137311.0,0,0,0,True,False,0.001690158316664192
2023-05-23,True,375,385961.0,0,0,0,True,False,0.003947767992711793
2023-05-24,True,375,126492.0,0,0,0,True,False,-0.005766312594840617
2023-05-25,True,375,90298.0,0,0,0,True,False,-0.0028757378537914713
2023-05-26,True,375,278159.0,0,0,0,True,False,-0.00045523520485579727
2023-05-29,True,375,253567.0,0,0,0,True,False,0.00873427979710062
2023-05-30,True,375,222439.0,0,0,0,True,False,-0.0017165055560574016
2023-05-31,True,375,203132.0,0,0,0,True,False,-0.001855119677842687
2023-06-01,True,375,234286.0,0,0,0,True,False,0.008520998174071925
2023-06-02,True,375,283125.0,0,0,0,True,False,0.0012793497892835681
2023-06-05,True,375,193049.0,0,0,0,True,False,0.00260101621098463
2023-06-06,True,375,202674.0,0,0,0,True,False,-0.0028273492840422687
2023-06-07,True,375,180303.0,0,0,0,True,False,0.00534660197175274
2023-06-08,True,375,253925.0,0,0,0,True,False,-0.003985889036514423
2023-06-09,True,375,149407.0,0,0,0,True,False,0.002626293835933824
2023-06-12,True,375,258104.0,0,0,0,True,False,0.0015576323987538387
2023-06-13,True,375,106478.0,0,0,0,True,False,0.003570988794483476
2023-06-14,True,375,243085.0,0,0,0,True,False,-0.0001849397404679598
2023-06-15,True,375,487684.0,0,0,0,True,False,0.0
2023-06-16,True,375,437018.0,0,0,0,True,False,-0.005691537337107033
2023-06-19,True,375,439348.0,0,0,0,True,False,0.003997104459761314
2023-06-20,True,375,114999.0,0,0,0,True,False,0.0020265003897115275
2023-06-21,True,375,204025.0,0,0,0,True,False,0.006815365551424923
2023-06-22,True,375,349481.0,0,0,0,True,False,0.000921093030396003
2023-06-23,True,375,180638.0,0,0,0,True,False,-0.0009875019287146625
2023-06-26,True,375,439785.0,0,0,0,True,False,-0.0027692211954323254
2023-06-27,True,375,164922.0,0,0,0,True,False,0.0037617554858935254
2023-06-28,True,375,163475.0,0,0,0,True,False,0.0033465736715352357
2023-06-30,True,375,314757.0,0,0,0,True,False,-0.0008843104705462679
2023-07-03,True,375,230481.0,0,0,0,True,False,0.005491171652205695
2023-07-04,True,375,312704.0,0,0,0,True,False,0.004886988393402625
2023-07-05,True,375,262138.0,0,0,0,True,False,0.003931055337163647
2023-07-06,True,375,177738.0,0,0,0,True,False,-0.004650812763395518
2023-07-07,True,375,127886.0,0,0,0,True,False,-0.0057211683227943455
2023-07-10,True,375,286212.0,0,0,0,True,False,0.001129177958446359
2023-07-11,True,375,214810.0,0,0,0,True,False,0.005799755799755779
2023-07-12,True,375,151851.0,0,0,0,True,False,0.0027353300733494734
2023-07-13,True,375,754937.0,0,0,0,True,False,0.007068492310523089
2023-07-14,True,375,401222.0,0,0,0,True,False,0.0062197237007357575
2023-07-17,True,375,510713.0,0,0,0,True,False,0.0005701254275940482
2023-07-18,True,375,486979.0,0,0,0,True,False,-0.0034403669724770714
2023-07-19,True,375,367489.0,0,0,0,True,False,0.002004008016031955
2023-07-20,True,375,260107.0,0,0,0,True,False,-0.004683874500987173
2023-07-21,True,375,1280441.0,0,0,0,True,False,-0.016625259995377784
2023-07-24,True,375,224494.0,0,0,0,True,False,0.001199307067027977
2023-07-25,True,375,153293.0,0,0,0,True,False,0.0013262599469496816
2023-07-26,True,375,115690.0,0,0,0,True,False,0.00010294117647058343
2023-07-27,True,375,194919.0,0,0,0,True,False,0.0009434657625120302
2023-07-28,True,375,303951.0,0,0,0,True,False,-0.003825779870512025
2023-07-31,True,375,388670.0,0,0,0,True,False,0.0031007751937983663
2023-08-01,True,375,404926.0,0,0,0,True,False,-0.0002634737550865074
2023-08-02,True,375,164344.0,0,0,0,True,False,-0.004391177067331387
2023-08-03,True,375,185795.0,0,0,0,True,False,-0.003786775415088872
2023-08-04,True,375,390237.0,0,0,0,True,False,0.0012511039152192094
2023-08-07,True,375,161270.0,0,0,0,True,False,0.0037488557271760925
2023-08-08,True,375,178382.0,0,0,0,True,False,0.0003301846162679922
2023-08-09,True,375,174101.0,0,0,0,True,False,-0.0011818968002306196
2023-08-10,True,375,136869.0,0,0,0,True,False,-0.0031782721756717924
2023-08-11,True,375,263394.0,0,0,0,True,False,-0.0029435220764155723
2023-08-14,True,375,161631.0,0,0,0,True,False,-0.0011032080127740818
2023-08-16,True,375,179867.0,0,0,0,True,False,0.000580046403712231
2023-08-17,True,375,210223.0,0,0,0,True,False,0.001246123974845803
2023-08-18,True,375,267474.0,0,0,0,True,False,-0.004641116203041529
2023-08-21,True,375,177177.0,0,0,0,True,False,0.0020783847980998527
2023-08-22,True,375,115871.0,0,0,0,True,False,-1.4705666093184355e-05
2023-08-23,True,375,220896.0,0,0,0,True,False,0.0014779781259237623
2023-08-24,True,375,153688.0,0,0,0,True,False,0.005547031747905162
2023-08-25,True,375,152277.0,0,0,0,True,False,-0.004424778761061954
2023-08-28,True,375,152639.0,0,0,0,True,False,0.005927682276229973
2023-08-29,True,375,84688.0,0,0,0,True,False,0.0017925925925925679
2023-08-30,True,375,106781.0,0,0,0,True,False,0.006814814814814829
2023-08-31,True,375,159972.0,0,0,0,True,False,0.0029489826010027365
2023-09-01,True,375,142492.0,0,0,0,True,False,0.0014876524843796535
2023-09-04,True,375,185815.0,0,0,0,True,False,0.0011855364552459946
2023-09-05,True,375,158266.0,0,0,0,True,False,0.0
2023-09-06,True,375,146081.0,0,0,0,True,False,0.0024374936143505277
2023-09-07,True,375,269569.0,0,0,0,True,False,0.0026888005611409582
2023-09-08,True,375,220198.0,0,0,0,True,False,-0.0007952573742047164
2023-09-11,True,375,367012.0,0,0,0,True,False,0.00551844321812367
2023-09-12,True,375,378373.0,0,0,0,True,False,0.003160011490950909
2023-09-13,True,375,356489.0,0,0,0,True,False,-0.0008114157806379252
2023-09-14,True,375,317219.0,0,0,0,True,False,0.0024006738733679533
2023-09-15,True,375,311135.0,0,0,0,True,False,0.0015439246564767917
2023-09-18,True,375,196842.0,0,0,0,True,False,-0.003201960156478445
2023-09-20,True,375,252931.0,0,0,0,True,False,-0.006934812760055475
2023-09-21,True,375,285341.0,0,0,0,True,False,-0.003208244215438416
2023-09-22,True,375,237978.0,0,0,0,True,False,-0.000557724484104849
2023-09-25,True,375,173098.0,0,0,0,True,False,-0.00041620421753607584
2023-09-26,True,375,391321.0,0,0,0,True,False,-0.000616281024147125
2023-09-27,True,375,203122.0,0,0,0,True,False,0.0
2023-09-28,True,375,219263.0,0,0,0,True,False,0.003624198494563746
2023-09-29,True,375,295422.0,0,0,0,True,False,-0.003324880247957185
2023-10-03,True,375,273570.0,0,0,0,True,False,0.0026099290780141615
2023-10-04,True,375,180267.0,0,0,0,True,False,-0.005930826038607284
2023-10-05,True,375,364342.0,0,0,0,True,False,0.0025387870239774735
2023-10-06,True,375,203599.0,0,0,0,True,False,-0.0002783964365256075
2023-10-09,True,375,1109456.0,0,0,0,True,False,0.00657231618916132
2023-10-10,True,375,499590.0,0,0,0,True,False,0.0019405450041287686
2023-10-11,True,375,470304.0,0,0,0,True,False,0.005703579202601006
2023-10-12,True,375,985974.0,0,0,0,True,False,-0.010517575422086867
2023-10-13,True,375,693691.0,0,0,0,True,False,-0.003669206886819043
2023-10-16,True,375,328514.0,0,0,0,True,False,-0.0023221330050640088
2023-10-17,True,375,233115.0,0,0,0,True,False,0.0026557595898484276
2023-10-18,True,375,169182.0,0,0,0,True,False,0.000826658305065342
2023-10-19,True,375,304790.0,0,0,0,True,False,-0.006585540443808213
2023-10-20,True,375,163201.0,0,0,0,True,False,-0.0012735903670255677
2023-10-23,True,375,197802.0,0,0,0,True,False,-0.005398284576943468
2023-10-25,True,375,171920.0,0,0,0,True,False,-0.005470571843421368
2023-10-26,True,375,286530.0,0,0,0,True,False,-0.0066360914895813305
2023-10-27,True,375,145476.0,0,0,0,True,False,0.005462512755867621
2023-10-30,True,375,157730.0,0,0,0,True,False,0.0
2023-10-31,True,375,154568.0,0,0,0,True,False,0.0053238686779060185
2023-11-01,True,375,251115.0,0,0,0,True,False,-0.004982501927753735
2023-11-02,True,375,185286.0,0,0,0,True,False,0.009694663404910653
2023-11-03,True,375,154075.0,0,0,0,True,False,0.005649717514124353
2023-11-06,True,375,107592.0,0,0,0,True,False,0.0071620411817368
2023-11-07,True,375,104924.0,0,0,0,True,False,-0.002067946824224509
2023-11-08,True,375,130481.0,0,0,0,True,False,-2.9659948688420812e-05
2023-11-09,True,375,154477.0,0,0,0,True,False,0.002202415266137514
2023-11-10,True,375,154627.0,0,0,0,True,False,-0.003313432835820862
2023-11-12,False,60,,0,0,60,False,False,0.00327746183777311
2023-11-13,True,375,111019.0,0,0,0,True,False,-0.0008633778915716483
2023-11-15,True,375,402099.0,0,0,0,True,False,0.015336134453781458
2023-11-16,True,375,526498.0,0,0,0,True,False,0.0062929061784897655
2023-11-17,True,375,537879.0,0,0,0,True,False,-4.288164665522398e-05
2023-11-20,True,375,293366.0,0,0,0,True,False,-0.002214918548156586
2023-11-21,False,375,298509.0,0,1,0,True,False,-0.00011363636363637131
2023-11-22,True,375,452839.0,0,0,0,True,False,-0.002849002849002802
2023-11-23,True,375,411587.0,0,0,0,True,False,-0.00014162299957509727
2023-11-24,True,375,187467.0,0,0,0,True,False,-0.0038344214157424172
2023-11-28,True,375,280034.0,0,0,0,True,False,0.0008975101331789581
2023-11-29,True,375,268349.0,0,0,0,True,False,0.0008625646923519081
2023-11-30,True,375,182015.0,0,0,0,True,False,-0.0043105901098275945
2023-12-01,True,375,150865.0,0,0,0,True,False,0.003469136156426522
2023-12-04,True,375,248416.0,0,0,0,True,False,0.009296697038724488
2023-12-05,True,375,268247.0,0,0,0,True,False,0.006700906258447326
2023-12-06,True,375,408380.0,0,0,0,True,False,-0.0002829975096219073
2023-12-07,True,375,290898.0,0,0,0,True,False,0.0012498264129980896
2023-12-08,True,375,233986.0,0,0,0,True,False,0.004145936981757803
2023-12-11,True,375,263712.0,0,0,0,True,False,-0.0005793103448276105
2023-12-12,False,375,327125.0,0,1,0,True,False,-0.0011117211089761714
2023-12-13,True,375,862496.0,0,0,0,True,False,-0.005988268994680079
2023-12-14,True,375,810998.0,0,0,0,True,False,0.00917431192660545
2023-12-15,True,375,616593.0,0,0,0,True,False,-0.0007630467366126492
2023-12-18,True,375,784829.0,0,0,0,True,False,-0.0036284751365520673
2023-12-19,True,375,418447.0,0,0,0,True,False,-0.0028397671131626945
2023-12-20,False,375,519908.0,0,1,0,True,False,0.005055147058823595
2023-12-21,False,375,322728.0,0,1,0,True,False,-0.004703232644409083
2023-12-22,True,375,249513.0,0,0,0,True,False,0.0008823568145601701
2023-12-26,True,375,193338.0,0,0,0,True,False,0.0015338227582590847
2023-12-27,True,375,124206.0,0,0,0,True,False,0.00023696058555588984
2023-12-28,True,375,273144.0,0,0,0,True,False,0.004201680672268893
2023-12-29,True,375,252478.0,0,0,0,True,False,-0.0010932128603980962
2024-01-01,True,375,78545.0,0,0,0,True,False,-0.0026315789473684292
2024-01-02,True,375,210955.0,0,0,0,True,False,0.002129897449381968
2024-01-03,True,375,359502.0,0,0,0,True,False,-0.0037422477288655553
2024-01-04,True,375,504245.0,0,0,0,True,False,0.002477928830634246
2024-01-05,True,375,287604.0,0,0,0,True,False,0.0017445346998854472
2024-01-08,True,375,203588.0,0,0,0,True,False,-0.00018723586369229217
2024-01-09,True,375,209250.0,0,0,0,True,False,0.00790578263172903
2024-01-10,True,375,177295.0,0,0,0,True,False,-0.0016233766233766378
2024-01-11,True,375,197327.0,0,0,0,True,False,0.004572368864730558
2024-01-12,True,375,2370960.0,0,0,0,True,False,0.03254890385595832
2024-01-15,True,375,977237.0,0,0,0,True,False,0.020145293420578136
2024-01-16,True,375,258943.0,0,0,0,True,False,-0.0007688364941056403
2024-01-17,True,375,731614.0,0,0,0,True,False,-0.010724277276966121
2024-01-18,True,375,388131.0,0,0,0,True,False,0.004639175257731942
2024-01-19,True,375,616884.0,0,0,0,True,False,0.01101998974884677
2024-01-20,True,375,73964.0,0,0,0,True,False,0.0002533569799847424
2024-01-23,True,375,464019.0,0,0,0,True,False,0.010545953929468999
2024-01-24,True,375,1089488.0,0,0,0,True,False,0.0051683268351445655
2024-01-25,True,375,221655.0,0,0,0,True,False,-0.005052598849562107
2024-01-29,True,375,352656.0,0,0,0,True,False,-0.0011038107752956439
2024-01-30,True,375,357793.0,0,0,0,True,False,0.00011820330969269932
2024-01-31,True,375,640930.0,0,0,0,True,False,0.0025779975798390087
2024-02-01,True,375,511690.0,0,0,0,True,False,0.004206098843322792
2024-02-02,True,375,264346.0,0,0,0,True,False,0.008431681261629409
2024-02-05,True,375,375444.0,0,0,0,True,False,0.00601131541725608
2024-02-06,True,375,1285224.0,0,0,0,True,False,0.007575089174302718
2024-02-07,True,375,813905.0,0,0,0,True,False,0.0057272936418564235
2024-02-08,True,375,204077.0,0,0,0,True,False,0.001223990208078396
2024-02-09,True,375,316492.0,0,0,0,True,False,-0.00031417281921775064
2024-02-12,True,375,193745.0,0,0,0,True,False,-0.0004598368789175966
2024-02-13,True,375,163747.0,0,0,0,True,False,0.0015659140568098362
2024-02-14,True,375,198942.0,0,0,0,True,False,-0.00916767189384804
2024-02-15,True,375,162319.0,0,0,0,True,False,0.005358012664393508
2024-02-16,True,375,139991.0,0,0,0,True,False,0.0017657087189479892
2024-02-19,True,375,156430.0,0,0,0,True,False,0.0001819372680300635
2024-02-20,True,375,135205.0,0,0,0,True,False,-0.004329426686342286
2024-02-21,True,375,356131.0,0,0,0,True,False,-0.004243070891541079
2024-02-22,True,375,692330.0,0,0,0,True,False,-0.004013042387760235
2024-02-23,True,375,758796.0,0,0,0,True,False,0.011622637812151781
2024-02-26,True,375,172112.0,0,0,0,True,False,-0.0025701858442072067
2024-02-27,True,375,643146.0,0,0,0,True,False,-0.0007246557885004501
2024-02-28,True,375,311461.0,0,0,0,True,False,-0.0011949762224119365
2024-02-29,True,375,280246.0,0,0,0,True,False,-0.002652132655295625
2024-03-01,True,375,387713.0,0,0,0,True,False,-0.001410162898127898
2024-03-02,False,105,26121.0,0,0,0,False,False,0.004813095528951816
2024-03-04,True,375,287589.0,0,0,0,True,False,-0.0012165450121655041
2024-03-05,True,375,293112.0,0,0,0,True,False,-0.005143277002204294
2024-03-06,True,375,287186.0,0,0,0,True,False,-0.004201052132937755
2024-03-07,True,375,318073.0,0,0,0,True,False,0.0012068668259401782
2024-03-11,True,375,336470.0,0,0,0,True,False,-0.0038976857490864436
2024-03-12,True,375,1048438.0,0,0,0,True,False,0.0005703883495147277
2024-03-13,True,375,492274.0,0,0,0,True,False,0.0024913280328044962
2024-03-14,True,375,477746.0,0,0,0,True,False,0.003491181444793323
2024-03-15,True,375,354377.0,0,0,0,True,False,-0.0036004990790802216
2024-03-18,True,375,273603.0,0,0,0,True,False,-0.0015987683562292965
2024-03-19,True,375,4817784.0,0,0,0,True,False,-0.022440731133498204
2024-03-20,True,375,399496.0,0,0,0,True,False,0.0037773860488541366
2024-03-21,True,375,334581.0,0,0,0,True,False,0.00379878992188587
2024-03-22,True,375,1512598.0,0,0,0,True,False,-0.020718943572604176
2024-03-26,True,375,867764.0,0,0,0,True,False,-0.008697876694806816
2024-03-27,True,375,228942.0,0,0,0,True,False,0.0014164305949009304
2024-03-28,True,375,449677.0,0,0,0,True,False,-0.0008952783796759567
2024-04-01,True,375,239001.0,0,0,0,True,False,0.004018443625872559
2024-04-02,True,375,397425.0,0,0,0,True,False,-0.008664627930683011
2024-04-03,True,375,590303.0,0,0,0,True,False,-0.010076602745360042
2024-04-04,True,375,466494.0,0,0,0,True,False,0.00528445006321121
2024-04-05,True,375,321695.0,0,0,0,True,False,-0.005499999999999949
2024-04-08,True,375,152047.0,0,0,0,True,False,0.0
2024-04-09,True,375,363478.0,0,0,0,True,False,0.004817271557920666
2024-04-10,True,375,290427.0,0,0,0,True,False,0.0019373219373219897
2024-04-12,True,375,857236.0,0,0,0,True,False,-0.002449287194624117
2024-04-15,True,375,1347222.0,0,0,0,True,False,-0.0005994305409861012
2024-04-16,True,375,446977.0,0,0,0,True,False,-0.009845716605765387
2024-04-18,True,375,522687.0,0,0,0,True,False,0.000219301074575462
2024-04-19,True,375,471042.0,0,0,0,True,False,-0.009305507156593285
2024-04-22,True,375,282994.0,0,0,0,True,False,0.003885247831717731
2024-04-23,True,375,252277.0,0,0,0,True,False,0.000516122372614447
2024-04-24,True,375,176738.0,0,0,0,True,False,0.003870967741935516
2024-04-25,True,375,295230.0,0,0,0,True,False,-0.006205997392438101
2024-04-26,True,375,162483.0,0,0,0,True,False,0.001077642170864701
2024-04-29,True,375,199162.0,0,0,0,True,False,0.0038054636519373464
2024-04-30,True,375,202763.0,0,0,0,True,False,0.0018111254851229663
2024-05-02,True,375,515459.0,0,0,0,True,False,-0.012003295022162908
2024-05-03,True,375,357740.0,0,0,0,True,False,0.0065071151358344625
2024-05-06,True,375,411327.0,0,0,0,True,False,0.003908285565398684
2024-05-07,True,375,279095.0,0,0,0,True,False,0.002192646983835589
2024-05-08,True,375,330574.0,0,0,0,True,False,-0.003572147313342655
2024-05-09,True,375,263161.0,0,0,0,True,False,-0.0015372596456741938
2024-05-10,True,375,296080.0,0,0,0,True,False,0.0016683518705762346
2024-05-13,True,375,143138.0,0,0,0,True,False,-0.0026957637997432338
2024-05-14,True,375,195859.0,0,0,0,True,False,-0.0024457313750586573
2024-05-15,True,375,91288.0,0,0,0,True,False,0.0006406970784214039
2024-05-16,True,375,419876.0,0,0,0,True,False,0.002163442964947082
2024-05-17,True,375,614033.0,0,0,0,True,False,0.006937307297019579
2024-05-18,False,105,36015.0,0,0,0,False,False,0.0019403315492700912
2024-05-21,True,375,402573.0,0,0,0,True,False,-0.005903953702622422
2024-05-22,True,375,239644.0,0,0,0,True,False,0.002614379084967311
2024-05-23,True,375,263537.0,0,0,0,True,False,0.0024663969724649792
2024-05-24,True,375,235171.0,0,0,0,True,False,-0.0053218774044626604
2024-05-27,True,375,254715.0,0,0,0,True,False,0.0010516885443851987
2024-05-28,True,375,240878.0,0,0,0,True,False,0.002689953608046469
2024-05-29,True,375,203450.0,0,0,0,True,False,0.003127524824728223
2024-05-30,True,375,350130.0,0,0,0,True,False,-0.00683670786221402
2024-05-31,True,375,620400.0,0,0,0,True,False,0.00026745119015769703
2024-06-03,True,375,605722.0,0,0,0,True,False,0.011283746257941374
2024-06-04,True,375,484241.0,0,0,0,True,False,-0.0016189962223421839
2024-06-05,True,375,507923.0,0,0,0,True,False,-0.004433966055377714
2024-06-06,True,375,529728.0,0,0,0,True,False,0.0068972863572209775
2024-06-07,True,375,580816.0,0,0,0,True,False,0.00033889468196046657
2024-06-10,True,375,477127.0,0,0,0,True,False,0.0016587159738206125
2024-06-11,True,375,241912.0,0,0,0,True,False,-0.0036278828712101863
2024-06-12,True,375,306182.0,0,0,0,True,False,0.004862993269617366
2024-06-13,True,375,350719.0,0,0,0,True,False,0.005160281469898331
2024-06-14,True,375,386047.0,0,0,0,True,False,0.004131164471985471
2024-06-18,True,375,458964.0,0,0,0,True,False,-0.0018913207940938204
2024-06-19,True,375,184552.0,0,0,0,True,False,0.002264990835297187
2024-06-20,True,375,483518.0,0,0,0,True,False,-0.0013154433043935931
2024-06-21,True,375,953272.0,0,0,0,True,False,0.009789176495422103
2024-06-24,True,375,353401.0,0,0,0,True,False,0.0012486855941113983
2024-06-25,True,375,132122.0,0,0,0,True,False,0.0005242463958059496
2024-06-26,True,375,312707.0,0,0,0,True,False,0.0011718750000000444
2024-06-27,True,375,460914.0,0,0,0,True,False,-0.005787247294526843
2024-06-28,True,375,532446.0,0,0,0,True,False,-0.002596741344195519
2024-07-01,True,375,372061.0,0,0,0,True,False,-0.005823254623408158
2024-07-02,True,375,453260.0,0,0,0,True,False,0.007721423164269492
2024-07-03,True,375,267496.0,0,0,0,True,False,0.002543767768965921
2024-07-04,True,375,495707.0,0,0,0,True,False,0.008026713709677447
2024-07-05,True,375,222754.0,0,0,0,True,False,-0.002475155163621401
2024-07-08,True,375,187364.0,0,0,0,True,False,0.0029925187032417977
2024-07-09,True,375,234669.0,0,0,0,True,False,-0.003002251688766555
2024-07-10,True,375,230436.0,0,0,0,True,False,0.0
2024-07-11,True,375,673518.0,0,0,0,True,False,0.004086845466155786
2024-07-12,True,375,2460183.0,0,0,0,True,False,0.019989748846745314
2024-07-15,True,375,1508525.0,0,0,0,True,False,0.012731772047484213
2024-07-16,True,375,246366.0,0,0,0,True,False,0.0004796163069544779
2024-07-18,True,375,534402.0,0,0,0,True,False,-0.00264921302789467
2024-07-19,True,375,1082071.0,0,0,0,True,False,0.004700735362561659
2024-07-22,True,375,397471.0,0,0,0,True,False,0.0004536993950674528
2024-07-23,True,375,271016.0,0,0,0,True,False,0.00021017724948024785
2024-07-24,True,375,307634.0,0,0,0,True,False,-0.005451171421943846
2024-07-25,True,375,528971.0,0,0,0,True,False,-0.0020447046795855073
2024-07-26,True,375,533772.0,0,0,0,True,False,0.004097178140689106
2024-07-29,True,375,257737.0,0,0,0,True,False,0.004859285559842164
2024-07-30,True,375,223051.0,0,0,0,True,False,0.0009345794392523477
2024-07-31,True,375,309909.0,0,0,0,True,False,-0.005032021957913968
2024-08-01,True,375,219293.0,0,0,0,True,False,0.0016848816029142455
2024-08-02,True,375,396678.0,0,0,0,True,False,-0.005014816503305264
2024-08-05,True,375,397434.0,0,0,0,True,False,-0.010469554256101521
2024-08-06,True,375,329846.0,0,0,0,True,False,0.002632211538461604
2024-08-07,True,375,192957.0,0,0,0,True,False,0.012670355201072958
2024-08-08,True,375,182008.0,0,0,0,True,False,-0.004760771244941675
2024-08-09,True,375,208063.0,0,0,0,True,False,0.01030186871106853
2024-08-12,True,375,131840.0,0,0,0,True,False,0.0023696682464455776
2024-08-13,True,375,617150.0,0,0,0,True,False,0.004470405912856856
2024-08-14,True,375,864177.0,0,0,0,True,False,0.002859185132237263
2024-08-16,True,375,713099.0,0,0,0,True,False,0.01327742837176804
2024-08-19,True,375,174459.0,0,0,0,True,False,0.0015404829867247116
2024-08-20,True,375,486073.0,0,0,0,True,False,0.0033407572383072903
2024-08-21,True,375,212825.0,0,0,0,True,False,0.002885682574916837
2024-08-22,True,375,211850.0,0,0,0,True,False,0.00219780219780219
2024-08-23,True,375,233920.0,0,0,0,True,False,-0.00044424700133272044
2024-08-26,True,375,333924.0,0,0,0,True,False,0.0047787986973018
2024-08-27,True,375,83358.0,0,0,0,True,False,-0.00035503483779353306
2024-08-28,True,375,183829.0,0,0,0,True,False,0.0017256735693609304
2024-08-29,True,375,276297.0,0,0,0,True,False,-0.011743851096831404
2024-08-30,True,375,319313.0,0,0,0,True,False,-0.0015531395606833698
2024-09-02,True,375,184745.0,0,0,0,True,False,0.0029369219304782312
2024-09-03,True,375,238041.0,0,0,0,True,False,-0.0011709213825710219
2024-09-04,True,375,227959.0,0,0,0,True,False,-0.007911094368054261
2024-09-05,True,375,217894.0,0,0,0,True,False,-0.000669045495093612
2024-09-06,True,375,284377.0,0,0,0,True,False,-0.0035746102449889516
2024-09-09,True,375,172277.0,0,0,0,True,False,-0.0012330456226880004
2024-09-10,True,375,196024.0,0,0,0,True,False,-0.003040843806104143
2024-09-11,True,375,230097.0,0,0,0,True,False,0.0025388026607537917
2024-09-12,True,375,274291.0,0,0,0,True,False,0.0032810588366143367
2024-09-13,True,375,216369.0,0,0,0,True,False,0.007719173358841314
2024-09-16,True,375,177490.0,0,0,0,True,False,0.0011610549013103544
2024-09-17,True,375,387505.0,0,0,0,True,False,0.0009425593257927911
2024-09-18,True,375,485125.0,0,0,0,True,False,-0.0030924407005098464
2024-09-19,True,375,489021.0,0,0,0,True,False,0.009694335196301695
2024-09-20,True,375,313675.0,0,0,0,True,False,0.0022985837009519283
2024-09-23,True,375,240973.0,0,0,0,True,False,0.0006981615080288162
2024-09-24,True,375,387890.0,0,0,0,True,False,-0.0033754878634804086
2024-09-25,True,375,367090.0,0,0,0,True,False,-0.006924334423166645
2024-09-26,True,375,880534.0,0,0,0,True,False,-0.0035903493281252974
2024-09-27,True,375,825249.0,0,0,0,True,False,0.0093131548311991
2024-09-30,True,375,373351.0,0,0,0,True,False,-0.004204413472706281
2024-10-01,True,375,230642.0,0,0,0,True,False,-0.0033840749414519866
2024-10-03,True,375,520993.0,0,0,0,True,False,-0.00482110546897796
2024-10-04,True,375,461661.0,0,0,0,True,False,-0.0017720023626698334
2024-10-07,True,375,142609.0,0,0,0,True,False,0.005174157435499316
2024-10-08,True,375,190896.0,0,0,0,True,False,-0.00032756200280759096
2024-10-09,True,375,135253.0,0,0,0,True,False,0.00014086491055076422
2024-10-10,True,375,236874.0,0,0,0,True,False,-0.0013383580459972455
2024-10-11,True,375,1877264.0,0,0,0,True,False,-0.02008089122259271
2024-10-14,True,375,436428.0,0,0,0,True,False,-0.0014471780028944004
2024-10-15,True,375,410512.0,0,0,0,True,False,-0.0024028012557353318
2024-10-16,True,375,473918.0,0,0,0,True,False,-0.00825443068706
2024-10-17,True,375,282609.0,0,0,0,True,False,0.00459208597948213
2024-10-18,True,375,468758.0,0,0,0,True,False,-0.005168744299179129
2024-10-21,True,375,212279.0,0,0,0,True,False,0.0005084130250576635
2024-10-22,True,375,185859.0,0,0,0,True,False,-0.001228199459592183
2024-10-23,True,375,248360.0,0,0,0,True,False,-0.0050746268656716165
2024-10-24,True,375,930506.0,0,0,0,True,False,-0.015042495356874963
2024-10-25,False,750,,750,0,0,False,False,0.0012462981243830384
2024-10-28,False,750,,750,0,0,False,False,0.0022044334975368507
2024-10-29,False,750,,750,0,0,False,False,0.0014180755736481476
2024-10-30,True,375,295484.0,0,0,0,True,False,-0.001225490196078427
2024-10-31,True,375,410673.0,0,0,0,True,False,-0.0002947533896638932
2024-11-01,False,60,,0,0,60,False,False,0.003735849056603735
2024-11-04,True,375,444664.0,0,0,0,True,False,-0.0042053200436851235
2024-11-05,True,375,235089.0,0,0,0,True,False,-0.00627836611195165
2024-11-06,False,750,,750,0,0,False,False,0.008095280061438448
2024-11-07,True,375,981674.0,0,0,0,True,False,0.00644460535843594
2024-11-08,False,750,,750,0,0,False,False,0.0021707670043416005
2024-11-11,True,375,330722.0,0,0,0,True,False,-0.001801409693760303
2024-11-12,True,375,160852.0,0,0,0,True,False,0.006685768863419206
2024-11-13,True,375,163907.0,0,0,0,True,False,-0.0004545454545453742
2024-11-14,True,375,342152.0,0,0,0,True,False,-0.004010453675044823
2024-11-18,True,375,1246625.0,0,0,0,True,False,0.01567020250723239
2024-11-19,False,750,,750,0,0,False,False,0.0006845649278717225
2024-11-21,True,375,522936.0,0,0,0,True,False,0.0007174666006928287
2024-11-22,True,375,347221.0,0,0,0,True,False,0.0007374631268437515
2024-11-25,True,375,374037.0,0,0,0,True,False,0.013749570696005353
2024-11-26,True,375,245452.0,0,0,0,True,False,0.00024305555555570457
2024-11-27,True,375,236724.0,0,0,0,True,False,0.0018271661686968255
2024-11-28,True,375,322556.0,0,0,0,True,False,-0.0032885247793227323
2024-11-29,False,750,,750,0,0,False,False,-0.007245694928013635
2024-12-02,True,375,250666.0,0,0,0,True,False,0.0009376465072667983
2024-12-03,False,750,,750,0,0,False,False,0.010658608290288862
2024-12-04,True,375,552182.0,0,0,0,True,False,0.0019860627177701318
2024-12-05,True,375,490898.0,0,0,0,True,False,0.01354214647627816
2024-12-06,True,375,380947.0,0,0,0,True,False,-0.00048258756719743445
2024-12-09,True,375,315784.0,0,0,0,True,False,-0.003082704229155131
2024-12-10,True,375,469470.0,0,0,0,True,False,-0.004375112470757725
2024-12-11,True,375,258631.0,0,0,0,True,False,-0.0013407544278696282
2024-12-12,True,375,273137.0,0,0,0,True,False,0.001593940764187174
2024-12-13,True,375,184830.0,0,0,0,True,False,-0.005616591928251147
2024-12-16,True,375,198027.0,0,0,0,True,False,-0.0035531520257434668
2024-12-17,False,750,,750,0,0,False,False,-0.0013586956521739468
2024-12-18,True,375,311203.0,0,0,0,True,False,-0.002544705855136886
2024-12-19,True,375,719541.0,0,0,0,True,False,-0.01690907212471149
2024-12-20,True,375,1200302.0,0,0,0,True,False,0.011212333566923638
2024-12-23,True,375,246812.0,0,0,0,True,False,0.005506278354340921
2024-12-24,True,375,170008.0,0,0,0,True,False,0.00030069400175603
2024-12-26,True,375,86945.0,0,0,0,True,False,-0.0005978000956480267
2024-12-27,True,375,108957.0,0,0,0,True,False,-0.0016786570743405616
2024-12-30,False,750,,750,0,0,False,False,-0.0014673690794063665
2024-12-31,True,375,185309.0,0,0,0,True,False,-0.0036144578313253017
2025-01-01,True,375,89479.0,0,0,0,True,False,-0.002825133950316583
2025-01-02,True,375,125164.0,0,0,0,True,False,0.0019455252918287869
2025-01-03,True,375,153293.0,0,0,0,True,False,0.0033485357657225823
2025-01-06,True,375,373658.0,0,0,0,True,False,0.00208689284842567
2025-01-07,True,375,506809.0,0,0,0,True,False,0.006100244498777441
2025-01-08,True,375,266604.0,0,0,0,True,False,0.0009675018605805885
2025-01-09,True,375,214893.0,0,0,0,True,False,0.0014529737121646846
2025-01-10,True,375,2144302.0,0,0,0,True,False,0.03857566765578646
2025-01-13,True,375,614168.0,0,0,0,True,False,-0.004689331770222793
2025-01-14,True,375,400106.0,0,0,0,True,False,0.0013500302592990288
2025-01-15,True,375,314432.0,0,0,0,True,False,-0.0054584251912805914
2025-01-16,True,375,229740.0,0,0,0,True,False,0.0010809794613904078
2025-01-17,True,375,364263.0,0,0,0,True,False,-0.013072360616844692
2025-01-20,True,375,218702.0,0,0,0,True,False,0.00382566585956412
2025-01-21,True,375,193861.0,0,0,0,True,False,0.0035655210439258234
2025-01-22,True,375,205197.0,0,0,0,True,False,0.002971768202080227
2025-01-23,True,375,297358.0,0,0,0,True,False,0.003853564547206201
2025-01-24,True,375,311326.0,0,0,0,True,False,-0.01060752169720347
2025-01-27,True,375,376206.0,0,0,0,True,False,-0.012304062025956575
2025-01-28,True,375,335380.0,0,0,0,True,False,0.0009343496434719434
2025-01-29,True,375,180431.0,0,0,0,True,False,0.002993641604196018
2025-01-30,True,375,117538.0,0,0,0,True,False,-0.0012423873325213552
2025-01-31,True,375,120660.0,0,0,0,True,False,0.0024390243902439046
2025-02-01,True,375,38907.0,0,0,0,True,False,0.0017780159290743391
2025-02-03,True,375,336531.0,0,0,0,True,False,-0.01033636140437022
2025-02-04,True,375,176184.0,0,0,0,True,False,0.004847440944881765
2025-02-05,True,375,310925.0,0,0,0,True,False,0.010925301146121447
2025-02-06,True,375,420327.0,0,0,0,True,False,0.004747919725893279
2025-02-07,True,375,287069.0,0,0,0,True,False,0.0007340347443112183
2025-02-10,True,375,176194.0,0,0,0,True,False,0.001984126984126977
2025-02-11,True,375,334449.0,0,0,0,True,False,-0.003867129400099145
2025-02-12,False,750,,750,0,0,False,False,0.0010335265944036998
2025-02-13,True,375,352588.0,0,0,0,True,False,0.0029699842022117284
2025-02-14,False,750,,750,0,0,False,False,0.0012755102040815647
2025-02-17,True,375,363755.0,0,0,0,True,False,-0.018202647657841187
2025-02-18,True,375,336267.0,0,0,0,True,False,-0.0024564994882292357
2025-02-19,True,375,623787.0,0,0,0,True,False,-0.00020655822359927356
2025-02-20,True,375,504123.0,0,0,0,True,False,-0.006208718626155907
2025-02-21,False,750,,750,0,0,False,False,-0.0031414994720169176
2025-02-24,True,375,497832.0,0,0,0,True,False,-0.012335417821050632
2025-02-25,True,375,1048710.0,0,0,0,True,False,-0.012530645600653756
2025-02-27,False,750,,750,0,0,False,False,-0.004218362282878418
2025-02-28,True,375,727317.0,0,0,0,True,False,-0.006402350300023674
2025-03-03,True,375,722917.0,0,0,0,True,False,0.002012650948821193
2025-03-04,True,375,559018.0,0,0,0,True,False,-0.00912721049629206
2025-03-05,True,375,386462.0,0,0,0,True,False,-0.0034390036795924894
2025-03-06,True,375,499537.0,0,0,0,True,False,0.0
2025-03-07,True,375,246502.0,0,0,0,True,False,0.0011123470522802492
2025-03-10,True,375,207586.0,0,0,0,True,False,0.0012076121205391033
2025-03-11,True,375,369820.0,0,0,0,True,False,-0.008637503482864295
2025-03-12,True,375,374613.0,0,0,0,True,False,-0.00557880055788007
2025-03-13,True,375,287781.0,0,0,0,True,False,-0.0015679343178059968
2025-03-17,True,375,769051.0,0,0,0,True,False,-0.005713797181573388
2025-03-18,True,375,999422.0,0,0,0,True,False,0.0007000200005713442
2025-03-19,True,375,784814.0,0,0,0,True,False,0.0003807482408020313
2025-03-20,True,375,496916.0,0,0,0,True,False,0.0019971469329529423
2025-03-21,True,375,1241975.0,0,0,0,True,False,-0.022915787993814107
2025-03-24,True,375,318298.0,0,0,0,True,False,0.0061486864169928435
2025-03-25,True,375,764837.0,0,0,0,True,False,0.003303055326176807
2025-03-26,True,375,206476.0,0,0,0,True,False,0.001853886294973961
2025-03-27,True,375,238775.0,0,0,0,True,False,-0.004324413656333181
2025-03-28,True,375,196712.0,0,0,0,True,False,0.0016460905349793276
2025-04-01,True,375,505625.0,0,0,0,True,False,-0.008684794672586094
2025-04-02,True,375,215875.0,0,0,0,True,False,-0.0033605646873549055
2025-04-03,True,375,628863.0,0,0,0,True,False,-0.015232722143864619
2025-04-04,False,750,,750,0,0,False,False,-0.011958980989040136
2025-04-07,True,375,1563384.0,0,0,0,True,False,-0.06060606060606055
2025-04-08,True,375,1195085.0,0,0,0,True,False,0.005190258751902599
2025-04-09,True,375,434876.0,0,0,0,True,False,-0.009794096209912562
2025-04-11,True,375,2429240.0,0,0,0,True,False,0.01560666872491523
2025-04-15,True,375,529488.0,0,0,0,True,False,0.023594811612106303
2025-04-16,True,375,404653.0,0,0,0,True,False,-0.002089093701996947
2025-04-17,True,375,517803.0,0,0,0,True,False,-0.008704948075748287
2025-04-21,True,375,290263.0,0,0,0,True,False,-0.002213865469764098
2025-04-22,True,375,272354.0,0,0,0,True,False,0.001084664055438278
2025-04-23,True,375,691055.0,0,0,0,True,False,0.015818390388214754
2025-04-24,True,375,416928.0,0,0,0,True,False,-0.0011453744493392648
2025-04-25,True,375,562276.0,0,0,0,True,False,0.004110393423370606
2025-04-28,True,375,265525.0,0,0,0,True,False,0.00029120559114725886
2025-04-29,True,375,141917.0,0,0,0,True,False,0.0040685847137460485
2025-04-30,True,375,262139.0,0,0,0,True,False,0.002569951777309454
2025-05-02,True,375,430321.0,0,0,0,True,False,0.011713969345532815
2025-05-05,True,375,154225.0,0,0,0,True,False,0.003490401396160525
2025-05-06,True,375,107619.0,0,0,0,True,False,0.0015631332136860632
2025-05-07,True,375,210619.0,0,0,0,True,False,-0.008981341986325164
2025-05-08,True,375,360842.0,0,0,0,True,False,0.0
2025-05-09,False,750,,750,0,0,False,False,-0.009037900874635518
2025-05-12,True,375,224567.0,0,0,0,True,False,0.018924968749091553
2025-05-13,True,375,376985.0,0,0,0,True,False,-0.0016820625947883139
2025-05-14,True,375,324266.0,0,0,0,True,False,0.0008527572484366974
2025-05-15,False,750,,750,0,0,False,False,0.004792782633211257
2025-05-16,False,750,,750,0,0,False,False,0.004865091569970614
2025-05-19,True,375,254852.0,0,0,0,True,False,-0.0031729986240980335
2025-05-20,True,375,280055.0,0,0,0,True,False,0.003922683342808542
2025-05-21,True,375,162724.0,0,0,0,True,False,0.0014273479874393757
2025-05-22,True,375,264836.0,0,0,0,True,False,-0.007412456334668138
2025-05-23,True,375,248396.0,0,0,0,True,False,-0.0018372854108055225
2025-05-26,True,375,142927.0,0,0,0,True,False,0.003705815279361424
2025-05-27,True,375,312056.0,0,0,0,True,False,-0.0016958733747880483
2025-05-28,True,375,268810.0,0,0,0,True,False,0.0054270208511852935
2025-05-29,True,375,462288.0,0,0,0,True,False,0.0013142481643382276
2025-05-30,False,750,,750,0,0,False,False,-0.001087640963993386
2025-06-02,True,375,385421.0,0,0,0,True,False,-0.0028901734104046506
2025-06-03,True,375,277447.0,0,0,0,True,False,5.8041673921760406e-05
2025-06-04,True,375,543777.0,0,0,0,True,False,-0.006420592805417957
2025-06-05,True,375,266401.0,0,0,0,True,False,0.008281573498964745
2025-06-06,True,375,311481.0,0,0,0,True,False,-0.0008595139300533461
2025-06-09,True,375,250493.0,0,0,0,True,False,0.0035419126328217754
2025-06-10,True,375,315744.0,0,0,0,True,False,0.00496640373940993
2025-06-11,True,375,199210.0,0,0,0,True,False,0.0023397556255235763
2025-06-12,True,375,172326.0,0,0,0,True,False,0.00040340008644279557
2025-06-13,False,750,,750,0,0,False,False,-0.011305361305361306
2025-06-16,True,375,180882.0,0,0,0,True,False,-0.0021465452224865844
2025-06-17,True,375,264918.0,0,0,0,True,False,0.0034592183881756444
2025-06-18,True,375,613118.0,0,0,0,True,False,0.0020216400911161614
2025-06-19,True,375,268220.0,0,0,0,True,False,-0.0014471780028944004
2025-06-20,True,375,120870.0,0,0,0,True,False,0.0014619883040936088
2025-06-23,True,375,625032.0,0,0,0,True,False,-0.004111866087311511
2025-06-24,True,375,386998.0,0,0,0,True,False,0.012558962264150875
2025-06-25,True,375,267574.0,0,0,0,True,False,0.004510613207547198
2025-06-26,True,375,283150.0,0,0,0,True,False,0.0005227998838222003
2025-06-27,True,375,201843.0,0,0,0,True,False,0.003485332558814891
2025-06-30,True,375,239118.0,0,0,0,True,False,-0.0014804063860667238
2025-07-01,True,375,285293.0,0,0,0,True,False,-0.0014450867052022698
2025-07-02,True,375,682066.0,0,0,0,True,False,0.01667638483965006
2025-07-03,True,375,460480.0,0,0,0,True,False,0.001898641740908369
2025-07-04,False,750,,750,0,0,False,False,0.0023529411764706687
2025-07-07,True,375,175711.0,0,0,0,True,False,-0.0004970760233917737
2025-07-08,True,375,211441.0,0,0,0,True,False,-0.0016419398346331215
2025-07-09,True,375,197181.0,0,0,0,True,False,0.001468428781204123
2025-07-10,True,375,661060.0,0,0,0,True,False,-0.0017720023626698334
2025-07-11,True,375,2798493.0,0,0,0,True,False,-0.028011782032400512
2025-07-14,True,375,538907.0,0,0,0,True,False,0.0004288427372418635
2025-07-15,True,375,468420.0,0,0,0,True,False,-0.006661502711076683
2025-07-16,True,375,444866.0,0,0,0,True,False,-0.00829748002458508
2025-07-17,True,375,358801.0,0,0,0,True,False,-0.002104676715466325
2025-07-18,True,375,348740.0,0,0,0,True,False,0.00539327243819554
2025-07-21,True,375,419907.0,0,0,0,True,False,3.134894510803399e-05
2025-07-22,True,375,561700.0,0,0,0,True,False,0.0005066497783405843
2025-07-23,True,375,199545.0,0,0,0,True,False,-0.0016115271589723923
2025-07-24,True,375,639325.0,0,0,0,True,False,-0.0031181102362205504
2025-07-25,True,375,210227.0,0,0,0,True,False,-0.0015898756717224183
2025-07-28,True,375,612412.0,0,0,0,True,False,-0.009554140127388533
2025-07-29,True,375,722575.0,0,0,0,True,False,-0.005865577808023992
2025-07-30,True,375,275204.0,0,0,0,True,False,0.0010468463752943968
2025-07-31,True,375,398351.0,0,0,0,True,False,-0.003374836173001383
2025-08-01,True,375,177549.0,0,0,0,True,False,-0.00108795991032562
2025-08-04,True,375,260926.0,0,0,0,True,False,0.0026656892472760596
2025-08-05,True,375,199476.0,0,0,0,True,False,-0.001396693409555838
2025-08-06,True,375,159864.0,0,0,0,True,False,0.0009803921568627416
2025-08-07,True,375,266355.0,0,0,0,True,False,-0.00527704485488123
2025-08-08,False,750,,750,0,0,False,False,-0.0002951787471302536
2025-08-11,True,375,155772.0,0,0,0,True,False,0.0014842178172103093
2025-08-12,True,375,363315.0,0,0,0,True,False,-0.00032873109796183186
2025-08-13,True,375,262787.0,0,0,0,True,False,-0.0012171853411409028
2025-08-14,True,375,364233.0,0,0,0,True,False,-0.00032948929159803964
2025-08-18,True,375,410301.0,0,0,0,True,False,0.007940446650124056
2025-08-19,True,375,205617.0,0,0,0,True,False,-0.0005974112180551217
2025-08-20,True,375,350884.0,0,0,0,True,False,-0.002352551358515531
2025-08-21,True,375,822199.0,0,0,0,True,False,0.011373917539097889
2025-08-22,True,375,290691.0,0,0,0,True,False,-0.004516129032258065
2025-08-25,True,375,772410.0,0,0,0,True,False,0.011897738446411177
2025-08-26,True,375,404202.0,0,0,0,True,False,-0.004169186213042186
2025-08-28,True,375,483604.0,0,0,0,True,False,-0.003801076971808648
2025-08-29,True,375,246136.0,0,0,0,True,False,-0.0012915724895059544
2025-09-01,True,375,289915.0,0,0,0,True,False,0.002010506517932331
2025-09-02,True,375,186525.0,0,0,0,True,False,0.00324654451944717
2025-09-03,True,375,303189.0,0,0,0,True,False,0.0057519280205655665
2025-09-04,True,375,198214.0,0,0,0,True,False,0.005161290322580614
2025-09-05,True,375,208284.0,0,0,0,True,False,0.0004199237676851819
2025-09-08,True,375,259551.0,0,0,0,True,False,0.0006561679790026975
2025-09-09,True,375,527422.0,0,0,0,True,False,0.0030102547138604052
2025-09-10,True,375,650738.0,0,0,0,True,False,0.0014416775884666944
2025-09-11,True,375,491416.0,0,0,0,True,False,0.009324758842443659
2025-09-12,True,375,382804.0,0,0,0,True,False,0.006015615000640073
2025-09-15,True,375,193464.0,0,0,0,True,False,0.00031918289179699855
2025-09-16,True,375,350080.0,0,0,0,True,False,0.005012209227605702
2025-09-17,True,375,384135.0,0,0,0,True,False,0.0013024556053240488
2025-09-18,True,375,619807.0,0,0,0,True,False,0.0031496062992126816
2025-09-19,False,750,,750,0,0,False,False,-0.00220333648095683
2025-09-22,True,375,1082832.0,0,0,0,True,False,-0.023967202775149743
2025-09-23,True,375,478079.0,0,0,0,True,False,-0.0017883271012842927
2025-09-24,True,375,362431.0,0,0,0,True,False,-0.004829026363873723
2025-09-25,True,375,421827.0,0,0,0,True,False,-0.00461133069828723
2025-09-26,True,375,694653.0,0,0,0,True,False,-0.005747126436781658
2025-09-29,True,375,500042.0,0,0,0,True,False,0.0036483788807049056
2025-09-30,True,375,225858.0,0,0,0,True,False,0.002306924215817796
2025-10-01,True,375,216825.0,0,0,0,True,False,0.0
2025-10-03,True,375,544667.0,0,0,0,True,False,0.0030530685053686835
2025-10-06,True,375,238269.0,0,0,0,True,False,-0.0003444712366517111
2025-10-07,True,375,510203.0,0,0,0,True,False,0.0023427041499330947
2025-10-08,True,375,810236.0,0,0,0,True,False,0.0
2025-10-09,True,375,334653.0,0,0,0,True,False,0.0011549249298794528
2025-10-10,True,375,2710839.0,0,0,0,True,False,-0.0033331154826481413
2025-10-13,True,375,451218.0,0,0,0,True,False,-0.00033025099075301156
2025-10-14,True,375,417187.0,0,0,0,True,False,0.004990019960079861
2025-10-15,True,375,271727.0,0,0,0,True,False,0.003716216216216317
2025-10-16,True,375,253912.0,0,0,0,True,False,-3.367003367005239e-05
2025-10-17,False,750,,750,0,0,False,False,-0.0006056935190793533
2025-10-20,True,375,289278.0,0,0,0,True,False,0.007593655079311423
2025-10-21,False,61,,0,0,0,False,False,0.004906673739349499
2025-10-23,True,375,774058.0,0,0,0,True,False,0.018333333333333313
2025-10-24,False,750,,750,0,0,False,False,0.0029306414848584428
2025-10-27,True,375,350746.0,0,0,0,True,False,0.0017967984318849606
2025-10-28,True,375,306036.0,0,0,0,True,False,-0.0022705157314304447
2025-10-29,True,375,224981.0,0,0,0,True,False,0.0011765474867637682
2025-10-30,True,375,269215.0,0,0,0,True,False,-0.003562091503268028
2025-10-31,True,375,361753.0,0,0,0,True,False,0.0009883050568275653
2025-11-03,True,375,178139.0,0,0,0,True,False,-0.004281045751633905
2025-11-04,True,375,235998.0,0,0,0,True,False,3.3118065905002325e-05
2025-11-06,True,375,274264.0,0,0,0,True,False,0.001037830599263545
2025-11-07,True,375,228594.0,0,0,0,True,False,-0.002990033222591393
2025-11-08,False,88,,0,1,0,False,False,0.01646901620177066
2025-11-10,True,375,150821.0,0,0,0,True,False,-0.016754270696452078
2025-11-11,True,375,484845.0,0,0,0,True,False,0.006611570247933907
2025-11-12,True,375,501103.0,0,0,0,True,False,0.003607740242702606
2025-11-13,True,375,235565.0,0,0,0,True,False,0.001983619145124127
2025-11-14,True,375,200108.0,0,0,0,True,False,-0.004766812677145071
2025-11-17,True,375,230526.0,0,0,0,True,False,-0.001928020565552746
2025-11-18,True,375,236493.0,0,0,0,True,False,0.00064516129032266
2025-11-19,True,375,489743.0,0,0,0,True,False,0.005486834843024591
2025-11-20,True,375,374302.0,0,0,0,True,False,0.0003177629488402278
2025-11-21,True,375,736968.0,0,0,0,True,False,-0.0015874023747539656
2025-11-24,True,375,785850.0,0,0,0,True,False,0.0025396825396826195
2025-11-25,True,375,269409.0,0,0,0,True,False,0.0029655612244898766
2025-11-26,True,375,276191.0,0,0,0,True,False,0.0007058974523519446
2025-11-27,True,375,281543.0,0,0,0,True,False,0.005406430807170626
2025-11-28,True,375,213922.0,0,0,0,True,False,0.0015948963317384823
2025-12-01,True,375,159704.0,0,0,0,True,False,0.0006377754392679069
2025-12-02,True,375,343716.0,0,0,0,True,False,-0.0022307202039515417
2025-12-03,True,375,444483.0,0,0,0,True,False,0.0011158935118762425
2025-12-04,True,375,851782.0,0,0,0,True,False,0.00440251572327055
2025-12-05,False,750,,750,0,0,False,False,0.0004646120489391059
2025-12-08,True,375,286784.0,0,0,0,True,False,0.000617093489663656
2025-12-09,True,375,308936.0,0,0,0,True,False,-0.0024398529911362488
2025-12-10,True,375,156664.0,0,0,0,True,False,0.006208854637920869
2025-12-11,True,375,357061.0,0,0,0,True,False,0.006279434850863463
2025-12-12,True,375,135862.0,0,0,0,True,False,0.0011897679952408424
2025-12-15,True,375,275538.0,0,0,0,True,False,-0.0027949442563895976
2025-12-16,True,375,227189.0,0,0,0,True,False,-0.002169197396963085
2025-12-17,True,375,237830.0,0,0,0,True,False,-0.0019023264516933036
2025-12-18,True,375,364706.0,0,0,0,True,False,0.003169867611411359
2025-12-19,True,375,544170.0,0,0,0,True,False,0.005424844569060117
2025-12-22,True,375,288031.0,0,0,0,True,False,0.007610350076103556
2025-12-23,True,375,185644.0,0,0,0,True,False,-0.0018340348767287296
2025-12-24,True,375,86606.0,0,0,0,True,False,-0.0003025627061208347
2025-12-26,True,375,92349.0,0,0,0,True,False,0.0
2025-12-29,True,375,107482.0,0,0,0,True,False,0.0009460160517562599
2025-12-30,True,375,90269.0,0,0,0,True,False,-0.001536098310291889
2025-12-31,True,375,249299.0,0,0,0,True,False,-0.004608294930875556
