symbol,session,side,entry_time,raw_entry_open,entry_price,stop_price,target_price,one_r_price,exit_time,raw_exit_price,exit_price,exit_reason,opening_relative_volume,opening_drive_pct,risk_per_share,gross_r,breakeven_activated,ambiguity_stop_first,qty,equity_before,gross_pnl,costs,net_pnl,equity_after,risk_rupees,risk_pct_equity,notional
TATASTEEL,2018-02-09,LONG,2018-02-09T10:05:00,68.04,68.07402,67.72,68.78206000000002,68.42804000000001,2018-02-09T11:05:00,67.72,67.68614000000001,STOP,2.9154340931914358,0.032092813017929656,0.35402000000000555,-1.095644313880542,False,False,220,15000.0,-85.33359999999902,"{'brokerage': 8.960170560000002, 'stt': 3.7227377000000006, 'exchange_transaction': 0.9169241206400001, 'sebi': 0.0298672352, 'nse_ipft': 2.9867235200000003e-05, 'gst': 1.7832585209535363, 'stamp_duty': 0.449288532, 'total': 15.86227653602874}",-101.19587653602777,14898.804123463971,77.88440000000122,0.005192293333333414,14976.2844
INFY,2018-02-22,LONG,2018-02-22T10:10:00,577.88,578.1689399999999,576.28,581.9468199999998,580.0578799999998,2018-02-22T14:25:00,576.28,575.99186,STOP,1.370511290402658,0.008816648625999735,1.8889399999999341,-1.1525405783137679,False,False,25,14898.804123463971,-54.426999999998316,"{'brokerage': 8.656205999999997, 'stt': 3.5999491249999997, 'exchange_transaction': 0.8858184139999999, 'sebi': 0.028854019999999994, 'nse_ipft': 2.885402e-05, 'gst': 1.7227633118435994, 'stamp_duty': 0.43362670499999995, 'total': 15.327246429863598}",-69.75424642986191,14829.04987703411,47.22349999999835,0.003169616810091929,14454.223499999998
ITC,2018-03-12,LONG,2018-03-12T10:00:00,266.75,266.883375,266.3,268.050125,267.46675,2018-03-12T10:37:00,266.883375,266.7499333125,BREAKEVEN,3.3569039110890793,0.013068181818181701,0.5833749999999895,-0.22874083994002584,True,False,55,14829.04987703411,-7.33929281250056,"{'brokerage': 8.804949587156248, 'stt': 3.667811583046875, 'exchange_transaction': 0.9010398410856563, 'sebi': 0.0293498319571875, 'nse_ipft': 2.93498319571875e-05, 'gst': 1.7523663498055888, 'stamp_duty': 0.44035756875, 'total': 15.595904111633514}",-22.935196924134075,14806.114680109975,32.085624999999425,0.002163700659587823,14678.585625
BHARTIARTL,2018-03-21,LONG,2018-03-21T09:55:00,377.28,377.46863999999994,375.08,382.24591999999984,379.8572799999999,2018-03-21T12:23:00,382.24591999999984,382.05479703999987,TARGET_2R,1.2875128519732135,0.02250264020146764,2.3886399999999526,1.9199867037310032,True,False,39,14806.114680109975,178.86012455999736,"{'brokerage': 8.886424213367997, 'stt': 3.7250342711399984, 'exchange_transaction': 0.9093774111679918, 'sebi': 0.02962141404455999, 'nse_ipft': 2.9621414044559993e-05, 'gst': 1.7685814787990266, 'stamp_duty': 0.44163830879999993, 'total': 15.760706718733617}",163.09941784126374,14969.214097951239,93.15695999999815,0.0062917897107160736,14721.276959999997
ICICIBANK,2018-03-26,LONG,2018-03-26T10:00:00,279.2,279.33959999999996,278.1,281.81879999999984,280.5791999999999,2018-03-26T10:50:00,278.1,277.96095,STOP,1.6586812170152523,0.01122781600869227,1.239599999999939,-1.1121732817037788,False,False,53,14969.214097951239,-73.06844999999663,"{'brokerage': 8.861078744999999, 'stt': 3.6829825875, 'exchange_transaction': 0.9067837249049999, 'sebi': 0.029536929149999995, 'nse_ipft': 2.953692915e-05, 'gst': 1.7635372084771463, 'stamp_duty': 0.44414996399999995, 'total': 15.688098695961292}",-88.75654869595792,14880.457549255281,65.69879999999677,0.004388927806770339,14804.998799999998
BHARTIARTL,2018-04-02,SHORT,2018-04-02T10:05:00,361.9,361.71905,363.92,357.3171499999999,359.51809999999995,2018-04-02T10:26:00,361.71905,361.89990952499994,BREAKEVEN,1.3303762486874622,-0.01974489379640454,2.2009500000000344,-0.0821733910356696,True,False,41,14880.457549255281,-7.415240524998353,"{'brokerage': 8.900513202157498, 'stt': 3.7076202625, 'exchange_transaction': 0.9108191843541174, 'sebi': 0.029668377340524993, 'nse_ipft': 2.9668377340524998e-05, 'gst': 1.7713854778013065, 'stamp_duty': 0.4451368887157499, 'total': 15.765173061246538}",-23.18041358624489,14857.277135669035,90.23895000000141,0.006064259092928065,14830.481049999999
ICICIBANK,2018-04-03,LONG,2018-04-03T10:00:00,266.05,266.183025,264.65,269.249075,267.71605,2018-04-03T10:57:00,264.65,264.517675,STOP,2.388256068982744,0.01738632021398545,1.5330250000000092,-1.0863162701195215,False,False,55,14857.277135669035,-91.59424999999942,"{'brokerage': 8.756561549999999, 'stt': 3.63711803125, 'exchange_transaction': 0.89608813195, 'sebi': 0.029188538499999996, 'nse_ipft': 2.9188538500000002e-05, 'gst': 1.7427361336179297, 'stamp_duty': 0.43920199125, 'total': 15.500923565106428}",-107.09517356510585,14750.18196210393,84.3163750000005,0.005675089333669057,14640.066374999999
INFY,2018-04-12,LONG,2018-04-12T10:20:00,575.0,575.2875,572.58,580.7025,577.995,2018-04-12T13:17:00,580.7025,580.41214875,TARGET_2R,2.9726594697926814,0.018770031696563105,2.707499999999982,1.8927603878116492,True,False,25,14750.18196210393,128.11621875000014,"{'brokerage': 8.667747365625, 'stt': 3.6275759296875005, 'exchange_transaction': 0.886999480415625, 'sebi': 0.02889249121875, 'nse_ipft': 2.8892491218750003e-05, 'gst': 1.725060281355107, 'stamp_duty': 0.431465625, 'total': 15.367770065793202}",112.74844868420695,14862.930410788138,67.68749999999955,0.004588926439951848,14382.1875
TCS,2018-04-25,LONG,2018-04-25T10:05:00,1720.47,1721.330235,1712.43,1739.1307049999996,1730.2304699999997,2018-04-25T12:48:00,1739.1307049999996,1738.2611396474997,TARGET_2R,1.981181000368394,0.018611521418020693,8.900234999999839,1.9022986075648687,True,False,8,14862.930410788138,135.4472371799984,"{'brokerage': 8.303019299153998, 'stt': 3.4765222792949997, 'exchange_transaction': 0.849675641613426, 'sebi': 0.02767673099718, 'nse_ipft': 2.767673099718e-05, 'gst': 1.6524718827292086, 'stamp_duty': 0.41311925639999997, 'total': 14.722512766919813}",120.7247244130786,14983.655135201217,71.20187999999871,0.004790568079920323,13770.64188
RELIANCE,2018-04-27,LONG,2018-04-27T10:00:00,995.81,996.3079049999999,992.74,1003.4437149999997,999.8758099999998,2018-04-27T10:07:00,992.74,992.24363,STOP,5.540724018988751,0.0214174256254398,3.5679049999998824,-1.1391208566371505,False,False,15,14983.655135201217,-60.96412499999758,"{'brokerage': 8.9484819075, 'stt': 3.7209136125, 'exchange_transaction': 0.9157279818674999, 'sebi': 0.029828273024999997, 'nse_ipft': 2.9828273025e-05, 'gst': 1.7809322383197943, 'stamp_duty': 0.44833855725, 'total': 15.84425239873532}",-76.8083773987329,14906.846757802485,53.518574999998236,0.003571797035975997,14944.618574999999
LT,2018-05-02,SHORT,2018-05-02T10:55:00,1404.15,1403.4479250000002,1407.0,1396.3437750000005,1399.8958500000003,2018-05-02T11:05:00,1396.3437750000005,1397.0419468875004,TARGET_2R,5.0306053342425345,-0.013415492957746467,3.5520749999998316,1.8034467494351971,True,False,10,14906.846757802485,64.05978112499724,"{'brokerage': 8.401469615662501, 'stt': 3.5086198125000005, 'exchange_transaction': 0.8597503906694628, 'sebi': 0.028004898718875005, 'nse_ipft': 2.800489871887501e-05, 'gst': 1.67206552379092, 'stamp_duty': 0.4191125840662502, 'total': 14.889050830306727}",49.170730294690514,14956.017488097175,35.520749999998316,0.00238284800113117,14034.479250000002
HDFCBANK,2018-06-04,SHORT,2018-06-04T10:35:00,1041.25,1040.7293750000001,1044.2,1033.7881250000003,1037.2587500000002,2018-06-04T10:47:00,1044.2,1044.7221,STOP,44.73108742717071,-0.03923720930232566,3.4706249999999272,-1.1504339996398114,False,False,14,14956.017488097175,-55.89814999999771,"{'brokerage': 8.758896195, 'stt': 3.6425528125000004, 'exchange_transaction': 0.8963270439550001, 'sebi': 0.02919632065, 'nse_ipft': 2.9196320650000004e-05, 'gst': 1.743200776066617, 'stamp_duty': 0.438783282, 'total': 15.508985626492267}",-71.40713562648997,14884.610352470685,48.58874999999898,0.003248775955141039,14570.211250000002
SBIN,2018-06-13,LONG,2018-06-13T09:55:00,287.1,287.24355,285.8,290.13065000000006,288.68710000000004,2018-06-13T10:36:00,287.24355,287.09992822500004,BREAKEVEN,1.2940513938601377,0.009859154929577452,1.443550000000016,-0.09949206816527582,True,False,51,14884.610352470685,-7.3247105249992615,"{'brokerage': 8.787455216842499, 'stt': 3.6605240848687504, 'exchange_transaction': 0.8992495838568827, 'sebi': 0.029291517389475004, 'nse_ipft': 2.9291517389475004e-05, 'gst': 1.7488846097291244, 'stamp_duty': 0.43948263150000005, 'total': 15.564916935704122}",-22.889627460703384,14861.720725009982,73.62105000000082,0.004946118726432132,14649.42105
TCS,2018-06-18,SHORT,2018-06-18T10:10:00,1841.9,1840.9790500000001,1846.0,1830.9371500000004,1835.9581000000003,2018-06-18T12:29:00,1846.0,1846.923,STOP,5.218260910493661,-0.019352766401670274,5.020949999999857,-1.183829753333538,False,False,8,14861.720725009982,-47.55159999999887,"{'brokerage': 8.85096492, 'stt': 3.6819581000000006, 'exchange_transaction': 0.90574874348, 'sebi': 0.0295032164, 'nse_ipft': 2.9503216400000003e-05, 'gst': 1.7615243489573518, 'stamp_duty': 0.44326152, 'total': 15.672990352053752}",-63.22459035205262,14798.49613465793,40.167599999998856,0.002702755672995724,14727.832400000001
ITC,2018-06-19,SHORT,2018-06-19T09:55:00,263.05,262.918475,263.6,261.55542499999996,262.23695,2018-06-19T09:59:00,263.6,263.7318,STOP,1.252780950368384,-0.007172517931294697,0.6815250000000219,-1.1933898242911032,False,False,56,14798.49613465793,-45.546200000001136,"{'brokerage': 8.847724620000001, 'stt': 3.6808586500000002, 'exchange_transaction': 0.9054171527800001, 'sebi': 0.0294924154, 'nse_ipft': 2.9492415400000003e-05, 'gst': 1.7608794625071722, 'stamp_duty': 0.44306942400000005, 'total': 15.667471217102577}",-61.21367121710371,14737.282463440826,38.16540000000123,0.0025790053024792327,14723.4346
INFY,2018-06-25,LONG,2018-06-25T09:55:00,636.48,636.79824,634.25,641.8947199999999,639.3464799999999,2018-06-25T10:43:00,634.25,633.9328750000001,STOP,1.4956468059452181,0.012806643545769658,2.5482399999999643,-1.124448639060655,False,False,23,14737.282463440826,-65.90339499999732,"{'brokerage': 8.768044693499998, 'stt': 3.6451140312500008, 'exchange_transaction': 0.8972632403015001, 'sebi': 0.029226815645, 'nse_ipft': 2.9226815645000004e-05, 'gst': 1.7450215157271858, 'stamp_duty': 0.4393907856, 'total': 15.52409030883933}",-81.42748530883665,14655.854978131989,58.60951999999918,0.003976955734233459,14646.35952
TATASTEEL,2018-07-09,SHORT,2018-07-09T09:55:00,56.01,55.981995,56.18,55.585984999999994,55.783989999999996,2018-07-09T10:53:00,56.18,56.20809,STOP,1.2839073926346742,-0.006563775057654708,0.19800500000000198,-1.1418651044165478,False,False,261,14655.854978131989,-59.010795000000215,"{'brokerage': 8.7844836555, 'stt': 3.65282517375, 'exchange_transaction': 0.8989454940795, 'sebi': 0.029281612184999996, 'nse_ipft': 2.9281612185e-05, 'gst': 1.7482932078078037, 'stamp_duty': 0.4401093447, 'total': 15.55396776963449}",-74.56476276963471,14581.290215362355,51.67930500000052,0.003526188344324589,14611.300695
TCS,2018-07-11,LONG,2018-07-11T09:55:00,1924.7,1925.6623499999998,1921.45,1934.0870499999994,1929.8746999999996,2018-07-11T09:55:00,1921.45,1920.4892750000001,STOP,6.9869724310407655,0.015105263157894733,4.2123499999997875,-1.2280734032072262,False,False,7,14581.290215362355,-36.21152499999789,"{'brokerage': 8.0769184125, 'stt': 3.3608562312500005, 'exchange_transaction': 0.8265379842124999, 'sebi': 0.026923061374999998, 'nse_ipft': 2.6923061374999998e-05, 'gst': 1.6074731486067972, 'stamp_duty': 0.40438909349999996, 'total': 14.303124854505672}",-50.51464985450356,14530.77556550785,29.486449999998513,0.0020222113108298596,13479.636449999998
RELIANCE,2018-07-12,LONG,2018-07-12T10:00:00,1048.31,1048.8341549999998,1046.18,1054.1424649999992,1051.4883099999995,2018-07-12T11:13:00,1054.1424649999992,1053.6153937674992,TARGET_2R,2.3818051724551195,0.015852456164092255,2.6541549999997187,1.8014165591308435,True,False,13,14530.77556550785,62.15610397749242,"{'brokerage': 8.199553240193245, 'stt': 3.4242500297443725, 'exchange_transaction': 0.8390876149131089, 'sebi': 0.027331844133977486, 'nse_ipft': 2.733184413397749e-05, 'gst': 1.6318800055952034, 'stamp_duty': 0.4090453204499999, 'total': 14.53117538687404}",47.62492859061838,14578.400494098469,34.50401499999634,0.0023745473766658117,13634.844014999997
ICICIBANK,2018-07-16,SHORT,2018-07-16T10:05:00,259.85,259.72007500000007,260.9,257.36022500000024,258.54015000000015,2018-07-16T11:21:00,257.36022500000024,257.4889051125002,TARGET_2R,2.694706378851739,-0.0237467018469657,1.179924999999912,1.8909421255588381,True,False,56,14578.400494098469,124.94551369999135,"{'brokerage': 8.689110865890004, 'stt': 3.636081050000001, 'exchange_transaction': 0.8891856786094106, 'sebi': 0.028963702886300013, 'nse_ipft': 2.8963702886300016e-05, 'gst': 1.729312057995948, 'stamp_duty': 0.43258136058900043, 'total': 15.405263679673551}",109.5402500203178,14687.940744118787,66.07579999999507,0.004532445107866493,14544.324200000003
HDFCBANK,2018-07-18,LONG,2018-07-18T09:55:00,1101.05,1101.6005249999998,1098.65,1107.5015749999993,1104.5510499999996,2018-07-18T11:01:00,1107.5015749999993,1106.9478242124994,TARGET_2R,2.4061340066851704,0.0071330589849107895,2.950524999999743,1.8123212690961974,True,False,13,14687.940744118787,69.5148897624947,"{'brokerage': 8.613338561928746, 'stt': 3.5975804286906232, 'exchange_transaction': 0.8814316461707085, 'sebi': 0.028711128539762487, 'nse_ipft': 2.871112853976249e-05, 'gst': 1.7142318085981962, 'stamp_duty': 0.42962420474999996, 'total': 15.264946489806578}",54.24994327268813,14742.190687391474,38.35682499999666,0.002611450145954269,14320.806824999998
BHARTIARTL,2018-07-19,LONG,2018-07-19T10:00:00,315.21,315.36760499999997,313.28,319.54281499999996,317.45520999999997,2018-07-19T15:10:00,316.77,316.611615,FORCED_1510,2.0668616666490505,0.0110839812375505,2.0876049999999964,0.5959029605696504,True,False,46,14742.190687391474,57.224460000000136,"{'brokerage': 8.721313235999999, 'stt': 3.6410335724999996, 'exchange_transaction': 0.892481054484, 'sebi': 0.029071044119999997, 'nse_ipft': 2.907104412e-05, 'gst': 1.735720993016661, 'stamp_duty': 0.4352072949, 'total': 15.454856266064779}",41.769603733935355,14783.96029112541,96.02982999999983,0.0065139457246426126,14506.909829999999
BHARTIARTL,2018-08-01,LONG,2018-08-01T09:55:00,364.47,364.652235,363.05,367.85670500000003,366.25447,2018-08-01T10:15:00,364.652235,364.4699088825,BREAKEVEN,1.8354433683941151,0.020637269960066096,1.6022350000000074,-0.1137948662337274,True,False,40,14783.96029112541,-7.293044699999882,"{'brokerage': 8.74946572659, 'stt': 3.6446990888250004, 'exchange_transaction': 0.8953619926877101, 'sebi': 0.0291648857553, 'nse_ipft': 2.9164885755300002e-05, 'gst': 1.7413239185853777, 'stamp_duty': 0.43758268200000006, 'total': 15.497627459329143}",-22.790672159329027,14761.16961896608,64.0894000000003,0.004335063050627389,14586.0894
SBIN,2018-08-06,LONG,2018-08-06T10:20:00,306.3,306.45315,305.1,309.15944999999994,307.80629999999996,2018-08-06T13:40:00,309.15944999999994,309.004870275,TARGET_2R,1.9835640580559766,0.022787757817697818,1.353149999999971,1.8857630528766467,True,False,48,14761.16961896608,122.48257319999902,"{'brokerage': 8.862595491959997, 'stt': 3.7080584432999997, 'exchange_transaction': 0.90693893867724, 'sebi': 0.029541984973199997, 'nse_ipft': 2.9541984973199998e-05, 'gst': 1.7638390723671737, 'stamp_duty': 0.44129253599999996, 'total': 15.712296009262586}",106.77027719073644,14867.939896156817,64.95119999999861,0.004400139126952733,14709.751199999999
ICICIBANK,2018-08-10,SHORT,2018-08-10T09:55:00,329.85,329.68507500000004,331.45,326.15522500000014,327.9201500000001,2018-08-10T11:06:00,326.15522500000014,326.31830261250013,TARGET_2R,1.3210375562716368,-0.015117497380631728,1.7649249999999483,1.9076008258141313,True,False,45,14867.939896156817,151.5047574374958,"{'brokerage': 8.856045597768752, 'stt': 3.7089570937500005, 'exchange_transaction': 0.906268666171669, 'sebi': 0.029520151992562506, 'nse_ipft': 2.952015199256251e-05, 'gst': 1.7625355084952956, 'stamp_duty': 0.4405297085268752, 'total': 15.703886246857149}",135.80087119063867,15003.740767347455,79.42162499999768,0.005341804281878164,14835.828375000001
TATASTEEL,2018-08-14,SHORT,2018-08-14T10:10:00,57.68,57.651160000000004,57.9,57.153480000000016,57.40232000000001,2018-08-14T10:31:00,57.9,57.92894999999999,STOP,5.157246412764912,-0.020442930153321992,0.24883999999999418,-1.1163398167497,False,False,260,15003.740767347455,-72.22539999999711,"{'brokerage': 9.015248579999998, 'stt': 3.7473254000000003, 'exchange_transaction': 0.9225604380200001, 'sebi': 0.0300508286, 'nse_ipft': 3.0050828600000003e-05, 'gst': 1.7942201815407477, 'stamp_duty': 0.45184580999999996, 'total': 15.961281288989348}",-88.18668128898645,14915.55408605847,64.69839999999849,0.004312151283018779,14989.3016
RELIANCE,2018-08-30,SHORT,2018-08-30T10:00:00,1265.5,1264.86725,1270.9,1252.8017499999999,1258.8345,2018-08-30T11:20:00,1270.9,1271.53545,STOP,1.3136868619182127,-0.01167427523508524,6.032750000000078,-1.1053333885872916,False,False,11,14915.55408605847,-73.35020000000077,"{'brokerage': 8.370128909999998, 'stt': 3.4783849375, 'exchange_transaction': 0.85654319179, 'sebi': 0.0279004297, 'nse_ipft': 2.7900429700000002e-05, 'gst': 1.6658280777455456, 'stamp_duty': 0.41960669850000004, 'total': 14.818420145665245}",-88.16862014566601,14827.385465912803,66.36025000000086,0.004449063683261195,13913.53975
INFY,2018-08-31,LONG,2018-08-31T10:15:00,722.98,723.34149,720.7,728.62447,725.98298,2018-08-31T10:25:00,720.7,720.3396500000001,STOP,1.7410475021333294,0.02048979019016217,2.641489999999976,-1.1364192179413624,False,False,20,14827.385465912803,-60.03679999999804,"{'brokerage': 8.662086839999999, 'stt': 3.6016982500000005, 'exchange_transaction': 0.8864202199600001, 'sebi': 0.0288736228, 'nse_ipft': 2.8873622800000004e-05, 'gst': 1.7239337201489038, 'stamp_duty': 0.434004894, 'total': 15.337046420531701}",-75.37384642052974,14752.011619492274,52.82979999999952,0.0035629882369654317,14466.8298
INFY,2018-09-25,LONG,2018-09-25T10:05:00,727.0,727.3634999999999,721.7,738.6904999999997,733.0269999999998,2018-09-25T15:09:00,727.3634999999999,726.99981825,BREAKEVEN,1.8392237318887752,0.00800556909154193,5.663499999999885,-0.06421501721549616,True,False,20,14752.011619492274,-7.2736349999991035,"{'brokerage': 8.726179909499999, 'stt': 3.6349990912499996, 'exchange_transaction': 0.8929790774054999, 'sebi': 0.029087266364999996, 'nse_ipft': 2.9087266364999997e-05, 'gst': 1.7366895612966353, 'stamp_duty': 0.4364181, 'total': 15.456382093083498}",-22.7300170930826,14729.28160239919,113.26999999999771,0.00767827486322819,14547.269999999999
LT,2018-09-28,SHORT,2018-09-28T10:10:00,1301.5,1300.84925,1304.9,1292.7477499999998,1296.7984999999999,2018-09-28T12:12:00,1292.7477499999998,1293.3941238749997,TARGET_2R,1.6461048706783414,-0.011030810193990104,4.050750000000107,1.8404310621490183,True,False,11,14729.28160239919,82.00638737500367,"{'brokerage': 8.561003133787498, 'stt': 3.5773354375, 'exchange_transaction': 0.8760759873575874, 'sebi': 0.028536677112624993, 'nse_ipft': 2.8536677112625e-05, 'gst': 1.703815980288268, 'stamp_duty': 0.42682006087874985, 'total': 15.173615813601842}",66.83277156140183,14796.114373960592,44.55825000000118,0.003025147539629039,14309.34175
HDFCBANK,2018-10-03,SHORT,2018-10-03T10:20:00,1005.2,1004.6974000000001,1006.85,1000.3922000000003,1002.5448000000002,2018-10-03T10:46:00,1006.85,1007.353425,STOP,1.7589987805945553,-0.011544295817655259,2.152599999999893,-1.233868345256907,False,False,14,14796.114373960592,-37.1843499999984,"{'brokerage': 8.450613465, 'stt': 3.5164409000000005, 'exchange_transaction': 0.864779444585, 'sebi': 0.02816871155, 'nse_ipft': 2.816871155e-05, 'gst': 1.681846162172379, 'stamp_duty': 0.4230884385, 'total': 14.964965290518931}",-52.149315290517336,14743.965058670075,30.136399999998503,0.0020367779836194693,14065.763600000002
RELIANCE,2018-10-04,SHORT,2018-10-04T10:05:00,1139.4,1138.8303,1145.1,1126.2909000000004,1132.5606000000002,2018-10-04T10:39:00,1138.8303,1139.39971515,BREAKEVEN,3.511273452164968,-0.03820661444586826,6.26969999999983,-0.09082015885926857,True,False,12,14743.965058670075,-6.832981799999288,"{'brokerage': 8.201628054539999, 'stt': 3.4164909000000003, 'exchange_transaction': 0.8392999375812601, 'sebi': 0.027338760181800002, 'nse_ipft': 2.7338760181800007e-05, 'gst': 1.6322929363913832, 'stamp_duty': 0.410183897454, 'total': 14.527261824908624}",-21.360243624907913,14722.604815045168,75.23639999999796,0.005102860709491153,13665.963600000001
RELIANCE,2018-10-09,SHORT,2018-10-09T09:55:00,1089.42,1088.8752900000002,1096.11,1074.4058700000007,1081.6405800000005,2018-10-09T10:07:00,1096.11,1096.6580549999999,STOP,1.3824575195392355,-0.023669810641514855,7.234709999999723,-1.0757535547381993,False,False,13,14722.604815045168,-101.17594499999609,"{'brokerage': 8.523580045500001, 'stt': 3.538844692500001, 'exchange_transaction': 0.8722463579895001, 'sebi': 0.028411933485, 'nse_ipft': 2.8411933485000002e-05, 'gst': 1.6963680148034375, 'stamp_duty': 0.42769664144999997, 'total': 15.087176097661425}",-116.26312109765752,14606.34169394751,94.0512299999964,0.006388219420512093,14155.378770000003
LT,2018-10-12,LONG,2018-10-12T10:05:00,1235.95,1236.567975,1232.4,1244.9039249999996,1240.7359499999998,2018-10-12T10:18:00,1244.9039249999996,1244.2814730374996,TARGET_2R,1.5915820187253338,0.008287067276290028,4.167974999999842,1.8506584222554041,True,False,11,14606.34169394751,84.84847841249643,"{'brokerage': 8.186803178523748, 'stt': 3.421774050853124, 'exchange_transaction': 0.8377828586022636, 'sebi': 0.027289343928412493, 'nse_ipft': 2.7289343928412496e-05, 'gst': 1.6293424806717034, 'stamp_duty': 0.40806743175, 'total': 14.511086633673179}",70.33739177882326,14676.679085726333,45.84772499999826,0.003138891719820328,13602.247725
ITC,2018-11-09,SHORT,2018-11-09T09:55:00,276.6,276.46170000000006,277.6,274.18510000000015,275.3234000000001,2018-11-09T10:02:00,277.6,277.7388,STOP,1.7486298324805256,-0.007168458781361964,1.1382999999999583,-1.1219362206799688,False,False,53,14676.679085726333,-67.68629999999797,"{'brokerage': 8.811787950000001, 'stt': 3.663117525000001, 'exchange_transaction': 0.9017396335500002, 'sebi': 0.029372626500000006, 'nse_ipft': 2.9372626500000007e-05, 'gst': 1.7537273248817704, 'stamp_duty': 0.4416046920000001, 'total': 15.601379124558274}",-83.28767912455625,14593.391406601777,60.32989999999779,0.004110596112895258,14652.470100000004
BHARTIARTL,2018-11-09,LONG,2018-11-09T10:30:00,272.98,273.11649,272.47,274.40946999999994,273.76297999999997,2018-11-09T10:47:00,274.40946999999994,274.27226526499993,TARGET_2R,3.8665419579078435,0.046939005599609285,0.6464899999999716,1.787769748952006,True,False,53,14593.391406601777,61.25608904499637,"{'brokerage': 8.703481208713498, 'stt': 3.6341075147612494, 'exchange_transaction': 0.8906562436916814, 'sebi': 0.029011604029044995, 'nse_ipft': 2.9011604029045e-05, 'gst': 1.7321720522468855, 'stamp_duty': 0.4342552191, 'total': 15.42371285414639}",45.832376190849985,14639.223782792627,34.263969999998494,0.0023479100262121465,14475.17397
INFY,2018-11-16,SHORT,2018-11-16T10:20:00,647.65,647.326175,650.1,641.7785250000001,644.55235,2018-11-16T12:15:00,650.1,650.4250499999999,STOP,1.5273211206005866,-0.02379148355811478,2.773824999999988,-1.117184753904778,False,False,22,14639.223782792627,-68.17524999999796,"{'brokerage': 8.565158085, 'stt': 3.5602939625000003, 'exchange_transaction': 0.876501177365, 'sebi': 0.02855052695, 'nse_ipft': 2.8550526950000002e-05, 'gst': 1.704642901171551, 'stamp_duty': 0.42928053299999996, 'total': 15.164455736513503}",-83.33970573651146,14555.884077056116,61.024149999999736,0.004168537273931785,14241.175850000001
TATASTEEL,2018-11-21,SHORT,2018-11-21T10:00:00,55.49,55.462255000000006,55.68,55.02676500000002,55.24451000000001,2018-11-21T10:05:00,55.68,55.70784,STOP,1.3412612004478441,-0.013523131672597999,0.21774499999999364,-1.127855978323261,False,False,262,14555.884077056116,-64.34326999999772,"{'brokerage': 8.737969467, 'stt': 3.6327777025000008, 'exchange_transaction': 0.894185542123, 'sebi': 0.02912656489, 'nse_ipft': 2.9126564890000003e-05, 'gst': 1.73903592610402, 'stamp_duty': 0.4378636224, 'total': 15.47098795158191}",-79.81425795157962,14476.069819104538,57.04918999999833,0.003919321540209487,14531.110810000002
TCS,2018-11-22,LONG,2018-11-22T10:15:00,1842.2,1843.1210999999998,1836.0,1857.3632999999995,1850.2421999999997,2018-11-22T11:56:00,1836.0,1835.082,STOP,2.1171038105275968,0.015109890109890056,7.121099999999842,-1.1289126679866752,False,False,7,14476.069819104538,-56.27369999999814,"{'brokerage': 7.724226509999999, 'stt': 3.2113935000000002, 'exchange_transaction': 0.79044584619, 'sebi': 0.0257474217, 'nse_ipft': 2.5747421700000002e-05, 'gst': 1.5372801945561059, 'stamp_duty': 0.38705543099999995, 'total': 13.676174650867805}",-69.94987465086595,14406.119944453672,49.847699999998895,0.003443455345470445,12901.847699999998
HDFCBANK,2018-11-26,LONG,2018-11-26T10:05:00,1016.42,1016.9282099999999,1014.22,1022.3446299999997,1019.6364199999998,2018-11-26T10:39:00,1014.22,1013.7128900000001,STOP,1.5456269595275245,0.010427528675703845,2.7082099999998945,-1.1872491424224552,False,False,14,14406.119944453672,-45.01447999999709,"{'brokerage': 8.52869262, 'stt': 3.547995115000001, 'exchange_transaction': 0.8727695447800001, 'sebi': 0.0284289754, 'nse_ipft': 2.8428975400000003e-05, 'gst': 1.697385522447972, 'stamp_duty': 0.4271098482, 'total': 15.102410054803373}",-60.116890054800464,14346.003054398872,37.91493999999852,0.0026318634126460748,14236.994939999999
TCS,2018-11-27,SHORT,2018-11-27T10:05:00,1837.75,1836.8311250000002,1846.8,1816.8933750000006,1826.8622500000004,2018-11-27T10:12:00,1846.8,1847.7233999999999,STOP,1.722241542716911,-0.007119741100323651,9.968874999999798,-1.0926283056011756,False,False,7,14346.003054398872,-76.2459249999979,"{'brokerage': 7.7375645025, 'stt': 3.21445446875, 'exchange_transaction': 0.7918107674225, 'sebi': 0.025791881675, 'nse_ipft': 2.5791881675e-05, 'gst': 1.5399347298262516, 'stamp_duty': 0.388021914, 'total': 13.697604056055427}",-89.94352905605332,14256.059525342818,69.78212499999859,0.004864220698642714,12857.817875
TCS,2018-11-28,LONG,2018-11-28T09:55:00,1911.65,1912.605825,1904.1,1929.6174750000005,1921.1116500000003,2018-11-28T10:59:00,1929.6174750000005,1928.6526662625006,TARGET_2R,1.2602003973511937,0.01376389624139751,8.505825000000186,1.8865708220543147,True,False,7,14256.059525342818,112.32788883750345,"{'brokerage': 8.06664283165125, 'stt': 3.3751421659593763, 'exchange_transaction': 0.8254864497723113, 'sebi': 0.0268888094388375, 'nse_ipft': 2.6888809438837504e-05, 'gst': 1.6054280963409309, 'stamp_duty': 0.40164722325, 'total': 14.301262465222147}",98.0266263722813,14354.086151715099,59.540775000001304,0.004176524017324452,13388.240775
TATASTEEL,2018-11-29,LONG,2018-11-29T10:05:00,53.85,53.876925,53.63,54.370774999999995,54.12385,2018-11-29T10:31:00,53.63,53.603185,STOP,1.7601920501927866,0.011278195488721776,0.2469249999999974,-1.1085957274476033,False,False,266,14354.086151715099,-72.81483999999908,"{'brokerage': 8.576912777999999, 'stt': 3.5646118025, 'exchange_transaction': 0.877704074282, 'sebi': 0.02858970926, 'nse_ipft': 2.8589709260000002e-05, 'gst': 1.7069823272252267, 'stamp_duty': 0.4299378615, 'total': 15.184767142476485}",-87.99960714247557,14266.086544572623,65.68204999999931,0.004575843373501787,14331.26205
ITC,2018-12-10,SHORT,2018-12-10T10:10:00,269.5,269.36525,270.3,267.49575,268.4305,2018-12-10T10:21:00,270.3,270.43515,STOP,1.5994848361997351,-0.009926470588235259,0.9347500000000082,-1.1445841133993142,False,False,52,14266.086544572623,-55.63480000000095,"{'brokerage': 8.420886240000002, 'stt': 3.5017482500000003, 'exchange_transaction': 0.8617373585600001, 'sebi': 0.028069620800000004, 'nse_ipft': 2.8069620800000007e-05, 'gst': 1.675929832016544, 'stamp_duty': 0.4218788340000001, 'total': 14.910278204997347}",-70.5450782049983,14195.541466367626,48.607000000000426,0.003407171255279706,14006.993
ITC,2018-12-11,LONG,2018-12-11T10:25:00,271.1,271.23555,270.05,273.60664999999995,272.42109999999997,2018-12-11T10:29:00,270.05,269.914975,STOP,1.4411838805274302,0.009500745156482804,1.185549999999978,-1.1138922862806184,False,False,52,14195.541466367626,-68.66989999999805,"{'brokerage': 8.44194819, 'stt': 3.5088946750000005, 'exchange_transaction': 0.86389269811, 'sebi': 0.0281398273, 'nse_ipft': 2.8139827300000003e-05, 'gst': 1.680121593942714, 'stamp_duty': 0.42312745799999996, 'total': 14.946152582180014}",-83.61605258217807,14111.925413785448,61.64859999999885,0.004342814266441192,14104.248599999999
SBIN,2018-12-13,LONG,2018-12-13T09:55:00,293.0,293.1465,292.25,294.9395,294.043,2018-12-13T10:00:00,292.25,292.103875,STOP,2.002982577394151,0.01379310344827589,0.8965000000000032,-1.1629949804796242,False,False,48,14111.925413785448,-50.04599999999937,"{'brokerage': 8.4276054, 'stt': 3.5052465, 'exchange_transaction': 0.8624249526000001, 'sebi': 0.028092018, 'nse_ipft': 2.8092018e-05, 'gst': 1.67726708327124, 'stamp_duty': 0.42213096, 'total': 14.92279500588924}",-64.96879500588861,14046.956618779559,43.03200000000015,0.003049335844559077,14071.032
TCS,2018-12-13,SHORT,2018-12-13T10:05:00,1996.45,1995.4517750000002,2009.0,1968.3553250000007,1981.9035500000005,2018-12-13T15:10:00,1984.35,1985.3421749999998,FORCED_1510,1.4149612410957266,-0.00988142292490124,13.548224999999775,0.7461936895793082,True,False,7,14046.956618779559,70.76720000000319,"{'brokerage': 8.359667295, 'stt': 3.4920406062500007, 'exchange_transaction': 0.8554726198550001, 'sebi': 0.02786555765, 'nse_ipft': 2.7865557650000004e-05, 'gst': 1.6637460008512768, 'stamp_duty': 0.41692185675, 'total': 14.815741801913925}",55.95145819808926,14102.908076977648,94.83757499999842,0.006751467778665226,13968.162425000002
SBIN,2018-12-19,LONG,2018-12-19T09:55:00,297.85,297.998925,296.3,301.39677499999993,299.69784999999996,2018-12-19T13:14:00,301.39677499999993,301.24607661249996,TARGET_2R,1.259387573920308,0.0076348829317951505,1.6989249999999743,1.9112977986079585,True,False,47,14102.908076977648,152.6161257874989,"{'brokerage': 8.449354522736249, 'stt': 3.539641400196875, 'exchange_transaction': 0.8646506128266762, 'sebi': 0.028164515075787495, 'nse_ipft': 2.81645150757875e-05, 'gst': 1.6815956067276816, 'stamp_duty': 0.42017848425, 'total': 14.983613306328342}",137.63251248117055,14240.540589458818,79.84947499999879,0.005661915582527933,14005.949475
INFY,2018-12-21,SHORT,2018-12-21T10:00:00,653.55,653.223225,654.75,650.1696749999999,651.6964499999999,2018-12-21T10:01:00,654.75,655.077375,STOP,1.7430684974863175,-0.011372251705837777,1.5267750000000433,-1.214422557351248,False,False,21,14240.540589458818,-38.93715000000009,"{'brokerage': 8.24229378, 'stt': 3.42942193125, 'exchange_transaction': 0.84346139682, 'sebi': 0.027474312599999995, 'nse_ipft': 2.7474312599999998e-05, 'gst': 1.640386253471868, 'stamp_duty': 0.41269874624999997, 'total': 14.595763894704469}",-53.532913894704556,14187.007675564113,32.06227500000091,0.002251478783307858,13717.687725
RELIANCE,2018-12-27,LONG,2018-12-27T10:00:00,1110.62,1111.1753099999999,1106.76,1120.0059299999996,1115.5906199999997,2018-12-27T10:07:00,1106.76,1106.2066200000002,STOP,2.60560263036414,0.014186725018234814,4.415309999999863,-1.1253320831379565,False,False,12,14187.007675564113,-59.62427999999636,"{'brokerage': 7.982574948, 'stt': 3.318619860000001, 'exchange_transaction': 0.8168835030120001, 'sebi': 0.02660858316, 'nse_ipft': 2.6608583160000002e-05, 'gst': 1.5886968556959289, 'stamp_duty': 0.4000231116, 'total': 14.133433470051092}",-73.75771347004745,14113.249962094065,52.98371999999836,0.003734664928056549,13334.10372
RELIANCE,2018-12-28,LONG,2018-12-28T10:20:00,1122.81,1123.3714049999999,1120.38,1129.3542149999994,1126.3628099999996,2018-12-28T10:37:00,1120.38,1119.8198100000002,STOP,1.2574256377341833,0.007552043626056992,2.9914049999997587,-1.1872665185757079,False,False,12,14113.249962094065,-42.61913999999615,"{'brokerage': 8.075488373999999, 'stt': 3.3594594300000007, 'exchange_transaction': 0.826391643606, 'sebi': 0.026918294580000002, 'nse_ipft': 2.6918294580000003e-05, 'gst': 1.6071885414865041, 'stamp_duty': 0.40441370579999997, 'total': 14.299886907767084}",-56.91902690776323,14056.330935186303,35.896859999997105,0.002543486446878666,13480.456859999998
TATASTEEL,2019-01-02,SHORT,2019-01-02T10:10:00,50.22,50.19489,50.38,49.82467,50.00978,2019-01-02T10:19:00,50.38,50.40519,STOP,2.272972027078764,-0.00849802371541497,0.18511000000000166,-1.1360812489870602,False,False,280,14056.330935186303,-58.88399999999905,"{'brokerage': 8.45040672, 'stt': 3.5136423, 'exchange_transaction': 0.8647582876800001, 'sebi': 0.0281680224, 'nse_ipft': 2.8168022400000002e-05, 'gst': 1.6818050156584319, 'stamp_duty': 0.423403596, 'total': 14.962212109760832}",-73.84621210975988,13982.484723076543,51.830800000000465,0.0036873633837302294,14054.5692
RELIANCE,2019-01-04,SHORT,2019-01-04T10:10:00,1074.07,1073.532965,1078.03,1064.5388950000004,1069.0359300000002,2019-01-04T10:34:00,1078.03,1078.5690149999998,STOP,1.4680236892947391,-0.01253794499126104,4.497034999999869,-1.1198600855896945,False,False,13,13982.484723076543,-65.46864999999616,"{'brokerage': 8.393197722, 'stt': 3.48898213625, 'exchange_transaction': 0.858903900218, 'sebi': 0.02797732574, 'nse_ipft': 2.7977325740000003e-05, 'gst': 1.670419246551073, 'stamp_duty': 0.42064191584999994, 'total': 14.860150223934813}",-80.32880022393097,13902.155922852611,58.461454999998296,0.004181049088043282,13955.928545
INFY,2019-01-15,LONG,2019-01-15T09:55:00,714.35,714.707175,712.05,720.0215250000001,717.3643500000001,2019-01-15T10:36:00,720.0215250000001,719.6615142375001,TARGET_2R,1.6369587235818557,0.011029411764705843,2.657175000000052,1.8645137175760012,True,False,19,13902.155922852611,94.13244551250204,"{'brokerage': 8.17590152865375, 'stt': 3.4183921926281258, 'exchange_transaction': 0.8366672564322339, 'sebi': 0.027253005095512504, 'nse_ipft': 2.7253005095512508e-05, 'gst': 1.6271728277735866, 'stamp_duty': 0.40738308975000004, 'total': 14.492797153338305}",79.63964835916374,13981.795571211775,50.48632500000099,0.003631546450792619,13579.436325
LT,2019-01-21,LONG,2019-01-21T11:25:00,1316.0,1316.658,1307.25,1335.4739999999997,1326.0659999999998,2019-01-21T12:41:00,1316.658,1315.999671,BREAKEVEN,17.114794510055216,0.029710711493354136,9.407999999999902,-0.06997544642855802,True,False,10,13981.795571211775,-6.583289999998669,"{'brokerage': 7.897973012999999, 'stt': 3.2899991775, 'exchange_transaction': 0.808225904997, 'sebi': 0.026326576709999997, 'nse_ipft': 2.632657671e-05, 'gst': 1.5718593278310675, 'stamp_duty': 0.39499739999999994, 'total': 13.989407726614775}",-20.572697726613445,13961.222873485161,94.07999999999902,0.006728749502939935,13166.579999999998
ICICIBANK,2019-01-28,SHORT,2019-01-28T10:15:00,346.1,345.92695000000003,348.25,341.2808500000001,343.60390000000007,2019-01-28T11:31:00,341.2808500000001,341.4514904250001,TARGET_2R,3.227962932681174,-0.02095130237825593,2.3230499999999665,1.9265446611136263,True,False,40,13961.222873485161,179.0183829999978,"{'brokerage': 8.2485412851, 'stt': 3.4592695000000004, 'exchange_transaction': 0.8441007248419001, 'sebi': 0.027495137617000003, 'nse_ipft': 2.7495137617000007e-05, 'gst': 1.641629635685373, 'stamp_duty': 0.4097417885100001, 'total': 14.630805566891892}",164.38757743310592,14125.610450918268,92.92199999999866,0.006655720694529848,13837.078000000001
ICICIBANK,2019-01-30,LONG,2019-01-30T10:00:00,360.95,361.130475,358.7,365.991425,363.56095,2019-01-30T11:16:00,358.7,358.52065,STOP,2.7392183931914094,0.030484330484330524,2.4304750000000013,-1.0737921599687301,False,False,39,14125.610450918268,-101.78317500000003,"{'brokerage': 8.419918162499998, 'stt': 3.4955763374999997, 'exchange_transaction': 0.8616382919625, 'sebi': 0.028066393874999998, 'nse_ipft': 2.8066393875e-05, 'gst': 1.675737164651647, 'stamp_duty': 0.42252265575, 'total': 14.90348707263302}",-116.68666207263306,14008.923788845635,94.78852500000005,0.006710402026826253,14084.088525
SBIN,2019-02-15,SHORT,2019-02-15T10:00:00,264.4,264.26779999999997,265.15,262.50339999999994,263.38559999999995,2019-02-15T10:08:00,265.15,265.28257499999995,STOP,2.415610475125736,-0.019899572252185305,0.8822000000000116,-1.1502777148038683,False,False,53,14008.923788845635,-53.78307499999926,"{'brokerage': 8.419850962499998, 'stt': 3.5015483499999998, 'exchange_transaction': 0.8616314151624999, 'sebi': 0.028066169874999995, 'nse_ipft': 2.8066169874999997e-05, 'gst': 1.675723790467327, 'stamp_duty': 0.42179929424999996, 'total': 14.9086480484247}",-68.69172304842395,13940.232065797212,46.75660000000062,0.0033376296926698793,14006.193399999998
TCS,2019-02-28,SHORT,2019-02-28T10:05:00,2045.9,2044.8770500000003,2051.85,2030.931150000001,2037.9041000000007,2019-02-28T10:33:00,2051.85,2052.875925,STOP,1.3067869060978385,-0.006262135922330159,6.972949999999628,-1.1471292637979578,False,False,6,13940.232065797212,-47.99324999999726,"{'brokerage': 7.375955354999999, 'stt': 3.0673155750000007, 'exchange_transaction': 0.754806097995, 'sebi': 0.02458651785, 'nse_ipft': 2.458651785e-05, 'gst': 1.4679670603253128, 'stamp_duty': 0.36951766649999995, 'total': 13.060172859188164}",-61.053422859185424,13879.178642938026,41.83769999999777,0.0030012197646729173,12269.262300000002
SBIN,2019-03-06,LONG,2019-03-06T10:00:00,282.15,282.291075,280.25,286.37322499999993,284.33214999999996,2019-03-06T12:34:00,280.25,280.109875,STOP,1.7803381738402897,0.015686981608366235,2.041074999999978,-1.0686525482895108,False,False,49,13879.178642938026,-106.8787999999995,"{'brokerage': 8.267293964999999, 'stt': 3.43134596875, 'exchange_transaction': 0.846019749085, 'sebi': 0.027557646549999995, 'nse_ipft': 2.7557646549999998e-05, 'gst': 1.6453618052906787, 'stamp_duty': 0.41496788025, 'total': 14.632574572572226}",-121.51137457257173,13757.667268365454,100.01267499999892,0.007205950551755968,13832.262674999998
RELIANCE,2019-03-07,LONG,2019-03-07T10:05:00,1264.51,1265.142255,1262.04,1271.346765,1268.24451,2019-03-07T11:06:00,1262.04,1261.40898,STOP,1.4106837617196057,0.011787913395573835,3.1022550000000138,-1.203406876610734,False,False,10,13757.667268365454,-37.33275000000049,"{'brokerage': 7.579653704999998, 'stt': 3.15352245, 'exchange_transaction': 0.775651229145, 'sebi': 0.025265512349999995, 'nse_ipft': 2.5265512349999997e-05, 'gst': 1.5085072281613228, 'stamp_duty': 0.3795426765, 'total': 13.422168066668672}",-50.75491806666916,13706.912350298786,31.022550000000138,0.002254928062647202,12651.42255
LT,2019-03-19,SHORT,2019-03-19T10:15:00,1356.95,1356.271525,1360.0,1348.8145750000003,1352.5430500000002,2019-03-19T10:20:00,1356.271525,1356.9496607625001,BREAKEVEN,1.3479078470079913,-0.012800875273522916,3.7284749999998894,-0.18188019565640795,True,False,10,13706.912350298786,-6.781357625000055,"{'brokerage': 8.1396635572875, 'stt': 3.3906788125000005, 'exchange_transaction': 0.8329589040290876, 'sebi': 0.027132211857625002, 'nse_ipft': 2.7132211857625004e-05, 'gst': 1.6199607249694925, 'stamp_duty': 0.40708489822875005, 'total': 14.417506241084313}",-21.198863866084366,13685.713486432702,37.284749999998894,0.00272014214778182,13562.715250000001
LT,2019-03-22,LONG,2019-03-22T09:55:00,1402.2,1402.9011,1398.2,1412.3033,1407.6022,2019-03-22T10:14:00,1412.3033,1411.5971483500002,TARGET_2R,1.6675400443319153,0.01885424220449594,4.701099999999997,1.8497901235881367,True,False,9,13685.713486432702,78.26443515000165,"{'brokerage': 7.599145270545, 'stt': 3.1760935837875004, 'exchange_transaction': 0.777645866019105, 'sebi': 0.02533048423515, 'nse_ipft': 2.5330484235150004e-05, 'gst': 1.512386451231028, 'stamp_duty': 0.378783297, 'total': 13.469410283302018}",64.79502486669963,13750.508511299402,42.30989999999997,0.003091537758842006,12626.1099
TCS,2019-03-28,LONG,2019-03-28T10:00:00,2000.1,2001.1000499999998,1995.05,2013.2001499999994,2007.1500999999996,2019-03-28T10:06:00,1995.05,1994.052475,STOP,1.7608222368786755,0.01270202020202027,6.050049999999828,-1.1648788026545276,False,False,6,13750.508511299402,-42.285449999998946,"{'brokerage': 7.191274544999999, 'stt': 2.9910787125, 'exchange_transaction': 0.735907095105, 'sebi': 0.023970915149999997, 'nse_ipft': 2.397091515e-05, 'gst': 1.4312117747106268, 'stamp_duty': 0.36019800899999993, 'total': 12.733665022380777}",-55.01911502237972,13695.489396277022,36.30029999999897,0.0026399241868160297,12006.600299999998
TCS,2019-03-29,SHORT,2019-03-29T10:00:00,1997.0,1996.0015,2008.2,1971.6045000000001,1983.803,2019-03-29T11:04:00,1996.0015,1996.99950075,BREAKEVEN,1.3591615625882691,-0.007429420505200568,12.198499999999967,-0.08181339918841243,True,False,6,13695.489396277022,-5.988004499999079,"{'brokerage': 7.187401801349999, 'stt': 2.99400225, 'exchange_transaction': 0.73551078433815, 'sebi': 0.023958006004499998, 'nse_ipft': 2.39580060045e-05, 'gst': 1.4304410189457577, 'stamp_duty': 0.359459910135, 'total': 12.73079772877941}",-18.718802228778486,13676.770594048243,73.1909999999998,0.0053441682792216266,11976.009
TATASTEEL,2019-04-01,LONG,2019-04-01T10:20:00,53.63,53.656815,53.42,54.130445,53.89363,2019-04-01T12:00:00,54.130445,54.1033797775,TARGET_2R,3.4873763875599564,0.011132075471698144,0.236815,1.885711536431395,True,False,254,13676.770594048243,113.4274534850002,"{'brokerage': 8.2113268420455, 'stt': 3.4355646158712503, 'exchange_transaction': 0.8402924468359896, 'sebi': 0.027371089473485, 'nse_ipft': 2.7371089473485003e-05, 'gst': 1.6342231949000006, 'stamp_duty': 0.4088649303, 'total': 14.557670490515699}",98.8697829944845,13775.640377042728,60.15101,0.004398041890545132,13628.83101
SBIN,2019-04-02,LONG,2019-04-02T10:05:00,328.0,328.164,326.1,332.2919999999999,330.22799999999995,2019-04-02T10:34:00,326.1,325.93695,STOP,1.4311021457543898,0.010659663216437743,2.0639999999999645,-1.0789970930232564,False,False,41,13775.640377042728,-91.30904999999848,"{'brokerage': 8.045441685, 'stt': 3.3408537375000003, 'exchange_transaction': 0.8233168657650001, 'sebi': 0.02681813895, 'nse_ipft': 2.681813895e-05, 'gst': 1.601208631413711, 'stamp_duty': 0.40364172000000004, 'total': 14.24130759676766}",-105.55035759676613,13670.090019445961,84.62399999999855,0.0061430175065418716,13454.724
TATASTEEL,2019-04-10,LONG,2019-04-10T09:55:00,55.66,55.68782999999999,55.5,56.06348999999997,55.87565999999998,2019-04-10T10:17:00,55.68782999999999,55.65998608499999,BREAKEVEN,1.445466632350092,0.011419249592169667,0.18782999999999106,-0.14823997763935262,True,False,245,13670.090019445961,-6.821759174999578,"{'brokerage': 8.184064482247498, 'stt': 3.4091741477062496, 'exchange_transaction': 0.8375025986833274, 'sebi': 0.027280214940824995, 'nse_ipft': 2.7280214940825e-05, 'gst': 1.6287974236955864, 'stamp_duty': 0.40930555049999995, 'total': 14.496151697988426}",-21.317910872988,13648.772108572974,46.01834999999781,0.0033663531062733195,13643.518349999998
RELIANCE,2019-04-16,LONG,2019-04-16T10:15:00,1344.85,1345.5224249999999,1340.49,1355.5872749999996,1350.5548499999998,2019-04-16T11:01:00,1340.49,1339.819755,STOP,1.3436958142202189,0.009629457282887,5.032424999999876,-1.1331852933724873,False,False,10,13648.772108572974,-57.02669999999898,"{'brokerage': 8.05602654, 'stt': 3.3495493875, 'exchange_transaction': 0.82440004926, 'sebi': 0.0268534218, 'nse_ipft': 2.6853421800000003e-05, 'gst': 1.603315235606724, 'stamp_duty': 0.4036567275, 'total': 14.263828215088523}",-71.2905282150875,13577.481580357886,50.324249999998756,0.0036870899154649544,13455.22425
ICICIBANK,2019-04-18,SHORT,2019-04-18T10:00:00,407.4,407.1963,408.65,404.28890000000007,405.74260000000004,2019-04-18T10:37:00,404.28890000000007,404.49104445000006,TARGET_2R,2.0331852883715635,-0.008880778588807758,1.4536999999999694,1.8609448648276838,True,False,33,13577.481580357886,89.27343314999825,"{'brokerage': 8.035704710055, 'stt': 3.359369475, 'exchange_transaction': 0.822320448662295, 'sebi': 0.02678568236685, 'nse_ipft': 2.678568236685e-05, 'gst': 1.599270772817972, 'stamp_duty': 0.40044613400550005, 'total': 14.243924008589984}",75.02950914140827,13652.511089499294,47.97209999999899,0.003533210464405911,13437.4779
LT,2019-04-25,LONG,2019-04-25T10:05:00,1376.0,1376.6879999999999,1373.0,1384.0639999999996,1380.3759999999997,2019-04-25T10:16:00,1373.0,1372.3135,STOP,2.15916798501472,0.008157442294326467,3.6879999999998745,-1.1861442516269107,False,False,9,13652.511089499294,-39.37049999999908,"{'brokerage': 7.422304049999999, 'stt': 3.087705375, 'exchange_transaction': 0.7595491144500001, 'sebi': 0.0247410135, 'nse_ipft': 2.4741013500000003e-05, 'gst': 1.4771914054134296, 'stamp_duty': 0.37170576, 'total': 13.143221459376928}",-52.513721459376015,13599.997368039918,33.19199999999887,0.0024312011015708455,12390.192
ITC,2019-05-07,SHORT,2019-05-07T09:55:00,305.75,305.597125,306.65,303.49137500000006,304.54425000000003,2019-05-07T11:00:00,306.65,306.803325,STOP,1.3397786806366747,-0.007299270072992692,1.0528749999999718,-1.1456250742015903,False,False,44,13599.997368039918,-53.07279999999855,"{'brokerage': 8.083685939999999, 'stt': 3.361568375, 'exchange_transaction': 0.8272305278600001, 'sebi': 0.0269456198, 'nse_ipft': 2.6945619800000003e-05, 'gst': 1.6088200259903633, 'stamp_duty': 0.404980389, 'total': 14.313257823270161}",-67.38605782326871,13532.61131021665,46.32649999999876,0.0034063609533385893,13446.2735
ITC,2019-05-08,LONG,2019-05-08T09:55:00,303.0,303.1515,301.95,305.5545,304.353,2019-05-08T10:11:00,301.95,301.79902500000003,STOP,1.4307240874143357,0.010000000000000009,1.20150000000001,-1.125655430711576,False,False,44,13532.61131021665,-59.508899999998675,"{'brokerage': 7.985346929999999, 'stt': 3.319789275, 'exchange_transaction': 0.8171671691700001, 'sebi': 0.0266178231, 'nse_ipft': 2.6617823100000002e-05, 'gst': 1.5892485372167577, 'stamp_duty': 0.40015997999999997, 'total': 14.138356332309856}",-73.64725633230853,13458.964053884341,52.86600000000044,0.003906563100655115,13338.666
LT,2019-05-20,LONG,2019-05-20T09:55:00,1427.1,1427.8135499999999,1423.25,1436.9406499999996,1432.3770999999997,2019-05-20T10:19:00,1427.8135499999999,1427.099643225,BREAKEVEN,4.769234340859265,0.022642857142857187,4.56354999999985,-0.15643671593385955,True,False,9,13458.964053884341,-6.425160974999471,"{'brokerage': 7.708265621707499, 'stt': 3.2109741972562498, 'exchange_transaction': 0.7888125152880674, 'sebi': 0.025694218739024995, 'nse_ipft': 2.5694218739025e-05, 'gst': 1.5341036489915991, 'stamp_duty': 0.38550965849999996, 'total': 13.65338555470118}",-20.078546529700652,13438.88550735464,41.07194999999865,0.0030516427442381813,12850.321949999998
LT,2019-05-21,SHORT,2019-05-21T10:10:00,1441.3,1440.57935,1446.0,1429.73805,1435.1587,2019-05-21T10:57:00,1446.0,1446.723,STOP,1.608416167542172,-0.010000000000000009,5.420650000000023,-1.1333788383311878,False,False,9,13438.88550735464,-55.29284999999982,"{'brokerage': 7.795716344999999, 'stt': 3.2413035375, 'exchange_transaction': 0.797761639305, 'sebi': 0.025985721149999995, 'nse_ipft': 2.598572115e-05, 'gst': 1.5515081444117067, 'stamp_duty': 0.39061521, 'total': 13.802916583087857}",-69.09576658308768,13369.789740771552,48.78585000000021,0.003630200582726997,12965.21415
ITC,2019-05-23,SHORT,2019-05-23T10:05:00,300.65,300.49967499999997,302.0,297.4990249999999,298.99934999999994,2019-05-23T10:55:00,297.4990249999999,297.6477745124999,TARGET_2R,1.968733317796504,-0.01967213114754096,1.500325000000032,1.9008551397197364,True,False,44,13369.789740771552,125.48362145000328,"{'brokerage': 7.895546333564997, 'stt': 3.305496425, 'exchange_transaction': 0.8079775748014848, 'sebi': 0.02631848777854999, 'nse_ipft': 2.6318487778549995e-05, 'gst': 1.5713763686339057, 'stamp_duty': 0.39289506235649985, 'total': 13.999636570623217}",111.48398487938007,13481.273725650932,66.01430000000141,0.0049375720396476344,13221.9857
TCS,2019-05-24,SHORT,2019-05-24T10:00:00,2040.4,2039.3798000000002,2044.0,2030.1394000000005,2034.7596000000003,2019-05-24T10:54:00,2044.0,2045.022,STOP,1.3471582592070843,-0.017391304347826098,4.620199999999841,-1.221202545344351,False,False,6,13481.273725650932,-33.85319999999865,"{'brokerage': 7.35192324, 'stt': 3.0590697000000002, 'exchange_transaction': 0.7523468115599999, 'sebi': 0.024506410799999996, 'nse_ipft': 2.45064108e-05, 'gst': 1.463184174378744, 'stamp_duty': 0.36810396, 'total': 13.019158803149544}",-46.872358803148195,13434.401366847784,27.721199999999044,0.00205627454527933,12236.2788
TCS,2019-05-31,LONG,2019-05-31T10:00:00,2184.6,2185.6922999999997,2175.95,2205.1768999999995,2195.4345999999996,2019-05-31T10:34:00,2175.95,2174.862025,STOP,1.851811063271327,0.011111111111111072,9.742299999999886,-1.1116753743982353,False,False,6,13434.401366847784,-64.98164999999881,"{'brokerage': 7.848997784999998, 'stt': 3.2622930374999997, 'exchange_transaction': 0.8032141066649999, 'sebi': 0.026163325949999997, 'nse_ipft': 2.616332595e-05, 'gst': 1.5621122485693704, 'stamp_duty': 0.39342461399999995, 'total': 13.896231281010317}",-78.87788128100912,13355.523485566775,58.45379999999932,0.004351053567913073,13114.153799999998
INFY,2019-06-03,LONG,2019-06-03T10:00:00,737.55,737.9187749999999,735.25,743.2563249999996,740.5875499999997,2019-06-03T10:52:00,743.2563249999996,742.8846968374996,TARGET_2R,1.2730391939067223,0.012058098109070992,2.6687749999998687,1.8607495339622142,True,False,18,13355.523485566775,89.38659307499574,"{'brokerage': 7.996338747922497, 'stt': 3.3429811357687487, 'exchange_transaction': 0.8182919985374023, 'sebi': 0.02665446249307499, 'nse_ipft': 2.6654462493074995e-05, 'gst': 1.5914361354147841, 'stamp_duty': 0.39847613849999997, 'total': 14.174205273099}",75.21238780189674,13430.735873368672,48.037949999997636,0.003596860134453878,13282.537949999998
INFY,2019-07-10,LONG,2019-07-10T10:00:00,720.45,720.8102250000001,717.8,726.8306750000003,723.8204500000002,2019-07-10T10:15:00,717.8,717.4411,STOP,2.290131883045588,0.019322990126939388,3.010225000000105,-1.1192269680837599,False,False,18,13430.735873368672,-60.644250000000966,"{'brokerage': 7.766557154999999, 'stt': 3.22848495, 'exchange_transaction': 0.7947776821950001, 'sebi': 0.02588852385, 'nse_ipft': 2.5888523850000003e-05, 'gst': 1.545704864922393, 'stamp_duty': 0.38923752150000007, 'total': 13.750676585991243}",-74.39492658599221,13356.34094678268,54.18405000000189,0.004034332184838919,12974.584050000001
SBIN,2019-07-19,SHORT,2019-07-19T10:05:00,359.9,359.72005,361.75,355.66015000000004,357.69010000000003,2019-07-19T13:33:00,355.66015000000004,355.837980075,TARGET_2R,1.5425270589986242,-0.012462339085182128,2.0299499999999853,1.912396820118734,True,False,37,13356.34094678268,143.63658722499986,"{'brokerage': 7.9426941338325, 'stt': 3.3274104625, 'exchange_transaction': 0.8128023663621926, 'sebi': 0.026475647112775, 'nse_ipft': 2.6475647112775003e-05, 'gst': 1.5807597521318244, 'stamp_duty': 0.39498015788325, 'total': 14.085148995469655}",129.5514382295302,13485.89238501221,75.10814999999945,0.005623407660770427,13309.64185
HDFCBANK,2019-07-22,SHORT,2019-07-22T10:05:00,1152.53,1151.953735,1157.0,1141.8612050000002,1146.90747,2019-07-22T10:21:00,1157.0,1157.5784999999998,STOP,2.8444104206296585,-0.018311300639658912,5.0462649999999485,-1.1146392430837173,False,False,11,13485.89238501221,-61.87241499999777,"{'brokerage': 7.621456375499999, 'stt': 3.1678727712500003, 'exchange_transaction': 0.7799290357595, 'sebi': 0.025404854585, 'nse_ipft': 2.5404854585000004e-05, 'gst': 1.5168268207258349, 'stamp_duty': 0.38200090499999995, 'total': 13.493516167674917}",-75.36593116767268,13410.526453844537,55.50891499999943,0.004116072812629757,12671.491085000001
ICICIBANK,2019-07-30,LONG,2019-07-30T10:15:00,437.0,437.21849999999995,435.0,441.65549999999985,439.4369999999999,2019-07-30T11:32:00,435.0,434.7825,STOP,1.296354671131553,0.007505773672055405,2.218499999999949,-1.0980392156862644,False,False,30,13410.526453844537,-73.07999999999765,"{'brokerage': 7.848008999999999, 'stt': 3.26086875, 'exchange_transaction': 0.803112921, 'sebi': 0.026160029999999997, 'nse_ipft': 2.616003e-05, 'gst': 1.5619154599854, 'stamp_duty': 0.39349664999999995, 'total': 13.893588971015399}",-86.97358897101306,13323.552864873524,66.55499999999847,0.004962892413587421,13116.554999999998
ITC,2019-08-05,SHORT,2019-08-05T09:55:00,259.55,259.420225,260.3,257.660675,258.54045,2019-08-05T10:56:00,257.660675,257.78950533750003,TARGET_2R,1.8933821609756774,-0.022314674735249507,0.8797749999999951,1.8535644482964324,True,False,51,13323.552864873524,83.16670278749922,"{'brokerage': 7.91330887416375, 'stt': 3.3076078687500003, 'exchange_transaction': 0.8097952747894238, 'sebi': 0.0263776962472125, 'nse_ipft': 2.6377696247212504e-05, 'gst': 1.5749114801213941, 'stamp_duty': 0.3944179431663751, 'total': 14.026445514934405}",69.14025727256481,13392.693122146089,44.86852499999975,0.0033676096349864763,13230.431475000001
ITC,2019-08-06,LONG,2019-08-06T09:55:00,260.35,260.48017500000003,259.9,261.64052500000014,261.0603500000001,2019-08-06T10:26:00,259.9,259.77004999999997,STOP,1.3185553585863365,0.008695652173912993,0.5801750000000538,-1.223984142715553,False,False,51,13392.693122146089,-36.216375000003154,"{'brokerage': 7.959828442499999, 'stt': 3.3120681374999994, 'exchange_transaction': 0.8145557772825, 'sebi': 0.026532761475, 'nse_ipft': 2.6532761475e-05, 'gst': 1.584169832523415, 'stamp_duty': 0.39853466775000007, 'total': 14.095716151792388}",-50.31209115179554,13342.381030994293,29.588925000002746,0.002209333457441405,13284.488925000001
TATASTEEL,2019-08-07,SHORT,2019-08-07T10:05:00,38.94,38.92053,39.03,38.701589999999996,38.81106,2019-08-07T10:06:00,39.03,39.049515,STOP,2.419566171504,-0.021265822784810262,0.10947000000000173,-1.178268018635225,False,False,342,13342.381030994293,-44.11287000000004,"{'brokerage': 7.9997266169999985, 'stt': 3.327705315, 'exchange_transaction': 0.818638690473, 'sebi': 0.026665755389999997, 'nse_ipft': 2.666575539e-05, 'gst': 1.59211039115131, 'stamp_duty': 0.4006480239, 'total': 14.165521458669701}",-58.278391458669745,13284.102639535624,37.43874000000059,0.0028060014110697757,13310.82126
RELIANCE,2019-08-13,LONG,2019-08-13T10:00:00,1256.74,1257.36837,1248.91,1274.2851099999996,1265.8267399999997,2019-08-13T10:19:00,1274.2851099999996,1273.6479674449997,TARGET_2R,10.769670377388458,0.02987958119469214,8.458369999999832,1.924673127919461,True,False,10,13284.102639535624,162.79597444999808,"{'brokerage': 7.5930490123349985, 'stt': 3.1841199186124998, 'exchange_transaction': 0.777022015595615, 'sebi': 0.02531016337445, 'nse_ipft': 2.5310163374450002e-05, 'gst': 1.5111731702643187, 'stamp_duty': 0.37721051099999997, 'total': 13.467910101345256}",149.32806434865282,13433.430703884276,84.58369999999832,0.006367287448401944,12573.6837
ITC,2019-08-20,SHORT,2019-08-20T09:55:00,248.45,248.325775,249.7,245.577325,246.95155,2019-08-20T10:39:00,245.577325,245.7001136625,TARGET_2R,1.359176414315408,-0.010135135135135087,1.3742249999999956,1.9106487929560296,True,False,54,13433.430703884276,141.78571222499954,"{'brokerage': 8.003219396332499, 'stt': 3.3523979625, 'exchange_transaction': 0.8189961182246925, 'sebi': 0.026677397987775, 'nse_ipft': 2.6677397987775e-05, 'gst': 1.5928055261897318, 'stamp_duty': 0.39803418413325004, 'total': 14.192157262765937}",127.59355496223361,13561.02425884651,74.20814999999976,0.005524139859413759,13409.591849999999
INFY,2019-08-27,SHORT,2019-08-27T10:55:00,784.2,783.8079000000001,786.05,779.3237000000005,781.5658000000003,2019-08-27T12:15:00,786.05,786.4430249999999,STOP,1.6879493807016337,-0.008343868520859665,2.242099999999823,-1.1752932518620922,False,False,17,13561.02425884651,-44.79712499999641,"{'brokerage': 8.0082797175, 'stt': 3.3311835750000007, 'exchange_transaction': 0.8195139577575, 'sebi': 0.026694265725, 'nse_ipft': 2.6694265725000003e-05, 'gst': 1.5938126343446808, 'stamp_duty': 0.40108594275, 'total': 14.18059678734291}",-58.97772178733932,13502.04653705917,38.11569999999699,0.0028106800247873816,13324.734300000002
TCS,2019-09-11,SHORT,2019-09-11T10:00:00,2162.25,2161.1688750000003,2169.0,2145.506625000001,2153.3377500000006,2019-09-11T10:07:00,2169.0,2170.0845,STOP,1.662641906450718,-0.011436413540713675,7.831124999999702,-1.1384858497342305,False,False,6,13502.04653705917,-53.49374999999782,"{'brokerage': 7.796256075, 'stt': 3.2417533125000006, 'exchange_transaction': 0.797816871675, 'sebi': 0.02598752025, 'nse_ipft': 2.5987520250000002e-05, 'gst': 1.551615561800145, 'stamp_duty': 0.39061521, 'total': 13.804070538745396}",-67.29782053874321,13434.748716520427,46.98674999999821,0.0034799724524007024,12967.013250000002
RELIANCE,2019-09-16,LONG,2019-09-16T09:55:00,1189.97,1190.564985,1186.75,1198.194955,1194.37997,2019-09-16T10:57:00,1198.194955,1197.5958575225,TARGET_2R,1.8871750908744451,0.013032330367452438,3.8149849999999788,1.8429620358926746,True,False,11,13434.748716520427,77.33959774749974,"{'brokerage': 7.880930780324249, 'stt': 3.293388608186875, 'exchange_transaction': 0.8064819165198482, 'sebi': 0.026269769267747496, 'nse_ipft': 2.62697692677475e-05, 'gst': 1.5684675724586004, 'stamp_duty': 0.39288644505, 'total': 13.968451361576587}",63.371146385923154,13498.119862906351,41.964834999999766,0.0031236040126598344,13096.214834999999
BHARTIARTL,2019-09-17,SHORT,2019-09-17T10:05:00,341.05,340.879475,342.45,337.73842500000006,339.30895000000004,2019-09-17T10:39:00,337.73842500000006,337.90729421250006,TARGET_2R,1.6009720544935784,-0.026232798165137683,1.570524999999975,1.8924759475334672,True,False,39,13498.119862906351,115.9150507124981,"{'brokerage': 7.94180519978625, 'stt': 3.3235748812500003, 'exchange_transaction': 0.8127113987781264, 'sebi': 0.0264726839992875, 'nse_ipft': 2.6472683999287504e-05, 'gst': 1.5805828359445793, 'stamp_duty': 0.39535153422862507, 'total': 14.080525006670868}",101.83452570582723,13599.95438861218,61.25047499999903,0.004537704185626551,13294.299525
ICICIBANK,2019-09-19,SHORT,2019-09-19T09:55:00,388.6,388.4057,390.6,384.0171,386.2114,2019-09-19T10:38:00,390.6,390.7953,STOP,1.481611180118929,-0.019459186252211214,2.1942999999999984,-1.0890033268012465,False,False,35,13599.95438861218,-83.63599999999906,"{'brokerage': 8.1816105, 'stt': 3.398549875, 'exchange_transaction': 0.8372514745, 'sebi': 0.027272035, 'nse_ipft': 2.7272035e-05, 'gst': 1.6283090306762997, 'stamp_duty': 0.410335065, 'total': 14.4833552522113}",-98.11935525221035,13501.835033359968,76.80049999999994,0.00564711452740667,13594.1995
ITC,2019-09-25,SHORT,2019-09-25T10:05:00,252.4,252.27380000000002,253.75,249.32140000000007,250.79760000000005,2019-09-25T10:46:00,253.75,253.87687499999998,STOP,2.127961322500023,-0.007448059584476696,1.4761999999999773,-1.085947026148209,False,False,53,13501.835033359968,-84.96297499999795,"{'brokerage': 8.0477957325, 'stt': 3.3426278500000004, 'exchange_transaction': 0.8235577632925001, 'sebi': 0.026825985775, 'nse_ipft': 2.6825985775000004e-05, 'gst': 1.6016771353595896, 'stamp_duty': 0.40366423125, 'total': 14.246175524162863}",-99.20915052416082,13402.625882835808,78.2385999999988,0.00579466419243673,13370.511400000001
HDFCBANK,2019-09-26,LONG,2019-09-26T10:00:00,1251.6,1252.2258,1249.05,1258.5774,1255.4016,2019-09-26T10:18:00,1258.5774,1257.9481113,TARGET_2R,1.9567205227864337,0.010687207614131333,3.175799999999981,1.8018487625165425,True,False,10,13402.625882835808,57.22311300000001,"{'brokerage': 7.530521733899999, 'stt': 3.14487027825, 'exchange_transaction': 0.7706233907691, 'sebi': 0.025101739113, 'nse_ipft': 2.5101739113e-05, 'gst': 1.4987289537938178, 'stamp_duty': 0.37566774000000003, 'total': 13.345538937565028}",43.87757406243499,13446.503456898243,31.75799999999981,0.002369535662460815,12522.258
TATASTEEL,2019-09-30,SHORT,2019-09-30T10:05:00,34.71,34.692645000000006,34.92,34.237935000000014,34.46529000000001,2019-09-30T10:11:00,34.92,34.93746,STOP,1.2855907251993937,-0.02647887323943654,0.22735499999999575,-1.0767961997756819,False,False,387,13446.503456898243,-94.74340499999829,"{'brokerage': 8.084055190499999, 'stt': 3.3565134037500006, 'exchange_transaction': 0.8272683144945001, 'sebi': 0.026946850635000002, 'nse_ipft': 2.6946850635000005e-05, 'gst': 1.608893514446424, 'stamp_duty': 0.4056239106, 'total': 14.309328131276557}",-109.05273313127485,13337.450723766968,87.98638499999836,0.006543439733759197,13426.053615000003
ITC,2019-10-10,SHORT,2019-10-10T10:00:00,244.2,244.0779,245.45,241.33370000000002,242.7058,2019-10-10T10:51:00,245.45,245.57272499999996,STOP,1.6652073250757866,-0.00991902834008096,1.372099999999989,-1.089443189271901,False,False,54,13337.450723766968,-80.72054999999801,"{'brokerage': 7.932340124999999, 'stt': 3.29505165, 'exchange_transaction': 0.8117428061249999, 'sebi': 0.026441133749999995, 'nse_ipft': 2.6441133749999997e-05, 'gst': 1.5786990910815746, 'stamp_duty': 0.39782781449999993, 'total': 14.042129061590323}",-94.76267906158833,13242.688044705379,74.0933999999994,0.005555289502810834,13180.2066
TATASTEEL,2019-10-11,LONG,2019-10-11T10:00:00,34.2,34.2171,33.99,34.6713,34.4442,2019-10-11T10:07:00,33.99,33.973005,STOP,1.7855164140630289,0.022089552238806043,0.22710000000000008,-1.0748348745046297,False,False,387,13242.688044705379,-94.46476500000058,"{'brokerage': 7.916871190499999, 'stt': 3.28688823375, 'exchange_transaction': 0.8101598184945, 'sebi': 0.026389570634999998, 'nse_ipft': 2.6389570635e-05, 'gst': 1.5756204544560244, 'stamp_duty': 0.39726053100000003, 'total': 14.013216188406158}",-108.47798118840674,13134.210063516972,87.88770000000002,0.006636696394516279,13242.0177
TCS,2019-10-11,LONG,2019-10-11T10:15:00,1955.0,1955.9775,1945.25,1977.4325,1966.705,2019-10-11T11:28:00,1977.4325,1976.44378375,TARGET_2R,11.397322728150094,0.012325220093216016,10.727499999999964,1.90783348869728,True,False,6,13134.210063516972,122.79770250000001,"{'brokerage': 7.07835831075, 'stt': 2.964665675625, 'exchange_transaction': 0.72435200046675, 'sebi': 0.0235945277025, 'nse_ipft': 2.3594527702500002e-05, 'gst': 1.4087391180204512, 'stamp_duty': 0.35207595, 'total': 12.551809177092402}",110.24589332290762,13244.45595683988,64.36499999999978,0.004900561182494491,11735.865
INFY,2019-10-16,LONG,2019-10-16T10:00:00,772.5,772.8862499999999,769.3,780.0587499999998,776.4724999999999,2019-10-16T10:08:00,769.3,768.91535,STOP,2.1199453154846335,0.007187193727540064,3.58624999999995,-1.1072568839316752,False,False,17,13244.45595683988,-67.50529999999856,"{'brokerage': 7.863188159999998, 'stt': 3.2678902375, 'exchange_transaction': 0.8046662550399999, 'sebi': 0.026210627199999992, 'nse_ipft': 2.6210627199999996e-05, 'gst': 1.5649364255160951, 'stamp_duty': 0.39417198749999993, 'total': 13.921089903383292}",-81.42638990338185,13163.029566936499,60.96624999999915,0.0046031524585586426,13139.066249999998
TATASTEEL,2019-11-04,LONG,2019-11-04T10:10:00,41.72,41.74086,41.44,42.34258,42.04172,2019-11-04T11:22:00,41.74086,41.71998957,BREAKEVEN,2.9892266143330026,0.038213399503722156,0.3008600000000001,-0.0693692415076617,True,False,315,13163.029566936499,-6.57418544999846,"{'brokerage': 7.887050284364999, 'stt': 3.2854491786375, 'exchange_transaction': 0.8071081457666851, 'sebi': 0.02629016761455, 'nse_ipft': 2.6290167614550004e-05, 'gst': 1.5696854798244926, 'stamp_duty': 0.394451127, 'total': 13.97006067337584}",-20.5442461233743,13142.485320813124,94.77090000000004,0.007199778707331171,13148.3709
ICICIBANK,2019-11-08,LONG,2019-11-08T09:55:00,489.35,489.594675,487.2,494.384025,491.98935,2019-11-08T11:29:00,489.594675,489.34987766250003,BREAKEVEN,5.4370927453632225,0.02007280291211644,2.3946750000000065,-0.10222570390552367,True,False,26,13142.485320813124,-6.364730774998975,"{'brokerage': 7.635767510767499, 'stt': 3.18077420480625, 'exchange_transaction': 0.7813935419352075, 'sebi': 0.025452558369224998, 'nse_ipft': 2.5452558369225002e-05, 'gst': 1.5196750314534537, 'stamp_duty': 0.3818838465, 'total': 13.524972146390002}",-19.889702921388977,13122.595617891735,62.26155000000017,0.004737425873430464,12729.46155
ICICIBANK,2019-11-15,LONG,2019-11-15T09:55:00,504.3,504.55215,502.5,508.65644999999995,506.60429999999997,2019-11-15T10:18:00,508.65644999999995,508.40212177499996,TARGET_2R,1.6290020835477688,0.013156573265039606,2.0521499999999833,1.8760674292814867,True,False,26,13122.595617891735,100.09926614999927,"{'brokerage': 7.901043319844998, 'stt': 3.3046137915375, 'exchange_transaction': 0.8085400997308049, 'sebi': 0.026336811066149993, 'nse_ipft': 2.633681106615e-05, 'gst': 1.5724703821415436, 'stamp_duty': 0.39355067699999996, 'total': 14.006581418132065}",86.0926847318672,13208.688302623603,53.355899999999565,0.004065956275239676,13118.355899999999
INFY,2019-11-22,SHORT,2019-11-22T10:05:00,690.35,690.0048250000001,693.9,682.2144750000003,686.1096500000002,2019-11-22T10:36:00,690.0048250000001,690.3498274125001,BREAKEVEN,1.3112598400182511,-0.03435194942044262,3.895174999999881,-0.08857173618643335,True,False,19,13208.688302623603,-6.55504583749962,"{'brokerage': 7.8680215187512506, 'stt': 3.2775229187500003, 'exchange_transaction': 0.8051608687522114, 'sebi': 0.0262267383958375, 'nse_ipft': 2.6226738395837505e-05, 'gst': 1.5658983634747852, 'stamp_duty': 0.39349940162512503, 'total': 13.936356036487604}",-20.491401873987222,13188.196900749615,74.00832499999774,0.0056030033644822765,13110.091675000001
ICICIBANK,2019-11-27,SHORT,2019-11-27T09:55:00,505.2,504.9474,507.8,499.2422,502.0948,2019-11-27T11:44:00,507.8,508.0539,STOP,2.3772950948706857,-0.018680677174547466,2.8525999999999954,-1.0890065203673798,False,False,26,13188.196900749615,-80.76899999999955,"{'brokerage': 7.901410139999999, 'stt': 3.2821581, 'exchange_transaction': 0.80857763766, 'sebi': 0.0263380338, 'nse_ipft': 2.6338033800000004e-05, 'gst': 1.572543386908884, 'stamp_duty': 0.39628204200000006, 'total': 13.987335678402683}",-94.75633567840224,13093.440565071212,74.16759999999988,0.005623786220221219,13128.6324
RELIANCE,2019-12-05,SHORT,2019-12-05T09:55:00,1545.65,1544.877175,1548.32,1537.9915250000004,1541.4343500000002,2019-12-05T10:40:00,1548.32,1549.0941599999999,STOP,1.5090970648261488,-0.00946627159733715,3.442824999999857,-1.2248618503699638,False,False,8,13093.440565071212,-33.73587999999836,"{'brokerage': 7.4255312039999986, 'stt': 3.08975435, 'exchange_transaction': 0.7598793598760001, 'sebi': 0.02475177068, 'nse_ipft': 2.4751770680000002e-05, 'gst': 1.4778336755388022, 'stamp_duty': 0.3717825984, 'total': 13.14955771026548}",-46.885437710263844,13046.555127360949,27.542599999998856,0.0021035418355564253,12359.0174
ITC,2019-12-17,LONG,2019-12-17T10:05:00,239.75,239.86987499999998,238.8,242.00962499999991,240.93974999999995,2019-12-17T15:10:00,241.4,241.2793,FORCED_1510,1.9303486369129168,0.008000000000000007,1.0698749999999677,1.3173735249445682,True,False,54,13046.555127360949,76.10895000000147,"{'brokerage': 7.794616634999999, 'stt': 3.2572705500000003, 'exchange_transaction': 0.797649102315, 'sebi': 0.02598205545, 'nse_ipft': 2.5982055450000002e-05, 'gst': 1.5512892794676807, 'stamp_duty': 0.3885891975, 'total': 13.815422801788127}",62.29352719821334,13108.848654559162,57.77324999999826,0.004428237909242223,12952.97325
SBIN,2019-12-27,LONG,2019-12-27T09:55:00,336.95,337.118475,335.8,339.75542499999995,338.43694999999997,2019-12-27T14:43:00,335.8,335.63210000000004,STOP,1.6021968573775178,0.010647870425914752,1.318474999999978,-1.127344090710842,False,False,38,13108.848654559162,-56.4822499999982,"{'brokerage': 7.669356555, 'stt': 3.1885049500000004, 'exchange_transaction': 0.7848308207950001, 'sebi': 0.02556452185, 'nse_ipft': 2.5564521850000002e-05, 'gst': 1.5263599431900332, 'stamp_duty': 0.3843150615, 'total': 13.578957416856886}",-70.06120741685508,13038.787447142307,50.10204999999917,0.003822002322269091,12810.50205
HDFCBANK,2020-01-03,SHORT,2020-01-03T10:15:00,1272.9,1272.2635500000001,1275.4,1265.9906500000002,1269.1271000000002,2020-01-03T11:33:00,1265.9906500000002,1266.623645325,TARGET_2R,1.6380875916530244,-0.007175167680549044,3.136449999999968,1.7981809609590724,True,False,10,13038.787447142307,56.39904675000025,"{'brokerage': 7.616661585975, 'stt': 3.180658875, 'exchange_transaction': 0.7794383689647751, 'sebi': 0.025388871953250004, 'nse_ipft': 2.5388871953250006e-05, 'gst': 1.5158725588376962, 'stamp_duty': 0.37998709359750005, 'total': 13.498032743200175}",42.901014006800075,13081.688461149108,31.36449999999968,0.002405476745989428,12722.6355
SBIN,2020-01-06,SHORT,2020-01-06T10:15:00,324.0,323.838,324.5,322.51400000000007,323.17600000000004,2020-01-06T10:59:00,322.51400000000007,322.67525700000004,TARGET_2R,1.315500683971333,-0.028941814892975426,0.6619999999999777,1.7564093655589377,True,False,40,13081.688461149108,46.509719999999106,"{'brokerage': 7.758159084000001, 'stt': 3.2383800000000003, 'exchange_transaction': 0.7939182795960001, 'sebi': 0.025860530280000002, 'nse_ipft': 2.5860530280000005e-05, 'gst': 1.5440334757931304, 'stamp_duty': 0.3872103084000001, 'total': 13.747587538599412}",32.762132461399695,13114.450593610507,26.47999999999911,0.002024203532949223,12953.52
INFY,2020-01-22,LONG,2020-01-22T10:00:00,775.95,776.337975,774.55,779.9139250000002,778.1259500000001,2020-01-22T10:03:00,774.55,774.162725,STOP,1.4858420553303138,0.012427614028238665,1.787975000000074,-1.2165997846725571,False,False,16,13114.450593610507,-34.80400000000009,"{'brokerage': 7.44240336, 'stt': 3.0966509, 'exchange_transaction': 0.76160594384, 'sebi': 0.0248080112, 'nse_ipft': 2.4808011200000004e-05, 'gst': 1.4811915821492159, 'stamp_duty': 0.372642228, 'total': 13.179326833200417}",-47.98332683320051,13066.467266777307,28.607600000001185,0.002181379982013055,12421.4076
TATASTEEL,2020-01-27,SHORT,2020-01-27T10:00:00,46.85,46.826575000000005,46.94,46.59972500000002,46.71315000000001,2020-01-27T10:04:00,46.94,46.963469999999994,STOP,1.4824146365533357,-0.024277940560904265,0.11342499999999234,-1.2069208728234313,False,False,279,13066.467266777307,-38.193704999996775,"{'brokerage': 7.850226766499999, 'stt': 3.2661536062500005, 'exchange_transaction': 0.8033398724384999, 'sebi': 0.026167422554999997, 'nse_ipft': 2.6167422555e-05, 'gst': 1.5623568412048894, 'stamp_duty': 0.39308424389999996, 'total': 13.901354920270943}",-52.095059920267715,13014.372206857039,31.645574999997862,0.002421892188140221,13064.614425000002
RELIANCE,2020-01-31,SHORT,2020-01-31T10:10:00,1416.97,1416.2615150000001,1426.43,1395.9245450000003,1406.0930300000002,2020-01-31T15:10:00,1397.26,1397.9586299999999,FORCED_1510,1.870413369131705,-0.012977990217874491,10.168484999999919,1.7999618428901094,True,False,9,13014.372206857039,164.7259650000026,"{'brokerage': 7.598394391499999, 'stt': 3.1865884087500005, 'exchange_transaction': 0.7775690260635001, 'sebi': 0.025327981305, 'nse_ipft': 2.5327981305000003e-05, 'gst': 1.5122370108329648, 'stamp_duty': 0.37744883009999997, 'total': 13.47759097653277}",151.2483740234698,13165.620580880508,91.51636499999927,0.007031946185754618,12746.353635000001
RELIANCE,2020-02-03,LONG,2020-02-03T10:00:00,1373.53,1374.216765,1364.47,1393.7102949999996,1383.9635299999998,2020-02-03T11:21:00,1364.47,1363.787765,STOP,1.9684589978918257,0.00861433708660031,9.746764999999868,-1.0699960448415449,False,False,9,13165.620580880508,-93.86099999999874,"{'brokerage': 7.392612230999999, 'stt': 3.0685224712500005, 'exchange_transaction': 0.756510651639, 'sebi': 0.024642040769999998, 'nse_ipft': 2.4642040770000002e-05, 'gst': 1.4712821217809586, 'stamp_duty': 0.37103852654999997, 'total': 13.08463268503073}",-106.94563268502947,13058.67494819548,87.72088499999882,0.006662875058650072,12367.950884999998
RELIANCE,2020-02-04,LONG,2020-02-04T10:00:00,1405.58,1406.2827899999997,1399.14,1420.568369999999,1413.4255799999994,2020-02-04T13:22:00,1406.2827899999997,1405.5796486049999,BREAKEVEN,1.5520320055674708,0.014969174748530767,7.14278999999965,-0.09844072064276138,True,False,9,13058.67494819548,-6.328272554998875,"{'brokerage': 7.592028584233498, 'stt': 3.1625542093612498, 'exchange_transaction': 0.7769175917865614, 'sebi': 0.025306761947444995, 'nse_ipft': 2.5306761947445e-05, 'gst': 1.5109700840513014, 'stamp_duty': 0.37969635329999996, 'total': 13.447498891442004}",-19.775771446440878,13038.899176749039,64.28510999999685,0.00492278965936587,12656.545109999997
ITC,2020-02-11,SHORT,2020-02-11T10:00:00,214.0,213.893,214.7,212.27900000000002,213.086,2020-02-11T11:30:00,213.893,213.9999465,BREAKEVEN,3.8495456802319996,-0.012702078521939941,0.806999999999988,-0.13252354399007915,True,False,60,13038.899176749039,-6.416789999999537,"{'brokerage': 7.702073036999999, 'stt': 3.208395, 'exchange_transaction': 0.788178807453, 'sebi': 0.02567357679, 'nse_ipft': 2.5673576790000002e-05, 'gst': 1.532871197067562, 'stamp_duty': 0.3851999037, 'total': 13.642417195587353}",-20.05920719558689,13018.839969553452,48.41999999999928,0.0037135036741707313,12833.58
SBIN,2020-02-12,SHORT,2020-02-12T10:40:00,325.6,325.4372,327.35,321.6116,323.5244,2020-02-12T13:39:00,321.6116,321.7724058,TARGET_2R,1.3049665905661274,-0.010912397696271503,1.9128000000000043,1.9159317231284028,True,False,40,13018.839969553452,146.59176800000068,"{'brokerage': 7.766515269599999, 'stt': 3.2543720000000005, 'exchange_transaction': 0.7947733959224, 'sebi': 0.025888384232, 'nse_ipft': 2.5888384232e-05, 'gst': 1.5456965288649536, 'stamp_duty': 0.38612688695999997, 'total': 13.773398353963584}",132.8183696460371,13151.658339199488,76.51200000000017,0.005877021315181321,13017.488000000001
SBIN,2020-02-17,SHORT,2020-02-17T10:10:00,314.6,314.44270000000006,316.15,311.0281000000002,312.73540000000014,2020-02-17T11:52:00,316.15,316.308075,STOP,1.5185964288210998,-0.02227761333541045,1.7072999999999183,-1.092587711591404,False,False,41,13151.658339199488,-76.48037499999651,"{'brokerage': 7.7582345324999995, 'stt': 3.2230376750000005, 'exchange_transaction': 0.7939260004925002, 'sebi': 0.025860781775, 'nse_ipft': 2.5860781775000005e-05, 'gst': 1.5440484915988693, 'stamp_duty': 0.38905893225, 'total': 13.734192274398145}",-90.21456727439465,13061.443771925093,69.99929999999665,0.005322469470740322,12892.150700000002
HDFCBANK,2020-02-20,SHORT,2020-02-20T10:10:00,1218.0,1217.391,1221.3,1209.5730000000003,1213.4820000000002,2020-02-20T10:48:00,1221.3,1221.9106499999998,STOP,1.471760492603216,-0.010406504065040623,3.908999999999878,-1.1562164236377257,False,False,10,13061.443771925093,-45.196499999997286,"{'brokerage': 7.317904949999999, 'stt': 3.0434775, 'exchange_transaction': 0.74886560655, 'sebi': 0.024393016499999996, 'nse_ipft': 2.43930165e-05, 'gst': 1.4564138338919694, 'stamp_duty': 0.36657319499999996, 'total': 12.957652494958467}",-58.15415249495575,13003.289619430137,39.08999999999878,0.0029927778798865055,12173.91
HDFCBANK,2020-02-24,SHORT,2020-02-24T10:20:00,1201.45,1200.849275,1204.2,1194.147825,1197.49855,2020-02-24T11:06:00,1204.2,1204.8020999999999,STOP,1.8603370619488062,-0.007403118408536358,3.3507250000000113,-1.179692454617981,False,False,10,13003.289619430137,-39.52824999999848,"{'brokerage': 7.216954124999999, 'stt': 3.0021231875000005, 'exchange_transaction': 0.738534972125, 'sebi': 0.024056513749999998, 'nse_ipft': 2.405651375e-05, 'gst': 1.4363225401299746, 'stamp_duty': 0.36144063, 'total': 12.779456025018726}",-52.307706025017204,12950.98191340512,33.50725000000011,0.0025768287087855044,12008.492750000001
SBIN,2020-03-05,SHORT,2020-03-05T09:55:00,287.0,286.85650000000004,288.9,282.76950000000016,284.8130000000001,2020-03-05T10:30:00,282.76950000000016,282.91088475000015,TARGET_2R,1.3327895341311888,-0.01271914747335845,2.0434999999999377,1.930812454122833,False,False,45,12950.98191340512,177.55268624999502,"{'brokerage': 7.691859694125002, 'stt': 3.2271356250000003, 'exchange_transaction': 0.7871336420321253, 'sebi': 0.025639532313750008, 'nse_ipft': 2.563953231375001e-05, 'gst': 1.5308385314405746, 'stamp_duty': 0.3819296944125002, 'total': 13.644562358856268}",163.90812389113876,13114.890037296258,91.9574999999972,0.0071004268722524525,12908.542500000001
TATASTEEL,2020-05-04,SHORT,2020-05-04T10:05:00,27.29,27.276355000000002,27.4,27.02906500000001,27.152710000000006,2020-05-04T10:14:00,27.276355000000002,27.2899931775,BREAKEVEN,1.5347781653131216,-0.05228070175438593,0.12364499999999623,-0.1103010837478214,True,False,480,13114.890037296258,-6.546325199999501,"{'brokerage': 7.857554137559999, 'stt': 3.2731626, 'exchange_transaction': 0.8040897067436401, 'sebi': 0.0261918471252, 'nse_ipft': 2.6191847125200005e-05, 'gst': 1.5638151389896735, 'stamp_duty': 0.39297590175600006, 'total': 13.917815524021638}",-20.46414072402114,13094.425896572237,59.34959999999819,0.0045253600930864986,13092.6504
RELIANCE,2020-05-13,SHORT,2020-05-13T10:20:00,1462.15,1461.4189250000002,1472.95,1438.3567750000004,1449.8878500000003,2020-05-13T10:32:00,1472.95,1473.686475,STOP,1.6355195640844526,-0.047806155861165656,11.531074999999873,-1.063868719958888,False,False,8,13094.425896572237,-98.14039999999841,"{'brokerage': 7.04425296, 'stt': 2.9228378500000005, 'exchange_transaction': 0.7208618862400001, 'sebi': 0.0234808432, 'nse_ipft': 2.3480843200000005e-05, 'gst': 1.4019514506509758, 'stamp_duty': 0.353684754, 'total': 12.467093224934176}",-110.60749322493258,12983.818403347304,92.24859999999899,0.007044875485846779,11691.351400000001
TCS,2020-05-19,LONG,2020-05-19T11:40:00,1951.8,1952.7758999999999,1944.45,1969.4276999999995,1961.1017999999997,2020-05-19T15:10:00,1947.35,1946.376325,FORCED_1510,1.416310073170515,0.029584866001050925,8.32589999999982,-0.7686346220829042,False,False,6,12983.818403347304,-38.39744999999948,"{'brokerage': 7.018474005, 'stt': 2.9195644874999997, 'exchange_transaction': 0.7182238398449999, 'sebi': 0.023394913349999998, 'nse_ipft': 2.339491335e-05, 'gst': 1.3968209075595028, 'stamp_duty': 0.351499662, 'total': 12.428001210167853}",-50.82545121016733,12932.992952137138,49.95539999999892,0.003847512222376749,11716.6554
ITC,2020-05-20,LONG,2020-05-20T10:10:00,176.05,176.138025,175.15,178.11407499999999,177.12605,2020-05-20T11:42:00,175.15,175.06242500000002,STOP,1.664629445116746,0.027624309392265234,0.9880249999999933,-1.088636421143177,False,False,73,12932.992952137138,-78.51879999999855,"{'brokerage': 7.691289855, 'stt': 3.1948892562500006, 'exchange_transaction': 0.7870753284950001, 'sebi': 0.02563763285, 'nse_ipft': 2.5637632850000003e-05, 'gst': 1.5307251217160132, 'stamp_duty': 0.38574227475, 'total': 13.615385106693864}",-92.13418510669241,12840.858767030446,72.12582499999951,0.005576885819618492,12858.075825
HDFCBANK,2020-05-21,LONG,2020-05-21T10:05:00,878.45,878.889225,875.0,886.667675,882.77845,2020-05-21T10:16:00,875.0,874.5625,STOP,1.678642363019502,0.0261767949387659,3.8892250000000104,-1.1124902776260048,False,False,14,12840.858767030446,-60.574150000000145,"{'brokerage': 7.364497244999999, 'stt': 3.0609687500000002, 'exchange_transaction': 0.753633551405, 'sebi': 0.02454832415, 'nse_ipft': 2.4548324150000003e-05, 'gst': 1.465686660398247, 'stamp_duty': 0.3691334745, 'total': 13.038492553777399}",-73.61264255377755,12767.24612447667,54.449150000000145,0.004240304405481126,12304.44915
SBIN,2020-05-22,LONG,2020-05-22T10:05:00,154.85,154.927425,153.75,157.282275,156.10485,2020-05-22T10:06:00,153.75,153.673125,STOP,1.285330903137126,0.019736842105263053,1.1774249999999995,-1.065290782852412,False,False,82,12767.24612447667,-102.85260000000005,"{'brokerage': 7.591573529999998, 'stt': 3.1502990625, 'exchange_transaction': 0.77687102457, 'sebi': 0.0253052451, 'nse_ipft': 2.53052451e-05, 'gst': 1.5108795188847173, 'stamp_duty': 0.3811214655, 'total': 13.436075151799814}",-116.28867515179986,12650.95744932487,96.54884999999996,0.007562229869987527,12704.04885
LT,2020-05-28,LONG,2020-05-28T10:10:00,876.7,877.13835,873.0,885.4150499999998,881.2766999999999,2020-05-28T11:39:00,885.4150499999998,884.9723424749999,TARGET_2R,1.4968358203331182,0.029122807017543773,4.138349999999946,1.8930231795280843,True,False,14,12650.95744932487,109.67589464999924,"{'brokerage': 7.400864908394999, 'stt': 3.0974031986624997, 'exchange_transaction': 0.7573551756257549, 'sebi': 0.024669549694649996, 'nse_ipft': 2.466954969465e-05, 'gst': 1.4729245745877177, 'stamp_duty': 0.368398107, 'total': 13.121640183515318}",96.55425446648391,12747.511703791353,57.93689999999924,0.0045796454720580144,12279.936899999999
TCS,2020-06-03,SHORT,2020-06-03T10:05:00,2027.0,2025.9865000000002,2039.15,1999.6595000000004,2012.8230000000003,2020-06-03T10:38:00,2039.15,2040.169575,STOP,1.4625602428890117,-0.010356507541974369,13.163499999999885,-1.0774547042959557,False,False,6,12747.511703791353,-85.09844999999814,"{'brokerage': 7.319080935, 'stt': 3.0389797500000006, 'exchange_transaction': 0.748985949015, 'sebi': 0.02439693645, 'nse_ipft': 2.4396936450000004e-05, 'gst': 1.4566478791322608, 'stamp_duty': 0.3672305235, 'total': 12.955346370033709}",-98.05379637003185,12649.457907421322,78.98099999999931,0.006195797410133686,12155.919000000002
INFY,2020-06-23,LONG,2020-06-23T10:20:00,704.95,705.302475,701.8,712.307425,708.80495,2020-06-23T11:27:00,712.307425,711.9512712875,TARGET_2R,1.674198663768752,0.01171481960615206,3.502475000000004,1.8983137031670698,True,False,17,12649.457907421322,113.02953688750154,"{'brokerage': 7.22799410606625, 'stt': 3.0257929029718755, 'exchange_transaction': 0.7396647301874463, 'sebi': 0.0240933136868875, 'nse_ipft': 2.4093313686887502e-05, 'gst': 1.4385197237857688, 'stamp_duty': 0.35970426225, 'total': 12.815793132261915}",100.21374375523962,12749.67165117656,59.54207500000007,0.004707085112719911,11990.142075
BHARTIARTL,2020-07-15,SHORT,2020-07-15T10:05:00,580.3,580.00985,583.0,574.0295500000001,577.0197000000001,2020-07-15T10:31:00,583.0,583.2914999999999,STOP,1.3793978918491228,-0.018847100772561354,2.9901499999999714,-1.0974867481564239,False,False,21,12749.67165117656,-68.91464999999789,"{'brokerage': 7.328798504999999, 'stt': 3.0450517125000003, 'exchange_transaction': 0.749980380345, 'sebi': 0.024429328349999998, 'nse_ipft': 2.442932835e-05, 'gst': 1.4585818757442026, 'stamp_duty': 0.367473645, 'total': 12.974339876267553}",-81.88898987626544,12667.782661300294,62.7931499999994,0.004925079776011702,12180.20685
INFY,2020-07-17,SHORT,2020-07-17T09:55:00,896.1,895.65195,900.95,885.0558500000001,890.3539000000001,2020-07-17T09:58:00,900.95,901.400475,STOP,2.0738399815586614,-0.015257958287596018,5.298049999999989,-1.0850265663781928,False,False,14,12667.782661300294,-80.47934999999961,"{'brokerage': 7.5476201849999995, 'stt': 3.134781825, 'exchange_transaction': 0.772373132265, 'sebi': 0.02515873395, 'nse_ipft': 2.5158733950000004e-05, 'gst': 1.502131897790811, 'stamp_duty': 0.3785881995, 'total': 13.360679132239762}",-93.84002913223938,12573.942632168055,74.17269999999985,0.005855223600148689,12539.1273
LT,2020-07-24,SHORT,2020-07-24T09:55:00,906.9,906.44655,909.25,900.83965,903.6431,2020-07-24T10:13:00,906.44655,906.8997732749999,BREAKEVEN,1.3251015006496778,-0.008967629046369163,2.803449999999998,-0.16166625943031415,True,False,13,12573.942632168055,-5.8919025749988805,"{'brokerage': 7.072050660772499, 'stt': 2.9459512875000002, 'exchange_transaction': 0.7237065176190526, 'sebi': 0.023573502202574998, 'nse_ipft': 2.3573502202575003e-05, 'gst': 1.4074837657373394, 'stamp_duty': 0.35369091157724997, 'total': 12.526480218910919}",-18.4183827939098,12555.524249374144,36.444849999999974,0.00289844252245614,11783.80515
TCS,2020-08-12,SHORT,2020-08-12T10:30:00,2265.9,2264.7670500000004,2274.0,2246.301150000001,2255.5341000000008,2020-08-12T15:10:00,2255.25,2256.377625,FORCED_1510,1.3211779405881454,-0.008455874319924783,9.232949999999619,0.9086397088688499,True,False,5,12555.524249374144,41.947125000001506,"{'brokerage': 6.781717012500001, 'stt': 2.8309588125000005, 'exchange_transaction': 0.6939957076125001, 'sebi': 0.022605723375, 'nse_ipft': 2.2605723375000004e-05, 'gst': 1.3497013888579577, 'stamp_duty': 0.33845664375000006, 'total': 12.01745789431883}",29.929667105682675,12585.453916479826,46.164749999998094,0.0036768476634736515,11323.835250000002
BHARTIARTL,2020-08-14,SHORT,2020-08-14T09:55:00,534.8,534.5326,536.95,529.6977999999999,532.1152,2020-08-14T09:58:00,536.95,537.218475,STOP,1.2802298918810617,-0.014829142488717029,2.4174000000000433,-1.1110594026640035,False,False,23,12585.453916479826,-61.77512500000023,"{'brokerage': 7.395082417499999, 'stt': 3.07356245, 'exchange_transaction': 0.7567634340575, 'sebi': 0.024650274724999997, 'nse_ipft': 2.4650274725e-05, 'gst': 1.4717737397803003, 'stamp_duty': 0.37068074775, 'total': 13.092537714087525}",-74.86766271408776,12510.586253765738,55.600200000000996,0.0044178144363308325,12294.2498
HDFCBANK,2020-08-21,LONG,2020-08-21T10:35:00,1079.65,1080.189825,1077.0,1086.5694749999998,1083.3796499999999,2020-08-21T12:00:00,1080.189825,1079.6497300875,BREAKEVEN,1.5799303432767504,0.016003379012577312,3.189824999999928,-0.16931803860709146,True,False,11,12510.586253765738,-5.941044037498386,"{'brokerage': 7.127470531788749, 'stt': 2.969036757740625, 'exchange_transaction': 0.7293778177530488, 'sebi': 0.0237582351059625, 'nse_ipft': 2.3758235105962502e-05, 'gst': 1.418513461718916, 'stamp_duty': 0.35646264225, 'total': 12.624643204592406}",-18.565687242090792,12492.020566523646,35.08807499999921,0.002804670723519256,11882.088075
BHARTIARTL,2020-08-25,SHORT,2020-08-25T09:55:00,527.15,526.886425,529.45,521.759275,524.32285,2020-08-25T11:25:00,529.45,529.714725,STOP,1.372898579772215,-0.015247895229186126,2.5635750000000144,-1.1032639965672926,False,False,23,12492.020566523646,-65.0509000000003,"{'brokerage': 7.290547935, 'stt': 3.0295969437500005, 'exchange_transaction': 0.7460660720150001, 'sebi': 0.024301826449999998, 'nse_ipft': 2.4301826450000002e-05, 'gst': 1.4509692243524608, 'stamp_duty': 0.36550316025000007, 'total': 12.907009463643911}",-77.95790946364421,12414.062657060002,58.96222500000033,0.004719991028353605,12118.387775000001
SBIN,2020-08-31,SHORT,2020-08-31T09:55:00,226.55,226.43672500000002,228.0,223.31017500000007,224.87345000000005,2020-08-31T10:07:00,223.31017500000007,223.42183008750007,TARGET_2R,1.5493743256589245,-0.02828762686244879,1.563274999999976,1.9285761702195716,True,False,54,12414.062657060002,162.80432527499755,"{'brokerage': 7.287708592417501, 'stt': 3.0568957875000007, 'exchange_transaction': 0.7457755126240577, 'sebi': 0.024292361974725004, 'nse_ipft': 2.4292361974725005e-05, 'gst': 1.4504041366880864, 'stamp_duty': 0.36194336474175015, 'total': 12.927044048308096}",149.87728122668946,12563.93993828669,84.4168499999987,0.006800098592380633,12227.583150000002
TATASTEEL,2020-09-10,SHORT,2020-09-10T10:00:00,41.83,41.809085,42.12,41.187255000000015,41.49817000000001,2020-09-10T12:02:00,41.187255000000015,41.20784862750001,TARGET_2R,1.5116983753000868,-0.01037735849056598,0.3109149999999943,1.9337644452663947,True,False,300,12563.93993828669,180.37091174999702,"{'brokerage': 7.4715240264750005, 'stt': 3.1356813750000003, 'exchange_transaction': 0.7645859587092751, 'sebi': 0.024905080088250004, 'nse_ipft': 2.4905080088250006e-05, 'gst': 1.4869871946634705, 'stamp_duty': 0.3708706376475001, 'total': 13.254579177663585}",167.11633257233345,12731.056270859024,93.27449999999828,0.007423984869249373,12542.7255
TCS,2020-09-14,LONG,2020-09-14T09:55:00,2419.4,2420.6097,2410.0,2441.8291,2431.2194,2020-09-14T10:41:00,2441.8291,2440.60818545,TARGET_2R,1.7791986455053983,0.016945597919550304,10.609699999999975,1.8849246868431633,True,False,5,12731.056270859024,99.99242724999931,"{'brokerage': 7.291826828174999, 'stt': 3.0507602318125002, 'exchange_transaction': 0.746196945416575, 'sebi': 0.02430608942725, 'nse_ipft': 2.4306089427250003e-05, 'gst': 1.4512237504394854, 'stamp_duty': 0.363091455, 'total': 12.927429606360237}",87.06499764363907,12818.121268502664,53.048499999999876,0.004166857711675203,12103.0485
ITC,2020-09-17,SHORT,2020-09-17T10:00:00,178.85,178.76057500000002,179.5,177.28172500000005,178.02115000000003,2020-09-17T10:51:00,178.76057500000002,178.8499552875,BREAKEVEN,1.6510106100882065,-0.011061946902654829,0.7394249999999829,-0.12087809784627232,True,False,71,12818.121268502664,-6.346000412498427,"{'brokerage': 7.61710429512375, 'stt': 3.1730002062500002, 'exchange_transaction': 0.7794836728676637, 'sebi': 0.0253903476504125, 'nse_ipft': 2.5390347650412502e-05, 'gst': 1.5159606670781058, 'stamp_duty': 0.380950404762375, 'total': 13.491914984079958}",-19.837915396578385,12798.283353106086,52.499174999998786,0.004095699666143931,12692.000825000001
BHARTIARTL,2020-09-23,SHORT,2020-09-23T09:55:00,453.15,452.923425,456.3,446.170275,449.54685,2020-09-23T10:13:00,446.170275,446.3933601375,TARGET_2R,3.010288122467829,-0.0339400428265525,3.3765750000000025,1.933931531951758,True,False,28,12798.283353106086,182.84181615000034,"{'brokerage': 7.5542609951549995, 'stt': 3.170463975, 'exchange_transaction': 0.773052708504195, 'sebi': 0.02518086998385, 'nse_ipft': 2.518086998385e-05, 'gst': 1.5034535558123452, 'stamp_duty': 0.3749704225155, 'total': 13.401407707840875}",169.44040844215948,12967.723761548246,94.54410000000007,0.007387248538848348,12681.8559
HDFCBANK,2020-09-25,SHORT,2020-09-25T10:05:00,1032.35,1031.833825,1035.75,1024.0014749999998,1027.9176499999999,2020-09-25T11:27:00,1031.833825,1032.3497419125,BREAKEVEN,1.4321882102895944,-0.019333333333333313,3.9161750000000666,-0.1317400045963094,True,False,12,12967.723761548246,-6.191002949999529,"{'brokerage': 7.431060840884999, 'stt': 3.0955014750000003, 'exchange_transaction': 0.760445226050565, 'sebi': 0.02477020280295, 'nse_ipft': 2.4770202802950003e-05, 'gst': 1.478934187189437, 'stamp_duty': 0.3716459070885, 'total': 13.162382609219254}",-19.353385559218783,12948.370375989027,46.9941000000008,0.0036239282131646875,12382.0059
LT,2020-09-28,LONG,2020-09-28T10:05:00,913.0,913.4565,910.0,920.3695,916.913,2020-09-28T10:18:00,910.0,909.5450000000001,STOP,1.7066900281861812,0.02171492204899783,3.4565000000000055,-1.131636048025438,False,False,14,12948.370375989027,-54.76099999999906,"{'brokerage': 7.6566063, 'stt': 3.1834075000000004, 'exchange_transaction': 0.7835260447000001, 'sebi': 0.025522021, 'nse_ipft': 2.5522021e-05, 'gst': 1.52382237978978, 'stamp_duty': 0.38365173, 'total': 13.556561497510781}",-68.31756149750984,12880.052814491517,48.391000000000076,0.003737227048257326,12788.391
TATASTEEL,2020-10-05,LONG,2020-10-05T10:00:00,38.37,38.389185,38.15,38.867554999999996,38.62837,2020-10-05T10:20:00,38.15,38.130925,STOP,2.377596860636393,0.04161037557416902,0.2391849999999991,-1.079749984321763,False,False,335,12880.052814491517,-86.51709999999997,"{'brokerage': 7.690271054999999, 'stt': 3.1934649687500003, 'exchange_transaction': 0.7869710712950001, 'sebi': 0.02563423685, 'nse_ipft': 2.5634236850000003e-05, 'gst': 1.530522359528733, 'stamp_duty': 0.38581130925, 'total': 13.612700634910583}",-100.12980063491055,12779.923013856607,80.1269749999997,0.006221012922388624,12860.376975
LT,2020-10-08,SHORT,2020-10-08T09:55:00,882.9,882.4585500000001,886.5,874.3756500000002,878.4171000000001,2020-10-08T11:15:00,886.5,886.9432499999999,STOP,1.2708673301025601,-0.006963944737728767,4.041449999999941,-1.1096759826299787,False,False,14,12779.923013856607,-62.78579999999806,"{'brokerage': 7.431487559999999, 'stt': 3.0886049250000003, 'exchange_transaction': 0.7604888936399999, 'sebi': 0.024771625199999998, 'nse_ipft': 2.47716252e-05, 'gst': 1.4790191130837358, 'stamp_duty': 0.37251616499999995, 'total': 13.156913053548935}",-75.942713053547,12703.98030080306,56.58029999999917,0.004427280190862816,12354.4197
HDFCBANK,2020-10-14,SHORT,2020-10-14T10:15:00,1181.75,1181.1591250000001,1185.6,1172.2773750000006,1176.7182500000004,2020-10-14T10:48:00,1185.6,1186.1927999999998,STOP,1.387790786812522,-0.013717535862155406,4.440874999999778,-1.1334872069130355,False,False,10,12703.98030080306,-50.336749999996755,"{'brokerage': 7.102055774999999, 'stt': 2.9528978125000003, 'exchange_transaction': 0.726777040975, 'sebi': 0.023673519249999997, 'nse_ipft': 2.367351925e-05, 'gst': 1.4134554015739647, 'stamp_duty': 0.3558578399999999, 'total': 12.574741062818214}",-62.91149106281497,12641.068809740245,44.40874999999778,0.003495656396538222,11811.591250000001
INFY,2020-10-15,SHORT,2020-10-15T10:10:00,1127.75,1127.1861250000002,1136.1,1109.3583750000007,1118.2722500000004,2020-10-15T10:42:00,1109.3583750000007,1109.9130541875006,TARGET_2R,7.5950537845916015,-0.053220338983050786,8.913874999999734,1.9377735061911985,True,False,11,12641.068809740245,190.0037789374951,"{'brokerage': 7.382427291318752, 'stt': 3.0997618437500005, 'exchange_transaction': 0.755468392811619, 'sebi': 0.024608090971062507, 'nse_ipft': 2.460809097106251e-05, 'gst': 1.4692551089746326, 'stamp_duty': 0.36627130788187523, 'total': 13.097816643798913}",176.90596229369618,12817.974772033942,98.05262499999708,0.007756672040614572,12399.047375000002
ICICIBANK,2020-10-21,LONG,2020-10-21T10:00:00,423.7,423.91184999999996,421.8,428.13554999999985,426.0236999999999,2020-10-21T11:07:00,428.13554999999985,427.92148222499986,TARGET_2R,1.534610925925014,0.02019230769230762,2.111849999999947,1.898634952766534,True,False,30,12817.974772033942,120.28896674999714,"{'brokerage': 7.666499990024997, 'stt': 3.209411116687499, 'exchange_transaction': 0.7845384989792249, 'sebi': 0.025554999966749994, 'nse_ipft': 2.5554999966749995e-05, 'gst': 1.525791427914769, 'stamp_duty': 0.3815206649999999, 'total': 13.593342253573208}",106.69562449642393,12924.670396530366,63.355499999998415,0.0049427074968369,12717.355499999998
ICICIBANK,2020-11-02,SHORT,2020-11-02T10:40:00,410.0,409.795,412.35,404.685,407.24,2020-11-02T10:43:00,412.35,412.556175,STOP,6.072145462704732,-0.02002398081534773,2.555000000000007,-1.0806947162426508,False,False,31,12924.670396530366,-85.59642499999939,"{'brokerage': 7.6478659275, 'stt': 3.17591125, 'exchange_transaction': 0.7826316132475001, 'sebi': 0.025492886425, 'nse_ipft': 2.5492886425e-05, 'gst': 1.5220828656106067, 'stamp_duty': 0.38367724275000004, 'total': 13.537687278419533}",-99.13411227841891,12825.536284251946,79.20500000000021,0.0061282026984040405,12703.645
ITC,2020-11-06,SHORT,2020-11-06T10:05:00,174.75,174.66262500000002,175.3,173.38787500000004,174.02525000000003,2020-11-06T13:11:00,174.66262500000002,174.74995631250002,BREAKEVEN,2.181143606687059,-0.013031161473087916,0.6373749999999916,-0.1370171602274945,True,False,73,12825.536284251946,-6.375185812499865,"{'brokerage': 7.652135530743751, 'stt': 3.1875929062500004, 'exchange_transaction': 0.7830685359794438, 'sebi': 0.025507118435812503, 'nse_ipft': 2.5507118435812503e-05, 'gst': 1.5229326046099396, 'stamp_duty': 0.382702404324375, 'total': 13.553964607461758}",-19.929150419961623,12805.607133831985,46.528374999999386,0.003627791771727319,12750.371625000002
LT,2020-11-11,LONG,2020-11-11T10:00:00,1054.3,1054.8271499999998,1050.15,1064.1814499999994,1059.5042999999996,2020-11-11T10:01:00,1050.15,1049.624925,STOP,1.6808848182310803,0.013365384615384723,4.677149999999756,-1.112263878644055,False,False,12,12805.607133831985,-62.426699999997254,"{'brokerage': 7.57602747, 'stt': 3.1488747750000003, 'exchange_transaction': 0.7752801444299999, 'sebi': 0.025253424899999998, 'nse_ipft': 2.52534249e-05, 'gst': 1.5077855326958818, 'stamp_duty': 0.3797377739999999, 'total': 13.412984374450781}",-75.83968437444804,12729.767449457537,56.12579999999707,0.004382908159950853,12657.925799999997
LT,2020-11-12,LONG,2020-11-12T10:05:00,1070.0,1070.5349999999999,1065.0,1081.6049999999996,1076.0699999999997,2020-11-12T10:12:00,1065.0,1064.4675,STOP,1.2617943767192374,0.013887572281732652,5.5349999999998545,-1.096205962059628,False,False,11,12729.767449457537,-66.7424999999987,"{'brokerage': 7.045508249999999, 'stt': 2.927285625, 'exchange_transaction': 0.7209903442499999, 'sebi': 0.023485027499999995, 'nse_ipft': 2.3485027499999998e-05, 'gst': 1.4022012792199496, 'stamp_duty': 0.35327654999999997, 'total': 12.472770560997448}",-79.21527056099615,12650.55217889654,60.8849999999984,0.004782883916908705,11775.884999999998
HDFCBANK,2020-11-24,LONG,2020-11-24T10:00:00,1421.9,1422.61095,1418.35,1431.1328500000002,1426.8719,2020-11-24T10:51:00,1431.1328500000002,1430.4172835750003,TARGET_2R,1.7944962124396489,0.011115056818181923,4.2609500000000935,1.8320641112897615,True,False,8,12650.55217889654,62.450668600002246,"{'brokerage': 6.847267760579999, 'stt': 2.860834567150001, 'exchange_transaction': 0.70070373416602, 'sebi': 0.0228242258686, 'nse_ipft': 2.2824225868600004e-05, 'gst': 1.3627473380712878, 'stamp_duty': 0.341426628, 'total': 12.135827078061777}",50.314841521940465,12700.86702041848,34.08760000000075,0.0026945543181004514,11380.8876
ITC,2021-01-06,SHORT,2021-01-06T10:05:00,208.0,207.89600000000002,208.75,206.18800000000005,207.04200000000003,2021-01-06T10:44:00,207.89600000000002,207.99994800000002,BREAKEVEN,1.7690424873209423,-0.020572239300070905,0.853999999999985,-0.1217189695550403,True,False,61,12700.86702041848,-6.340828000000158,"{'brokerage': 7.6108958484, 'stt': 3.170414, 'exchange_transaction': 0.7788483418196, 'sebi': 0.025369652828, 'nse_ipft': 2.5369652828000002e-05, 'gst': 1.514725058286077, 'stamp_duty': 0.38063990484000004, 'total': 13.480918175826504}",-19.82174617582666,12681.045274242653,52.093999999999085,0.004101609749653346,12681.656
TCS,2021-01-07,SHORT,2021-01-07T10:00:00,3022.6,3021.0887000000002,3033.45,2996.366100000001,3008.7274000000007,2021-01-07T12:34:00,3021.0887000000002,3022.59924435,BREAKEVEN,1.3112932059112032,-0.02039024390243893,12.361299999999574,-0.1221994733563414,True,False,4,12681.045274242653,-6.042177399998764,"{'brokerage': 7.25242553322, 'stt': 3.0210887000000004, 'exchange_transaction': 0.74216487956618, 'sebi': 0.0241747517774, 'nse_ipft': 2.4174751777400002e-05, 'gst': 1.4433820810767644, 'stamp_duty': 0.362711909322, 'total': 12.845972029714122}",-18.888149429712886,12662.15712481294,49.445199999998295,0.0038991422970809713,12084.354800000001
BHARTIARTL,2021-01-15,SHORT,2021-01-15T10:05:00,598.95,598.6505250000001,601.75,592.4515750000004,595.5510500000003,2021-01-15T10:23:00,601.75,602.050875,STOP,5.411707860699513,-0.021983430399475035,3.0994749999998703,-1.0970728913767755,False,False,21,12662.15712481294,-71.40734999999768,"{'brokerage': 7.56441882, 'stt': 3.1429152562500007, 'exchange_transaction': 0.7740921925800002, 'sebi': 0.025214729400000004, 'nse_ipft': 2.5214729400000007e-05, 'gst': 1.5054751722076918, 'stamp_duty': 0.37929205125000004, 'total': 13.391433436417092}",-84.79878343641477,12577.358341376526,65.08897499999728,0.005140433368375125,12571.661025000003
RELIANCE,2021-01-21,LONG,2021-01-21T10:05:00,2104.85,2105.9024249999998,2097.15,2123.407274999999,2114.6548499999994,2021-01-21T10:29:00,2097.15,2096.1014250000003,STOP,2.1440522785888123,0.012247838616714635,8.752424999999675,-1.119803940050882,False,False,5,12577.358341376526,-49.00499999999738,"{'brokerage': 6.303005775, 'stt': 2.6201267812500006, 'exchange_transaction': 0.645007590975, 'sebi': 0.02101001925, 'nse_ipft': 2.101001925e-05, 'gst': 1.2544279911439649, 'stamp_duty': 0.31588536375, 'total': 11.159484531388214}",-60.1644845313856,12517.19385684514,43.76212499999838,0.0034794369224602087,10529.512125
ICICIBANK,2021-01-22,SHORT,2021-01-22T10:05:00,547.3,547.02635,549.45,542.1790499999998,544.6026999999999,2021-01-22T11:20:00,542.1790499999998,542.4501395249998,TARGET_2R,1.3923286897382867,-0.009130356174290477,2.423650000000066,1.8881482371629683,True,False,22,12517.19385684514,100.67663045000336,"{'brokerage': 7.190544830864999, 'stt': 3.008644925, 'exchange_transaction': 0.735832421025185, 'sebi': 0.02396848276955, 'nse_ipft': 2.3968482769550002e-05, 'gst': 1.4310665465656505, 'stamp_duty': 0.3580170920864999, 'total': 12.748098266794656}",87.9285321832087,12605.122389028349,53.32030000000145,0.004259764657303183,12034.5797
ITC,2021-01-27,LONG,2021-01-27T10:30:00,211.4,211.5057,210.0,214.51709999999997,213.01139999999998,2021-01-27T14:11:00,210.0,209.895,STOP,1.6522180929927106,0.01586538461538467,1.5056999999999903,-1.0697350069734943,False,False,59,12605.122389028349,-95.03129999999882,"{'brokerage': 7.458792389999999, 'stt': 3.09595125, 'exchange_transaction': 0.76328308791, 'sebi': 0.0248626413, 'nse_ipft': 2.4862641300000002e-05, 'gst': 1.484453336733234, 'stamp_duty': 0.374365089, 'total': 13.201732657584534}",-108.23303265758335,12496.889356370766,88.83629999999943,0.0070476348628969775,12478.836299999999
HDFCBANK,2021-02-02,LONG,2021-02-02T09:55:00,1560.9,1561.68045,1550.0,1585.0413500000002,1573.3609000000001,2021-02-02T10:20:00,1561.68045,1560.899609775,BREAKEVEN,2.8670191917925085,0.05013324450366419,11.680450000000064,-0.06685018342615358,True,False,8,12496.889356370766,-6.246721800000159,"{'brokerage': 7.494192143459999, 'stt': 3.12179921955, 'exchange_transaction': 0.7669056626807401, 'sebi': 0.024980640478200002, 'nse_ipft': 2.4980640478200005e-05, 'gst': 1.491498616906695, 'stamp_duty': 0.374803308, 'total': 13.274204571716114}",-19.52092637171627,12477.36842999905,93.44360000000052,0.0074773487493801066,12493.4436
HDFCBANK,2021-02-05,LONG,2021-02-05T10:10:00,1608.0,1608.8039999999999,1600.0,1626.4119999999996,1617.6079999999997,2021-02-05T10:13:00,1600.0,1599.2,STOP,1.8745979930283696,0.04538113695090429,8.80399999999986,-1.0908677873693737,False,False,7,12477.36842999905,-67.2279999999987,"{'brokerage': 6.736808399999999, 'stt': 2.7986, 'exchange_transaction': 0.6894000596, 'sebi': 0.022456027999999996, 'nse_ipft': 2.2456028e-05, 'gst': 1.3407636498530398, 'stamp_duty': 0.33784884, 'total': 11.92589943348104}",-79.15389943347974,12398.214530565569,61.62799999999902,0.004939182516389293,11261.627999999999
TATASTEEL,2021-02-22,LONG,2021-02-22T09:55:00,69.16,69.19457999999999,68.67,70.24373999999996,69.71915999999997,2021-02-22T10:32:00,68.67,68.635665,STOP,1.457435771902268,0.029870708872046237,0.5245799999999861,-1.0654523618895109,False,False,179,12398.214530565569,-100.04578499999727,"{'brokerage': 7.401484156499999, 'stt': 3.07144600875, 'exchange_transaction': 0.7574185453485, 'sebi': 0.024671613854999996, 'nse_ipft': 2.4671613855e-05, 'gst': 1.4730478177171238, 'stamp_duty': 0.3715748945999999, 'total': 13.099667708384478}",-113.14545270838174,12285.069077857186,93.8998199999975,0.007573656655843822,12385.829819999997
TCS,2021-03-01,LONG,2021-03-01T10:10:00,2952.0,2953.4759999999997,2942.45,2975.5279999999993,2964.5019999999995,2021-03-01T10:52:00,2953.4759999999997,2951.999262,BREAKEVEN,1.282712086799087,0.01050922761449069,11.02599999999984,-0.1339323417376984,True,False,4,12285.069077857186,-5.9069519999993645,"{'brokerage': 7.0865703143999985, 'stt': 2.9519992619999997, 'exchange_transaction': 0.7251923621736001, 'sebi': 0.023621901047999997, 'nse_ipft': 2.3621901048e-05, 'gst': 1.4103734759140762, 'stamp_duty': 0.35441712, 'total': 12.552198057436723}",-18.459150057436087,12266.609927799751,44.10399999999936,0.003590049003427514,11813.903999999999
TCS,2021-03-12,LONG,2021-03-12T10:05:00,3112.4,3113.9562,3100.3,3141.2686,3127.6124,2021-03-12T11:05:00,3100.3,3098.74985,STOP,1.2747153998390124,0.012032520325203189,13.656199999999899,-1.1135125437530238,False,False,3,12266.609927799751,-45.61904999999979,"{'brokerage': 5.591435445, 'stt': 2.3240623875, 'exchange_transaction': 0.5721902272050001, 'sebi': 0.01863811815, 'nse_ipft': 1.8638118150000004e-05, 'gst': 1.112810837125167, 'stamp_duty': 0.280256058, 'total': 9.899411711098317}",-55.518461711098105,12211.091466088652,40.9685999999997,0.0033398469700379714,9341.8686
HDFCBANK,2021-03-25,SHORT,2021-03-25T10:15:00,1470.2,1469.4649000000002,1474.6,1459.1947000000007,1464.3298000000004,2021-03-25T10:39:00,1469.4649000000002,1470.19963245,BREAKEVEN,1.3148796491202779,-0.015870352972755408,5.135099999999738,-0.14308045607679457,True,False,8,12211.091466088652,-5.877859599999283,"{'brokerage': 7.05519487788, 'stt': 2.9389298000000004, 'exchange_transaction': 0.7219816091697201, 'sebi': 0.0235173162596, 'nse_ipft': 2.3517316259600006e-05, 'gst': 1.4041291177126043, 'stamp_duty': 0.352847911788, 'total': 12.496624150126184}",-18.374483750125467,12192.716982338527,41.08079999999791,0.003364220152971841,11755.719200000001
HDFCBANK,2021-04-01,SHORT,2021-04-01T10:05:00,1487.35,1486.606325,1490.55,1478.718975,1482.66265,2021-04-01T10:46:00,1478.718975,1479.4583344875,TARGET_2R,1.5792529570623275,-0.010270774976657404,3.9436749999999847,1.8125201778797697,True,False,8,12192.716982338527,57.183924099999786,"{'brokerage': 7.118555182769999, 'stt': 2.97321265, 'exchange_transaction': 0.7284654803701299, 'sebi': 0.0237285172759, 'nse_ipft': 2.3728517275899998e-05, 'gst': 1.4167391236079947, 'stamp_duty': 0.35507000027700003, 'total': 12.615794682818299}",44.56812941718149,12237.285111755707,31.549399999999878,0.00258756108631899,11892.8506
RELIANCE,2021-04-07,LONG,2021-04-07T10:10:00,2025.8,2026.8129,2017.0,2046.4386999999997,2036.6257999999998,2021-04-07T11:01:00,2046.4386999999997,2045.4154806499998,TARGET_2R,1.3923451303028802,0.011500000000000066,9.8128999999999,1.8957271194040626,True,False,6,12237.285111755707,111.61548389999962,"{'brokerage': 7.330011085169999, 'stt': 3.0681232209749996, 'exchange_transaction': 0.7501044677157299, 'sebi': 0.024433370283899997, 'nse_ipft': 2.44333702839e-05, 'gst': 1.4588232041771843, 'stamp_duty': 0.364826322, 'total': 12.996346103692096}",98.61913779630753,12335.904249552015,58.8773999999994,0.004811312269209044,12160.8774
LT,2021-04-12,SHORT,2021-04-12T10:05:00,1360.95,1360.2695250000002,1366.0,1348.8085750000005,1354.5390500000003,2021-04-12T10:40:00,1348.8085750000005,1349.4829792875005,TARGET_2R,1.2849327305320726,-0.030739983500125634,5.730474999999842,1.8823126725969437,True,False,9,12335.904249552015,97.07891141249706,"{'brokerage': 7.316331761576251, 'stt': 3.06060643125, 'exchange_transaction': 0.7487046169346364, 'sebi': 0.024387772538587503, 'nse_ipft': 2.4387772538587506e-05, 'gst': 1.4561007369879624, 'stamp_duty': 0.3643604044076251, 'total': 12.970516111467601}",84.10839530102946,12420.012644853045,51.57427499999858,0.004180826468547818,12242.425725000001
RELIANCE,2021-04-27,LONG,2021-04-27T10:00:00,1974.0,1974.9869999999999,1966.5,1991.9609999999996,1983.4739999999997,2021-04-27T14:35:00,1991.9609999999996,1990.9650194999997,TARGET_2R,1.6407876823930718,0.020103092783505083,8.486999999999853,1.8826463414634291,True,False,6,12420.012644853045,95.86811699999907,"{'brokerage': 7.1387136350999985, 'stt': 2.98644752925, 'exchange_transaction': 0.7305283619918999, 'sebi': 0.023795712116999993, 'nse_ipft': 2.3795712116999996e-05, 'gst': 1.4207510708857827, 'stamp_duty': 0.35549766, 'total': 12.655757765056796}",83.21235923494228,12503.225004087986,50.921999999999116,0.004099995825777328,11849.921999999999
ITC,2021-05-14,LONG,2021-05-14T09:55:00,206.65,206.753325,206.0,208.25997499999997,207.50664999999998,2021-05-14T10:07:00,208.25997499999997,208.15584501249998,TARGET_2R,1.420820577868847,0.0065853658536585424,0.7533249999999896,1.8617728238144369,True,False,60,12503.225004087986,84.15120074999948,"{'brokerage': 7.468365060224999, 'stt': 3.1223376751875, 'exchange_transaction': 0.7642626911630249, 'sebi': 0.024894550200749994, 'nse_ipft': 2.4894550200749997e-05, 'gst': 1.4863584953050153, 'stamp_duty': 0.37215598499999997, 'total': 13.23839935163149}",70.91280139836799,12574.137805486354,45.199499999999375,0.0036150273217686792,12405.199499999999
ITC,2021-05-17,SHORT,2021-05-17T10:00:00,213.85,213.743075,215.0,211.229225,212.48615,2021-05-17T15:10:00,212.2,212.3061,FORCED_1510,3.9515736799043273,-0.01522140221402224,1.2569249999999954,1.143246414861685,True,False,58,12574.137805486354,83.34455000000105,"{'brokerage': 7.413255645, 'stt': 3.0992745875, 'exchange_transaction': 0.7586231610049999, 'sebi': 0.024710852149999997, 'nse_ipft': 2.471085215e-05, 'gst': 1.4753905864212866, 'stamp_duty': 0.369412614, 'total': 13.140692156928436}",70.20385784307261,12644.341663329427,72.90164999999973,0.005797745430163112,12397.09835
BHARTIARTL,2021-05-31,LONG,2021-05-31T10:10:00,531.15,531.415575,530.15,533.946725,532.68115,2021-05-31T10:51:00,531.415575,531.1498672125,BREAKEVEN,1.376139001664105,0.012940057088487,1.2655750000000126,-0.20995024988640634,True,False,23,12644.341663329427,-6.111279112499801,"{'brokerage': 7.331701551266249, 'stt': 3.054111736471875, 'exchange_transaction': 0.7502774587462463, 'sebi': 0.0244390051708875, 'nse_ipft': 2.4439005170887503e-05, 'gst': 1.4591596417539399, 'stamp_duty': 0.36667674675, 'total': 12.98639057916437}",-19.097669691664173,12625.243993637763,29.10822500000029,0.0023020751712537714,12222.558225
ITC,2021-06-07,LONG,2021-06-07T10:00:00,211.85,211.95592499999998,211.45,212.96777499999996,212.46184999999997,2021-06-07T10:06:00,211.45,211.344275,STOP,1.4141310129461586,0.008555133079847899,0.5059249999999906,-1.208973662104028,False,False,59,12625.243993637763,-36.08734999999817,"{'brokerage': 7.492413539999999, 'stt': 3.1173280562500003, 'exchange_transaction': 0.76672365226, 'sebi': 0.0249747118, 'nse_ipft': 2.4974711800000003e-05, 'gst': 1.491144638178924, 'stamp_duty': 0.37516198725, 'total': 13.267771560450724}",-49.35512156044889,12575.888872077314,29.849574999999447,0.0023642770797175513,12505.399575
BHARTIARTL,2021-06-22,SHORT,2021-06-22T10:05:00,540.8,540.5296,543.0,535.5887999999999,538.0591999999999,2021-06-22T12:00:00,540.5296,540.7998647999999,BREAKEVEN,1.7049619595599634,-0.013593650214396402,2.4704000000000406,-0.10940123056992611,True,False,23,12575.888872077314,-6.216090399998848,"{'brokerage': 7.4611733071199975, 'stt': 3.1080452, 'exchange_transaction': 0.7635267350952798, 'sebi': 0.024870577690399992, 'nse_ipft': 2.4870577690399997e-05, 'gst': 1.484927188287006, 'stamp_duty': 0.37315190671199994, 'total': 13.215719785482372}",-19.43181018548122,12556.457061891833,56.81920000000093,0.004518106082040737,12432.180799999998
TATASTEEL,2021-06-25,LONG,2021-06-25T10:15:00,115.63,115.68781499999999,115.13,116.80344499999997,116.24562999999998,2021-06-25T10:26:00,115.13,115.072435,STOP,1.869321833572082,0.02088105726872258,0.5578149999999908,-1.103197296594745,False,False,108,12556.457061891833,-66.46103999999866,"{'brokerage': 7.476632099999999, 'stt': 3.1069557449999996, 'exchange_transaction': 0.7651086849, 'sebi': 0.024922106999999995, 'nse_ipft': 2.4922107e-05, 'gst': 1.48800380652126, 'stamp_duty': 0.3748285206, 'total': 13.236475886128257}",-79.69751588612692,12476.759546005705,60.24401999999901,0.004797851790760019,12494.28402
HDFCBANK,2021-07-01,SHORT,2021-07-01T10:05:00,1490.8,1490.0546,1493.35,1483.4638,1486.7592,2021-07-01T10:25:00,1493.35,1494.0966749999998,STOP,2.8495077627779186,-0.008621837549933398,3.2953999999999724,-1.2265809916853416,False,False,8,12476.759546005705,-32.336599999998725,"{'brokerage': 7.161963059999999, 'stt': 2.9801092, 'exchange_transaction': 0.73290755314, 'sebi': 0.023873210199999998, 'nse_ipft': 2.3873210199999998e-05, 'gst': 1.4253781853790355, 'stamp_duty': 0.35858320199999993, 'total': 12.682838283929234}",-45.01943828392796,12431.740107721778,26.36319999999978,0.0021129845375949126,11920.4368
TATASTEEL,2021-07-12,SHORT,2021-07-12T10:15:00,123.94,123.87803000000001,124.2,123.23409000000002,123.55606000000002,2021-07-12T10:20:00,124.2,124.26209999999999,STOP,1.257291208720477,-0.012789768185451633,0.3219699999999932,-1.192875112588092,False,False,100,12431.740107721778,-38.40699999999799,"{'brokerage': 7.4442039, 'stt': 3.0969507500000004, 'exchange_transaction': 0.7617901991, 'sebi': 0.024814013, 'nse_ipft': 2.4814013000000002e-05, 'gst': 1.48154992670034, 'stamp_duty': 0.37278629999999996, 'total': 13.18211990281334}",-51.58911990281133,12380.150987818966,32.19699999999932,0.002589902919543875,12387.803000000002
ITC,2021-07-19,LONG,2021-07-19T09:55:00,208.6,208.7043,208.1,209.91289999999998,209.30859999999998,2021-07-19T10:12:00,208.1,207.99595,STOP,1.5285544710373866,0.009912959381044306,0.604299999999995,-1.1721826907165345,False,False,59,12380.150987818966,-41.79264999999975,"{'brokerage': 7.375594424999999, 'stt': 3.0679402625, 'exchange_transaction': 0.754769162825, 'sebi': 0.024585314749999997, 'nse_ipft': 2.458531475e-05, 'gst': 1.4678952278201547, 'stamp_duty': 0.36940661099999994, 'total': 13.060215589209903}",-54.85286558920966,12325.298122229757,35.6536999999997,0.0028799083335154766,12313.553699999999
BHARTIARTL,2021-07-28,LONG,2021-07-28T09:55:00,546.65,546.923325,543.75,553.2699749999999,550.09665,2021-07-28T10:23:00,543.75,543.478125,STOP,1.2963155528447936,0.012418906394810136,3.173324999999977,-1.0856751199451757,False,False,22,12325.298122229757,-75.7944,"{'brokerage': 7.196649569999999, 'stt': 2.9891296874999997, 'exchange_transaction': 0.7364571393299999, 'sebi': 0.023988831899999997, 'nse_ipft': 2.39888319e-05, 'gst': 1.4322815154111417, 'stamp_duty': 0.3609693945, 'total': 12.73950012747304}",-88.53390012747303,12236.764222102283,69.8131499999995,0.005664215932763959,12032.31315
HDFCBANK,2021-08-18,SHORT,2021-08-18T10:05:00,1539.1,1538.33045,1545.55,1523.8913499999999,1531.1109,2021-08-18T11:09:00,1538.33045,1539.0996152249998,BREAKEVEN,3.7363545612267566,-0.011305967752296642,7.219550000000027,-0.10653921989595215,True,False,7,12236.764222102283,-5.384156574998769,"{'brokerage': 6.462603136972499, 'stt': 2.6920782875000002, 'exchange_transaction': 0.6613397210168526, 'sebi': 0.021542010456575, 'nse_ipft': 2.1542010456575003e-05, 'gst': 1.2861911538821489, 'stamp_duty': 0.32321091919725, 'total': 11.446986771035782}",-16.83114334603455,12219.933078756249,50.536850000000186,0.00412991940375214,10768.31315
TCS,2021-08-23,LONG,2021-08-23T10:15:00,3627.9,3629.71395,3613.15,3662.8418499999993,3646.2778999999996,2021-08-23T10:35:00,3613.15,3611.3434250000005,STOP,1.7516958773869966,0.01335195530726252,16.56394999999975,-1.1090666779360985,False,False,3,12219.933078756249,-55.11157499999808,"{'brokerage': 6.5169516375, 'stt': 2.7085075687500004, 'exchange_transaction': 0.6669013842375, 'sebi': 0.021723172125, 'nse_ipft': 2.1723172125000002e-05, 'gst': 1.2970076250662326, 'stamp_duty': 0.3266742555, 'total': 11.537787366350859}",-66.64936236634894,12153.2837163899,49.69184999999925,0.004066458439644492,10889.14185
INFY,2021-08-25,LONG,2021-08-25T09:55:00,1735.5,1736.36775,1727.3,1754.5032499999998,1745.4354999999998,2021-08-25T10:41:00,1736.36775,1735.499566125,BREAKEVEN,1.5008943749327723,0.00791618160651919,9.067749999999933,-0.09574413443245484,True,False,6,12153.2837163899,-5.209103249999316,"{'brokerage': 6.249361169025, 'stt': 2.6032493491875, 'exchange_transaction': 0.6395179596302251, 'sebi': 0.02083120389675, 'nse_ipft': 2.0831203896750003e-05, 'gst': 1.2437516094760568, 'stamp_duty': 0.312546195, 'total': 11.069278317419428}",-16.278381567418744,12137.005334822481,54.406499999999596,0.004476691342820136,10418.2065
LT,2021-08-27,LONG,2021-08-27T09:55:00,1621.0,1621.8104999999998,1612.4,1640.6314999999993,1631.2209999999995,2021-08-27T10:26:00,1640.6314999999993,1639.8111842499993,TARGET_2R,1.484640725565371,0.008728179551122262,9.410499999999729,1.912829738058553,True,False,7,12137.005334822481,126.00478974999646,"{'brokerage': 6.849405536924998, 'stt': 2.8696695724374988, 'exchange_transaction': 0.7009224999453247, 'sebi': 0.02283135178974999, 'nse_ipft': 2.2831351789749992e-05, 'gst': 1.3631727996021352, 'stamp_duty': 0.34058020499999997, 'total': 12.146604797051497}",113.85818495294497,12250.863519775427,65.8734999999981,0.005427492052837726,11352.673499999999
RELIANCE,2021-08-31,SHORT,2021-08-31T10:00:00,2252.3,2251.17385,2257.15,2239.22155,2245.1977,2021-08-31T10:16:00,2257.15,2258.278575,STOP,1.3967085791619198,-0.01181430892880675,5.976149999999961,-1.188846498163489,False,False,5,12250.863519775427,-35.52362499999845,"{'brokerage': 6.764178637499999, 'stt': 2.8139673125, 'exchange_transaction': 0.6922009472375, 'sebi': 0.022547262125, 'nse_ipft': 2.2547262125000002e-05, 'gst': 1.3462108909424322, 'stamp_duty': 0.33874178625, 'total': 11.977869383817058}",-47.501494383815505,12203.36202539161,29.880749999999807,0.002439072964266241,11255.86925
BHARTIARTL,2021-09-24,LONG,2021-09-24T09:55:00,738.5,738.86925,735.0,746.6077499999999,742.7384999999999,2021-09-24T09:56:00,735.0,734.6325,STOP,2.3571233110237935,0.012001920307249225,3.8692499999999654,-1.0949796472184412,False,False,16,12203.36202539161,-67.78799999999865,"{'brokerage': 7.0728083999999996, 'stt': 2.93853, 'exchange_transaction': 0.7237840595999999, 'sebi': 0.023576028, 'nse_ipft': 2.3576028e-05, 'gst': 1.4076345714530398, 'stamp_duty': 0.35465724, 'total': 12.521013875081039}",-80.30901387507969,12123.053011516531,61.90799999999945,0.005073028225433867,11821.908
LT,2021-10-14,LONG,2021-10-14T09:55:00,1798.55,1799.449275,1786.65,1825.0478249999996,1812.2485499999998,2021-10-14T11:03:00,1799.449275,1798.5495503625,BREAKEVEN,2.6451793559528958,0.010957746478873265,12.799274999999852,-0.07029496885565535,True,False,6,12123.053011516531,-5.398347824999746,"{'brokerage': 6.476397885652499, 'stt': 2.69782432554375, 'exchange_transaction': 0.6627513836317726, 'sebi': 0.021587992952175002, 'nse_ipft': 2.1587992952175003e-05, 'gst': 1.288936593041292, 'stamp_duty': 0.3239008695, 'total': 11.47142063831444}",-16.869768463314188,12106.183243053218,76.79564999999911,0.006334679055436414,10796.69565
LT,2021-10-18,SHORT,2021-10-18T10:00:00,1790.0,1789.105,1798.0,1771.315,1780.21,2021-10-18T12:45:00,1798.0,1798.899,STOP,1.32222994936377,-0.009877431314500806,8.894999999999982,-1.1010680157391668,False,False,6,12106.183243053218,-58.763999999999214,"{'brokerage': 6.4584072, 'stt': 2.6836575000000003, 'exchange_transaction': 0.6609103368000001, 'sebi': 0.021528024, 'nse_ipft': 2.1528024000000004e-05, 'gst': 1.28535607598832, 'stamp_duty': 0.32380182, 'total': 11.433682484812321}",-70.19768248481154,12035.985560568406,53.36999999999989,0.004408491010626716,10734.630000000001
LT,2021-10-19,LONG,2021-10-19T09:55:00,1846.55,1847.4732749999998,1839.1,1864.2198249999997,1855.8465499999998,2021-10-19T10:03:00,1839.1,1838.18045,STOP,4.980444484401136,0.024339706044866904,8.373274999999921,-1.109819634491863,False,False,6,12035.985560568406,-55.7569499999986,"{'brokerage': 6.634176705, 'stt': 2.7572706750000004, 'exchange_transaction': 0.678897416145, 'sebi': 0.02211392235, 'nse_ipft': 2.2113922350000003e-05, 'gst': 1.320337828335123, 'stamp_duty': 0.33254518949999995, 'total': 11.745363850252474}",-67.50231385025107,11968.483246718155,50.23964999999953,0.004174120162173652,11084.839649999998
ICICIBANK,2021-10-25,LONG,2021-10-25T09:55:00,823.5,823.91175,817.65,836.43525,830.1735,2021-10-25T10:32:00,836.43525,836.0170323750001,TARGET_2R,20.460255019784658,0.03456250000000005,6.261750000000006,1.9332107438016692,True,False,14,11968.483246718155,169.4739532500016,"{'brokerage': 6.971700885975, 'stt': 2.9260596133125003, 'exchange_transaction': 0.7134373906647751, 'sebi': 0.02323900295325, 'nse_ipft': 2.3239002953250002e-05, 'gst': 1.3875120933472762, 'stamp_duty': 0.346042935, 'total': 12.368015160255755}",157.10593808974585,12125.5891848079,87.66450000000009,0.007324612333316198,11534.7645
LT,2021-10-28,LONG,2021-10-28T09:55:00,1848.05,1848.9740249999998,1839.0,1868.9220749999993,1858.9480499999995,2021-10-28T10:06:00,1848.9740249999998,1848.0495379875,BREAKEVEN,6.665245143725668,0.034703120224500505,9.974024999999756,-0.09268946212786609,True,False,6,12125.5891848079,-5.546922074999202,"{'brokerage': 6.654642413377498, 'stt': 2.7720743069812497, 'exchange_transaction': 0.6809917403022975, 'sebi': 0.022182141377925, 'nse_ipft': 2.2182141377925e-05, 'gst': 1.3244109258958379, 'stamp_duty': 0.33281532449999995, 'total': 11.787139034576187}",-17.334061109575387,12108.255123698325,59.844149999998535,0.004935360178207011,11093.844149999999
LT,2021-11-08,SHORT,2021-11-08T10:30:00,1917.8,1916.8411,1930.0,1890.5233000000003,1903.6822000000002,2021-11-08T12:09:00,1930.0,1930.965,STOP,1.8263302802747345,-0.011596513332133407,13.158899999999903,-1.0733343972520442,False,False,6,12108.255123698325,-84.74339999999893,"{'brokerage': 6.926050979999999, 'stt': 2.8752616500000006, 'exchange_transaction': 0.70876588362, 'sebi': 0.0230868366, 'nse_ipft': 2.3086836600000005e-05, 'gst': 1.3784268216701878, 'stamp_duty': 0.3475737, 'total': 12.259188958726787}",-97.00258895872571,12011.2525347396,78.95339999999942,0.00652062573784653,11501.046600000001
BHARTIARTL,2021-11-17,LONG,2021-11-17T10:00:00,730.7,731.06535,727.5,738.1960499999999,734.6306999999999,2021-11-17T10:18:00,727.5,727.13625,STOP,1.4217112203859046,0.007521910151128353,3.5653499999999667,-1.1020236442424967,False,False,16,12011.2525347396,-62.865599999999176,"{'brokerage': 6.999367679999999, 'stt': 2.908545, 'exchange_transaction': 0.71626862592, 'sebi': 0.023331225599999998, 'nse_ipft': 2.33312256e-05, 'gst': 1.3930183552942077, 'stamp_duty': 0.350911368, 'total': 12.391465586039807}",-75.25706558603898,11935.995469153562,57.04559999999947,0.004749346484474377,11697.0456
TCS,2022-01-03,LONG,2022-01-03T10:00:00,3802.4,3804.3012,3793.1,3826.7036,3815.5024,2022-01-03T12:02:00,3804.3012,3802.3990494,BREAKEVEN,1.7859084128666889,0.015973333333333395,11.201199999999972,-0.16981668035566888,True,False,3,11935.995469153562,-5.706451799999741,"{'brokerage': 6.84603022446, 'stt': 2.8517992870500004, 'exchange_transaction': 0.70057709296974, 'sebi': 0.022820100748199998, 'nse_ipft': 2.28201007482e-05, 'gst': 1.362501042890164, 'stamp_duty': 0.342387108, 'total': 12.126137676218853}",-17.832589476218594,11918.162879677344,33.603599999999915,0.002815316082084849,11412.9036
SBIN,2022-01-07,LONG,2022-01-07T09:55:00,500.8,501.05039999999997,498.55,506.0511999999999,503.5507999999999,2022-01-07T10:54:00,498.55,498.30072500000006,STOP,1.948354677038701,0.0172256560948425,2.5003999999999564,-1.0996940489521512,False,False,23,11918.162879677344,-63.242524999997954,"{'brokerage': 6.895522762499999, 'stt': 2.86522916875, 'exchange_transaction': 0.7056418293625001, 'sebi': 0.022985075875, 'nse_ipft': 2.2985075875000003e-05, 'gst': 1.3723510775064072, 'stamp_duty': 0.345724776, 'total': 12.207477675069782}",-75.45000267506774,11842.712877002275,57.509199999999,0.004825341001008028,11524.1592
RELIANCE,2022-01-12,LONG,2022-01-12T10:00:00,2494.45,2495.697225,2485.0,2517.0916749999997,2506.39445,2022-01-12T11:10:00,2517.0916749999997,2515.8331291625,TARGET_2R,1.2587584281046138,0.00918544895399176,10.69722499999989,1.8823483812390869,True,False,4,11842.712877002275,80.54361665000033,"{'brokerage': 6.013836424995, 'stt': 2.5158331291625, 'exchange_transaction': 0.615415927491155, 'sebi': 0.02004612141665, 'nse_ipft': 2.004612141665e-05, 'gst': 1.1968773336043599, 'stamp_duty': 0.299483667, 'total': 10.661512649791081}",69.88210400020925,11912.594981002485,42.78889999999956,0.003613099502149767,9982.7889
TCS,2022-01-13,SHORT,2022-01-13T10:05:00,3866.6,3864.6667,3888.25,3817.5001000000007,3841.0834000000004,2022-01-13T12:15:00,3888.25,3890.194125,STOP,5.205632683577807,-0.010962225625319011,23.58329999999978,-1.082436512277756,False,False,3,11912.594981002485,-76.5822749999993,"{'brokerage': 6.979374742499999, 'stt': 2.898500025, 'exchange_transaction': 0.7142226819825002, 'sebi': 0.023264582475000004, 'nse_ipft': 2.3264582475000005e-05, 'gst': 1.3890393488771953, 'stamp_duty': 0.35011747125000003, 'total': 12.354542116667172}",-88.93681711666648,11823.658163885819,70.74989999999934,0.0059390838111114475,11594.000100000001
LT,2022-01-14,LONG,2022-01-14T10:25:00,2039.7,2040.71985,2029.95,2062.2595499999998,2051.4897,2022-01-14T11:15:00,2029.95,2028.9350250000002,STOP,2.2690012116660965,0.011544190665342624,10.769849999999906,-1.0942422596414836,False,False,5,11823.658163885819,-58.92412499999864,"{'brokerage': 6.1044823125, 'stt': 2.5361687812500002, 'exchange_transaction': 0.6246920233125001, 'sebi': 0.020348274375, 'nse_ipft': 2.0348274375000004e-05, 'gst': 1.2149177325231375, 'stamp_duty': 0.30610797749999996, 'total': 10.806737449735012}",-69.73086244973365,11753.927301436084,53.84924999999953,0.004554364584429265,10203.59925
INFY,2022-01-24,SHORT,2022-01-24T10:00:00,1744.75,1743.877625,1751.0,1729.6328750000002,1736.7552500000002,2022-01-24T10:35:00,1751.0,1751.8754999999999,STOP,1.3279499393780951,-0.014702549575070889,7.12237499999992,-1.1229224802119917,False,False,6,11753.927301436084,-47.98724999999877,"{'brokerage': 6.292355624999999, 'stt': 2.6158164375000004, 'exchange_transaction': 0.643917725625, 'sebi': 0.020974518749999997, 'nse_ipft': 2.097451875e-05, 'gst': 1.2523083919008748, 'stamp_duty': 0.31533758999999995, 'total': 11.140731263294626}",-59.12798126329339,11694.799320172791,42.73424999999952,0.003635742242065619,10463.26575
ICICIBANK,2022-01-25,LONG,2022-01-25T10:00:00,802.6,803.0013,798.1,812.8039,807.9026,2022-01-25T10:04:00,798.1,797.70095,STOP,1.8733682617883536,0.017427122940431028,4.901299999999992,-1.0814171750351924,False,False,14,11694.799320172791,-74.20489999999972,"{'brokerage': 6.72294945, 'stt': 2.791953325, 'exchange_transaction': 0.68798182705, 'sebi': 0.022409831499999998, 'nse_ipft': 2.2409831500000003e-05, 'gst': 1.33800543330867, 'stamp_duty': 0.337260546, 'total': 11.900582822690168}",-86.1054828226899,11608.693837350102,68.61819999999989,0.005867411498172339,11242.0182
ITC,2022-02-04,SHORT,2022-02-04T10:20:00,233.3,233.18335000000002,234.35,230.85005000000007,232.01670000000004,2022-02-04T10:27:00,234.35,234.46717499999997,STOP,10.048915583361447,-0.02402528977871443,1.1666499999999758,-1.1004371491021105,False,False,49,11608.693837350102,-62.90742499999757,"{'brokerage': 6.874462717499998, 'stt': 2.8564960375, 'exchange_transaction': 0.7034866847575, 'sebi': 0.022914875725, 'nse_ipft': 2.2914875725e-05, 'gst': 1.3681596947144803, 'stamp_duty': 0.34466674724999996, 'total': 12.170209672322704}",-75.07763467232027,11533.616202677782,57.16584999999881,0.004924399833517185,11425.98415
TCS,2022-02-14,LONG,2022-02-14T10:05:00,3791.4,3793.2956999999997,3765.0,3849.887099999999,3821.5913999999993,2022-02-14T11:02:00,3765.0,3763.1175000000003,STOP,3.2890453034876206,0.014769065520945146,28.29569999999967,-1.0665295433581685,False,False,3,11533.616202677782,-90.53459999999814,"{'brokerage': 6.800771879999999, 'stt': 2.8223381250000004, 'exchange_transaction': 0.69594565572, 'sebi': 0.0226692396, 'nse_ipft': 2.2669239600000003e-05, 'gst': 1.3534937000207279, 'stamp_duty': 0.341396613, 'total': 12.036637882580328}",-102.57123788257846,11431.044964795203,84.88709999999901,0.007359972666707134,11379.8871
TCS,2022-02-15,SHORT,2022-02-15T10:40:00,3749.2,3747.3254,3767.95,3706.076200000001,3726.7008000000005,2022-02-15T11:20:00,3767.95,3769.8339749999996,STOP,1.504944363470645,-0.00813523507659808,20.624599999999646,-1.0913460139832902,False,False,3,11431.044964795203,-67.52572499999815,"{'brokerage': 6.7654434375, 'stt': 2.8104940500000004, 'exchange_transaction': 0.6923303784375001, 'sebi': 0.022551478125, 'nse_ipft': 2.2551478125000002e-05, 'gst': 1.3464626121973124, 'stamp_duty': 0.33928505774999995, 'total': 11.976589565487938}",-79.50231456548609,11351.542650229716,61.87379999999894,0.005412785986806541,11241.976200000001
TCS,2022-02-21,SHORT,2022-02-21T10:05:00,3766.25,3764.366875,3787.0,3719.1006250000005,3741.7337500000003,2022-02-21T10:25:00,3719.1006250000005,3720.9601753125003,TARGET_2R,2.1315944817061427,-0.009685039370078807,22.633124999999836,1.917839436114112,True,False,3,11351.542650229716,130.22009906249968,"{'brokerage': 6.7367943452812495, 'stt': 2.8232751562500003, 'exchange_transaction': 0.6893986213337813, 'sebi': 0.0224559811509375, 'nse_ipft': 2.24559811509375e-05, 'gst': 1.3407608526744814, 'stamp_duty': 0.334886415778125, 'total': 11.947593828449726}",118.27250523404996,11469.815155463766,67.89937499999951,0.005981510803610949,11293.100625000001
ITC,2022-03-04,LONG,2022-03-04T10:00:00,221.5,221.61075,219.85,225.13225,223.3715,2022-03-04T13:22:00,225.13225,225.019683875,TARGET_2R,2.4828698748773252,0.013321084060633925,1.7607500000000016,1.9360692176629273,True,False,51,11469.815155463766,173.85562762500012,"{'brokerage': 6.8334456382874995, 'stt': 2.86900096940625, 'exchange_transaction': 0.6992892703180875, 'sebi': 0.022778152127624997, 'nse_ipft': 2.2778152127625e-05, 'gst': 1.3599964509993612, 'stamp_duty': 0.33906444750000003, 'total': 12.123597706790951}",161.73202991820918,11631.547185381974,89.79825000000008,0.00782909303967499,11302.14825
ICICIBANK,2022-03-08,LONG,2022-03-08T10:00:00,652.75,653.076375,650.2,658.8291249999999,655.9527499999999,2022-03-08T10:07:00,658.8291249999999,658.4997104374999,TARGET_2R,1.913069782567428,0.01663298616508624,2.876374999999939,1.8854757941853852,True,False,17,11631.547185381974,92.19670243749783,"{'brokerage': 6.689038035731249, 'stt': 2.7986237693593745, 'exchange_transaction': 0.6845115589898312, 'sebi': 0.022296793452437496, 'nse_ipft': 2.22967934524375e-05, 'gst': 1.3312563632940546, 'stamp_duty': 0.33306895125, 'total': 11.858817768870399}",80.33788466862744,11711.885070050603,48.898374999998964,0.004203944171885605,11102.298375
LT,2022-03-09,SHORT,2022-03-09T09:55:00,1652.55,1651.723725,1662.6,1629.9711750000004,1640.8474500000002,2022-03-09T10:07:00,1662.6,1663.4312999999997,STOP,1.4680698232132643,-0.011571726811810401,10.87627499999985,-1.0764324182681884,False,False,7,11711.885070050603,-81.95302499999775,"{'brokerage': 6.961825552499999, 'stt': 2.89051651875, 'exchange_transaction': 0.7124268148725, 'sebi': 0.023206085175, 'nse_ipft': 2.3206085175000002e-05, 'gst': 1.3855466985538811, 'stamp_duty': 0.34932057299999997, 'total': 12.322865448936556}",-94.2758904489343,11617.609179601668,76.13392499999895,0.006500569681535477,11562.066075
INFY,2022-03-14,LONG,2022-03-14T10:50:00,1862.1,1863.0310499999998,1858.6,1871.8931499999997,1867.4620999999997,2022-03-14T11:22:00,1871.8931499999997,1870.9572034249998,TARGET_2R,1.6354403126797237,0.019791979470940024,4.431049999999914,1.7887754426152025,True,False,6,11617.609179601668,47.55692054999963,"{'brokerage': 6.7211788561649985, 'stt': 2.8064358051375, 'exchange_transaction': 0.687800636280885, 'sebi': 0.02240392952055, 'nse_ipft': 2.240392952055e-05, 'gst': 1.3376530486612717, 'stamp_duty': 0.335345589, 'total': 11.910840268694725}",35.646080281304904,11653.255259882973,26.586299999999483,0.0022884484741215096,11178.1863
ITC,2022-03-15,LONG,2022-03-15T10:05:00,241.1,241.22054999999997,240.55,242.5616499999999,241.89109999999994,2022-03-15T10:34:00,240.55,240.42972500000002,STOP,1.3750684850567494,0.008995815899581538,0.6705499999999631,-1.1793676832450959,False,False,48,11653.255259882973,-37.95959999999786,"{'brokerage': 6.935763959999999, 'stt': 2.8851567000000005, 'exchange_transaction': 0.70975984524, 'sebi': 0.0231192132, 'nse_ipft': 2.31192132e-05, 'gst': 1.3803599047775759, 'stamp_duty': 0.34735759199999994, 'total': 12.281540334430774}",-50.241140334428636,11603.014119548545,32.18639999999823,0.0027620093512241025,11578.586399999998
TCS,2022-03-15,SHORT,2022-03-15T12:45:00,3632.25,3630.433875,3640.55,3610.201625,3620.31775,2022-03-15T13:37:00,3630.433875,3632.2490919375,BREAKEVEN,2.1259303684044015,-0.007911997813610183,10.116125000000011,-0.1794379703196456,True,False,3,11603.014119548545,-5.44565081249948,"{'brokerage': 6.536414670243749, 'stt': 2.72282540625, 'exchange_transaction': 0.6688931012549438, 'sebi': 0.0217880489008125, 'nse_ipft': 2.1788048900812502e-05, 'gst': 1.300881169520713, 'stamp_duty': 0.326902418274375, 'total': 11.577726602493497}",-17.02337741499298,11585.990742133552,30.348375000000033,0.002615559602644079,10891.301625
BHARTIARTL,2022-04-07,SHORT,2022-04-07T10:15:00,767.75,767.366125,769.45,763.1983749999999,765.28225,2022-04-07T11:52:00,767.366125,767.7498080624999,BREAKEVEN,1.758888408192417,-0.010064516129032253,2.0838750000000346,-0.18411999880027363,True,False,15,11585.990742133552,-5.7552459374988985,"{'brokerage': 6.9080216987812495, 'stt': 2.87762296875, 'exchange_transaction': 0.7069208871752812, 'sebi': 0.023026738995937497, 'nse_ipft': 2.3026738995937502e-05, 'gst': 1.3748386233044634, 'stamp_duty': 0.345487413628125, 'total': 12.235941357374053}",-17.99118729487295,11567.99955483868,31.25812500000052,0.0026979242169016576,11510.491875
TCS,2022-04-18,SHORT,2022-04-18T10:10:00,3549.65,3547.875175,3562.75,3518.1255250000004,3533.0003500000003,2022-04-18T14:16:00,3547.875175,3549.6491125875,BREAKEVEN,2.032954191336865,-0.020775623268698085,14.874824999999873,-0.1192577114352521,True,False,3,11567.99955483868,-5.321812762499576,"{'brokerage': 6.387771858828749, 'stt': 2.66090638125, 'exchange_transaction': 0.6536819868868088, 'sebi': 0.0212925728627625, 'nse_ipft': 2.12925728627625e-05, 'gst': 1.271298188007213, 'stamp_duty': 0.319468420132875, 'total': 11.31444070054127}",-16.636253463040845,11551.363301375639,44.62447499999962,0.0038575792459582202,10643.625525
SBIN,2022-04-22,SHORT,2022-04-22T10:05:00,505.55,505.297225,506.7,502.4916750000001,503.89445000000006,2022-04-22T10:22:00,505.297225,505.5498736125,BREAKEVEN,1.6246360314715518,-0.016962370832520945,1.4027749999999628,-0.18010629823027538,True,False,22,11551.363301375639,-5.5582694749992925,"{'brokerage': 6.671590850842499, 'stt': 2.7791347375, 'exchange_transaction': 0.6827261304028825, 'sebi': 0.022238636169475, 'nse_ipft': 2.2238636169475002e-05, 'gst': 1.3277840140891848, 'stamp_duty': 0.33366291658425, 'total': 11.81715952422446}",-17.37542899922375,11533.987872376416,30.86104999999918,0.002671637034939761,11116.53895
TATASTEEL,2022-05-04,SHORT,2022-05-04T10:10:00,129.6,129.5352,130.46,127.6856,128.6104,2022-05-04T12:12:00,127.6856,127.74944279999998,TARGET_2R,4.246000502722455,-0.028780230543207996,0.9248000000000047,1.9309658304498392,True,False,89,11533.987872376416,158.93239080000183,"{'brokerage': 6.869499962759999, 'stt': 2.8821582, 'exchange_transaction': 0.70297882952244, 'sebi': 0.022898333209199997, 'nse_ipft': 2.28983332092e-05, 'gst': 1.3671720042884727, 'stamp_duty': 0.34109101227599997, 'total': 12.18582124038932}",146.7465695596125,11680.734441936029,82.30720000000042,0.007136057442640798,11528.6328
SBIN,2022-05-12,SHORT,2022-05-12T10:00:00,464.55,464.31772500000005,466.4,460.1531750000002,462.2354500000001,2022-05-12T10:18:00,464.31772500000005,464.54988386250005,BREAKEVEN,1.502172426904119,-0.019027484143763207,2.0822749999999246,-0.111492892389338,True,False,25,11680.734441936029,-5.80397156250001,"{'brokerage': 6.9665070664687505, 'stt': 2.9019857812500005, 'exchange_transaction': 0.7129058898019688, 'sebi': 0.0232216902215625, 'nse_ipft': 2.3221690221562502e-05, 'gst': 1.3864784162728505, 'stamp_duty': 0.3484124128968751, 'total': 12.339534478602232}",-18.143506041102242,11662.590935894927,52.056874999998115,0.004456643994328316,11607.943125000002
ICICIBANK,2022-05-23,LONG,2022-05-23T10:55:00,719.65,720.009825,716.1,727.8294749999999,723.9196499999999,2022-05-23T13:59:00,720.009825,719.6498200875,BREAKEVEN,1.2775464164734915,0.01388203791135223,3.9098249999999553,-0.0920769887399106,True,False,16,11662.590935894927,-5.76007860000027,"{'brokerage': 6.910366296419999, 'stt': 2.87859928035, 'exchange_transaction': 0.70716081766698, 'sebi': 0.0230345543214, 'nse_ipft': 2.30345543214e-05, 'gst': 1.3753052465332862, 'stamp_duty': 0.345604716, 'total': 12.240093945845988}",-18.000172545846258,11644.59076334908,62.557199999999284,0.005363919590754211,11520.1572
LT,2022-05-24,SHORT,2022-05-24T10:00:00,1621.35,1620.539325,1629.0,1603.617975,1612.07865,2022-05-24T11:24:00,1629.0,1629.8145,STOP,1.3157316007865494,-0.013801070038910512,8.460675000000037,-1.0962689147142455,False,False,7,11644.59076334908,-64.92622499999993,"{'brokerage': 6.825743032499999, 'stt': 2.83594381875, 'exchange_transaction': 0.6985010369925, 'sebi': 0.022752476775, 'nse_ipft': 2.2752476775000002e-05, 'gst': 1.3584634737739691, 'stamp_duty': 0.342261045, 'total': 12.083687636268246}",-77.00991263626818,11567.580850712813,59.22472500000026,0.005086028887026918,11343.775275
RELIANCE,2022-06-03,LONG,2022-06-03T10:55:00,2804.5,2805.9022499999996,2791.95,2833.8067499999993,2819.8544999999995,2022-06-03T14:21:00,2791.95,2790.554025,STOP,2.228690061912042,0.023323615160349753,13.952249999999822,-1.1000537547707305,False,False,4,11567.580850712813,-61.39289999999892,"{'brokerage': 6.715747529999999, 'stt': 2.790554025, 'exchange_transaction': 0.68724483057, 'sebi': 0.022385825099999996, 'nse_ipft': 2.23858251e-05, 'gst': 1.3365721028691178, 'stamp_duty': 0.33670827, 'total': 11.889234969364217}",-73.28213496936314,11494.29871574345,55.80899999999929,0.004824604272946166,11223.608999999999
TCS,2022-06-14,LONG,2022-06-14T10:25:00,3221.0,3222.6105,3209.6,3248.6314999999995,3235.6209999999996,2022-06-14T12:23:00,3222.6105,3220.99919475,BREAKEVEN,1.3561277490298664,0.008934169278996817,13.010499999999865,-0.12384652780446588,True,False,3,11494.29871574345,-4.83391574999996,"{'brokerage': 5.799248725275, 'stt': 2.4157493960624996, 'exchange_transaction': 0.593456452886475, 'sebi': 0.019330829084249997, 'nse_ipft': 1.933082908425e-05, 'gst': 1.1541699608534655, 'stamp_duty': 0.290034945, 'total': 10.272009639990776}",-15.105925389990736,11479.19279035346,39.031499999999596,0.0033957269569251003,9667.8315
ICICIBANK,2022-06-17,LONG,2022-06-17T10:35:00,680.0,680.3399999999999,678.0,685.0199999999998,682.6799999999998,2022-06-17T11:27:00,680.3399999999999,679.99983,BREAKEVEN,1.8711968698774468,0.016834264432029622,2.339999999999918,-0.1453717948717759,True,False,16,11479.19279035346,-5.442719999999099,"{'brokerage': 6.529631183999999, 'stt': 2.71999932, 'exchange_transaction': 0.6681989244959999, 'sebi': 0.021765437279999997, 'nse_ipft': 2.176543728e-05, 'gst': 1.2995311160183902, 'stamp_duty': 0.32656319999999994, 'total': 11.565710947231668}",-17.008430947230767,11462.184359406228,37.43999999999869,0.003261553376075485,10885.439999999999
TATASTEEL,2022-06-22,SHORT,2022-06-22T10:05:00,85.44,85.39728000000001,85.7,84.79184000000002,85.09456000000002,2022-06-22T10:31:00,85.39728000000001,85.43997864,BREAKEVEN,1.4674712181428915,-0.024856815578465086,0.30271999999999366,-0.1410499471458723,True,False,134,11462.184359406228,-5.721617759999674,"{'brokerage': 6.867657797328, 'stt': 2.8608088800000004, 'exchange_transaction': 0.702790314593232, 'sebi': 0.02289219265776, 'nse_ipft': 2.2892192657760005e-05, 'gst': 1.366805375418897, 'stamp_duty': 0.3434687141328, 'total': 12.164446166323348}",-17.886063926323022,11444.298295479904,40.56447999999915,0.0035389833846731548,11443.235520000002
RELIANCE,2022-07-04,LONG,2022-07-04T10:00:00,2422.6,2423.8113,2410.05,2451.333899999999,2437.5725999999995,2022-07-04T10:12:00,2410.05,2408.8449750000004,STOP,5.610842414146109,0.02520019336261803,13.761299999999665,-1.0875662183078474,False,False,4,11444.298295479904,-59.86529999999766,"{'brokerage': 5.79918753, 'stt': 2.4088449750000005, 'exchange_transaction': 0.59345019057, 'sebi': 0.019330625100000002, 'nse_ipft': 1.93306251e-05, 'gst': 1.1541577817331181, 'stamp_duty': 0.290857356, 'total': 10.26584778902822}",-70.13114778902587,11374.167147690878,55.04519999999866,0.004809836180322176,9695.2452
ICICIBANK,2022-07-05,LONG,2022-07-05T09:55:00,727.85,728.213925,726.7,731.241775,729.72785,2022-07-05T11:04:00,728.213925,727.8498180375001,BREAKEVEN,1.7180294765183493,0.0067768480741305925,1.513924999999972,-0.24050528427758214,True,False,15,11374.167147690878,-5.461604437498977,"{'brokerage': 6.55228684366875, 'stt': 2.729436817640625, 'exchange_transaction': 0.6705173536687687, 'sebi': 0.0218409561455625, 'nse_ipft': 2.1840956145562503e-05, 'gst': 1.3040400589990608, 'stamp_duty': 0.32769626625000003, 'total': 11.605840137328912}",-17.06744457482789,11357.09970311605,22.70887499999958,0.0019965307969480486,10923.208875
RELIANCE,2022-07-07,SHORT,2022-07-07T09:55:00,2385.25,2384.0573750000003,2393.0,2366.172125000001,2375.1147500000006,2022-07-07T10:01:00,2393.0,2394.1965,STOP,1.6901076623076765,-0.018158209324374508,8.94262499999968,-1.133797402887861,False,False,4,11357.09970311605,-40.55649999999878,"{'brokerage': 5.7339046499999995, 'stt': 2.3840573750000003, 'exchange_transaction': 0.58676957585, 'sebi': 0.0191130155, 'nse_ipft': 1.9113015500000004e-05, 'gst': 1.14116514378579, 'stamp_duty': 0.28730358, 'total': 10.152332453151288}",-50.708832453150066,11306.390870662899,35.77049999999872,0.0031496157412604525,9536.229500000001
RELIANCE,2022-07-20,SHORT,2022-07-20T09:55:00,2498.7,2497.4506499999998,2505.75,2480.8519499999993,2489.1512999999995,2022-07-20T10:10:00,2497.4506499999998,2498.6993753249994,BREAKEVEN,2.3356926465747434,-0.018897637795275646,8.299350000000231,-0.15046061739770386,True,False,4,11306.390870662899,-4.9949012999986735,"{'brokerage': 5.995380030389999, 'stt': 2.4974506499999998, 'exchange_transaction': 0.6135272231099099, 'sebi': 0.019984600101299998, 'nse_ipft': 1.99846001013e-05, 'gst': 1.1932041308762358, 'stamp_duty': 0.2998439250389999, 'total': 10.619410544116544}",-15.614311844115218,11290.776558818783,33.197400000000926,0.0029361624217449814,9989.802599999999
SBIN,2022-08-04,SHORT,2022-08-04T10:05:00,535.5,535.23225,537.2,531.29675,533.2645,2022-08-04T10:18:00,537.2,537.4686,STOP,1.3822676820110167,-0.01591097213280601,1.9677500000000236,-1.1365010799136013,False,False,21,11290.776558818783,-46.96335000000033,"{'brokerage': 6.758015355, 'stt': 2.8099693125000003, 'exchange_transaction': 0.6915702379950001, 'sebi': 0.02252671785, 'nse_ipft': 2.252671785e-05, 'gst': 1.344984270761313, 'stamp_duty': 0.33860521800000004, 'total': 11.965693638824165}",-58.929043638824496,11231.84751517996,41.3227500000005,0.0036598678385611053,11239.877250000001
LT,2022-08-19,LONG,2022-08-19T10:15:00,1914.25,1915.207125,1910.6,1924.421375,1919.81425,2022-08-19T10:31:00,1924.421375,1923.4591643125,TARGET_2R,1.8217214850638799,0.013146085211974023,4.607124999999996,1.7911472583227241,True,False,5,11231.84751517996,41.26019656250037,"{'brokerage': 5.75799943396875, 'stt': 2.404323955390625, 'exchange_transaction': 0.5892352754094687, 'sebi': 0.0191933314465625, 'nse_ipft': 1.91933314465625e-05, 'gst': 1.145960502148121, 'stamp_duty': 0.28728106875000003, 'total': 10.204012760444973}",31.056183802055394,11262.903698982014,23.035624999999982,0.0020509203823206373,9576.035625
ICICIBANK,2022-08-23,LONG,2022-08-23T11:00:00,854.45,854.877225,852.0,860.6316749999999,857.7544499999999,2022-08-23T11:05:00,852.0,851.5740000000001,STOP,1.3745926312272878,0.011356242976282127,2.877224999999953,-1.14805932799831,False,False,13,11262.903698982014,-42.94192499999849,"{'brokerage': 6.6551597775, 'stt': 2.7676155000000002, 'exchange_transaction': 0.6810446838975, 'sebi': 0.022183865924999997, 'nse_ipft': 2.2183865925e-05, 'gst': 1.3245138920139166, 'stamp_duty': 0.33340211774999995, 'total': 11.78394202095234}",-54.72586702095083,11208.177831961064,37.40392499999939,0.0033209841795397844,11113.403924999999
ICICIBANK,2022-09-01,LONG,2022-09-01T10:05:00,882.85,883.291425,877.2,895.4742749999999,889.38285,2022-09-01T11:55:00,877.2,876.7614000000001,STOP,2.2296731400016245,0.023117033603708093,6.091424999999958,-1.0720028564744628,False,False,12,11208.177831961064,-78.36029999999892,"{'brokerage': 6.33619017, 'stt': 2.6302842, 'exchange_transaction': 0.64840346073, 'sebi': 0.0211206339, 'nse_ipft': 2.11206339e-05, 'gst': 1.2610323693475018, 'stamp_duty': 0.31798491300000004, 'total': 11.215036867611403}",-89.57533686761032,11118.602495093453,73.0970999999995,0.006521764830636159,10599.4971
ITC,2022-09-05,LONG,2022-09-05T10:00:00,327.35,327.513675,326.1,330.3410249999999,328.92734999999993,2022-09-05T10:15:00,326.1,325.93695,STOP,2.139011750018614,0.006769230769230639,1.4136749999999552,-1.1153376836967503,False,False,33,11118.602495093453,-52.031924999998466,"{'brokerage': 6.469161187499999, 'stt': 2.6889798375000002, 'exchange_transaction': 0.6620108281875, 'sebi': 0.021563870625, 'nse_ipft': 2.1563870625e-05, 'gst': 1.2874963410329625, 'stamp_duty': 0.32423853825, 'total': 11.453472166966087}",-63.48539716696455,11055.117097926488,46.65127499999852,0.004195785848139219,10807.951275
INFY,2022-09-12,LONG,2022-09-12T10:15:00,1544.0,1544.772,1540.8,1552.716,1548.744,2022-09-12T10:23:00,1540.8,1540.0296,STOP,1.853676250094025,0.013173417223751649,3.97199999999998,-1.1939577039274636,False,False,7,11055.117097926488,-33.19679999999903,"{'brokerage': 6.478083359999999, 'stt': 2.6950518000000003, 'exchange_transaction': 0.66292386384, 'sebi': 0.021593611199999998, 'nse_ipft': 2.15936112e-05, 'gst': 1.2892720371572157, 'stamp_duty': 0.32440211999999996, 'total': 11.471348385808415}",-44.66814838580744,11010.44894954068,27.80399999999986,0.002515034418334186,10813.403999999999
INFY,2022-09-14,SHORT,2022-09-14T09:55:00,1482.15,1481.4089250000002,1486.5,1471.2267750000005,1476.3178500000004,2022-09-14T11:58:00,1481.4089250000002,1482.1496294625001,BREAKEVEN,3.838763052947904,-0.012024048096192397,5.091074999999819,-0.1454907779791028,True,False,7,11010.44894954068,-5.184931237499541,"{'brokerage': 6.2234729643712505, 'stt': 2.5924656187500004, 'exchange_transaction': 0.6368687333539913, 'sebi': 0.020744909881237502, 'nse_ipft': 2.0744909881237503e-05, 'gst': 1.2385993234529449, 'stamp_duty': 0.31125142218712504, 'total': 11.02342371690643}",-16.20835495440597,10994.240594586274,35.63752499999873,0.0032367004436713196,10369.862475000002
TATASTEEL,2022-09-15,SHORT,2022-09-15T10:00:00,107.5,107.44625,108.05,106.23875000000002,106.84250000000002,2022-09-15T11:02:00,108.05,108.104025,STOP,1.2611953725786802,-0.010584445467096248,0.6037499999999909,-1.089482401656309,False,False,102,10994.240594586274,-67.09304999999864,"{'brokerage': 6.595838414999999, 'stt': 2.739879375, 'exchange_transaction': 0.674974131135, 'sebi': 0.021986128049999998, 'nse_ipft': 2.1986128050000002e-05, 'gst': 1.312707718856349, 'stamp_duty': 0.33079831649999997, 'total': 11.6762060706694}",-78.76925607066804,10915.471338515606,61.58249999999907,0.00560134185441814,10959.5175
ITC,2022-09-22,LONG,2022-09-22T10:00:00,346.9,347.07345,345.8,349.6203499999999,348.34689999999995,2022-09-22T10:19:00,347.07345,346.899913275,BREAKEVEN,3.9279303977247912,0.022727272727272707,1.2734499999999684,-0.1362729003886819,True,False,31,10915.471338515606,-5.379638474998842,"{'brokerage': 6.4539522784575, 'stt': 2.6884743278812504, 'exchange_transaction': 0.6604544498288175, 'sebi': 0.021513174261525, 'nse_ipft': 2.1513174261525002e-05, 'gst': 1.2844694548299787, 'stamp_duty': 0.3227783085, 'total': 11.431663506933331}",-16.811301981932175,10898.660036533674,39.47694999999902,0.0036166051630499253,10759.27695
HDFCBANK,2022-09-23,SHORT,2022-09-23T10:10:00,1454.25,1453.522875,1460.65,1439.2686250000002,1446.3957500000001,2022-09-23T14:04:00,1439.2686250000002,1439.9882593125,TARGET_2R,1.270787978263515,-0.011546167691106057,7.127124999999978,1.899028807197864,True,False,7,10898.660036533674,94.74230981250025,"{'brokerage': 6.07637338205625, 'stt': 2.54366503125, 'exchange_transaction': 0.6218155427637563, 'sebi': 0.0202545779401875, 'nse_ipft': 2.02545779401875e-05, 'gst': 1.2093234763208642, 'stamp_duty': 0.302397534455625, 'total': 10.773849799364625}",83.96846001313563,10982.62849654681,49.88987499999985,0.004577615489680634,10174.660125
ITC,2022-09-26,SHORT,2022-09-26T10:00:00,340.7,340.52965,341.9,337.78895000000006,339.15930000000003,2022-09-26T11:12:00,337.78895000000006,337.95784447500006,TARGET_2R,1.3661762969014284,-0.015658982166159352,1.3703499999999735,1.8767508483234172,True,False,32,10982.62849654681,82.29777679999825,"{'brokerage': 6.51347994696, 'stt': 2.7242372, 'exchange_transaction': 0.6665461145722401, 'sebi': 0.0217115998232, 'nse_ipft': 2.1711599823200003e-05, 'gst': 1.2963166871319474, 'stamp_duty': 0.32443953069600007, 'total': 11.546752790783213}",70.75102400921503,11053.379520556024,43.85119999999915,0.003992778232805287,10896.9488
LT,2022-10-07,LONG,2022-10-07T09:55:00,1921.1,1922.0605499999997,1913.5,1939.181649999999,1930.6210999999994,2022-10-07T10:45:00,1913.5,1912.5432500000002,STOP,1.806727684510317,0.00648293963254587,8.560549999999694,-1.1117626787998276,False,False,5,11053.379520556024,-47.58649999999761,"{'brokerage': 5.7519057, 'stt': 2.3906790625000003, 'exchange_transaction': 0.5886116833, 'sebi': 0.019173019, 'nse_ipft': 1.9173019000000003e-05, 'gst': 1.14474772355742, 'stamp_duty': 0.2883090825, 'total': 10.183445443876419}",-57.769945443874036,10995.60957511215,42.80274999999847,0.003872367715267352,9610.302749999999
LT,2022-10-17,SHORT,2022-10-17T10:00:00,1889.5,1888.5552500000001,1894.3,1877.0657500000004,1882.8105000000003,2022-10-17T10:42:00,1894.3,1895.24715,STOP,1.3172819149685795,-0.008933732723737431,5.74474999999984,-1.164872274685581,False,False,5,10995.60957511215,-33.459499999999025,"{'brokerage': 5.675703599999999, 'stt': 2.3606940625000004, 'exchange_transaction': 0.5808136684, 'sebi': 0.018919012000000002, 'nse_ipft': 1.8919012000000002e-05, 'gst': 1.1295819358941597, 'stamp_duty': 0.2842870725, 'total': 10.05001827030616}",-43.509518270305186,10952.100056841846,28.7237499999992,0.002612292643148548,9442.77625
ITC,2022-10-18,LONG,2022-10-18T10:00:00,338.35,338.519175,336.85,341.857525,340.18835,2022-10-18T10:36:00,338.519175,338.3499154125,BREAKEVEN,1.2550121701274966,0.011678394969306893,1.6691749999999956,-0.10140314077313299,True,False,32,10952.100056841846,-5.416306799999802,"{'brokerage': 6.49794326796, 'stt': 2.7067993233000003, 'exchange_transaction': 0.6649561944212401, 'sebi': 0.0216598108932, 'nse_ipft': 2.1659810893200003e-05, 'gst': 1.29322456795536, 'stamp_duty': 0.32497840800000005, 'total': 11.509583232340692}",-16.925890032340494,10935.174166809506,53.41359999999986,0.004877018993871596,10832.6136
HDFCBANK,2022-10-19,LONG,2022-10-19T10:05:00,1474.2,1474.9370999999999,1471.7,1481.4112999999995,1478.1741999999997,2022-10-19T10:08:00,1471.7,1470.96415,STOP,1.9782824250163078,0.009153005464480835,3.2370999999998276,-1.2273176608693173,False,False,7,10935.174166809506,-27.810649999998986,"{'brokerage': 6.186392625, 'stt': 2.5741872625, 'exchange_transaction': 0.633074178625, 'sebi': 0.020621308749999998, 'nse_ipft': 2.062130875e-05, 'gst': 1.231219572063075, 'stamp_duty': 0.309736791, 'total': 10.955252359246826}",-38.765902359245814,10896.40826445026,22.659699999998793,0.002072184645103836,10324.5597
SBIN,2022-10-21,LONG,2022-10-21T10:10:00,564.3,564.58215,562.15,569.4464499999999,567.0142999999999,2022-10-21T14:01:00,562.15,561.868925,STOP,1.456504944899139,0.012830865859129625,2.4321499999999787,-1.115566474107267,False,False,19,10896.40826445026,-51.55127499999935,"{'brokerage': 6.4207711275, 'stt': 2.66887739375, 'exchange_transaction': 0.6570589120475, 'sebi': 0.021402570424999996, 'nse_ipft': 2.1402570425e-05, 'gst': 1.2778657222577265, 'stamp_duty': 0.3218118255, 'total': 11.36780895405065}",-62.91908395405,10833.48918049621,46.210849999999596,0.004240924979909516,10727.06085
TATASTEEL,2022-11-01,LONG,2022-11-01T10:05:00,100.4,100.4502,100.1,101.1506,100.8004,2022-11-01T10:51:00,100.1,100.04995,STOP,2.8326281921150414,0.021308980213089912,0.35020000000000095,-1.1429183323814924,False,False,107,10833.48918049621,-42.826749999999976,"{'brokerage': 6.4360548149999985, 'stt': 2.6763361624999997, 'exchange_transaction': 0.658622942735, 'sebi': 0.021453516049999996, 'nse_ipft': 2.145351605e-05, 'gst': 1.2809074909141887, 'stamp_duty': 0.32244514199999996, 'total': 11.395841522715237}",-54.22259152271521,10779.266588973494,37.4714000000001,0.0034588487029147325,10748.1714
ICICIBANK,2022-11-03,LONG,2022-11-03T10:10:00,906.5,906.9532499999999,904.3,912.2597499999998,909.6064999999999,2022-11-03T10:21:00,906.9532499999999,906.499773375,BREAKEVEN,1.4547122450748184,0.00654791631984919,2.6532499999999573,-0.17091364364454956,True,False,11,10779.266588973494,-4.988242874998832,"{'brokerage': 5.9843949771375, 'stt': 2.4928743767812502, 'exchange_transaction': 0.6124030859937375, 'sebi': 0.019947983257125, 'nse_ipft': 1.9947983257125003e-05, 'gst': 1.1910178789868913, 'stamp_duty': 0.2992945725, 'total': 10.59995282263976}",-15.588195697638593,10763.678393275855,29.18574999999953,0.0027075821679607313,9976.48575
BHARTIARTL,2022-11-11,LONG,2022-11-11T09:55:00,836.75,837.168375,834.25,843.0051249999999,840.0867499999999,2022-11-11T10:06:00,834.25,833.8328750000001,STOP,1.3040029236785429,0.0063195907312669775,2.918374999999969,-1.1429305692379994,False,False,12,10763.678393275855,-40.02599999999893,"{'brokerage': 6.015604499999999, 'stt': 2.5014986250000004, 'exchange_transaction': 0.6155968605, 'sebi': 0.020052015, 'nse_ipft': 2.0052015e-05, 'gst': 1.1972292169527, 'stamp_duty': 0.30138061499999996, 'total': 10.651381884467698}",-50.67738188446663,10713.001011391389,35.02049999999963,0.003253581045479506,10046.020499999999
INFY,2022-11-11,LONG,2022-11-11T10:10:00,1566.55,1567.333275,1562.25,1577.4998249999999,1572.41655,2022-11-11T10:55:00,1562.25,1561.468875,STOP,1.9896352427468755,0.015032489574241081,5.083274999999958,-1.1536656978030857,False,False,6,10713.001011391389,-35.186399999999594,"{'brokerage': 5.631843869999999, 'stt': 2.3422033124999997, 'exchange_transaction': 0.5763253560299999, 'sebi': 0.018772812899999998, 'nse_ipft': 1.8772812899999998e-05, 'gst': 1.1208529461137218, 'stamp_duty': 0.2821199895, 'total': 9.972137059856621}",-45.158537059856215,10667.842474331532,30.499649999999747,0.0028469753682995778,9403.99965
TCS,2022-11-11,LONG,2022-11-11T11:05:00,3326.1,3327.7630499999996,3320.7,3341.889149999999,3334.8260999999993,2022-11-11T11:30:00,3320.7,3319.03965,STOP,2.9230682015946834,0.022021042329336993,7.063049999999748,-1.2350754985452053,False,False,3,10667.842474331532,-26.170199999998204,"{'brokerage': 5.982122429999999, 'stt': 2.4892797375, 'exchange_transaction': 0.61217052867, 'sebi': 0.0199404081, 'nse_ipft': 1.9940408100000003e-05, 'gst': 1.1905655952920577, 'stamp_duty': 0.29949867449999995, 'total': 10.593597314470156}",-36.76379731446836,10631.078677017063,21.189149999999245,0.0019862638627242196,9983.289149999999
BHARTIARTL,2022-11-18,SHORT,2022-11-18T10:10:00,837.3,836.88135,840.45,829.7440499999999,833.3127,2022-11-18T11:20:00,836.88135,837.2997906749999,BREAKEVEN,1.43398134848815,-0.017118654038472902,3.568650000000048,-0.11725461308896555,True,False,12,10631.078677017063,-5.02128809999931,"{'brokerage': 6.027052106429999, 'stt': 2.51064405, 'exchange_transaction': 0.61676833222467, 'sebi': 0.0200901736881, 'nse_ipft': 2.00901736881e-05, 'gst': 1.1995075264529624, 'stamp_duty': 0.301427924643, 'total': 10.675510203612419}",-15.696798303611729,10615.381878713451,42.823800000000574,0.0040281707342247185,10042.5762
TCS,2022-11-28,LONG,2022-11-28T10:05:00,3393.05,3394.746525,3380.55,3423.1395749999997,3408.94305,2022-11-28T15:10:00,3399.45,3397.750275,FORCED_1510,1.2530797752448648,0.007724301841948833,14.196524999999838,0.21158346848964016,True,False,3,10615.381878713451,9.011249999999563,"{'brokerage': 6.113247119999999, 'stt': 2.54831270625, 'exchange_transaction': 0.62558895528, 'sebi': 0.020377490399999997, 'nse_ipft': 2.03774904e-05, 'gst': 1.2166621097706716, 'stamp_duty': 0.30552718725, 'total': 10.82973594644107}",-1.8184859464415073,10613.56339276701,42.58957499999951,0.004012062447362584,10184.239575
TCS,2022-12-01,LONG,2022-12-01T09:55:00,3466.45,3468.1832249999998,3456.6,3491.3496749999995,3479.7664499999996,2022-12-01T15:10:00,3475.0,3473.2625000000003,FORCED_1510,1.7748883898369383,0.012846715328467262,11.583224999999857,0.4385026622551638,True,False,3,10613.56339276701,15.237825000001521,"{'brokerage': 6.247301152499999, 'stt': 2.604946875, 'exchange_transaction': 0.6393071512725, 'sebi': 0.020824337175, 'nse_ipft': 2.0824337175000003e-05, 'gst': 1.2433416237512411, 'stamp_duty': 0.31213649024999995, 'total': 11.067878454285916}",4.1699465457156055,10617.733339312725,34.74967499999957,0.003274081824741441,10404.549674999998
TCS,2022-12-12,LONG,2022-12-12T10:40:00,3285.05,3286.692525,3280.0,3300.077575,3293.38505,2022-12-12T12:33:00,3286.692525,3285.0491787375,BREAKEVEN,1.426322405107902,0.010735678083243716,6.692524999999932,-0.24554951419681423,True,False,3,10617.733339312725,-4.930038787500052,"{'brokerage': 5.9145675333637495, 'stt': 2.463786884053125, 'exchange_transaction': 0.6052574109142238, 'sebi': 0.0197152251112125, 'nse_ipft': 1.97152251112125e-05, 'gst': 1.1771207792305733, 'stamp_duty': 0.29580232725, 'total': 10.476269875147995}",-15.406308662648048,10602.327030650076,20.077574999999797,0.0018909473762786547,9860.077575
HDFCBANK,2022-12-26,LONG,2022-12-26T10:25:00,1617.95,1618.758975,1614.15,1627.9769249999997,1623.3679499999998,2022-12-26T10:35:00,1614.15,1613.3429250000002,STOP,1.258364066533161,0.012816505157861924,4.608974999999873,-1.1751094332253837,False,False,6,10602.327030650076,-32.49629999999888,"{'brokerage': 5.81778342, 'stt': 2.4200143875, 'exchange_transaction': 0.5953531699800001, 'sebi': 0.019392611400000002, 'nse_ipft': 1.93926114e-05, 'gst': 1.1578587469184518, 'stamp_duty': 0.2913766155, 'total': 10.301798343909851}",-42.798098343908734,10559.528932306168,27.653849999999238,0.002608281174505863,9712.55385
ICICIBANK,2023-01-05,SHORT,2023-01-05T09:55:00,892.9,892.4535500000001,896.2,884.9606500000001,888.7071000000001,2023-01-05T11:35:00,884.9606500000001,885.403130325,TARGET_2R,1.4189423526823852,-0.0075480075480075515,3.7464499999999816,1.8818934391223938,True,False,11,10559.528932306168,77.55461642500063,"{'brokerage': 5.866927045072499, 'stt': 2.4542472625, 'exchange_transaction': 0.6003822009457525, 'sebi': 0.019556423483575, 'nse_ipft': 1.9556423483575e-05, 'gst': 1.1676393406665557, 'stamp_duty': 0.29218303300724996, 'total': 10.400954862099114}",67.15366156290152,10626.682593869069,41.2109499999998,0.0039027261788087604,9816.98905
TATASTEEL,2023-01-10,LONG,2023-01-10T09:55:00,119.2,119.25959999999999,119.0,119.77879999999998,119.51919999999998,2023-01-10T10:01:00,119.0,118.9405,STOP,1.4910646724891634,0.017849553761155823,0.25959999999999184,-1.2291987673343674,False,False,89,10626.682593869069,-28.399899999999263,"{'brokerage': 6.35994267, 'stt': 2.646426125, 'exchange_transaction': 0.6508341332300001, 'sebi': 0.0211998089, 'nse_ipft': 2.1199808900000003e-05, 'gst': 1.265759606149002, 'stamp_duty': 0.318423132, 'total': 11.262606675087902}",-39.662506675087165,10587.020087193981,23.104399999999274,0.0021741874565190332,10614.1044
ICICIBANK,2023-01-24,SHORT,2023-01-24T09:55:00,873.75,873.313125,875.5,868.939375,871.12625,2023-01-24T10:32:00,873.313125,873.7497815625,BREAKEVEN,1.2669214687805783,-0.006541524459613202,2.1868749999999864,-0.1996714775649896,True,False,12,10587.020087193981,-5.239878749999207,"{'brokerage': 6.289426463624999, 'stt': 2.619939375, 'exchange_transaction': 0.643617974777625, 'sebi': 0.02096475487875, 'nse_ipft': 2.0964754878749998e-05, 'gst': 1.2517254284465253, 'stamp_duty': 0.3145499213625, 'total': 11.140244882845277}",-16.380123632844484,10570.639963561138,26.242499999999836,0.0024787428175131795,10479.7575
ICICIBANK,2023-01-27,SHORT,2023-01-27T10:15:00,831.05,830.634475,832.95,826.0034249999998,828.3189499999999,2023-01-27T10:57:00,826.0034249999998,826.4164267124997,TARGET_2R,3.7727683994172314,-0.011976404695227205,2.3155250000000933,1.8216379816672417,True,False,12,10570.639963561138,50.61657945000252,"{'brokerage': 5.965383246164999, 'stt': 2.491903425, 'exchange_transaction': 0.6104575521908849, 'sebi': 0.019884610820549996, 'nse_ipft': 1.988461082055e-05, 'gst': 1.1872341528817056, 'stamp_duty': 0.2975099136164999, 'total': 10.57239278528546}",40.04418666471706,10610.684150225856,27.78630000000112,0.002628629874424387,9967.6137
ICICIBANK,2023-01-31,SHORT,2023-01-31T10:00:00,816.65,816.241675,820.65,807.425025,811.83335,2023-01-31T10:45:00,820.65,821.0603249999999,STOP,1.315274819243112,-0.008777239709443108,4.408324999999991,-1.093079571038874,False,False,12,10610.684150225856,-57.82379999999921,"{'brokerage': 5.894287199999999, 'stt': 2.448725025, 'exchange_transaction': 0.6031820567999999, 'sebi': 0.019647623999999995, 'nse_ipft': 1.9647623999999997e-05, 'gst': 1.1730845751163197, 'stamp_duty': 0.29558171699999997, 'total': 10.434527845540318}",-68.25832784553953,10542.425822380315,52.89989999999989,0.004985531493638313,9794.900099999999
SBIN,2023-02-01,SHORT,2023-02-01T10:00:00,554.3,554.02285,556.35,549.3685499999998,551.6956999999999,2023-02-01T10:14:00,556.35,556.6281749999999,STOP,1.5043950429492796,-0.014071962949768424,2.327150000000074,-1.1195346238961434,False,False,19,10542.425822380315,-49.501174999999876,"{'brokerage': 6.3307108424999985, 'stt': 2.6316085375, 'exchange_transaction': 0.6478427428825, 'sebi': 0.021102369474999997, 'nse_ipft': 2.1102369475000002e-05, 'gst': 1.2599418703008551, 'stamp_duty': 0.31727805974999995, 'total': 11.208505524777829}",-60.7096805247777,10481.716141855537,44.21585000000141,0.004194086896597975,10526.43415
ICICIBANK,2023-02-02,LONG,2023-02-02T10:05:00,844.65,845.072325,839.55,856.116975,850.59465,2023-02-02T10:27:00,845.072325,844.6497888375001,BREAKEVEN,1.6315764150268148,0.026074360212457792,5.5223250000000235,-0.07651417881053864,True,False,12,10481.716141855537,-5.070433949998915,"{'brokerage': 6.082999609814999, 'stt': 2.5339493665125, 'exchange_transaction': 0.6224936267377351, 'sebi': 0.020276665366050002, 'nse_ipft': 2.0276665366050004e-05, 'gst': 1.210642232145147, 'stamp_duty': 0.304226037, 'total': 10.774607814241797}",-15.845041764240712,10465.871100091295,66.26790000000028,0.006322237609104833,10140.8679
RELIANCE,2023-02-08,LONG,2023-02-08T10:05:00,2340.2,2341.3700999999996,2335.2,2353.7102999999993,2347.5401999999995,2023-02-08T10:10:00,2335.2,2334.0324,STOP,1.4530819597874636,0.013856463467358582,6.17009999999982,-1.189235182573994,False,False,4,10465.871100091295,-29.350799999998344,"{'brokerage': 5.6104829999999986, 'stt': 2.3340324, 'exchange_transaction': 0.574139427, 'sebi': 0.01870161, 'nse_ipft': 1.870161e-05, 'gst': 1.1166016929497997, 'stamp_duty': 0.28096441199999994, 'total': 9.934941243559798}",-39.28574124355814,10426.585358847737,24.68039999999928,0.002358179244132291,9365.480399999999
TATASTEEL,2023-03-03,SHORT,2023-03-03T10:00:00,105.2,105.1474,105.5,104.44220000000001,104.79480000000001,2023-03-03T10:04:00,105.5,105.55274999999999,STOP,1.4171206713241802,-0.007547169811320753,0.35259999999999536,-1.149602949517838,False,False,99,10426.585358847737,-40.12964999999845,"{'brokerage': 6.257794454999999, 'stt': 2.60239815, 'exchange_transaction': 0.6403809658949999, 'sebi': 0.020859314849999998, 'nse_ipft': 2.085931485e-05, 'gst': 1.2454300071107727, 'stamp_duty': 0.31349166749999996, 'total': 11.08037541967062}",-51.210025419669066,10375.375333428068,34.90739999999954,0.0033479225267530185,10409.5926
HDFCBANK,2023-03-08,LONG,2023-03-08T09:55:00,1635.55,1636.367775,1630.0,1649.1033249999998,1642.7355499999999,2023-03-08T10:29:00,1630.0,1629.1850000000002,STOP,1.455358982589388,0.009197530864197612,6.367774999999938,-1.1279881905374853,False,False,6,10375.375333428068,-43.09664999999859,"{'brokerage': 5.877994995, 'stt': 2.4437775000000004, 'exchange_transaction': 0.601514821155, 'sebi': 0.01959331665, 'nse_ipft': 1.9593316650000004e-05, 'gst': 1.169842090701897, 'stamp_duty': 0.2945461995, 'total': 10.407288516323547}",-53.50393851632214,10321.871394911746,38.20664999999963,0.0036824354562772226,9818.20665
INFY,2023-03-14,SHORT,2023-03-14T10:05:00,1424.95,1424.2375250000002,1429.7,1413.3125750000006,1418.7750500000004,2023-03-14T12:30:00,1429.7,1430.41485,STOP,1.534905268201782,-0.011936155447605845,5.462474999999813,-1.1308655874855018,False,False,7,10321.871394911746,-43.241274999997586,"{'brokerage': 5.9947699875, 'stt': 2.4924156687500005, 'exchange_transaction': 0.6134647953875, 'sebi': 0.019982566625, 'nse_ipft': 1.9982566625000002e-05, 'gst': 1.1930827197742426, 'stamp_duty': 0.3003871185, 'total': 10.614122839103368}",-53.85539783910095,10268.015997072645,38.23732499999869,0.0037044953901332373,9969.662675000001
INFY,2023-03-15,SHORT,2023-03-15T09:55:00,1421.25,1420.539375,1424.4,1412.818125,1416.67875,2023-03-15T10:20:00,1424.4,1425.1122,STOP,1.4709920263567018,-0.013073713490959649,3.8606250000000273,-1.1844779018941063,False,False,7,10268.015997072645,-32.00977499999976,"{'brokerage': 5.9758683075, 'stt': 2.48594390625, 'exchange_transaction': 0.6115305234675001, 'sebi': 0.019919561025, 'nse_ipft': 1.9919561025000003e-05, 'gst': 1.1893208960796342, 'stamp_duty': 0.29927356200000005, 'total': 10.58187667588316}",-42.59165167588292,10225.424345396763,27.02437500000019,0.0026318984122838036,9943.775625
TATASTEEL,2023-03-16,SHORT,2023-03-16T10:05:00,104.3,104.24785,104.95,102.84355,103.5457,2023-03-16T11:22:00,104.95,105.002475,STOP,2.4502393377399416,-0.028904428904428903,0.7021500000000032,-1.0747347432884724,False,False,98,10225.424345396763,-73.95325000000042,"{'brokerage': 6.1519595549999995, 'stt': 2.5540723250000004, 'exchange_transaction': 0.629550527795, 'sebi': 0.02050653185, 'nse_ipft': 2.050653185e-05, 'gst': 1.2243666818118328, 'stamp_duty': 0.3087072765, 'total': 10.889183404488683}",-84.8424334044891,10140.581911992274,68.81070000000031,0.006729373537537072,10216.2893
LT,2023-03-17,LONG,2023-03-17T09:55:00,2215.55,2216.657775,2208.0,2233.9733250000004,2225.3155500000003,2023-03-17T10:40:00,2216.657775,2215.5494461125004,BREAKEVEN,1.7953252767265955,0.014313806191978973,8.657775000000129,-0.12801544132294052,True,False,4,10140.581911992274,-4.433315549998952,"{'brokerage': 5.318648665335, 'stt': 2.2155494461125005, 'exchange_transaction': 0.5442750467526151, 'sebi': 0.01772882888445, 'nse_ipft': 1.7728828884450003e-05, 'gst': 1.0585206485641707, 'stamp_duty': 0.26599893300000005, 'total': 9.420739297477622}",-13.854054847476574,10126.727857144799,34.631100000000515,0.0034150998730206696,8866.6311
RELIANCE,2023-03-20,SHORT,2023-03-20T09:55:00,2195.75,2194.652125,2200.6,2182.7563750000004,2188.7042500000002,2023-03-20T11:04:00,2194.652125,2195.7494510625,BREAKEVEN,1.772550901132154,-0.010925507900677145,5.94787499999984,-0.18449043776140506,True,False,4,10126.727857144799,-4.38930425000035,"{'brokerage': 5.268481891275, 'stt': 2.194652125, 'exchange_transaction': 0.5391413135404751, 'sebi': 0.01756160630425, 'nse_ipft': 1.7561606304250004e-05, 'gst': 1.0485364270906854, 'stamp_duty': 0.26348993412750005, 'total': 9.331880858944215}",-13.721185108944566,10113.006672035854,23.79149999999936,0.002349376850609601,8778.6085
ICICIBANK,2023-03-28,SHORT,2023-03-28T10:05:00,848.9,848.47555,851.4,842.62665,845.5511,2023-03-28T10:13:00,851.4,851.8257,STOP,1.4908994397294992,-0.007188358365963432,2.924449999999979,-1.145565832891658,False,False,11,10113.006672035854,-36.851649999999836,"{'brokerage': 5.6109941249999995, 'stt': 2.3333077625, 'exchange_transaction': 0.5741917321250001, 'sebi': 0.01870331375, 'nse_ipft': 1.8703313750000004e-05, 'gst': 1.1167034173539747, 'stamp_duty': 0.28110248099999996, 'total': 9.935021535042724}",-46.78667153504256,10066.22000050081,32.16894999999977,0.003180948163413386,9333.23105
RELIANCE,2023-04-24,SHORT,2023-04-24T10:10:00,2354.0,2352.8230000000003,2361.7,2335.0690000000013,2343.946000000001,2023-04-24T10:40:00,2361.7,2362.8808499999996,STOP,1.522912015999469,-0.0094736842105263,8.876999999999498,-1.1330235439900647,False,False,4,10066.22000050081,-40.23139999999694,"{'brokerage': 5.65884462, 'stt': 2.3528230000000003, 'exchange_transaction': 0.57908843278, 'sebi': 0.0188628154, 'nse_ipft': 1.88628154e-05, 'gst': 1.1262266515791721, 'stamp_duty': 0.28354570199999996, 'total': 10.019410084574574}",-50.25081008457151,10015.96919041624,35.50799999999799,0.003527441283642858,9411.292000000001
ITC,2023-04-27,LONG,2023-04-27T10:05:00,415.45,415.65772499999997,414.8,417.3731749999999,416.51544999999993,2023-04-27T10:13:00,414.8,414.59260000000006,STOP,1.3735224324272628,0.008491023774866546,0.8577249999999594,-1.24180244250775,False,False,24,10015.96919041624,-25.562999999997828,"{'brokerage': 5.97780234, 'stt': 2.4875556000000008, 'exchange_transaction': 0.61172843946, 'sebi': 0.0199260078, 'nse_ipft': 1.99260078e-05, 'gst': 1.189705808388204, 'stamp_duty': 0.299273562, 'total': 10.586011683656006}",-36.14901168365383,9979.820178732585,20.585399999999026,0.002055257919492816,9975.785399999999
ITC,2023-05-03,LONG,2023-05-03T10:25:00,427.6,427.8138,426.5,430.44140000000004,429.12760000000003,2023-05-03T13:38:00,426.5,426.28675000000004,STOP,1.4679351540203265,0.008844339622641417,1.3138000000000147,-1.162315420916393,False,False,23,9979.820178732585,-35.12214999999941,"{'brokerage': 5.893293795, 'stt': 2.4511488125, 'exchange_transaction': 0.603080398355, 'sebi': 0.01964431265, 'nse_ipft': 1.9644312650000003e-05, 'gst': 1.172886867057177, 'stamp_duty': 0.295191522, 'total': 10.435265351874826}",-45.55741535187423,9934.262763380711,30.21740000000034,0.0030278501474801,9839.7174
BHARTIARTL,2023-06-01,SHORT,2023-06-01T09:55:00,828.15,827.7359250000001,829.55,824.1077750000003,825.9218500000002,2023-06-01T09:59:00,829.55,829.9647749999999,STOP,1.638367488194877,-0.013723969210573395,1.8140749999998889,-1.2286426966911448,False,False,12,9934.262763380711,-26.746199999998225,"{'brokerage': 5.967722519999999, 'stt': 2.4832077750000003, 'exchange_transaction': 0.61069693788, 'sebi': 0.0198924084, 'nse_ipft': 1.98924084e-05, 'gst': 1.1876997165639116, 'stamp_duty': 0.298787319, 'total': 10.568026569252313}",-37.314226569250536,9896.94853681146,21.768899999998666,0.002191294967578503,9932.831100000001
RELIANCE,2023-07-07,LONG,2023-07-07T10:00:00,2660.55,2661.880275,2656.25,2673.140825,2667.51055,2023-07-07T10:11:00,2656.25,2654.921875,STOP,2.2665343528918678,0.011366223908918283,5.630274999999983,-1.2358898988060092,False,False,3,9896.94853681146,-20.87519999999995,"{'brokerage': 4.785121934999999, 'stt': 1.99119140625, 'exchange_transaction': 0.489677478015, 'sebi': 0.01595040645, 'nse_ipft': 1.595040645e-05, 'gst': 0.9523378385768609, 'stamp_duty': 0.23956922475000003, 'total': 8.473864239448309}",-29.34906423944826,9867.599472572012,16.89082499999995,0.0017066699839021022,7985.640825
ITC,2023-07-12,SHORT,2023-07-12T09:55:00,474.8,474.56260000000003,475.65,472.38780000000014,473.4752000000001,2023-07-12T10:31:00,474.56260000000003,474.7998813,BREAKEVEN,1.251767651447727,-0.0069073783359497876,1.0873999999999455,-0.21820976641526715,True,False,20,9867.599472572012,-4.7456259999989925,"{'brokerage': 5.6961748878, 'stt': 2.3728130000000003, 'exchange_transaction': 0.5829085635182001, 'sebi': 0.018987249626, 'nse_ipft': 1.8987249626000002e-05, 'gst': 1.1336561438748884, 'stamp_duty': 0.28487992878, 'total': 10.089438760848719}",-14.835064760847711,9852.764407811164,21.74799999999891,0.0022039808223316797,9491.252
SBIN,2023-07-20,LONG,2023-07-20T10:00:00,605.1,605.40255,603.7,608.80765,607.1051,2023-07-20T10:45:00,605.40255,605.099848725,BREAKEVEN,1.9997411497434272,0.007149983372131796,1.7025499999999738,-0.17779288420311218,True,False,16,9852.764407811164,-4.843220400000064,"{'brokerage': 5.81041151388, 'stt': 2.4203993949, 'exchange_transaction': 0.5945987782537201, 'sebi': 0.0193680383796, 'nse_ipft': 1.9368038379600003e-05, 'gst': 1.156391585739306, 'stamp_duty': 0.29059322400000004, 'total': 10.291781903191007}",-15.13500230319107,9837.629405507972,27.24079999999958,0.0027647875126703904,9686.4408
LT,2023-07-21,LONG,2023-07-21T10:00:00,2566.0,2567.283,2555.0,2591.8489999999997,2579.566,2023-07-21T10:16:00,2555.0,2553.7225000000003,STOP,9.463110140637898,0.02036082474226797,12.282999999999902,-1.10400553610679,False,False,3,9837.629405507972,-40.68149999999878,"{'brokerage': 4.60890495, 'stt': 1.9152918750000003, 'exchange_transaction': 0.47164460655000007, 'sebi': 0.015363016500000002, 'nse_ipft': 1.5363016500000004e-05, 'gst': 0.9172670284919701, 'stamp_duty': 0.23105547, 'total': 8.159542309558471}",-48.84104230955725,9788.788363198415,36.848999999999705,0.003745719469709683,7701.849
ITC,2023-07-25,SHORT,2023-07-25T10:05:00,458.6,458.37070000000006,460.4,454.3121000000002,456.34140000000014,2023-07-25T11:08:00,458.37070000000006,458.59988535,BREAKEVEN,11.933327272728047,-0.025432784783073203,2.029299999999921,-0.11293813137533878,True,False,21,9788.788363198415,-4.812892349999288,"{'brokerage': 5.776914687705, 'stt': 2.4064461750000006, 'exchange_transaction': 0.5911709363751452, 'sebi': 0.019256382292350004, 'nse_ipft': 1.9256382292350005e-05, 'gst': 1.149725027295862, 'stamp_duty': 0.2889179277705, 'total': 10.23245039282115}",-15.045342742820438,9773.743020455595,42.61529999999834,0.0043534805758201215,9625.784700000002
SBIN,2023-09-12,SHORT,2023-09-12T09:55:00,586.0,585.707,589.8,577.5210000000001,581.614,2023-09-12T14:24:00,589.8,590.0948999999999,STOP,1.5525980018362884,-0.008843594710688074,4.092999999999961,-1.0720498411922763,False,False,16,9773.743020455595,-70.20639999999912,"{'brokerage': 5.643849119999999, 'stt': 2.342828, 'exchange_transaction': 0.57755389328, 'sebi': 0.018812830399999998, 'nse_ipft': 1.88128304e-05, 'gst': 1.1232422381718719, 'stamp_duty': 0.28324555199999996, 'total': 9.98955044668227}",-80.1959504466814,9693.547070008914,65.48799999999937,0.0067004012549684066,9371.312
TATASTEEL,2023-09-15,SHORT,2023-09-15T09:55:00,131.15,131.084425,131.8,129.653275,130.36885,2023-09-15T11:55:00,131.084425,131.1499672125,BREAKEVEN,1.3607047498957623,-0.008295625942684737,0.7155750000000012,-0.09159377074379553,True,False,73,9693.547070008914,-4.784581512499386,"{'brokerage': 5.742933189453749, 'stt': 2.3922907562500004, 'exchange_transaction': 0.5876934963874337, 'sebi': 0.0191431106315125, 'nse_ipft': 1.9143110631512502e-05, 'gst': 1.142962009124999, 'stamp_duty': 0.287218428195375, 'total': 10.172260133153701}",-14.956841645653087,9678.59022836326,52.236975000000086,0.005388840083277385,9569.163025000002
ICICIBANK,2023-09-28,SHORT,2023-09-28T10:00:00,939.4,938.9303,941.2,934.3908999999999,936.6605999999999,2023-09-28T10:04:00,941.2,941.6706,STOP,2.8510076961664215,-0.007191961924907453,2.269700000000057,-1.207340177115909,False,False,10,9678.59022836326,-27.403000000000475,"{'brokerage': 5.6418026999999995, 'stt': 2.34732575, 'exchange_transaction': 0.5773444763, 'sebi': 0.018806009, 'nse_ipft': 1.8806009e-05, 'gst': 1.12283495843562, 'stamp_duty': 0.28250118, 'total': 9.990633879744621}",-37.393633879745096,9641.196594483516,22.69700000000057,0.002345072935672662,9389.303
LT,2023-09-28,LONG,2023-09-28T10:05:00,3020.0,3021.5099999999998,3010.0,3044.5299999999993,3033.0199999999995,2023-09-28T10:49:00,3044.5299999999993,3043.0077349999997,TARGET_2R,2.1677869805835885,0.011291401806624357,11.509999999999764,1.8677441355343494,True,False,3,9641.196594483516,64.49320499999976,"{'brokerage': 5.458065961499999, 'stt': 2.28225580125, 'exchange_transaction': 0.5585420833934999, 'sebi': 0.018193553204999997, 'nse_ipft': 1.8193553204999998e-05, 'gst': 1.0862675624973068, 'stamp_duty': 0.27193589999999995, 'total': 9.675279055399011}",54.81792594460075,9696.014520428116,34.52999999999929,0.0035815056421270998,9064.529999999999
ICICIBANK,2023-10-04,SHORT,2023-10-04T10:00:00,926.35,925.886825,928.15,921.3604750000002,923.6236500000001,2023-10-04T10:03:00,928.15,928.614075,STOP,2.179820906008976,-0.010053475935828837,2.263174999999933,-1.2050548455156997,False,False,10,9696.014520428116,-27.272499999999127,"{'brokerage': 5.563502699999999, 'stt': 2.3147170624999998, 'exchange_transaction': 0.5693317763, 'sebi': 0.018545008999999998, 'nse_ipft': 1.8545009e-05, 'gst': 1.1072516454556198, 'stamp_duty': 0.2785842225, 'total': 9.851950960764619}",-37.124450960763745,9658.890069467352,22.63174999999933,0.0023341291364939137,9258.86825
SBIN,2023-10-04,SHORT,2023-10-04T10:05:00,595.6,595.3022000000001,597.45,591.0066000000002,593.1544000000001,2023-10-04T11:41:00,591.0066000000002,591.3021033000001,TARGET_2R,1.5353463332363995,-0.006833333333333358,2.147799999999961,1.86241582083995,True,False,16,9658.890069467352,64.00154719999955,"{'brokerage': 5.6957006558400005, 'stt': 2.3812088000000005, 'exchange_transaction': 0.5828600337809601, 'sebi': 0.0189856688528, 'nse_ipft': 1.89856688528e-05, 'gst': 1.1335617619456704, 'stamp_duty': 0.2838250095840001, 'total': 10.096160915672282}",53.905386284327264,9712.795455751679,34.36479999999938,0.0035578415069273538,9524.835200000001
ITC,2023-10-06,LONG,2023-10-06T09:55:00,441.7,441.92085,440.0,445.7625499999999,443.84169999999995,2023-10-06T15:10:00,442.25,442.028875,FORCED_1510,1.3981465236003074,0.009135548703893992,1.920849999999973,0.05623812374732862,False,False,21,9712.795455751679,2.268525000001148,"{'brokerage': 5.5688832675, 'stt': 2.3206515937500005, 'exchange_transaction': 0.5698823877075, 'sebi': 0.018562944225, 'nse_ipft': 1.8562944225e-05, 'gst': 1.1083224892278105, 'stamp_duty': 0.2784101355, 'total': 9.864731380854536}",-7.596206380853388,9705.199249370826,40.337849999999435,0.004153062852375045,9280.33785
ITC,2023-10-18,LONG,2023-10-18T10:05:00,457.6,457.8288,456.55,460.3864,459.1076,2023-10-18T10:48:00,456.55,456.321725,STOP,1.5098979466371574,0.007815079801871239,1.2787999999999897,-1.178507194244603,False,False,21,9705.199249370826,-31.64857499999971,"{'brokerage': 5.7591483075, 'stt': 2.39568905625, 'exchange_transaction': 0.5893528434675, 'sebi': 0.019197161025, 'nse_ipft': 1.9197161025e-05, 'gst': 1.1461891516476346, 'stamp_duty': 0.288432144, 'total': 10.19802786105116}",-41.84660286105087,9663.352646509775,26.854799999999784,0.002767052928021106,9614.4048
HDFCBANK,2023-10-25,SHORT,2023-10-25T10:05:00,1508.05,1507.295975,1511.55,1498.787925,1503.04195,2023-10-25T10:11:00,1511.55,1512.3057749999998,STOP,1.283256482659519,-0.008547008547008517,4.254024999999956,-1.1776611561990975,False,False,6,9663.352646509775,-30.058799999998882,"{'brokerage': 5.435283149999999, 'stt': 2.2609439625, 'exchange_transaction': 0.55621064235, 'sebi': 0.0181176105, 'nse_ipft': 1.81176105e-05, 'gst': 1.0817333136828897, 'stamp_duty': 0.2722150395, 'total': 9.624521836143389}",-39.68332183614227,9623.669324673632,25.524149999999736,0.002641334838299479,9043.77585
LT,2023-10-27,LONG,2023-10-27T09:55:00,2886.45,2887.893225,2880.0,2903.6796749999994,2895.7864499999996,2023-10-27T10:23:00,2880.0,2878.56,STOP,1.5019886854749422,0.007993995776098384,7.893224999999802,-1.182434936290311,False,False,3,9623.669324673632,-27.99967499999957,"{'brokerage': 5.189807902499999, 'stt': 2.15892, 'exchange_transaction': 0.5310903420225, 'sebi': 0.017299359675, 'nse_ipft': 1.7299359675e-05, 'gst': 1.0328786826402914, 'stamp_duty': 0.25991039025, 'total': 9.189923976447467}",-37.18959897644704,9586.479725697185,23.679674999999406,0.0024605661521731946,8663.679675
TATASTEEL,2023-11-15,LONG,2023-11-15T10:05:00,123.5,123.56174999999999,123.2,124.28524999999996,123.92349999999998,2023-11-15T10:09:00,123.2,123.1384,STOP,2.2206421151400675,0.01766639276910431,0.36174999999998647,-1.1702833448514192,False,False,77,9586.479725697185,-32.597949999998846,"{'brokerage': 5.6987734649999995, 'stt': 2.3704142000000004, 'exchange_transaction': 0.583174484585, 'sebi': 0.01899591155, 'nse_ipft': 1.8995911550000003e-05, 'gst': 1.134173314268379, 'stamp_duty': 0.2854276425, 'total': 10.090978013814928}",-42.68892801381377,9543.790797683372,27.85474999999896,0.002905628635017344,9514.25475
TCS,2023-11-17,LONG,2023-11-17T10:05:00,3517.8,3519.5589,3511.25,3536.1767,3527.8678,2023-11-17T10:16:00,3511.25,3509.494375,STOP,2.6671298004260433,0.006589762282545042,8.308899999999994,-1.211294515519477,False,False,2,9543.790797683372,-20.129049999999552,"{'brokerage': 4.217431964999999, 'stt': 1.7547471875000002, 'exchange_transaction': 0.431583871085, 'sebi': 0.01405810655, 'nse_ipft': 1.4058106550000002e-05, 'gst': 0.839355840133479, 'stamp_duty': 0.211173534, 'total': 7.468364562375029}",-27.59741456237458,9516.193383120997,16.61779999999999,0.0017412158703262583,7039.1178
ICICIBANK,2023-12-01,LONG,2023-12-01T09:55:00,943.8,944.2718999999998,940.35,952.1156999999995,948.1937999999997,2023-12-01T15:10:00,946.2,945.7269000000001,FORCED_1510,2.169052389192745,0.007959826913830792,3.921899999999823,0.37099365103657256,True,False,10,9516.193383120997,14.550000000002683,"{'brokerage': 5.669996399999999, 'stt': 2.36431725, 'exchange_transaction': 0.5802296316, 'sebi': 0.018899987999999996, 'nse_ipft': 1.8899988e-05, 'gst': 1.1284460855258398, 'stamp_duty': 0.28328157, 'total': 10.045189825113836}",4.504810174888847,9520.698193295886,39.21899999999823,0.004121290774687441,9442.719
ICICIBANK,2023-12-04,LONG,2023-12-04T10:00:00,975.65,976.1378249999999,972.85,982.7134749999997,979.4256499999998,2023-12-04T10:06:00,972.85,972.3635750000001,STOP,5.936713266584077,0.01380097540728431,3.2878249999998843,-1.1479473512124148,False,False,9,9520.698193295886,-33.96824999999842,"{'brokerage': 5.2609537799999995, 'stt': 2.18781804375, 'exchange_transaction': 0.53837093682, 'sebi': 0.0175365126, 'nse_ipft': 1.7536512600000003e-05, 'gst': 1.047038177867868, 'stamp_duty': 0.26355721275, 'total': 9.315292200300467}",-43.28354220029889,9477.414651095587,29.59042499999896,0.0031080099798600287,8785.240425
RELIANCE,2023-12-04,SHORT,2023-12-04T10:35:00,2418.6,2417.3907,2423.8,2404.5720999999994,2410.9813999999997,2023-12-04T10:39:00,2404.5720999999994,2405.774386049999,TARGET_2R,1.6339159124938716,-0.014571428571428457,6.409300000000258,1.8124153885760366,False,False,3,9477.414651095587,34.848941850002575,"{'brokerage': 4.340848577444999, 'stt': 1.813043025, 'exchange_transaction': 0.4442135044252049, 'sebi': 0.014469495258149995, 'nse_ipft': 1.4469495258149998e-05, 'gst': 0.8639182883922502, 'stamp_duty': 0.21651969474449992, 'total': 7.693027054760362}",27.15591479524221,9504.57056589083,19.227900000000773,0.0020288127836401073,7252.1721
SBIN,2023-12-05,LONG,2023-12-05T10:00:00,605.5,605.80275,603.2,611.0082499999997,608.4054999999998,2023-12-05T10:21:00,611.0082499999997,610.7027458749998,TARGET_2R,4.9175482123371586,0.01873792118309403,2.602749999999901,1.8826225626741016,True,False,15,9504.57056589083,73.49993812499747,"{'brokerage': 5.474274731437498, 'stt': 2.290135297031249, 'exchange_transaction': 0.5602007808504373, 'sebi': 0.018247582438124993, 'nse_ipft': 1.8247582438124995e-05, 'gst': 1.0894934416155297, 'stamp_duty': 0.27261123749999994, 'total': 9.704981318455276}",63.794956806542196,9568.365522697371,39.04124999999851,0.004107629032720987,9087.041249999998
ICICIBANK,2023-12-06,SHORT,2023-12-06T10:05:00,1003.7,1003.19815,1006.5,996.5944500000002,999.8963000000001,2023-12-06T11:06:00,1006.5,1007.00325,STOP,1.4605729880271516,-0.012771203155818589,3.301849999999945,-1.1524145554764718,False,False,9,9568.365522697371,-34.245899999999324,"{'brokerage': 5.427543779999999, 'stt': 2.2571958375, 'exchange_transaction': 0.55541864682, 'sebi': 0.018091812599999996, 'nse_ipft': 1.8091812599999998e-05, 'gst': 1.0801930196218676, 'stamp_duty': 0.2718908775, 'total': 9.610352065854466}",-43.85625206585379,9524.509270631517,29.716649999999504,0.003105718518957899,9028.78335
BHARTIARTL,2023-12-07,SHORT,2023-12-07T10:00:00,1003.05,1002.548475,1006.5,994.6454250000002,998.5969500000001,2023-12-07T15:10:00,1001.45,1001.950725,FORCED_1510,14.335254124643791,-0.01172413793103444,3.951524999999947,0.1512707119403337,False,False,9,9524.509270631517,5.379750000000172,"{'brokerage': 5.412147839999999, 'stt': 2.2557340687500003, 'exchange_transaction': 0.55384312896, 'sebi': 0.0180404928, 'nse_ipft': 1.8040492800000002e-05, 'gst': 1.0771289104055037, 'stamp_duty': 0.27052669575, 'total': 9.587439177158304}",-4.207689177158132,9520.30158145436,35.56372499999952,0.0037339167813778074,9022.936275
INFY,2023-12-13,SHORT,2023-12-13T10:00:00,1454.4,1453.6728000000003,1458.55,1443.918400000001,1448.7956000000006,2023-12-13T10:38:00,1443.918400000001,1444.6403592000008,TARGET_2R,1.8892901192255909,-0.016531165311653218,4.877199999999675,1.851972607233669,True,False,6,9520.30158145436,54.194644799996695,"{'brokerage': 5.2169636865600015, 'stt': 2.1805092000000004, 'exchange_transaction': 0.5338692839246403, 'sebi': 0.017389878955200007, 'nse_ipft': 1.738987895520001e-05, 'gst': 1.0382832430773834, 'stamp_duty': 0.2600352646560002, 'total': 9.247067947052182}",44.947576852944515,9565.249158307304,29.26319999999805,0.0030737681731640783,8722.036800000002
RELIANCE,2023-12-19,SHORT,2023-12-19T10:00:00,2531.6,2530.3342000000002,2537.7,2515.602600000001,2522.9684000000007,2023-12-19T10:40:00,2537.7,2538.9688499999997,STOP,1.2973833257308314,-0.00921722113502943,7.365799999999581,-1.172262347606506,False,False,3,9565.249158307304,-25.90394999999853,"{'brokerage': 4.562372744999999, 'stt': 1.8977506500000003, 'exchange_transaction': 0.466882810905, 'sebi': 0.015207909149999999, 'nse_ipft': 1.5207909150000001e-05, 'gst': 0.9080061611335468, 'stamp_duty': 0.2285071965, 'total': 8.078742680597697}",-33.98269268059623,9531.266465626708,22.097399999998743,0.0023101750549600077,7591.002600000001
SBIN,2024-01-17,LONG,2024-01-17T09:55:00,635.45,635.767725,633.1,641.1031750000001,638.4354500000001,2024-01-17T09:56:00,633.1,632.78345,STOP,2.907757244106405,0.02051282051282044,2.6677250000000186,-1.1186591571470088,False,False,14,9531.266465626708,-41.77985000000035,"{'brokerage': 5.327914935, 'stt': 2.214742075, 'exchange_transaction': 0.545223295015, 'sebi': 0.017759716449999997, 'nse_ipft': 1.775971645e-05, 'gst': 1.060364827112661, 'stamp_duty': 0.26702244450000007, 'total': 9.43304505279411}",-51.212895052794465,9480.053570573913,37.34815000000026,0.003918487656880812,8900.748150000001
HDFCBANK,2024-01-25,SHORT,2024-01-25T10:05:00,1440.35,1439.629825,1445.0,1428.889475,1434.25965,2024-01-25T10:30:00,1439.629825,1440.3496399125,BREAKEVEN,1.4995342856069414,-0.007160068846815859,5.3701750000000175,-0.13403937720836648,True,False,6,9480.053570573913,-4.318889474999651,"{'brokerage': 5.183963036842499, 'stt': 2.1594447375, 'exchange_transaction': 0.5304922174368825, 'sebi': 0.017279876789475, 'nse_ipft': 1.7279876789475e-05, 'gst': 1.0317154339702164, 'stamp_duty': 0.25926293518425003, 'total': 9.182175517600111}",-13.501064992599762,9466.552505581314,32.221050000000105,0.0033988257302695257,8637.77895
RELIANCE,2024-01-30,SHORT,2024-01-30T09:55:00,2871.45,2870.014275,2888.3,2833.4428249999996,2851.72855,2024-01-30T11:45:00,2870.014275,2871.4492821374997,BREAKEVEN,1.8295026367239504,-0.017774581321278182,18.285725000000184,-0.07847690684945277,True,False,3,9466.552505581314,-4.305021412499173,"{'brokerage': 5.167317201423749, 'stt': 2.15251070625, 'exchange_transaction': 0.5287887936123638, 'sebi': 0.0172243906714125, 'nse_ipft': 1.72243906714125e-05, 'gst': 1.0284025698176753, 'stamp_duty': 0.25843043539237504, 'total': 9.152691321558247}",-13.45771273405742,9453.094792847256,54.85717500000055,0.005794841888602817,8610.042825
SBIN,2024-02-12,SHORT,2024-02-12T10:25:00,712.75,712.393625,717.0,703.1808750000001,707.7872500000001,2024-02-12T11:01:00,717.0,717.3584999999999,STOP,1.294889177690315,-0.018250688705234164,4.606374999999957,-1.0778269246424659,False,False,13,9453.094792847256,-64.5433749999986,"{'brokerage': 5.5760332875, 'stt': 2.31527928125, 'exchange_transaction': 0.5706140730875001, 'sebi': 0.018586777625000002, 'nse_ipft': 1.8586777625000004e-05, 'gst': 1.1097454904982225, 'stamp_duty': 0.27976981500000003, 'total': 9.870047311738345}",-74.41342231173695,9378.68137053552,59.882874999999444,0.006334737597819309,9261.117125
INFY,2024-02-19,SHORT,2024-02-19T09:55:00,1690.25,1689.4048750000002,1695.5,1677.2146250000005,1683.3097500000003,2024-02-19T10:08:00,1695.5,1696.34775,STOP,1.6654077051612237,-0.00812316715542516,6.095124999999825,-1.139086565082739,False,False,5,9378.68137053552,-34.714374999998654,"{'brokerage': 5.0786289374999996, 'stt': 2.1117560937500004, 'exchange_transaction': 0.5197130279375001, 'sebi': 0.016928763125, 'nse_ipft': 1.6928763125e-05, 'gst': 1.0107517783186122, 'stamp_duty': 0.2544521625, 'total': 8.992247691894237}",-43.70662269189289,9334.974747843627,30.475624999999127,0.003249457337973193,8447.024375
LT,2024-02-26,LONG,2024-02-26T10:05:00,3459.85,3461.5799249999995,3435.6,3513.539774999999,3487.559849999999,2024-02-26T15:10:00,3470.65,3468.9146750000004,FORCED_1510,1.6345370576826475,0.016470588235294015,25.97992499999964,0.2823237557460615,True,False,2,9334.974747843627,14.66950000000179,"{'brokerage': 4.15829676, 'stt': 1.7344573375000003, 'exchange_transaction': 0.42553236844000003, 'sebi': 0.0138609892, 'nse_ipft': 1.3860989200000001e-05, 'gst': 0.827586716153256, 'stamp_duty': 0.20769479549999997, 'total': 7.367442827782456}",7.3020571722193335,9342.276805015847,51.95984999999928,0.005566147890437729,6923.159849999999
BHARTIARTL,2024-02-29,LONG,2024-02-29T10:00:00,1134.6,1135.1672999999998,1131.65,1142.2018999999993,1138.6845999999996,2024-02-29T10:08:00,1131.65,1131.0841750000002,STOP,1.8897512586941108,0.017071099789963018,3.51729999999975,-1.160869132573265,False,False,8,9342.276805015847,-32.664999999997235,"{'brokerage': 5.43900354, 'stt': 2.2621683500000005, 'exchange_transaction': 0.55659136226, 'sebi': 0.018130011799999998, 'nse_ipft': 1.81300118e-05, 'gst': 1.082473747932924, 'stamp_duty': 0.272440152, 'total': 9.630825294004724}",-42.29582529400196,9299.980979721844,28.138399999998,0.00301194244050771,9081.338399999999
BHARTIARTL,2024-03-19,LONG,2024-03-19T10:15:00,1235.75,1236.367875,1232.15,1244.8036249999996,1240.5857499999997,2024-03-19T10:21:00,1232.15,1231.5339250000002,STOP,1.4847621891209157,0.018212465055089444,4.217874999999822,-1.1460628871173129,False,False,7,9299.980979721844,-33.83764999999812,"{'brokerage': 5.1825937799999995, 'stt': 2.1551843687500005, 'exchange_transaction': 0.5303520968200001, 'sebi': 0.0172753126, 'nse_ipft': 1.7275312600000003e-05, 'gst': 1.0314429236518678, 'stamp_duty': 0.25963725374999996, 'total': 9.176503010884467}",-43.01415301088259,9256.966826710961,29.525124999998752,0.003174751116628824,8654.575125
LT,2024-03-28,LONG,2024-03-28T09:55:00,3746.9,3748.7734499999997,3727.4,3791.520349999999,3770.1468999999993,2024-03-28T12:37:00,3791.520349999999,3789.624589824999,TARGET_2R,1.2916495626181626,0.007621642767533077,21.373449999999593,1.9113030336702832,True,False,2,9256.966826710961,81.70227964999867,"{'brokerage': 4.523038823894999, 'stt': 1.8948122949124995, 'exchange_transaction': 0.46285763964525495, 'sebi': 0.015076796079649997, 'nse_ipft': 1.5076796079649998e-05, 'gst': 0.900177900554877, 'stamp_duty': 0.224926407, 'total': 8.02090493888336}",73.68137471111531,9330.648201422076,42.74689999999919,0.004617808489564107,7497.546899999999
HDFCBANK,2024-04-02,LONG,2024-04-02T10:15:00,1489.25,1489.9946249999998,1486.45,1497.0838749999994,1493.5392499999996,2024-04-02T10:24:00,1486.45,1485.706775,STOP,1.4902948447083284,0.0200662048254443,3.544624999999769,-1.2096766230560319,False,False,6,9330.648201422076,-25.727099999998245,"{'brokerage': 5.35626252, 'stt': 2.2285601625, 'exchange_transaction': 0.54812419788, 'sebi': 0.0178542084, 'nse_ipft': 1.78542084e-05, 'gst': 1.066006580487912, 'stamp_duty': 0.2681990325, 'total': 9.485024555976311}",-35.212124555974555,9295.436076866103,21.267749999998614,0.0022793432504246824,8939.96775
INFY,2024-04-04,SHORT,2024-04-04T09:55:00,1477.55,1476.8112250000001,1482.5,1465.4336750000004,1471.1224500000003,2024-04-04T10:23:00,1476.8112250000001,1477.5496306125,BREAKEVEN,1.437507625745865,-0.007480460232799913,5.6887749999998505,-0.12980046011662713,True,False,6,9295.436076866103,-4.430433674999676,"{'brokerage': 5.317849540102499, 'stt': 2.2152168375000003, 'exchange_transaction': 0.5441932696038225, 'sebi': 0.017726165133675, 'nse_ipft': 1.7726165133675e-05, 'gst': 1.0583616061809236, 'stamp_duty': 0.26595893351025, 'total': 9.419324078196304}",-13.84975775319598,9281.586319112906,34.1326499999991,0.00367197942277784,8860.86735
INFY,2024-04-09,LONG,2024-04-09T10:15:00,1507.25,1508.0036249999998,1502.25,1519.5108749999995,1513.7572499999997,2024-04-09T11:30:00,1508.0036249999998,1507.2496231875,BREAKEVEN,2.241294041309371,0.01342281879194629,5.753624999999829,-0.1310481326989262,True,False,6,9281.586319112906,-4.524010874999021,"{'brokerage': 5.4274558467375, 'stt': 2.26087443478125, 'exchange_transaction': 0.5554096483161375, 'sebi': 0.018091519489124998, 'nse_ipft': 1.8091519489125e-05, 'gst': 1.080175519091205, 'stamp_duty': 0.2714406525, 'total': 9.613465712434708}",-14.13747658743373,9267.448842525473,34.521749999998974,0.003719380374549855,9048.02175
ITC,2024-04-19,LONG,2024-04-19T10:05:00,423.15,423.36157499999996,421.85,426.38472499999983,424.8731499999999,2024-04-19T10:30:00,423.36157499999996,423.1498942125,BREAKEVEN,1.64993922633871,0.012679425837320624,1.5115749999999366,-0.14003988389592384,True,False,21,9267.448842525473,-4.4452965374994164,"{'brokerage': 5.333022256038749, 'stt': 2.2215369446156252, 'exchange_transaction': 0.5457459442012987, 'sebi': 0.017776740853462498, 'nse_ipft': 1.77767408534625e-05, 'gst': 1.0613812892101855, 'stamp_duty': 0.26671779225, 'total': 9.446198743910173}",-13.89149528140959,9253.557347244063,31.74307499999867,0.0034252225762865245,8890.593074999999
SBIN,2024-05-22,SHORT,2024-05-22T10:10:00,819.7,819.29015,821.7,814.47045,816.8803,2024-05-22T11:37:00,814.47045,814.8776852249999,TARGET_2R,1.8059973432341312,-0.009376323271429454,2.409850000000006,1.8310122103035842,True,False,11,9253.557347244063,48.537112525001135,"{'brokerage': 5.392753856242499, 'stt': 2.2530479125, 'exchange_transaction': 0.5518584779554825, 'sebi': 0.017975846187474998, 'nse_ipft': 1.7975846187475e-05, 'gst': 1.0732691081216958, 'stamp_duty': 0.26890963612424995, 'total': 9.55783281297759}",38.97927971202354,9292.536626956087,26.508350000000064,0.002864665879862397,9012.19165
INFY,2024-05-23,LONG,2024-05-23T10:10:00,1463.3,1464.03165,1460.25,1471.5949499999997,1467.8132999999998,2024-05-23T11:22:00,1471.5949499999997,1470.8591525249997,TARGET_2R,1.3235695222113355,0.007149240393208078,3.7816499999998996,1.80542951489428,True,False,6,9292.536626956087,40.965015149998635,"{'brokerage': 5.282803444544999, 'stt': 2.2062887287874995, 'exchange_transaction': 0.540606885825105, 'sebi': 0.01760934481515, 'nse_ipft': 1.7609344815149998e-05, 'gst': 1.0513867112154125, 'stamp_duty': 0.263525697, 'total': 9.362238421532982}",31.602776728465653,9324.139403684552,22.689899999999398,0.0024417337171617716,8784.1899
ICICIBANK,2024-06-03,SHORT,2024-06-03T10:05:00,1139.5,1138.9302500000001,1145.95,1124.8907500000003,1131.9105000000002,2024-06-03T10:33:00,1145.95,1146.522975,STOP,4.401044598947872,-0.028803418803418857,7.019749999999931,-1.0816232771822427,False,False,8,9324.139403684552,-60.741799999999785,"{'brokerage': 5.48508774, 'stt': 2.2778605, 'exchange_transaction': 0.5613073120600001, 'sebi': 0.0182836258, 'nse_ipft': 1.8283625800000004e-05, 'gst': 1.091645453067444, 'stamp_duty': 0.27516551400000006, 'total': 9.709368428553244}",-70.45116842855303,9253.688235255999,56.15799999999945,0.006022861474787464,9111.442000000001
TCS,2024-06-10,SHORT,2024-06-10T10:35:00,3858.25,3856.3208750000003,3867.25,3834.462625000001,3845.3917500000007,2024-06-10T11:15:00,3867.25,3869.1836249999997,STOP,1.3109321598713706,-0.010526315789473717,10.929124999999658,-1.1769240446970572,False,False,2,9253.688235255999,-25.725499999998647,"{'brokerage': 4.6353027, 'stt': 1.9281604375, 'exchange_transaction': 0.4743459763, 'sebi': 0.015451009, 'nse_ipft': 1.5451009e-05, 'gst': 0.9225207245356203, 'stamp_duty': 0.23215101749999997, 'total': 8.207947315844622}",-33.93344731584327,9219.754787940155,21.858249999999316,0.0023621122134545977,7712.641750000001
BHARTIARTL,2024-06-20,SHORT,2024-06-20T09:55:00,1391.8,1391.1041,1396.95,1379.4123,1385.2582,2024-06-20T12:12:00,1379.4123,1380.1020061499999,TARGET_2R,2.1070937607334352,-0.011309079270244382,5.845900000000029,1.8820188251595324,True,False,6,9219.754787940155,66.01256310000099,"{'brokerage': 4.988170991069999, 'stt': 2.08665615, 'exchange_transaction': 0.51045616475283, 'sebi': 0.016627236636899998, 'nse_ipft': 1.6627236636899998e-05, 'gst': 0.9927487835453458, 'stamp_duty': 0.24841836110699994, 'total': 8.843094314348711}",57.16946878565228,9276.924256725808,35.07540000000017,0.0038043744987535178,8346.6246
RELIANCE,2024-06-27,LONG,2024-06-27T10:05:00,3060.25,3061.7801249999998,3048.8,3087.740374999999,3074.7602499999994,2024-06-27T10:43:00,3048.8,3047.2756000000004,STOP,1.8415482288493574,0.00956234516928145,12.980124999999589,-1.1174410878169383,False,False,3,9276.924256725808,-43.51357499999813,"{'brokerage': 5.498150152499999, 'stt': 2.2854567, 'exchange_transaction': 0.5626440322725, 'sebi': 0.018327167175000002, 'nse_ipft': 1.8327167175000005e-05, 'gst': 1.0942451422406414, 'stamp_duty': 0.27556021125, 'total': 9.734401732605317}",-53.24797673260345,9223.676279993204,38.94037499999877,0.004197552326868125,9185.340375
TCS,2024-07-12,LONG,2024-07-12T09:55:00,4041.6,4043.6207999999997,4021.1,4088.6623999999993,4066.1415999999995,2024-07-12T10:53:00,4088.6623999999993,4086.6180687999995,TARGET_2R,6.3521977421166,0.014057788944723537,22.52079999999978,1.9092247522290602,True,False,2,9223.676279993204,85.9945375999996,"{'brokerage': 4.87814332128, 'stt': 2.0433090344, 'exchange_transaction': 0.49919666654432, 'sebi': 0.016260477737599997, 'nse_ipft': 1.62604777376e-05, 'gst': 0.9708510106871382, 'stamp_duty': 0.24261724799999998, 'total': 8.650394019126795}",77.34414358087281,9301.020423574077,45.04159999999956,0.004883258977518317,8087.241599999999
BHARTIARTL,2024-07-16,LONG,2024-07-16T10:20:00,1467.15,1467.883575,1462.9,1477.850725,1472.86715,2024-07-16T10:46:00,1462.9,1462.16855,STOP,1.4060449778980562,0.011983471074380248,4.983574999999973,-1.1467721465012564,False,False,6,9301.020423574077,-34.29014999999981,"{'brokerage': 5.274093825, 'stt': 2.193252825, 'exchange_transaction': 0.5397156014250001, 'sebi': 0.01758031275, 'nse_ipft': 1.758031275e-05, 'gst': 1.0496533175077947, 'stamp_duty': 0.26421904350000003, 'total': 9.338532505495547}",-43.62868250549536,9257.39174106858,29.90144999999984,0.0032148569337846584,8807.30145
ITC,2024-07-18,LONG,2024-07-18T10:15:00,466.6,466.8333,465.35,469.7999,468.3166,2024-07-18T13:12:00,469.7999,469.56500005,TARGET_2R,2.103777958548596,0.008531317494600454,1.4832999999999856,1.841636924425267,True,False,19,9257.39174106858,51.90230094999947,"{'brokerage': 5.337470310285, 'stt': 2.2304337502375002, 'exchange_transaction': 0.546201128419165, 'sebi': 0.017791567700949997, 'nse_ipft': 1.779156770095e-05, 'gst': 1.0622665436351069, 'stamp_duty': 0.266094981, 'total': 9.460276072845422}",42.44202487715405,9299.833765945736,28.182699999999727,0.003044345620048979,8869.8327
RELIANCE,2024-07-22,SHORT,2024-07-22T09:55:00,3020.0,3018.4900000000002,3033.55,2988.3700000000003,3003.4300000000003,2024-07-22T15:10:00,3002.6,3004.1013,FORCED_1510,2.094908004550369,-0.018360709058383384,15.059999999999945,0.9554249667995006,True,False,3,9299.833765945736,43.16610000000128,"{'brokerage': 5.42033217, 'stt': 2.2638675000000004, 'exchange_transaction': 0.55468065873, 'sebi': 0.0180677739, 'nse_ipft': 1.80677739e-05, 'gst': 1.078757760672702, 'stamp_duty': 0.270369117, 'total': 9.6060930480766}",33.56000695192468,9333.39377289766,45.179999999999836,0.004858151353784474,9055.470000000001
SBIN,2024-07-29,LONG,2024-07-29T10:05:00,880.5,880.94025,876.6,889.6207499999999,885.2805,2024-07-29T10:37:00,880.94025,880.4997798750001,BREAKEVEN,1.487285327503312,0.017839616650308976,4.340249999999969,-0.10148496630376973,True,False,10,9333.39377289766,-4.404701249999334,"{'brokerage': 5.284320089625, 'stt': 2.2012494496875004, 'exchange_transaction': 0.5407620891716249, 'sebi': 0.01761440029875, 'nse_ipft': 1.761440029875e-05, 'gst': 1.051688554829221, 'stamp_duty': 0.264282075, 'total': 9.359934273012398}",-13.764635523011732,9319.629137374648,43.40249999999969,0.004650237743748905,8809.4025
BHARTIARTL,2024-09-02,SHORT,2024-09-02T09:55:00,1580.0,1579.21,1586.9,1563.83,1571.52,2024-09-02T10:43:00,1579.21,1579.999605,BREAKEVEN,1.2555375017880437,-0.015420560747663514,7.690000000000055,-0.10267945383614202,True,False,5,9319.629137374648,-3.9480249999996886,"{'brokerage': 4.7388144075, 'stt': 1.9740125000000002, 'exchange_transaction': 0.4849386743675, 'sebi': 0.015796048025, 'nse_ipft': 1.5796048025000002e-05, 'gst': 0.9431216866692944, 'stamp_duty': 0.23699994075, 'total': 8.39369905335982}",-12.341724053359508,9307.287413321288,38.45000000000027,0.004125700651091755,7896.05
ITC,2024-09-04,LONG,2024-09-04T09:55:00,507.2,507.45359999999994,505.6,511.16079999999977,509.30719999999985,2024-09-04T15:10:00,507.0,506.7465,FORCED_1510,1.6813551696697617,0.020100000000000007,1.8535999999999149,-0.3814738886490851,False,False,18,9307.287413321288,-12.72779999999841,"{'brokerage': 5.476680539999999, 'stt': 2.28035925, 'exchange_transaction': 0.5604469752599999, 'sebi': 0.018255601799999997, 'nse_ipft': 1.8255601799999997e-05, 'gst': 1.0899722470791238, 'stamp_duty': 0.274024944, 'total': 9.699757813740923}",-22.427557813739334,9284.85985550755,33.36479999999847,0.003584803876610092,9134.164799999999
SBIN,2024-09-06,SHORT,2024-09-06T09:55:00,801.65,801.249175,805.55,792.6475250000002,796.9483500000001,2024-09-06T10:36:00,792.6475250000002,793.0438487625001,TARGET_2R,3.3914511118682267,-0.011090573012939031,4.300824999999918,1.907849363203582,True,False,11,9284.85985550755,90.25858861249878,"{'brokerage': 5.2611669784162505, 'stt': 2.20343523125, 'exchange_transaction': 0.5383927541245963, 'sebi': 0.017537223261387503, 'nse_ipft': 1.7537223261387505e-05, 'gst': 1.0470806087445892, 'stamp_duty': 0.26170447009162506, 'total': 9.329334803111708}",80.92925380938708,9365.789109316936,47.3090749999991,0.005095292307717119,8813.740925
SBIN,2024-09-11,LONG,2024-09-11T10:35:00,787.5,787.89375,784.25,795.1812499999999,791.5374999999999,2024-09-11T10:58:00,784.25,783.857875,STOP,1.417235415384322,0.00820460226908537,3.6437499999999545,-1.1076157804459608,False,False,11,9365.789109316936,-44.39462499999911,"{'brokerage': 5.1867803624999995, 'stt': 2.15560915625, 'exchange_transaction': 0.5307805237625, 'sebi': 0.017289267874999997, 'nse_ipft': 1.7289267875e-05, 'gst': 1.0322761398129674, 'stamp_duty': 0.2600049375, 'total': 9.182757676968343}",-53.57738267696745,9312.21172663997,40.0812499999995,0.004279537958005836,8666.83125
ICICIBANK,2024-09-23,SHORT,2024-09-23T10:00:00,1323.25,1322.588375,1325.8,1316.1651250000002,1319.3767500000001,2024-09-23T11:11:00,1316.1651250000002,1316.8232075625,TARGET_2R,1.5490174315843557,-0.007099924868519958,3.2116249999999127,1.7950935858016104,True,False,7,9312.21172663997,40.35617206249958,"{'brokerage': 5.54276432338125, 'stt': 2.3145296562500004, 'exchange_transaction': 0.5672095490926813, 'sebi': 0.0184758810779375, 'nse_ipft': 1.8475881077937502e-05, 'gst': 1.1031242812979303, 'stamp_duty': 0.276532873588125, 'total': 9.822655040569003}",30.533517021930578,9342.7452436619,22.48137499999939,0.0024141821148337566,9258.118625000001
LT,2024-09-24,LONG,2024-09-24T10:10:00,3812.0,3813.906,3802.8,3836.1179999999995,3825.0119999999997,2024-09-24T10:46:00,3813.906,3811.9990470000002,BREAKEVEN,1.5694829185106824,0.007946775087784186,11.105999999999767,-0.17170475418690284,True,False,2,9342.7452436619,-3.813905999999406,"{'brokerage': 4.5755430282, 'stt': 1.9059995235000002, 'exchange_transaction': 0.46823056988580003, 'sebi': 0.015251810094, 'nse_ipft': 1.5251810094e-05, 'gst': 0.9106273187981809, 'stamp_duty': 0.22883436000000001, 'total': 8.104501862288075}",-11.91840786228748,9330.826835799613,22.211999999999534,0.0023774596674428334,7627.812
HDFCBANK,2024-09-25,LONG,2024-09-25T10:05:00,1784.35,1785.2421749999999,1780.05,1795.6265249999997,1790.4343499999998,2024-09-25T11:06:00,1780.05,1779.159975,STOP,1.3254795167188194,0.015169161719171598,5.1921749999999065,-1.1714166028687283,False,False,5,9330.826835799613,-30.41099999999915,"{'brokerage': 5.346603224999999, 'stt': 2.2239499687500004, 'exchange_transaction': 0.547135730025, 'sebi': 0.01782201075, 'nse_ipft': 1.782201075e-05, 'gst': 1.0640841818014348, 'stamp_duty': 0.26778632625, 'total': 9.467399264587186}",-39.878399264586335,9290.948436535027,25.960874999999533,0.00278226950910667,8926.210874999999
ICICIBANK,2024-09-26,LONG,2024-09-26T10:05:00,1331.55,1332.215775,1326.5,1343.6473249999997,1337.9315499999998,2024-09-26T10:51:00,1326.5,1325.8367500000002,STOP,1.5514672406799188,0.00787878787878804,5.715774999999894,-1.1160385074639654,False,False,6,9290.948436535027,-38.27414999999837,"{'brokerage': 4.784494544999999, 'stt': 1.9887551250000002, 'exchange_transaction': 0.489613275105, 'sebi': 0.01594831515, 'nse_ipft': 1.5948315150000003e-05, 'gst': 0.952212975042627, 'stamp_duty': 0.2397988395, 'total': 8.470839023112777}",-46.744989023111145,9244.203447511916,34.294649999999365,0.003691189358574165,7993.29465
SBIN,2024-09-30,SHORT,2024-09-30T09:55:00,792.25,791.853875,797.0,781.561625,786.70775,2024-09-30T15:10:00,788.25,788.6441249999999,FORCED_1510,1.5887298150885574,-0.009041027559546055,5.146124999999984,0.6237217323714658,True,False,11,9244.203447511916,35.30725000000109,"{'brokerage': 5.215643399999999, 'stt': 2.17759815625, 'exchange_transaction': 0.5337341745999999, 'sebi': 0.017385478, 'nse_ipft': 1.7385478e-05, 'gst': 1.03802047885404, 'stamp_duty': 0.26025256124999996, 'total': 9.24265163443204}",26.06459836556905,9270.268045877485,56.60737499999982,0.006123553567531633,8710.392625
LT,2024-10-14,LONG,2024-10-14T10:05:00,3549.65,3551.424825,3539.05,3576.174475,3563.79965,2024-10-14T10:30:00,3539.05,3537.2804750000005,STOP,1.500264509576827,0.01185185185185178,12.374824999999873,-1.1429939413284407,False,False,2,9270.268045877485,-28.288699999999153,"{'brokerage': 4.25322318, 'stt': 1.7686402375000003, 'exchange_transaction': 0.43524650542000004, 'sebi': 0.0141774106, 'nse_ipft': 1.4177410600000001e-05, 'gst': 0.8464790292175081, 'stamp_duty': 0.2130854895, 'total': 7.530866029648109}",-35.81956602964726,9234.448479847837,24.749649999999747,0.002669787958397383,7102.84965
SBIN,2024-10-21,SHORT,2024-10-21T10:15:00,813.6,813.1932,817.4,804.7796000000002,808.9864000000001,2024-10-21T15:10:00,813.85,814.256925,FORCED_1510,1.372277021948514,-0.012489390081241725,4.20679999999993,-0.2528584672435092,False,False,11,9234.448479847837,-11.700974999999744,"{'brokerage': 5.3705854125, 'stt': 2.2362813000000004, 'exchange_transaction': 0.5495899072125, 'sebi': 0.017901951375, 'nse_ipft': 1.7901951375e-05, 'gst': 1.0688571311469974, 'stamp_duty': 0.26870478525, 'total': 9.511938389435873}",-21.212913389435617,9213.235566458401,46.27479999999923,0.005011105980068421,8945.1252
ICICIBANK,2024-10-30,SHORT,2024-10-30T10:05:00,1310.8,1310.1446,1315.6,1299.2338000000004,1304.6892000000003,2024-10-30T13:06:00,1315.6,1316.2577999999999,STOP,1.39448341905199,-0.009743202416918506,5.455399999999827,-1.1205777761483984,False,False,7,9213.235566458401,-42.79239999999845,"{'brokerage': 5.5154450399999995, 'stt': 2.2927530500000004, 'exchange_transaction': 0.56441387576, 'sebi': 0.0183848168, 'nse_ipft': 1.83848168e-05, 'gst': 1.0976871811278237, 'stamp_duty': 0.276414138, 'total': 9.765116486504622}",-52.557516486503076,9160.678049971899,38.18779999999879,0.004144884793679308,9171.012200000001
ICICIBANK,2024-11-04,SHORT,2024-11-04T10:35:00,1275.45,1274.8122750000002,1278.95,1266.5368250000006,1270.6745500000004,2024-11-04T10:47:00,1278.95,1279.589475,STOP,1.4563496995118994,-0.012130842570343248,4.1377249999998185,-1.1545474868436099,False,False,7,9160.678049971899,-33.44039999999836,"{'brokerage': 5.364243675, 'stt': 2.2309214812500002, 'exchange_transaction': 0.548940936075, 'sebi': 0.017880812250000003, 'nse_ipft': 1.7880812250000005e-05, 'gst': 1.067594994744705, 'stamp_duty': 0.26871378975, 'total': 9.498313569881956}",-42.93871356988032,9117.739336402019,28.96407499999873,0.003161782876987755,8923.685925000002
HDFCBANK,2024-11-18,LONG,2024-11-18T09:55:00,1716.25,1717.108125,1709.7,1731.9243749999998,1724.51625,2024-11-18T10:49:00,1709.7,1708.84515,STOP,1.6743539427334764,0.010352941176470454,7.408124999999927,-1.1153935712477787,False,False,5,9117.739336402019,-41.31487499999935,"{'brokerage': 5.1389299125, 'stt': 2.1360564375, 'exchange_transaction': 0.5258838277125, 'sebi': 0.017129766374999997, 'nse_ipft': 1.7129766375e-05, 'gst': 1.0227529145436973, 'stamp_duty': 0.25756621875, 'total': 9.098336207147572}",-50.413211207146915,9067.326125194872,37.040624999999636,0.004062479045887745,8585.540625
HDFCBANK,2024-11-25,SHORT,2024-11-25T09:55:00,1766.0,1765.1170000000002,1772.75,1749.8510000000006,1757.4840000000004,2024-11-25T10:00:00,1772.75,1773.6363749999998,STOP,2.1134585579882343,-0.01008375115542981,7.632999999999811,-1.1161240665531034,False,False,5,9067.326125194872,-42.596874999998136,"{'brokerage': 5.308130062499999, 'stt': 2.2063962500000005, 'exchange_transaction': 0.5431986430625001, 'sebi': 0.017693766875, 'nse_ipft': 1.7693766875000004e-05, 'gst': 1.0564272299167874, 'stamp_duty': 0.26604545625, 'total': 9.39790910237116}",-51.994784102369294,9015.331341092502,38.164999999999054,0.004209068855916862,8825.585000000001
BHARTIARTL,2024-11-25,LONG,2024-11-25T10:05:00,1597.85,1598.6489249999997,1593.4,1609.146774999999,1603.8978499999994,2024-11-25T10:34:00,1609.146774999999,1608.3422016124991,TARGET_2R,1.7479525307282628,0.01343278864692321,5.248924999999645,1.8467165395771628,True,False,5,9015.331341092502,48.466383062497016,"{'brokerage': 4.810486689918747, 'stt': 2.010427752015624, 'exchange_transaction': 0.4922731379350186, 'sebi': 0.016034955633062495, 'nse_ipft': 1.6034955633062496e-05, 'gst': 0.957385947319643, 'stamp_duty': 0.23979733874999995, 'total': 8.526421856527728}",39.93996120596929,9055.271302298472,26.244624999998223,0.0029111104192447606,7993.244624999998
TCS,2024-12-04,LONG,2024-12-04T09:55:00,4373.05,4375.236525,4352.4,4420.9095750000015,4398.073050000001,2024-12-04T11:56:00,4352.4,4350.2238,STOP,1.3343919564619287,0.012066627255972406,22.83652500000062,-1.0952947088052942,False,False,2,9055.271302298472,-50.025450000001,"{'brokerage': 5.235276194999999, 'stt': 2.1751119, 'exchange_transaction': 0.535743263955, 'sebi': 0.01745092065, 'nse_ipft': 1.7450920650000003e-05, 'gst': 1.0419278094946167, 'stamp_duty': 0.26251419150000005, 'total': 9.268041731520265}",-59.293491731521264,8995.97781056695,45.67305000000124,0.005043808018033451,8750.47305
INFY,2025-01-08,SHORT,2025-01-08T10:20:00,1907.0,1906.0465000000002,1917.8,1882.5395000000005,1894.2930000000003,2025-01-08T11:28:00,1906.0465000000002,1906.99952325,BREAKEVEN,1.2538168624719326,-0.01010362694300515,11.753499999999804,-0.08108420895902525,True,False,4,8995.97781056695,-3.8120929999995496,"{'brokerage': 4.5756552279000005, 'stt': 1.9060465000000002, 'exchange_transaction': 0.4682420516551, 'sebi': 0.015252184092999999, 'nse_ipft': 1.5252184093e-05, 'gst': 0.9106496488497946, 'stamp_duty': 0.22883994279, 'total': 8.104700807471987}",-11.916793807471537,8984.061016759479,47.013999999999214,0.005226113379779031,7624.186000000001
LT,2025-01-17,LONG,2025-01-17T09:55:00,3554.95,3556.7274749999997,3546.1,3577.9824249999992,3567.3549499999995,2025-01-17T10:48:00,3556.7274749999997,3554.9491112625,BREAKEVEN,1.2824372575472294,0.010754824063564206,10.627474999999777,-0.1673364310430879,True,False,2,8984.061016759479,-3.5567274749992066,"{'brokerage': 4.2670059517575, 'stt': 1.7774745556312501, 'exchange_transaction': 0.4366569423965175, 'sebi': 0.014223353172524999, 'nse_ipft': 1.4223353172525e-05, 'gst': 0.8492220847223486, 'stamp_duty': 0.2134036485, 'total': 7.558000759533313}",-11.114728234532521,8972.946288524947,21.254949999999553,0.0023658510288776004,7113.454949999999
HDFCBANK,2025-01-20,LONG,2025-01-20T09:55:00,1640.25,1641.070125,1636.55,1650.110375,1645.59025,2025-01-20T11:18:00,1650.110375,1649.2853198125001,TARGET_2R,1.3876893821167364,0.009840098400984099,4.520125000000007,1.8174707143054993,True,False,5,8972.946288524947,41.07597406250079,"{'brokerage': 4.9355331672187495, 'stt': 2.061606649765625, 'exchange_transaction': 0.5050695607787187, 'sebi': 0.0164517772240625, 'nse_ipft': 1.64517772240625e-05, 'gst': 0.9822727722597758, 'stamp_duty': 0.24616051874999997, 'total': 8.747110897774155}",32.328863164726634,9005.275151689673,22.600625000000036,0.00251875184284819,8205.350625
HDFCBANK,2025-01-28,LONG,2025-01-28T09:55:00,1663.9,1664.73195,1655.1,1683.9958500000005,1674.3639000000003,2025-01-28T12:54:00,1683.9958500000005,1683.1538520750005,TARGET_2R,1.5598349578552737,0.006557377049180246,9.631950000000188,1.9125828181209443,True,False,5,9005.275151689673,92.10951037500195,"{'brokerage': 5.021828703112501, 'stt': 2.1039423150937506, 'exchange_transaction': 0.5139004706185126, 'sebi': 0.016739429010375003, 'nse_ipft': 1.6739429010375005e-05, 'gst': 0.9994473615906717, 'stamp_duty': 0.24970979250000003, 'total': 8.90558481135482}",83.20392556364712,9088.47907725332,48.15975000000094,0.005347948751012306,8323.65975
BHARTIARTL,2025-02-04,SHORT,2025-02-04T09:55:00,1640.0,1639.18,1645.5,1626.5400000000002,1632.8600000000001,2025-02-04T10:46:00,1639.18,1639.99959,BREAKEVEN,1.2900202891237105,-0.014048070270432977,6.319999999999936,-0.12968196202529159,True,False,5,9088.47907725332,-4.097949999999173,"{'brokerage': 4.918769384999999, 'stt': 2.048975, 'exchange_transaction': 0.503354067065, 'sebi': 0.01639589795, 'nse_ipft': 1.639589795e-05, 'gst': 0.9789364342643307, 'stamp_duty': 0.2459999385, 'total': 8.71244711867728}",-12.810397118676454,9075.668680134644,31.59999999999968,0.003476929388448314,8195.9
HDFCBANK,2025-02-07,LONG,2025-02-07T10:10:00,1766.0,1766.8829999999998,1756.8,1787.0489999999995,1776.9659999999997,2025-02-07T10:12:00,1756.8,1755.9216000000001,STOP,1.4080229521219698,0.007371428571428584,10.082999999999856,-1.0871169294852565,False,False,5,9075.668680134644,-54.806999999998425,"{'brokerage': 5.284206899999999, 'stt': 2.194902, 'exchange_transaction': 0.5407505061000001, 'sebi': 0.017614023, 'nse_ipft': 1.7614023e-05, 'gst': 1.05166602776214, 'stamp_duty': 0.26503245, 'total': 9.354189520885138}",-64.16118952088357,9011.50749061376,50.41499999999928,0.005554962590288316,8834.414999999999
ICICIBANK,2025-02-17,SHORT,2025-02-17T09:55:00,1240.5,1239.87975,1244.9,1229.83925,1234.8595,2025-02-17T10:36:00,1239.87975,1240.499689875,BREAKEVEN,1.5292114543387916,-0.007153418854653704,5.020250000000033,-0.12348784921069587,True,False,7,9011.50749061376,-4.339579125,"{'brokerage': 5.2087968237375, 'stt': 2.1697895625, 'exchange_transaction': 0.5330335416291375, 'sebi': 0.017362656079125, 'nse_ipft': 1.7362656079125002e-05, 'gst': 1.0366578691383315, 'stamp_duty': 0.26050493487375004, 'total': 9.226162750613923}",-13.565741875613924,8997.941748738145,35.14175000000023,0.003899652753615675,8679.15825
BHARTIARTL,2025-02-18,SHORT,2025-02-18T09:55:00,1670.7,1669.8646500000002,1679.9,1649.7939500000005,1659.8293000000003,2025-02-18T11:28:00,1669.8646500000002,1670.6995823250002,BREAKEVEN,1.3273720804802356,-0.014066193853427889,10.03534999999988,-0.08319912359807723,True,False,5,8997.941748738145,-4.1746616249997714,"{'brokerage': 5.010846348487501, 'stt': 2.0873308125000003, 'exchange_transaction': 0.5127766096618877, 'sebi': 0.016702821161625005, 'nse_ipft': 1.6702821161625006e-05, 'gst': 0.9972616467837916, 'stamp_duty': 0.25060493734875006, 'total': 8.875539878764718}",-13.05020150376449,8984.891547234382,50.1767499999994,0.005576469752878329,8349.323250000001
TCS,2025-02-24,SHORT,2025-02-24T09:55:00,3716.0,3714.1420000000003,3727.0,3688.426000000001,3701.2840000000006,2025-02-24T13:38:00,3688.426000000001,3690.2702130000007,TARGET_2R,1.6594386171344857,-0.006865874998330357,12.85799999999972,1.856570773059582,True,False,2,8984.891547234382,47.74357399999917,"{'brokerage': 4.4426473278000005, 'stt': 1.8570710000000001, 'exchange_transaction': 0.4546309098782001, 'sebi': 0.014808824426000003, 'nse_ipft': 1.4808824426000003e-05, 'gst': 0.8841783367671529, 'stamp_duty': 0.22141621278000004, 'total': 7.874767420475781}",39.868806579523394,9024.760353813905,25.71599999999944,0.002862138053064761,7428.284000000001
RELIANCE,2025-02-28,LONG,2025-02-28T09:55:00,1214.0,1214.607,1210.3,1223.221,1218.914,2025-02-28T10:01:00,1210.3,1209.69485,STOP,1.877901646412234,0.009733777038269498,4.307000000000016,-1.1405038309728035,False,False,7,9024.760353813905,-34.38504999999918,"{'brokerage': 5.091033885, 'stt': 2.1169659875000004, 'exchange_transaction': 0.5209824675650001, 'sebi': 0.01697011295, 'nse_ipft': 1.6970112950000002e-05, 'gst': 1.013220618413031, 'stamp_duty': 0.25506747, 'total': 9.014257511540983}",-43.399307511540165,8981.361046302365,30.149000000000115,0.003340698125824362,8502.249
TCS,2025-03-04,LONG,2025-03-04T09:55:00,3512.65,3514.406325,3489.95,3563.318975,3538.86265,2025-03-04T15:10:00,3531.35,3529.5843250000003,FORCED_1510,1.4564376967609374,0.007225100748416757,24.456325000000106,0.6206165480709089,True,False,2,8981.361046302365,30.356000000000677,"{'brokerage': 4.226394389999999, 'stt': 1.7647921625000003, 'exchange_transaction': 0.43250102591, 'sebi': 0.014087981299999998, 'nse_ipft': 1.40879813e-05, 'gst': 0.8411395473344339, 'stamp_duty': 0.2108643795, 'total': 7.489793574525733}",22.866206425474942,9004.22725272784,48.91265000000021,0.005446017563244226,7028.81265
TATASTEEL,2025-03-07,LONG,2025-03-07T09:55:00,152.09,152.166045,151.23,154.038135,153.10209,2025-03-07T10:19:00,151.23,151.154385,STOP,1.9469824744700974,0.01542673968211572,0.9360450000000071,-1.0807813726904139,False,False,59,9004.22725272784,-59.68794000000037,"{'brokerage': 5.368771611, 'stt': 2.22952717875, 'exchange_transaction': 0.549404294859, 'sebi': 0.01789590537, 'nse_ipft': 1.789590537e-05, 'gst': 1.0684961472841865, 'stamp_duty': 0.26933389965, 'total': 9.503446932818557}",-69.19138693281893,8935.035865795022,55.22665500000042,0.00613341416758106,8977.796655
RELIANCE,2025-03-10,LONG,2025-03-10T10:20:00,1256.6,1257.2282999999998,1253.15,1265.384899999999,1261.3065999999994,2025-03-10T10:26:00,1253.15,1252.523425,STOP,1.3865351966386357,0.009036144578313143,4.078299999999672,-1.153636319054521,False,False,7,8935.035865795022,-32.93412499999772,"{'brokerage': 5.2704786225, 'stt': 2.1919159937500003, 'exchange_transaction': 0.5393456457025, 'sebi': 0.017568262074999997, 'nse_ipft': 1.7568262075e-05, 'gst': 1.0489338177371235, 'stamp_duty': 0.264017943, 'total': 9.332277853026701}",-42.266402853024424,8892.769462941997,28.548099999997703,0.0031950739122699147,8800.5981
ICICIBANK,2025-03-17,LONG,2025-03-17T09:55:00,1263.85,1264.4819249999998,1261.7,1270.0457749999994,1267.2638499999996,2025-03-17T11:07:00,1270.0457749999994,1269.4107521124995,TARGET_2R,1.834171202154413,0.006006125452448163,2.7819249999997737,1.7717325637823005,True,False,7,8892.769462941997,34.50178978749773,"{'brokerage': 5.3211746219362475, 'stt': 2.2214688161968743, 'exchange_transaction': 0.544533536311476, 'sebi': 0.017737248739787492, 'nse_ipft': 1.7737248739787495e-05, 'gst': 1.0590233659625252, 'stamp_duty': 0.26554120424999994, 'total': 9.429496530645652}",25.072293256852078,8917.841756198848,19.473474999998416,0.0021898099440391884,8851.373474999999
ICICIBANK,2025-03-18,LONG,2025-03-18T10:05:00,1301.0,1301.6505,1297.05,1310.8515,1306.251,2025-03-18T11:27:00,1297.05,1296.4014750000001,STOP,2.0291756496010143,0.0147413457798522,4.600500000000011,-1.1409683730028986,False,False,6,8917.841756198848,-31.49414999999908,"{'brokerage': 4.676493555, 'stt': 1.9446022125000002, 'exchange_transaction': 0.47856117379500007, 'sebi': 0.015588311850000001, 'nse_ipft': 1.5588311850000003e-05, 'gst': 0.9307185532122331, 'stamp_duty': 0.23429709, 'total': 8.280276484669084}",-39.77442648466817,8878.06732971418,27.603000000000065,0.003095255640840795,7809.903
TATASTEEL,2025-03-20,SHORT,2025-03-20T10:10:00,156.98,156.90151,157.85,155.00453000000002,155.95302,2025-03-20T10:26:00,157.85,157.928925,STOP,1.2695859019184192,-0.018750000000000044,0.9484899999999925,-1.083211209395986,False,False,56,8878.06732971418,-57.535239999999476,"{'brokerage': 5.289151307999999, 'stt': 2.1966211400000004, 'exchange_transaction': 0.541256483852, 'sebi': 0.017630504359999997, 'nse_ipft': 1.763050436e-05, 'gst': 1.0526500668089447, 'stamp_duty': 0.265320594, 'total': 9.362647727525303}",-66.89788772752478,8811.169441986656,53.11543999999958,0.005982770576905455,8786.48456
HDFCBANK,2025-03-25,LONG,2025-03-25T09:55:00,1827.0,1827.9134999999999,1818.75,1846.2404999999997,1837.0769999999998,2025-03-25T10:37:00,1827.9134999999999,1826.99954325,BREAKEVEN,1.5095004694712986,0.010748517923430567,9.163499999999885,-0.09973882795873945,True,False,4,8811.169441986656,-3.65582699999959,"{'brokerage': 4.385895651899999, 'stt': 1.8269995432500001, 'exchange_transaction': 0.44882332171109995, 'sebi': 0.014619652172999998, 'nse_ipft': 1.4619652173e-05, 'gst': 0.8728835841785291, 'stamp_duty': 0.21934962, 'total': 7.768585992864803}",-11.424412992864394,8799.745028993791,36.65399999999954,0.004159947239845061,7311.6539999999995
ICICIBANK,2025-04-01,LONG,2025-04-01T10:00:00,1351.1,1351.7755499999998,1347.55,1360.2266499999996,1356.0010999999997,2025-04-01T10:02:00,1347.55,1346.876225,STOP,1.4519590516039327,0.009216417910447694,4.225549999999885,-1.1594526156358336,False,False,6,8799.745028993791,-29.395949999999175,"{'brokerage': 4.857573194999999, 'stt': 2.0203143375, 'exchange_transaction': 0.49709165695499996, 'sebi': 0.01619191065, 'nse_ipft': 1.619191065e-05, 'gst': 0.9667571318128166, 'stamp_duty': 0.24331959899999997, 'total': 8.601264022828465}",-37.99721402282764,8761.747814970964,25.353299999999308,0.002881140296277236,8110.653299999999
TATASTEEL,2025-04-22,SHORT,2025-04-22T09:55:00,140.1,140.02995,141.05,137.98985000000002,139.00990000000002,2025-04-22T15:10:00,138.35,138.419175,FORCED_1510,1.7169943426997198,-0.011267605633802802,1.0200499999999977,1.5791137689329167,True,False,62,8761.747814970964,99.86805000000112,"{'brokerage': 5.179153724999999, 'stt': 2.1704642250000004, 'exchange_transaction': 0.530000064525, 'sebi': 0.01726384575, 'nse_ipft': 1.7263845750000002e-05, 'gst': 1.0307582818417347, 'stamp_duty': 0.2574596655, 'total': 9.185117071462484}",90.68293292853863,8852.430747899503,63.243099999999856,0.007218091793504723,8681.8569
ITC,2025-04-23,SHORT,2025-04-23T10:10:00,432.05,431.833975,433.1,429.301925,430.56795,2025-04-23T11:24:00,429.301925,429.5165759625,TARGET_2R,1.3813400627365051,-0.010545621274644534,1.2660250000000133,1.8304528247862404,True,False,20,8852.430747899503,46.34798075000049,"{'brokerage': 5.168103305774999, 'stt': 2.159169875, 'exchange_transaction': 0.528869238290975, 'sebi': 0.017227011019249998, 'nse_ipft': 1.722701101925e-05, 'gst': 1.0285590207773239, 'stamp_duty': 0.2577099455775, 'total': 9.159655623451066}",37.18832512654942,8889.619073026053,25.320500000000266,0.002860287837440388,8636.6795
ITC,2025-05-27,SHORT,2025-05-27T10:05:00,437.25,437.031375,439.7,431.6941250000001,434.36275000000006,2025-05-27T11:04:00,439.7,439.91984999999994,STOP,2.4382081642136835,-0.009934522465567808,2.668624999999963,-1.0823832498009103,False,False,20,8889.619073026053,-57.76949999999829,"{'brokerage': 5.261707349999999, 'stt': 2.185156875, 'exchange_transaction': 0.53844805215, 'sebi': 0.0175390245, 'nse_ipft': 1.75390245e-05, 'gst': 1.0471881538214096, 'stamp_duty': 0.26395190999999996, 'total': 9.314008904495907}",-67.0835089044942,8822.53556412156,53.37249999999926,0.006003913054266689,8740.6275
HDFCBANK,2025-06-09,SHORT,2025-06-09T10:10:00,1980.9,1979.9095500000003,1984.5,1970.728650000001,1975.3191000000006,2025-06-09T10:44:00,1984.5,1985.4922499999998,STOP,1.3801612481487986,-0.008721804511278242,4.5904499999996915,-1.2161552788941938,False,False,4,8822.53556412156,-22.330799999997907,"{'brokerage': 4.75848216, 'stt': 1.9799095500000004, 'exchange_transaction': 0.48695134104000004, 'sebi': 0.0158616072, 'nse_ipft': 1.58616072e-05, 'gst': 0.9470359745724959, 'stamp_duty': 0.23825907, 'total': 8.426515564419695}",-30.757315564417603,8791.778248557142,18.361799999998766,0.0020812384225086444,7919.638200000001
TCS,2025-06-23,SHORT,2025-06-23T10:55:00,3385.9,3384.2070500000004,3391.0,3370.6211500000013,3377.414100000001,2025-06-23T11:17:00,3391.0,3392.6955,STOP,2.1297184264537696,-0.009458272327964923,6.792949999999564,-1.2495970086633819,False,False,2,8791.778248557142,-16.97689999999875,"{'brokerage': 4.0661415299999994, 'stt': 1.6921035250000003, 'exchange_transaction': 0.41610181657000006, 'sebi': 0.0135538051, 'nse_ipft': 1.3553805100000003e-05, 'gst': 0.8092459269855179, 'stamp_duty': 0.20356173, 'total': 7.200721887460618}",-24.177621887459367,8767.600626669682,13.585899999999128,0.0015452960272546422,6768.414100000001
TATASTEEL,2025-06-26,LONG,2025-06-26T09:55:00,158.56,158.63927999999999,158.12,159.67783999999995,159.15855999999997,2025-06-26T10:29:00,158.12,158.04094,STOP,2.271099839787599,0.012749410339771838,0.5192799999999806,-1.1522492682175345,False,False,55,8767.600626669682,-32.908699999998845,"{'brokerage': 5.2252236299999995, 'stt': 2.1730629250000004, 'exchange_transaction': 0.53471455147, 'sebi': 0.0174174121, 'nse_ipft': 1.74174121e-05, 'gst': 1.039927141976778, 'stamp_duty': 0.26175481199999995, 'total': 9.252117889958878}",-42.16081788995773,8725.439808779725,28.560399999998936,0.0032574932659595176,8725.160399999999
ICICIBANK,2025-07-17,SHORT,2025-07-17T10:20:00,1410.5,1409.79475,1414.0,1401.38425,1405.5895,2025-07-17T10:49:00,1414.0,1414.7069999999999,STOP,2.2274889101080526,-0.007178043631245634,4.205249999999978,-1.1681231793591067,False,False,6,8725.439808779725,-29.47349999999915,"{'brokerage': 5.084103149999999, 'stt': 2.114692125, 'exchange_transaction': 0.52027322235, 'sebi': 0.016947010499999995, 'nse_ipft': 1.6947010499999998e-05, 'gst': 1.0118412593748898, 'stamp_duty': 0.25464725999999993, 'total': 9.002520974235388}",-38.47602097423454,8686.963787805491,25.23149999999987,0.002891716698866158,8458.7685
INFY,2025-07-24,SHORT,2025-07-24T10:10:00,1554.8,1554.0226,1565.4,1531.2677999999999,1542.6452,2025-07-24T15:10:00,1554.7,1555.47735,FORCED_1510,3.7743027668672244,-0.015126582278481071,11.37740000000008,-0.1278631321742987,False,False,5,8686.963787805491,-7.2737499999993815,"{'brokerage': 4.664249925, 'stt': 1.94252825, 'exchange_transaction': 0.47730824232499997, 'sebi': 0.015547499749999999, 'nse_ipft': 1.554749975e-05, 'gst': 0.9282818186234549, 'stamp_duty': 0.2333216025, 'total': 8.261252885698205}",-15.535002885697587,8671.428784919794,56.8870000000004,0.006548548076124909,7770.113
BHARTIARTL,2025-08-08,SHORT,2025-08-08T10:00:00,1865.3,1864.36735,1876.0,1841.10205,1852.7347,2025-08-08T15:10:00,1860.9,1861.83045,FORCED_1510,120.21977665936339,-0.009277421406987174,11.632650000000012,0.21808444335556015,False,False,4,8671.428784919794,10.147600000000239,"{'brokerage': 4.4714373599999995, 'stt': 1.86436735, 'exchange_transaction': 0.45757708984, 'sebi': 0.0149047912, 'nse_ipft': 1.49047912e-05, 'gst': 0.889908146249616, 'stamp_duty': 0.223419654, 'total': 7.921629296080816}",2.2259707039194225,8673.654755623713,46.53060000000005,0.005365966918960337,7457.4694
SBIN,2025-08-11,LONG,2025-08-11T10:00:00,820.7,821.11035,818.3,826.7310500000002,823.9207000000001,2025-08-11T15:10:00,824.95,824.5375250000001,FORCED_1510,2.9323462897910995,0.018378712871287117,2.810350000000085,1.219483338374199,True,False,10,8673.654755623713,34.27175000000034,"{'brokerage': 4.9369436250000005, 'stt': 2.0613438125, 'exchange_transaction': 0.5052138976250001, 'sebi': 0.01645647875, 'nse_ipft': 1.6456478750000004e-05, 'gst': 0.9825534824136752, 'stamp_duty': 0.24633310500000005, 'total': 8.748860857767426}",25.522889142232913,8699.177644765945,28.10350000000085,0.003240098988466132,8211.103500000001
LT,2025-08-12,LONG,2025-08-12T09:55:00,3709.8,3711.6549,3701.4,3732.1647,3721.9098,2025-08-12T10:17:00,3711.6549,3709.7990725500003,BREAKEVEN,1.283921369232337,0.008777173913043557,10.254899999999907,-0.1809698241815784,True,False,2,8699.177644765945,-3.711654899999303,"{'brokerage': 4.45287238353, 'stt': 1.8548995362750003, 'exchange_transaction': 0.45567727391457, 'sebi': 0.014842907945099999, 'nse_ipft': 1.48429079451e-05, 'gst': 0.8862133334935708, 'stamp_duty': 0.222699294, 'total': 7.887219572066186}",-11.59887447206549,8687.57877029388,20.509799999999814,0.002357671131401713,7423.3098
INFY,2025-09-10,LONG,2025-09-10T10:05:00,1527.0,1527.7635,1522.5,1538.2905,1533.027,2025-09-10T11:46:00,1527.7635,1526.9996182500001,BREAKEVEN,1.4443479884424977,0.011654857294219001,5.263500000000022,-0.14512809917353076,True,False,5,8687.57877029388,-3.819408749999411,"{'brokerage': 4.582144677375, 'stt': 1.9087495228125002, 'exchange_transaction': 0.46890613865137504, 'sebi': 0.01527381559125, 'nse_ipft': 1.527381559125e-05, 'gst': 0.911941182977979, 'stamp_duty': 0.229164525, 'total': 8.116195136223697}",-11.935603886223108,8675.643166407657,26.31750000000011,0.0030293250508403565,7638.8175
SBIN,2025-09-30,LONG,2025-09-30T10:20:00,875.95,876.387975,873.6,881.9639249999999,879.17595,2025-09-30T10:39:00,873.6,873.1632000000001,STOP,1.9282474010749355,0.007241795505488868,2.7879749999999603,-1.1566728539531217,False,False,9,8675.643166407657,-29.022974999999178,"{'brokerage': 4.723788172499999, 'stt': 1.9646172000000002, 'exchange_transaction': 0.48340098965250006, 'sebi': 0.015745960575, 'nse_ipft': 1.5745960575e-05, 'gst': 0.9401311563638534, 'stamp_duty': 0.23662475325, 'total': 8.364323978301927}",-37.387298978301104,8638.255867429356,25.091774999999643,0.0028922092020976296,7887.4917749999995
HDFCBANK,2025-10-03,LONG,2025-10-03T09:55:00,959.15,959.6295749999999,956.8,965.2887249999999,962.4591499999999,2025-10-03T10:14:00,956.8,956.3216,STOP,2.6438430669495188,0.00819327731092434,2.829574999999977,-1.1690713269660529,False,False,9,8638.255867429356,-29.77177499999948,"{'brokerage': 5.173068172499999, 'stt': 2.1517236, 'exchange_transaction': 0.5293773096524999, 'sebi': 0.017243560574999994, 'nse_ipft': 1.7243560574999998e-05, 'gst': 1.0295471315318532, 'stamp_duty': 0.25909998524999994, 'total': 9.160077003069928}",-38.93185200306941,8599.324015426286,25.466174999999794,0.0029480690767704973,8636.666174999998
HDFCBANK,2025-10-14,LONG,2025-10-14T10:15:00,977.9,978.3889499999999,974.9,985.3668499999998,981.8778999999998,2025-10-14T12:08:00,974.9,974.41255,STOP,1.565584209947988,0.009948453608247476,3.4889499999999316,-1.139712520959021,False,False,8,8599.324015426286,-31.81119999999919,"{'brokerage': 4.686723599999999, 'stt': 1.9488251, 'exchange_transaction': 0.47960804840000004, 'sebi': 0.015622411999999999, 'nse_ipft': 1.5622412e-05, 'gst': 0.9327545429061597, 'stamp_duty': 0.23481334799999998, 'total': 8.298362673718158}",-40.10956267371735,8559.214452752569,27.911599999999453,0.0032457900120903653,7827.111599999999
RELIANCE,2025-10-20,LONG,2025-10-20T10:05:00,1464.3,1465.0321499999998,1454.5,1486.0964499999993,1475.5642999999995,2025-10-20T15:10:00,1466.6,1465.8667,FORCED_1510,7.022708593646105,0.014305555555555571,10.532149999999774,0.07923833215443009,False,False,5,8559.214452752569,4.172750000001315,"{'brokerage': 4.396348274999999, 'stt': 1.8323333750000002, 'exchange_transaction': 0.449892973475, 'sebi': 0.014654494249999999, 'nse_ipft': 1.4654494250000001e-05, 'gst': 0.874963871499465, 'stamp_duty': 0.21975482249999997, 'total': 7.787962466218715}",-3.6152124662173994,8555.599240286352,52.66074999999887,0.006152521389747821,7325.160749999999
INFY,2025-10-23,LONG,2025-10-23T10:00:00,1529.6,1530.3647999999998,1521.0,1549.0943999999995,1539.7295999999997,2025-10-23T15:04:00,1530.3647999999998,1529.5996175999999,BREAKEVEN,3.440042011642881,0.011258278145695355,9.364799999999832,-0.08170835468989958,True,False,5,8555.599240286352,-3.8259119999997893,"{'brokerage': 4.589946626399999, 'stt': 1.911999522, 'exchange_transaction': 0.4697045381015999, 'sebi': 0.015299822087999997, 'nse_ipft': 1.5299822087999997e-05, 'gst': 0.9134939315541036, 'stamp_duty': 0.22955471999999996, 'total': 8.13001445996579}",-11.95592645996558,8543.643313826387,46.82399999999916,0.005472907120230188,7651.823999999999
ICICIBANK,2025-10-28,SHORT,2025-10-28T10:05:00,1360.4,1359.7198,1364.7,1349.7594000000001,1354.7396,2025-10-28T13:24:00,1364.7,1365.3823499999999,STOP,2.064323756896955,-0.00866715222141301,4.980199999999968,-1.1370125697762778,False,False,6,8543.643313826387,-33.9752999999987,"{'brokerage': 4.90518387, 'stt': 2.0395797000000004, 'exchange_transaction': 0.5019638160300001, 'sebi': 0.0163506129, 'nse_ipft': 1.63506129e-05, 'gst': 0.976232636917722, 'stamp_duty': 0.24576882299999997, 'total': 8.685095809460623}",-42.66039580945932,8500.982918016927,29.881199999999808,0.0034974774697864937,8158.318800000001
ITC,2025-10-31,LONG,2025-10-31T09:55:00,424.95,425.162475,423.75,427.9874249999999,426.57494999999994,2025-10-31T10:32:00,423.75,423.53812500000004,STOP,3.148898977714433,0.011296076099881036,1.4124749999999722,-1.1500026549142235,False,False,19,8500.982918016927,-30.86264999999878,"{'brokerage': 4.837593419999999, 'stt': 2.01180609375, 'exchange_transaction': 0.49504705998000004, 'sebi': 0.016125311399999998, 'nse_ipft': 1.6125311400000003e-05, 'gst': 0.9627807450044518, 'stamp_duty': 0.24234261075, 'total': 8.56571136619585}",-39.42836136619463,8461.554556650732,26.83702499999947,0.0031569319993716557,8078.087025
SBIN,2025-11-06,SHORT,2025-11-06T10:05:00,962.7,962.2186500000001,965.25,956.1559500000004,959.1873000000003,2025-11-06T10:43:00,965.25,965.732625,STOP,3.7316570878448765,-0.008508224617129856,3.031349999999861,-1.159211242515713,False,False,8,8461.554556650732,-28.111799999998766,"{'brokerage': 4.62708306, 'stt': 1.9244373000000004, 'exchange_transaction': 0.47350483314, 'sebi': 0.0154236102, 'nse_ipft': 1.5423610200000003e-05, 'gst': 0.920884846851036, 'stamp_duty': 0.23177583000000002, 'total': 8.193124903801236}",-36.3049249038,8425.249631746932,24.25079999999889,0.002865998184806113,7697.749200000001
INFY,2025-11-07,SHORT,2025-11-07T10:00:00,1453.5,1452.7732500000002,1456.2,1445.9197500000005,1449.3465000000003,2025-11-07T10:29:00,1456.2,1456.9280999999999,STOP,1.3383841958328229,-0.014217687074829954,3.4267499999998563,-1.2124753775442747,False,False,5,8425.249631746932,-20.774249999998347,"{'brokerage': 4.364552025, 'stt': 1.8159665625000003, 'exchange_transaction': 0.446639157225, 'sebi': 0.01454850675, 'nse_ipft': 1.4548506750000002e-05, 'gst': 0.8686357627467151, 'stamp_duty': 0.21853921499999998, 'total': 7.728895777728465}",-28.50314577772681,8396.746485969205,17.13374999999928,0.002033619269325636,7263.866250000001
BHARTIARTL,2025-11-26,LONG,2025-11-26T10:20:00,2119.4,2120.4597,2115.0,2131.3790999999997,2125.9193999999998,2025-11-26T12:29:00,2131.3790999999997,2130.31341045,TARGET_2R,9.531543527094954,0.0071292775665399155,5.459699999999884,1.8048080389032943,True,False,3,8396.746485969205,29.561131350000323,"{'brokerage': 3.8256957994049996, 'stt': 1.5977350578374998, 'exchange_transaction': 0.391496203472445, 'sebi': 0.01275231933135, 'nse_ipft': 1.275231933135e-05, 'gst': 0.7613922734150625, 'stamp_duty': 0.190841373, 'total': 6.7799257787806875}",22.781205571219637,8419.527691540425,16.379099999999653,0.001950648388321453,6361.3791
HDFCBANK,2025-11-27,LONG,2025-11-27T09:55:00,1010.1,1010.60505,1007.5,1016.81515,1013.7101,2025-11-27T12:06:00,1010.60505,1010.0997474750001,BREAKEVEN,2.292627667851864,0.008532082626484305,3.1050500000000056,-0.1627357127904326,True,False,8,8419.527691540425,-4.042420199999469,"{'brokerage': 4.84969151394, 'stt': 2.0201994949500004, 'exchange_transaction': 0.49628509825986006, 'sebi': 0.0161656383798, 'nse_ipft': 1.6165638379800003e-05, 'gst': 0.9651885149192471, 'stamp_duty': 0.242545212, 'total': 8.590091638087287}",-12.632511838086756,8406.895179702338,24.840400000000045,0.002950331765635571,8084.8404
INFY,2025-12-04,LONG,2025-12-04T09:55:00,1590.9,1591.69545,1584.0,1607.0863499999998,1599.3908999999999,2025-12-04T15:10:00,1597.7,1596.9011500000001,FORCED_1510,2.376194757137145,0.015306122448979664,7.695449999999937,0.6764646641847128,False,False,5,8406.895179702338,26.02850000000103,"{'brokerage': 4.7828949, 'stt': 1.9961264375, 'exchange_transaction': 0.4894495781, 'sebi': 0.015942983, 'nse_ipft': 1.5942983e-05, 'gst': 0.9518946127349399, 'stamp_duty': 0.2387543175, 'total': 8.47507877181794}",17.55342122818309,8424.448600930522,38.477249999999685,0.004576868056223587,7958.47725
SBIN,2025-12-17,LONG,2025-12-17T10:00:00,975.4,975.8876999999999,973.15,981.3630999999997,978.6253999999998,2025-12-17T15:10:00,975.8,975.3121,FORCED_1510,2.410010315661619,0.01216922997255443,2.7376999999999043,-0.21024947949005185,False,False,8,8424.448600930522,-4.604799999999159,"{'brokerage': 4.682879519999999, 'stt': 1.9506242, 'exchange_transaction': 0.47921467087999997, 'sebi': 0.015609598399999999, 'nse_ipft': 1.56095984e-05, 'gst': 0.9319894917981119, 'stamp_duty': 0.23421304799999998, 'total': 8.294546138676512}",-12.899346138675671,8411.549254791846,21.901599999999235,0.002599766588590747,7807.101599999999
TATASTEEL,2025-12-29,LONG,2025-12-29T10:20:00,172.9,172.98645,172.52,173.91934999999995,173.45289999999997,2025-12-29T10:28:00,173.91934999999995,173.83239032499995,TARGET_2R,3.7998346412548543,0.024895286413780804,0.4664499999999805,1.8135712830957091,True,False,48,8411.549254791846,40.60513559999799,"{'brokerage': 4.994191300679999, 'stt': 2.0859886838999993, 'exchange_transaction': 0.51107224310292, 'sebi': 0.016647304335599997, 'nse_ipft': 1.66473043356e-05, 'gst': 0.9939469491761138, 'stamp_duty': 0.24910048799999998, 'total': 8.850963616498968}",31.754171983499027,8443.303426775345,22.389599999999064,0.0026617688753643423,8303.3496
