symbol,session,side,entry_time,raw_entry_open,entry_price,stop_price,target_price,one_r_price,exit_time,raw_exit_price,exit_price,exit_reason,opening_relative_volume,opening_drive_pct,risk_per_share,gross_r,breakeven_activated,ambiguity_stop_first,qty,equity_before,gross_pnl,costs,net_pnl,equity_after,risk_rupees,risk_pct_equity,notional
TATASTEEL,2018-02-09,LONG,2018-02-09T10:05:00,68.04,68.07402,67.72,68.78206000000002,68.42804000000001,2018-02-09T11:05:00,67.72,67.68614000000001,STOP,2.9154340931914358,0.032092813017929656,0.35402000000000555,-1.095644313880542,False,False,293,20000.0,-113.6488399999987,"{'brokerage': 11.933318064000002, 'stt': 4.958009755000001, 'exchange_transaction': 1.2211762152160002, 'sebi': 0.03977772688, 'nse_ipft': 3.9777726880000006e-05, 'gst': 2.3749761210881184, 'stamp_duty': 0.5983706358, 'total': 21.125668295711}",-134.7745082957097,19865.225491704292,103.72786000000163,0.005186393000000082,19945.687860000002
INFY,2018-02-22,LONG,2018-02-22T10:10:00,577.88,578.1689399999999,576.28,581.9468199999998,580.0578799999998,2018-02-22T14:25:00,576.28,575.99186,STOP,1.370511290402658,0.008816648625999735,1.8889399999999341,-1.1525405783137679,False,False,34,19865.225491704292,-74.02071999999771,"{'brokerage': 11.772440159999997, 'stt': 4.89593081, 'exchange_transaction': 1.20471304304, 'sebi': 0.0392414672, 'nse_ipft': 3.92414672e-05, 'gst': 2.342958104107295, 'stamp_duty': 0.5897323187999999, 'total': 20.845055144614495}",-94.8657751446122,19770.35971655968,64.22395999999776,0.0032329841927451392,19657.743959999996
ITC,2018-03-12,LONG,2018-03-12T10:00:00,266.75,266.883375,266.3,268.050125,267.46675,2018-03-12T10:37:00,266.883375,266.7499333125,BREAKEVEN,3.3569039110890793,0.013068181818181701,0.5833749999999895,-0.22874083994002584,True,False,74,19770.35971655968,-9.874684875000753,"{'brokerage': 11.8466594445375, 'stt': 4.9348737662812505, 'exchange_transaction': 1.2123081498243375, 'sebi': 0.039488864815125, 'nse_ipft': 3.9488864815125e-05, 'gst': 2.35772927064752, 'stamp_duty': 0.5924810925, 'total': 20.983580077470553}",-30.858264952471306,19739.501451607208,43.169749999999226,0.002183559157188232,19749.36975
BHARTIARTL,2018-03-21,LONG,2018-03-21T09:55:00,377.28,377.46863999999994,375.08,382.24591999999984,379.8572799999999,2018-03-21T12:23:00,382.24591999999984,382.05479703999987,TARGET_2R,1.2875128519732135,0.02250264020146764,2.3886399999999526,1.9199867037310032,True,False,52,19739.501451607208,238.48016607999648,"{'brokerage': 11.848565617823995, 'stt': 4.966712361519998, 'exchange_transaction': 1.2125032148906556, 'sebi': 0.03949521872607998, 'nse_ipft': 3.949521872607999e-05, 'gst': 2.358108638398702, 'stamp_duty': 0.5888510783999998, 'total': 21.014275624978158}",217.46589045501833,19956.967342062228,124.20927999999753,0.0062924223443284735,19628.369279999995
ICICIBANK,2018-03-26,LONG,2018-03-26T10:00:00,279.2,279.33959999999996,278.1,281.81879999999984,280.5791999999999,2018-03-26T10:50:00,278.1,277.96095,STOP,1.6586812170152523,0.01122781600869227,1.239599999999939,-1.1121732817037788,False,False,71,19956.967342062228,-97.88414999999549,"{'brokerage': 11.870501715, 'stt': 4.933806862500001, 'exchange_transaction': 1.2147480088349998, 'sebi': 0.03956833904999999, 'nse_ipft': 3.9568339049999994e-05, 'gst': 2.3624743736203286, 'stamp_duty': 0.5949933479999999, 'total': 21.01613221534438}",-118.90028221533987,19838.067059846886,88.01159999999567,0.004410068849213295,19833.111599999997
BHARTIARTL,2018-04-02,SHORT,2018-04-02T10:05:00,361.9,361.71905,363.92,357.3171499999999,359.51809999999995,2018-04-02T10:26:00,361.71905,361.89990952499994,BREAKEVEN,1.3303762486874622,-0.01974489379640454,2.2009500000000344,-0.0821733910356696,True,False,54,19838.067059846886,-9.76641434999783,"{'brokerage': 11.722627144304997, 'stt': 4.883207175, 'exchange_transaction': 1.1996155111005449, 'sebi': 0.039075423814349995, 'nse_ipft': 3.9075423814349996e-05, 'gst': 2.333044287835867, 'stamp_duty': 0.5862778534304999, 'total': 20.763886470910073}",-30.530300820907904,19807.536759025978,118.85130000000186,0.005991072600039854,19532.8287
ICICIBANK,2018-04-03,LONG,2018-04-03T10:00:00,266.05,266.183025,264.65,269.249075,267.71605,2018-04-03T10:57:00,264.65,264.517675,STOP,2.388256068982744,0.01738632021398545,1.5330250000000092,-1.0863162701195215,False,False,74,19807.536759025978,-123.23589999999922,"{'brokerage': 11.781555539999998, 'stt': 4.8935769874999995, 'exchange_transaction': 1.20564585026, 'sebi': 0.03927185179999999, 'nse_ipft': 3.92718518e-05, 'gst': 2.3447722525041237, 'stamp_duty': 0.5909263155, 'total': 20.855788069415922}",-144.09168806941514,19663.44507095656,113.44385000000068,0.005727307306311378,19697.54385
INFY,2018-04-12,LONG,2018-04-12T10:20:00,575.0,575.2875,572.58,580.7025,577.995,2018-04-12T13:17:00,580.7025,580.41214875,TARGET_2R,2.9726594697926814,0.018770031696563105,2.707499999999982,1.8927603878116492,True,False,34,19663.44507095656,174.2380575000002,"{'brokerage': 11.78813641725, 'stt': 4.933503264375, 'exchange_transaction': 1.20631929336525, 'sebi': 0.0392937880575, 'nse_ipft': 3.9293788057500005e-05, 'gst': 2.346081982642945, 'stamp_duty': 0.58679325, 'total': 20.900167289478752}",153.33789021052144,19816.782961167082,92.05499999999938,0.004681529592999301,19559.775
TCS,2018-04-25,LONG,2018-04-25T10:05:00,1720.47,1721.330235,1712.43,1739.1307049999996,1730.2304699999997,2018-04-25T12:48:00,1739.1307049999996,1738.2611396474997,TARGET_2R,1.981181000368394,0.018611521418020693,8.900234999999839,1.9022986075648687,True,False,11,19816.782961167082,186.2399511224978,"{'brokerage': 11.416651536336747, 'stt': 4.7802181340306245, 'exchange_transaction': 1.1683040072184605, 'sebi': 0.03805550512112249, 'nse_ipft': 3.8055505121122495e-05, 'gst': 2.2721488387526607, 'stamp_duty': 0.56803897755, 'total': 20.243455054514733}",165.9964960679831,19982.779457235065,97.90258499999823,0.004940387407575078,18934.632585
RELIANCE,2018-04-27,LONG,2018-04-27T10:00:00,995.81,996.3079049999999,992.74,1003.4437149999997,999.8758099999998,2018-04-27T10:07:00,992.74,992.24363,STOP,5.540724018988751,0.0214174256254398,3.5679049999998824,-1.1391208566371505,False,False,20,19982.779457235065,-81.28549999999677,"{'brokerage': 11.931309209999998, 'stt': 4.9612181500000005, 'exchange_transaction': 1.2209706424900002, 'sebi': 0.0397710307, 'nse_ipft': 3.9771030700000006e-05, 'gst': 2.374576317759726, 'stamp_duty': 0.597784743, 'total': 21.12566986498042}",-102.4111698649772,19880.36828737009,71.35809999999765,0.0035709797104407004,19926.158099999997
LT,2018-05-02,SHORT,2018-05-02T10:55:00,1404.15,1403.4479250000002,1407.0,1396.3437750000005,1399.8958500000003,2018-05-02T11:05:00,1396.3437750000005,1397.0419468875004,TARGET_2R,5.0306053342425345,-0.013415492957746467,3.5520749999998316,1.8034467494351971,True,False,14,19880.36828737009,89.68369357499614,"{'brokerage': 11.762057461927501, 'stt': 4.9120677375, 'exchange_transaction': 1.2036505469372478, 'sebi': 0.039206858206425006, 'nse_ipft': 3.920685820642501e-05, 'gst': 2.3408917333072883, 'stamp_duty': 0.5867576176927501, 'total': 20.844671162429417}",68.83902241256672,19949.207309782654,49.72904999999764,0.002501414927589158,19648.270950000002
HDFCBANK,2018-06-04,SHORT,2018-06-04T10:35:00,1041.25,1040.7293750000001,1044.2,1033.7881250000003,1037.2587500000002,2018-06-04T10:47:00,1044.2,1044.7221,STOP,44.73108742717071,-0.03923720930232566,3.4706249999999272,-1.1504339996398114,False,False,19,19949.207309782654,-75.8617749999969,"{'brokerage': 11.887073407499999, 'stt': 4.943464531250001, 'exchange_transaction': 1.2164438453675002, 'sebi': 0.039623578025, 'nse_ipft': 3.9623578025000006e-05, 'gst': 2.365772481804694, 'stamp_duty': 0.595491597, 'total': 21.047909064525218}",-96.90968406452211,19852.297625718133,65.94187499999862,0.0033054884826256813,19773.858125000002
SBIN,2018-06-13,LONG,2018-06-13T09:55:00,287.1,287.24355,285.8,290.13065000000006,288.68710000000004,2018-06-13T10:36:00,287.24355,287.09992822500004,BREAKEVEN,1.2940513938601377,0.009859154929577452,1.443550000000016,-0.09949206816527582,True,False,69,19852.297625718133,-9.909902474999,"{'brokerage': 11.8889099992575, 'stt': 4.952473761881251, 'exchange_transaction': 1.2166317899240178, 'sebi': 0.039629699997525004, 'nse_ipft': 3.962969999752501e-05, 'gst': 2.366138001398227, 'stamp_duty': 0.5945941485, 'total': 21.05841703065852}",-30.968319505657522,19821.329306212476,99.60495000000111,0.005017300862493896,19819.80495
TCS,2018-06-18,SHORT,2018-06-18T10:10:00,1841.9,1840.9790500000001,1846.0,1830.9371500000004,1835.9581000000003,2018-06-18T12:29:00,1846.0,1846.923,STOP,5.218260910493661,-0.019352766401670274,5.020949999999857,-1.183829753333538,False,False,10,19821.329306212476,-59.43949999999859,"{'brokerage': 11.06370615, 'stt': 4.602447625000001, 'exchange_transaction': 1.13218592935, 'sebi': 0.0368790205, 'nse_ipft': 3.68790205e-05, 'gst': 2.20190543619669, 'stamp_duty': 0.5540769, 'total': 19.591237940067188}",-79.03073794006578,19742.29856827241,50.20949999999857,0.0025331045776158774,18409.790500000003
ITC,2018-06-19,SHORT,2018-06-19T09:55:00,263.05,262.918475,263.6,261.55542499999996,262.23695,2018-06-19T09:59:00,263.6,263.7318,STOP,1.252780950368384,-0.007172517931294697,0.6815250000000219,-1.1933898242911032,False,False,75,19742.29856827241,-60.99937500000152,"{'brokerage': 11.849631187499998, 'stt': 4.92972140625, 'exchange_transaction': 1.2126122581875, 'sebi': 0.039498770625000006, 'nse_ipft': 3.9498770625000004e-05, 'gst': 2.3583207087149622, 'stamp_duty': 0.59339655, 'total': 20.98322038004809}",-81.98259538004962,19660.31597289236,51.114375000001644,0.002589079221106852,19718.885625
INFY,2018-06-25,LONG,2018-06-25T09:55:00,636.48,636.79824,634.25,641.8947199999999,639.3464799999999,2018-06-25T10:43:00,634.25,633.9328750000001,STOP,1.4956468059452181,0.012806643545769658,2.5482399999999643,-1.124448639060655,False,False,30,19660.31597289236,-85.9609499999965,"{'brokerage': 11.436580034999999, 'stt': 4.754496562500001, 'exchange_transaction': 1.170343356915, 'sebi': 0.03812193344999999, 'nse_ipft': 3.812193345e-05, 'gst': 2.276115020513721, 'stamp_duty': 0.573118416, 'total': 20.248813446312173}",-106.20976344630867,19554.10620944605,76.44719999999893,0.003888401392195543,19103.9472
TATASTEEL,2018-07-09,SHORT,2018-07-09T09:55:00,56.01,55.981995,56.18,55.585984999999994,55.783989999999996,2018-07-09T10:53:00,56.18,56.20809,STOP,1.2839073926346742,-0.006563775057654708,0.19800500000000198,-1.1418651044165478,False,False,349,19554.10620944605,-78.90715500000029,"{'brokerage': 11.746301899499999, 'stt': 4.88442906375, 'exchange_transaction': 1.2020382277155, 'sebi': 0.039154339664999996, 'nse_ipft': 3.9154339665e-05, 'gst': 2.3377560518196296, 'stamp_duty': 0.5884987023, 'total': 20.798217439089793}",-99.70537243909008,19454.40083700696,69.10374500000069,0.003533976151086802,19537.716255
TCS,2018-07-11,LONG,2018-07-11T09:55:00,1924.7,1925.6623499999998,1921.45,1934.0870499999994,1929.8746999999996,2018-07-11T09:55:00,1921.45,1920.4892750000001,STOP,6.9869724310407655,0.015105263157894733,4.2123499999997875,-1.2280734032072262,False,False,10,19454.40083700696,-51.73074999999699,"{'brokerage': 11.538454875, 'stt': 4.801223187500001, 'exchange_transaction': 1.1807685488750002, 'sebi': 0.03846151625, 'nse_ipft': 3.846151625e-05, 'gst': 2.296390212295425, 'stamp_duty': 0.577698705, 'total': 20.433035506436674}",-72.16378550643367,19382.237051500528,42.123499999997875,0.0021652427310878074,19256.623499999998
RELIANCE,2018-07-12,LONG,2018-07-12T10:00:00,1048.31,1048.8341549999998,1046.18,1054.1424649999992,1051.4883099999995,2018-07-12T11:13:00,1054.1424649999992,1053.6153937674992,TARGET_2R,2.3818051724551195,0.015852456164092255,2.6541549999997187,1.8014165591308435,True,False,18,19382.237051500528,86.0622978149895,"{'brokerage': 11.353227563344493, 'stt': 4.741269271953747, 'exchange_transaction': 1.1618136206489198, 'sebi': 0.03784409187781498, 'nse_ipft': 3.784409187781498e-05, 'gst': 2.259526161593359, 'stamp_duty': 0.5663704436999999, 'total': 20.120088997210214}",65.94220881777929,19448.179260318306,47.77478999999494,0.0024648749199100485,18879.014789999997
ICICIBANK,2018-07-16,SHORT,2018-07-16T10:05:00,259.85,259.72007500000007,260.9,257.36022500000024,258.54015000000015,2018-07-16T11:21:00,257.36022500000024,257.4889051125002,TARGET_2R,2.694706378851739,-0.0237467018469657,1.179924999999912,1.8909421255588381,True,False,74,19448.179260318306,165.10657167498857,"{'brokerage': 11.482039358497506, 'stt': 4.804821387500001, 'exchange_transaction': 1.1749953610195782, 'sebi': 0.03827346452832502, 'nse_ipft': 3.8273464528325024e-05, 'gst': 2.2851623623517883, 'stamp_duty': 0.5716253693497505, 'total': 20.356955576711478}",144.7496160982771,19592.928876416583,87.31444999999349,0.00448959508400605,19219.285550000004
HDFCBANK,2018-07-18,LONG,2018-07-18T09:55:00,1101.05,1101.6005249999998,1098.65,1107.5015749999993,1104.5510499999996,2018-07-18T11:01:00,1107.5015749999993,1106.9478242124994,TARGET_2R,2.4061340066851704,0.0071330589849107895,2.950524999999743,1.8123212690961974,True,False,17,19592.928876416583,90.90408661249307,"{'brokerage': 11.263596580983746, 'stt': 4.704528252903123, 'exchange_transaction': 1.1526413834540035, 'sebi': 0.03754532193661249, 'nse_ipft': 3.7545321936612494e-05, 'gst': 2.2416877497053336, 'stamp_duty': 0.5618162677499999, 'total': 19.961853102054757}",70.94223351043831,19663.871109927022,50.158924999995634,0.0025600524207674952,18727.208925
BHARTIARTL,2018-07-19,LONG,2018-07-19T10:00:00,315.21,315.36760499999997,313.28,319.54281499999996,317.45520999999997,2018-07-19T15:10:00,316.77,316.611615,FORCED_1510,2.0668616666490505,0.0110839812375505,2.0876049999999964,0.5959029605696504,True,False,62,19663.871109927022,77.12862000000018,"{'brokerage': 11.754813491999998, 'stt': 4.9074800325, 'exchange_transaction': 1.2029092473479999, 'sebi': 0.03918271163999999, 'nse_ipft': 3.918271164e-05, 'gst': 2.339450034065935, 'stamp_duty': 0.5865837453, 'total': 20.830458445565572}",56.298161554434614,19720.169271481456,129.43150999999978,0.006582198859850039,19552.79151
BHARTIARTL,2018-08-01,LONG,2018-08-01T09:55:00,364.47,364.652235,363.05,367.85670500000003,366.25447,2018-08-01T10:15:00,364.652235,364.4699088825,BREAKEVEN,1.8354433683941151,0.020637269960066096,1.6022350000000074,-0.1137948662337274,True,False,54,19720.169271481456,-9.845610344999841,"{'brokerage': 11.8117787308965, 'stt': 4.92034376991375, 'exchange_transaction': 1.2087386901284087, 'sebi': 0.039372595769655, 'nse_ipft': 3.9372595769655006e-05, 'gst': 2.3507872900902598, 'stamp_duty': 0.5907366207000001, 'total': 20.921797070094343}",-30.767407415094183,19689.401864066363,86.5206900000004,0.004387421264437282,19691.220690000002
SBIN,2018-08-06,LONG,2018-08-06T10:20:00,306.3,306.45315,305.1,309.15944999999994,307.80629999999996,2018-08-06T13:40:00,309.15944999999994,309.004870275,TARGET_2R,1.9835640580559766,0.022787757817697818,1.353149999999971,1.8857630528766467,True,False,64,19689.401864066363,163.3100975999987,"{'brokerage': 11.816793989279997, 'stt': 4.944077924399999, 'exchange_transaction': 1.20925191823632, 'sebi': 0.039389313297599995, 'nse_ipft': 3.93893132976e-05, 'gst': 2.351785429822898, 'stamp_duty': 0.588390048, 'total': 20.94972801235011}",142.3603695876486,19831.76223365401,86.60159999999814,0.004398386532911808,19613.0016
ICICIBANK,2018-08-10,SHORT,2018-08-10T09:55:00,329.85,329.68507500000004,331.45,326.15522500000014,327.9201500000001,2018-08-10T11:06:00,326.15522500000014,326.31830261250013,TARGET_2R,1.3210375562716368,-0.015117497380631728,1.7649249999999483,1.9076008258141313,True,False,60,19831.76223365401,202.00634324999442,"{'brokerage': 11.808060797025002, 'stt': 4.945276125, 'exchange_transaction': 1.2083582215622255, 'sebi': 0.03936020265675001, 'nse_ipft': 3.936020265675002e-05, 'gst': 2.350047344660394, 'stamp_duty': 0.5873729447025003, 'total': 20.938514995809527}",181.0678282541849,20012.830061908197,105.8954999999969,0.005339691891842816,19781.1045
TATASTEEL,2018-08-14,SHORT,2018-08-14T10:10:00,57.68,57.651160000000004,57.9,57.153480000000016,57.40232000000001,2018-08-14T10:31:00,57.9,57.92894999999999,STOP,5.157246412764912,-0.020442930153321992,0.24883999999999418,-1.1163398167497,False,False,347,20012.830061908197,-96.39312999999615,"{'brokerage': 12.031889451, 'stt': 5.001238130000001, 'exchange_transaction': 1.231263353819, 'sebi': 0.04010629817, 'nse_ipft': 4.010629817000001e-05, 'gst': 2.394593857671691, 'stamp_duty': 0.6030403695, 'total': 21.30217156645886}",-117.69530156645502,19895.13476034174,86.34747999999797,0.00431460616678843,20004.952520000003
RELIANCE,2018-08-30,SHORT,2018-08-30T10:00:00,1265.5,1264.86725,1270.9,1252.8017499999999,1258.8345,2018-08-30T11:20:00,1270.9,1271.53545,STOP,1.3136868619182127,-0.01167427523508524,6.032750000000078,-1.1053333885872916,False,False,15,19895.13476034174,-100.02300000000105,"{'brokerage': 11.41381215, 'stt': 4.7432521875, 'exchange_transaction': 1.16801344335, 'sebi': 0.0380460405, 'nse_ipft': 3.80460405e-05, 'gst': 2.27158374238029, 'stamp_duty': 0.5721909525000001, 'total': 20.20693656227079}",-120.22993656227183,19774.90482377947,90.49125000000117,0.004548411010534255,18973.00875
INFY,2018-08-31,LONG,2018-08-31T10:15:00,722.98,723.34149,720.7,728.62447,725.98298,2018-08-31T10:25:00,720.7,720.3396500000001,STOP,1.7410475021333294,0.02048979019016217,2.641489999999976,-1.1364192179413624,False,False,27,19774.90482377947,-81.04967999999735,"{'brokerage': 11.693817233999999, 'stt': 4.8622926375, 'exchange_transaction': 1.1966672969460002, 'sebi': 0.03897939078, 'nse_ipft': 3.897939078e-05, 'gst': 2.32731052220102, 'stamp_duty': 0.5859066069, 'total': 20.7050126677178}",-101.75469266771515,19673.150131111754,71.32022999999936,0.0036066029462875717,19530.22023
INFY,2018-09-25,LONG,2018-09-25T10:05:00,727.0,727.3634999999999,721.7,738.6904999999997,733.0269999999998,2018-09-25T15:09:00,727.3634999999999,726.99981825,BREAKEVEN,1.8392237318887752,0.00800556909154193,5.663499999999885,-0.06421501721549616,True,False,27,19673.150131111754,-9.81940724999879,"{'brokerage': 11.780342877824998, 'stt': 4.9072487731875, 'exchange_transaction': 1.2055217544974248, 'sebi': 0.039267809592749996, 'nse_ipft': 3.926780959275e-05, 'gst': 2.3445309077504577, 'stamp_duty': 0.5891644349999999, 'total': 20.866115825662725}",-30.685523075661514,19642.46460803609,152.9144999999969,0.007772751134459803,19638.814499999997
LT,2018-09-28,SHORT,2018-09-28T10:10:00,1301.5,1300.84925,1304.9,1292.7477499999998,1296.7984999999999,2018-09-28T12:12:00,1292.7477499999998,1293.3941238749997,TARGET_2R,1.6461048706783414,-0.011030810193990104,4.050750000000107,1.8404310621490183,True,False,15,19642.46460803609,111.826891875005,"{'brokerage': 11.674095182437497, 'stt': 4.8781846875, 'exchange_transaction': 1.1946490736694375, 'sebi': 0.038913650608124996, 'nse_ipft': 3.8913650608125e-05, 'gst': 2.3233854276658197, 'stamp_duty': 0.5820273557437499, 'total': 20.69129429127524}",91.13559758372976,19733.60020561982,60.76125000000161,0.003093361816477097,19512.73875
HDFCBANK,2018-10-03,SHORT,2018-10-03T10:20:00,1005.2,1004.6974000000001,1006.85,1000.3922000000003,1002.5448000000002,2018-10-03T10:46:00,1006.85,1007.353425,STOP,1.7589987805945553,-0.011544295817655259,2.152599999999893,-1.233868345256907,False,False,19,19733.60020561982,-50.46447499999783,"{'brokerage': 11.4686897025, 'stt': 4.772312650000001, 'exchange_transaction': 1.1736292462225, 'sebi': 0.038228965675, 'nse_ipft': 3.8228965675e-05, 'gst': 2.2825055058053714, 'stamp_duty': 0.57419145225, 'total': 20.30959575141855}",-70.77407075141639,19662.826134868403,40.89939999999797,0.002072576700340289,19089.250600000003
RELIANCE,2018-10-04,SHORT,2018-10-04T10:05:00,1139.4,1138.8303,1145.1,1126.2909000000004,1132.5606000000002,2018-10-04T10:39:00,1138.8303,1139.39971515,BREAKEVEN,3.511273452164968,-0.03820661444586826,6.26969999999983,-0.09082015885926857,True,False,17,19662.826134868403,-9.680057549998992,"{'brokerage': 11.618973077265, 'stt': 4.840028775, 'exchange_transaction': 1.1890082449067851, 'sebi': 0.03872991025755, 'nse_ipft': 3.872991025755e-05, 'gst': 2.3124149932211266, 'stamp_duty': 0.5810938547265, 'total': 20.58028758528722}",-30.26034513528621,19632.565789733115,106.5848999999971,0.0054206297339418775,19360.115100000003
RELIANCE,2018-10-09,SHORT,2018-10-09T09:55:00,1089.42,1088.8752900000002,1096.11,1074.4058700000007,1081.6405800000005,2018-10-09T10:07:00,1096.11,1096.6580549999999,STOP,1.3824575195392355,-0.023669810641514855,7.234709999999723,-1.0757535547381993,False,False,18,19632.565789733115,-140.0897699999946,"{'brokerage': 11.801880062999999, 'stt': 4.899938805000001, 'exchange_transaction': 1.2077257264470003, 'sebi': 0.039339600210000006, 'nse_ipft': 3.9339600210000005e-05, 'gst': 2.348817251266298, 'stamp_duty': 0.5921953497, 'total': 20.889936135223504}",-160.9797061352181,19471.586083597897,130.224779999995,0.006633100400361133,19599.755220000003
LT,2018-10-12,LONG,2018-10-12T10:05:00,1235.95,1236.567975,1232.4,1244.9039249999996,1240.7359499999998,2018-10-12T10:18:00,1244.9039249999996,1244.2814730374996,TARGET_2R,1.5915820187253338,0.008287067276290028,4.167974999999842,1.8506584222554041,True,False,15,19471.586083597897,115.70247056249514,"{'brokerage': 11.163822516168748, 'stt': 4.666055523890623, 'exchange_transaction': 1.1424311708212687, 'sebi': 0.03721274172056249, 'nse_ipft': 3.7212741720562494e-05, 'gst': 2.221830655461414, 'stamp_duty': 0.55645558875, 'total': 19.78784540955434}",95.9146251529408,19567.50070875084,62.51962499999763,0.003210813168048068,18548.519625
ITC,2018-11-09,SHORT,2018-11-09T09:55:00,276.6,276.46170000000006,277.6,274.18510000000015,275.3234000000001,2018-11-09T10:02:00,277.6,277.7388,STOP,1.7486298324805256,-0.007168458781361964,1.1382999999999583,-1.1219362206799688,False,False,70,19567.50070875084,-89.39699999999732,"{'brokerage': 11.6382105, 'stt': 4.838079750000001, 'exchange_transaction': 1.1909768745000002, 'sebi': 0.038794035000000004, 'nse_ipft': 3.8794035000000004e-05, 'gst': 2.3162436366362997, 'stamp_duty': 0.58325148, 'total': 20.6055950701713}",-110.00259507016862,19457.49811368067,79.68099999999708,0.004072109217523254,19352.319000000003
BHARTIARTL,2018-11-09,LONG,2018-11-09T10:30:00,272.98,273.11649,272.47,274.40946999999994,273.76297999999997,2018-11-09T10:47:00,274.40946999999994,274.27226526499993,TARGET_2R,3.8665419579078435,0.046939005599609285,0.6464899999999716,1.787769748952006,True,False,71,19457.49811368067,82.06004381499514,"{'brokerage': 11.659380487144496, 'stt': 4.868332708453749, 'exchange_transaction': 1.1931432698511202, 'sebi': 0.038864601623814984, 'nse_ipft': 3.8864601623814995e-05, 'gst': 2.32045690017979, 'stamp_duty': 0.5817381237, 'total': 20.66195495555459}",61.39808885944055,19518.896202540112,45.90078999999798,0.0023590283669473874,19391.27079
INFY,2018-11-16,SHORT,2018-11-16T10:20:00,647.65,647.326175,650.1,641.7785250000001,644.55235,2018-11-16T12:15:00,650.1,650.4250499999999,STOP,1.5273211206005866,-0.02379148355811478,2.773824999999988,-1.117184753904778,False,False,30,19518.896202540112,-92.96624999999722,"{'brokerage': 11.679761024999998, 'stt': 4.8549463125, 'exchange_transaction': 1.195228878225, 'sebi': 0.038932536749999996, 'nse_ipft': 3.893253675e-05, 'gst': 2.3245130470521147, 'stamp_duty': 0.585382545, 'total': 20.678803277063864}",-113.64505327706108,19405.25114926305,83.21474999999964,0.004263291793578492,19419.78525
TATASTEEL,2018-11-21,SHORT,2018-11-21T10:00:00,55.49,55.462255000000006,55.68,55.02676500000002,55.24451000000001,2018-11-21T10:05:00,55.68,55.70784,STOP,1.3412612004478441,-0.013523131672597999,0.21774499999999364,-1.127855978323261,False,False,349,19405.25114926305,-85.70916499999696,"{'brokerage': 11.6395089465, 'stt': 4.839081748750001, 'exchange_transaction': 1.1911097488585, 'sebi': 0.038798363154999994, 'nse_ipft': 3.8798363155e-05, 'gst': 2.3165020542377976, 'stamp_duty': 0.5832610848, 'total': 20.60830074466445}",-106.3174657446614,19298.93368351839,75.99300499999778,0.003916105203455908,19356.326995000003
TCS,2018-11-22,LONG,2018-11-22T10:15:00,1842.2,1843.1210999999998,1836.0,1857.3632999999995,1850.2421999999997,2018-11-22T11:56:00,1836.0,1835.082,STOP,2.1171038105275968,0.015109890109890056,7.121099999999842,-1.1289126679866752,False,False,10,19298.93368351839,-80.39099999999735,"{'brokerage': 11.0346093, 'stt': 4.587705, 'exchange_transaction': 1.1292083517000002, 'sebi': 0.036782031, 'nse_ipft': 3.6782031000000006e-05, 'gst': 2.1961145636515798, 'stamp_duty': 0.55293633, 'total': 19.537392358382583}",-99.92839235837994,19199.00529116001,71.21099999999842,0.0036898929841296777,18431.211
HDFCBANK,2018-11-26,LONG,2018-11-26T10:05:00,1016.42,1016.9282099999999,1014.22,1022.3446299999997,1019.6364199999998,2018-11-26T10:39:00,1014.22,1013.7128900000001,STOP,1.5456269595275245,0.010427528675703845,2.7082099999998945,-1.1872491424224552,False,False,18,19199.00529116001,-57.87575999999626,"{'brokerage': 10.965461939999999, 'stt': 4.561708005000001, 'exchange_transaction': 1.12213227186, 'sebi': 0.0365515398, 'nse_ipft': 3.6551539800000004e-05, 'gst': 2.182352814575964, 'stamp_duty': 0.5491412333999999, 'total': 19.417384356175766}",-77.29314435617204,19121.71214680384,48.7477799999981,0.0025390784189451487,18304.707779999997
TCS,2018-11-27,SHORT,2018-11-27T10:05:00,1837.75,1836.8311250000002,1846.8,1816.8933750000006,1826.8622500000004,2018-11-27T10:12:00,1846.8,1847.7233999999999,STOP,1.722241542716911,-0.007119741100323651,9.968874999999798,-1.0926283056011756,False,False,10,19121.71214680384,-108.922749999997,"{'brokerage': 11.053663574999998, 'stt': 4.5920778125, 'exchange_transaction': 1.131158239175, 'sebi': 0.03684554524999999, 'nse_ipft': 3.684554525e-05, 'gst': 2.1999067568946447, 'stamp_duty': 0.5543170199999999, 'total': 19.568005794364893}",-128.4907557943619,18993.221391009476,99.68874999999798,0.005213379912565036,18368.311250000002
TCS,2018-11-28,LONG,2018-11-28T09:55:00,1911.65,1912.605825,1904.1,1929.6174750000005,1921.1116500000003,2018-11-28T10:59:00,1929.6174750000005,1928.6526662625006,TARGET_2R,1.2602003973511937,0.01376389624139751,8.505825000000186,1.8865708220543147,True,False,9,18993.221391009476,144.42157136250444,"{'brokerage': 10.37139792640875, 'stt': 4.339468499090627, 'exchange_transaction': 1.061339721135829, 'sebi': 0.03457132642136251, 'nse_ipft': 3.457132642136251e-05, 'gst': 2.0641218381526256, 'stamp_duty': 0.51640357275, 'total': 18.387337455285618}",126.03423390721882,19119.255624916696,76.55242500000168,0.004030512961652629,17213.452425
TATASTEEL,2018-11-29,LONG,2018-11-29T10:05:00,53.85,53.876925,53.63,54.370774999999995,54.12385,2018-11-29T10:31:00,53.63,53.603185,STOP,1.7601920501927866,0.011278195488721776,0.2469249999999974,-1.1085957274476033,False,False,354,19119.255624916696,-96.90395999999878,"{'brokerage': 11.414387682, 'stt': 4.7438818725, 'exchange_transaction': 1.168072339458, 'sebi': 0.038047958939999994, 'nse_ipft': 3.804795894e-05, 'gst': 2.271698285104249, 'stamp_duty': 0.5721729435, 'total': 20.20829912946119}",-117.11225912945997,19002.143365787237,87.41144999999908,0.004571906548813662,19072.43145
ITC,2018-12-10,SHORT,2018-12-10T10:10:00,269.5,269.36525,270.3,267.49575,268.4305,2018-12-10T10:21:00,270.3,270.43515,STOP,1.5994848361997351,-0.009926470588235259,0.9347500000000082,-1.1445841133993142,False,False,70,19002.143365787237,-74.89300000000128,"{'brokerage': 11.3358084, 'stt': 4.713891875000001, 'exchange_transaction': 1.1600310596000003, 'sebi': 0.037786028000000006, 'nse_ipft': 3.778602800000001e-05, 'gst': 2.2560593892530396, 'stamp_duty': 0.567913815, 'total': 20.07152835288104}",-94.96452835288233,18907.178837434356,65.43250000000057,0.0034434273408235484,18855.5675
ITC,2018-12-11,LONG,2018-12-11T10:25:00,271.1,271.23555,270.05,273.60664999999995,272.42109999999997,2018-12-11T10:29:00,270.05,269.914975,STOP,1.4411838805274302,0.009500745156482804,1.185549999999978,-1.1138922862806184,False,False,69,18907.178837434356,-91.11967499999741,"{'brokerage': 11.201815867499999, 'stt': 4.6560333187500005, 'exchange_transaction': 1.1463191571074998, 'sebi': 0.03733938622499999, 'nse_ipft': 3.7339386224999996e-05, 'gst': 2.2293921150393703, 'stamp_duty': 0.5614575884999999, 'total': 19.832394772508096}",-110.95206977250551,18796.22676766185,81.80294999999848,0.00432655504574996,18715.25295
SBIN,2018-12-13,LONG,2018-12-13T09:55:00,293.0,293.1465,292.25,294.9395,294.043,2018-12-13T10:00:00,292.25,292.103875,STOP,2.002982577394151,0.01379310344827589,0.8965000000000032,-1.1629949804796242,False,False,64,18796.22676766185,-66.72799999999916,"{'brokerage': 11.2368072, 'stt': 4.673662, 'exchange_transaction': 1.1498999368000002, 'sebi': 0.037456024000000004, 'nse_ipft': 3.745602400000001e-05, 'gst': 2.23635611102832, 'stamp_duty': 0.56284128, 'total': 19.89706000785232}",-86.62506000785147,18709.601707653997,57.376000000000204,0.0030525275476412797,18761.376
TCS,2018-12-13,SHORT,2018-12-13T10:05:00,1996.45,1995.4517750000002,2009.0,1968.3553250000007,1981.9035500000005,2018-12-13T15:10:00,1984.35,1985.3421749999998,FORCED_1510,1.4149612410957266,-0.00988142292490124,13.548224999999775,0.7461936895793082,True,False,9,18709.601707653997,90.9864000000041,"{'brokerage': 10.748143664999997, 'stt': 4.48976649375, 'exchange_transaction': 1.099893368385, 'sebi': 0.03582714555, 'nse_ipft': 3.5827145550000005e-05, 'gst': 2.1391020010944986, 'stamp_duty': 0.5360423872499999, 'total': 19.048810888175048}",71.93758911182906,18781.539296765826,121.93402499999797,0.006517189778022662,17959.065975
SBIN,2018-12-19,LONG,2018-12-19T09:55:00,297.85,297.998925,296.3,301.39677499999993,299.69784999999996,2018-12-19T13:14:00,301.39677499999993,301.24607661249996,TARGET_2R,1.259387573920308,0.0076348829317951505,1.6989249999999743,1.9112977986079585,True,False,63,18781.539296765826,204.57055158749853,"{'brokerage': 11.325730530476248, 'stt': 4.744625706646874, 'exchange_transaction': 1.1589997576187363, 'sebi': 0.037752435101587496, 'nse_ipft': 3.7752435101587504e-05, 'gst': 2.2540536856137012, 'stamp_duty': 0.56321796825, 'total': 20.08441783614225}",184.48613375135628,18966.025430517184,107.03227499999838,0.005698802068818145,18773.932275
INFY,2018-12-21,SHORT,2018-12-21T10:00:00,653.55,653.223225,654.75,650.1696749999999,651.6964499999999,2018-12-21T10:01:00,654.75,655.077375,STOP,1.7430684974863175,-0.011372251705837777,1.5267750000000433,-1.214422557351248,False,False,29,18966.025430517184,-53.77035000000012,"{'brokerage': 11.382215219999999, 'stt': 4.7358683812499995, 'exchange_transaction': 1.16478002418, 'sebi': 0.03794071739999999, 'nse_ipft': 3.7940717399999994e-05, 'gst': 2.2652953024135316, 'stamp_duty': 0.56991731625, 'total': 20.156054902210933}",-73.92640490221106,18892.099025614974,44.276475000001255,0.0023345152183945946,18943.473524999998
RELIANCE,2018-12-27,LONG,2018-12-27T10:00:00,1110.62,1111.1753099999999,1106.76,1120.0059299999996,1115.5906199999997,2018-12-27T10:07:00,1106.76,1106.2066200000002,STOP,2.60560263036414,0.014186725018234814,4.415309999999863,-1.1253320831379565,False,False,17,18892.099025614974,-84.46772999999484,"{'brokerage': 11.308647843, 'stt': 4.701378135000001, 'exchange_transaction': 1.1572516292669999, 'sebi': 0.037695492809999995, 'nse_ipft': 3.769549281e-05, 'gst': 2.2506538789025656, 'stamp_duty': 0.5666994080999999, 'total': 20.022364082572377}",-104.49009408256723,18787.608931532406,75.06026999999767,0.0039731037773106485,18889.980269999996
RELIANCE,2018-12-28,LONG,2018-12-28T10:20:00,1122.81,1123.3714049999999,1120.38,1129.3542149999994,1126.3628099999996,2018-12-28T10:37:00,1120.38,1119.8198100000002,STOP,1.2574256377341833,0.007552043626056992,2.9914049999997587,-1.1872665185757079,False,False,16,18787.608931532406,-56.82551999999487,"{'brokerage': 10.767317832, 'stt': 4.479279240000001, 'exchange_transaction': 1.101855524808, 'sebi': 0.03589105944, 'nse_ipft': 3.589105944e-05, 'gst': 2.1429180553153393, 'stamp_duty': 0.5392182743999999, 'total': 19.066515877022777}",-75.89203587701765,18711.716895655387,47.86247999999614,0.002547555688135789,17973.942479999998
TATASTEEL,2019-01-02,SHORT,2019-01-02T10:10:00,50.22,50.19489,50.38,49.82467,50.00978,2019-01-02T10:19:00,50.38,50.40519,STOP,2.272972027078764,-0.00849802371541497,0.18511000000000166,-1.1360812489870602,False,False,372,18711.716895655387,-78.23159999999874,"{'brokerage': 11.226968928, 'stt': 4.66812477, 'exchange_transaction': 1.1488931536320002, 'sebi': 0.03742322976, 'nse_ipft': 3.7423229760000004e-05, 'gst': 2.234398092231917, 'stamp_duty': 0.5625219204, 'total': 19.87836751725368}",-98.10996751725241,18613.606928138135,68.86092000000062,0.003680096293888949,18672.49908
RELIANCE,2019-01-04,SHORT,2019-01-04T10:10:00,1074.07,1073.532965,1078.03,1064.5388950000004,1069.0359300000002,2019-01-04T10:34:00,1078.03,1078.5690149999998,STOP,1.4680236892947391,-0.01253794499126104,4.497034999999869,-1.1198600855896945,False,False,17,18613.606928138135,-85.61284999999498,"{'brokerage': 10.975720097999998, 'stt': 4.56251510125, 'exchange_transaction': 1.123182023362, 'sebi': 0.036585733659999994, 'nse_ipft': 3.658573366e-05, 'gst': 2.1843943993360186, 'stamp_duty': 0.55007019765, 'total': 19.43250413899168}",-105.04535413898665,18508.561573999148,76.44959499999777,0.004107188644046691,18250.060405
INFY,2019-01-15,LONG,2019-01-15T09:55:00,714.35,714.707175,712.05,720.0215250000001,717.3643500000001,2019-01-15T10:36:00,720.0215250000001,719.6615142375001,TARGET_2R,1.6369587235818557,0.011029411764705843,2.657175000000052,1.8645137175760012,True,False,25,18508.561573999148,123.85848093750269,"{'brokerage': 10.75776516928125, 'stt': 4.497884463984375, 'exchange_transaction': 1.1008779689897814, 'sebi': 0.0358592172309375, 'nse_ipft': 3.5859217230937506e-05, 'gst': 2.141016878649456, 'stamp_duty': 0.53603038125, 'total': 19.069469938603028}",104.78901099889967,18613.350584998047,66.4293750000013,0.0035891160279749334,17867.679375
LT,2019-01-21,LONG,2019-01-21T11:25:00,1316.0,1316.658,1307.25,1335.4739999999997,1326.0659999999998,2019-01-21T12:41:00,1316.658,1315.999671,BREAKEVEN,17.114794510055216,0.029710711493354136,9.407999999999902,-0.06997544642855802,True,False,14,18613.350584998047,-9.216605999998137,"{'brokerage': 11.057162218199998, 'stt': 4.6059988485000005, 'exchange_transaction': 1.1315162669957999, 'sebi': 0.036857207393999995, 'nse_ipft': 3.6857207394e-05, 'gst': 2.2006030589634946, 'stamp_duty': 0.55299636, 'total': 19.58517081726069}",-28.801776817258826,18584.54880818079,131.71199999999862,0.007076211206495816,18433.212
ICICIBANK,2019-01-28,SHORT,2019-01-28T10:15:00,346.1,345.92695000000003,348.25,341.2808500000001,343.60390000000007,2019-01-28T11:31:00,341.2808500000001,341.4514904250001,TARGET_2R,3.227962932681174,-0.02095130237825593,2.3230499999999665,1.9265446611136263,True,False,53,18584.54880818079,237.1993574749971,"{'brokerage': 10.929317202757503, 'stt': 4.583532087500001, 'exchange_transaction': 1.1184334604155177, 'sebi': 0.036431057342525004, 'nse_ipft': 3.6431057342525006e-05, 'gst': 2.1751592672831195, 'stamp_duty': 0.5429078697757501, 'total': 19.385817376131758}",217.81354009886533,18802.362348279654,123.12164999999823,0.006624946953019431,18334.128350000003
ICICIBANK,2019-01-30,LONG,2019-01-30T10:00:00,360.95,361.130475,358.7,365.991425,363.56095,2019-01-30T11:16:00,358.7,358.52065,STOP,2.7392183931914094,0.030484330484330524,2.4304750000000013,-1.0737921599687301,False,False,52,18802.362348279654,-135.71090000000004,"{'brokerage': 11.226557549999999, 'stt': 4.66076845, 'exchange_transaction': 1.14885105595, 'sebi': 0.0374218585, 'nse_ipft': 3.7421858500000005e-05, 'gst': 2.23431621953553, 'stamp_duty': 0.563363541, 'total': 19.87131609684403}",-155.58221609684406,18646.78013218281,126.38470000000007,0.00672174579230805,18778.7847
SBIN,2019-02-15,SHORT,2019-02-15T10:00:00,264.4,264.26779999999997,265.15,262.50339999999994,263.38559999999995,2019-02-15T10:08:00,265.15,265.28257499999995,STOP,2.415610475125736,-0.019899572252185305,0.8822000000000116,-1.1502777148038683,False,False,70,18646.78013218281,-71.03424999999902,"{'brokerage': 11.120557874999998, 'stt': 4.6246865, 'exchange_transaction': 1.1380037558749998, 'sebi': 0.03706852624999999, 'nse_ipft': 3.7068526249999996e-05, 'gst': 2.2132201006172245, 'stamp_duty': 0.5570934074999999, 'total': 19.690667233768472}",-90.72491723376748,18556.05521494904,61.754000000000815,0.003311778203112852,18498.746
TCS,2019-02-28,SHORT,2019-02-28T10:05:00,2045.9,2044.8770500000003,2051.85,2030.931150000001,2037.9041000000007,2019-02-28T10:33:00,2051.85,2052.875925,STOP,1.3067869060978385,-0.006262135922330159,6.972949999999628,-1.1471292637979578,False,False,9,18556.05521494904,-71.98987499999589,"{'brokerage': 11.0639330325, 'stt': 4.600973362500001, 'exchange_transaction': 1.1322091469925002, 'sebi': 0.036879776775000005, 'nse_ipft': 3.6879776775000005e-05, 'gst': 2.2019505904879693, 'stamp_duty': 0.5542764997499999, 'total': 19.590259288782242}",-91.58013428877814,18464.47508066026,62.75654999999665,0.0033819984513432048,18403.893450000003
SBIN,2019-03-06,LONG,2019-03-06T10:00:00,282.15,282.291075,280.25,286.37322499999993,284.33214999999996,2019-03-06T12:34:00,280.25,280.109875,STOP,1.7803381738402897,0.015686981608366235,2.041074999999978,-1.0686525482895108,False,False,65,18464.47508066026,-141.77799999999934,"{'brokerage': 10.966818524999997, 'stt': 4.5517854687499995, 'exchange_transaction': 1.1222710957249997, 'sebi': 0.036556061749999993, 'nse_ipft': 3.655606175e-05, 'gst': 2.182622802936614, 'stamp_duty': 0.55046759625, 'total': 19.410558106473363}",-161.1885581064727,18303.286522553786,132.66987499999857,0.007185141977794828,18348.919875
RELIANCE,2019-03-07,LONG,2019-03-07T10:05:00,1264.51,1265.142255,1262.04,1271.346765,1268.24451,2019-03-07T11:06:00,1262.04,1261.40898,STOP,1.4106837617196057,0.011787913395573835,3.1022550000000138,-1.203406876610734,False,False,14,18303.286522553786,-52.26585000000068,"{'brokerage': 10.611515186999998, 'stt': 4.414931429999999, 'exchange_transaction': 1.085911720803, 'sebi': 0.03537171729, 'nse_ipft': 3.5371717290000004e-05, 'gst': 2.111910119425852, 'stamp_duty': 0.5313597471, 'total': 18.79103529333614}",-71.05688529333682,18232.22963726045,43.43157000000019,0.0023728836865708615,17711.99157
LT,2019-03-19,SHORT,2019-03-19T10:15:00,1356.95,1356.271525,1360.0,1348.8145750000003,1352.5430500000002,2019-03-19T10:20:00,1356.271525,1356.9496607625001,BREAKEVEN,1.3479078470079913,-0.012800875273522916,3.7284749999998894,-0.18188019565640795,True,False,13,18232.22963726045,-8.815764912500072,"{'brokerage': 10.58156262447375, 'stt': 4.40788245625, 'exchange_transaction': 1.0828465752378138, 'sebi': 0.0352718754149125, 'nse_ipft': 3.5271875414912505e-05, 'gst': 2.10594894246034, 'stamp_duty': 0.5292103676973751, 'total': 18.742758113409607}",-27.55852302590968,18204.67111423454,48.47017499999856,0.00265848861956752,17631.529825
LT,2019-03-22,LONG,2019-03-22T09:55:00,1402.2,1402.9011,1398.2,1412.3033,1407.6022,2019-03-22T10:14:00,1412.3033,1411.5971483500002,TARGET_2R,1.6675400443319153,0.01885424220449594,4.701099999999997,1.8497901235881367,True,False,12,18204.67111423454,104.3525802000022,"{'brokerage': 10.13219369406, 'stt': 4.234791445050001, 'exchange_transaction': 1.03686115469214, 'sebi': 0.0337739789802, 'nse_ipft': 3.37739789802e-05, 'gst': 2.0165152683080376, 'stamp_duty': 0.5050443960000001, 'total': 17.959213711069356}",86.39336648893284,18291.064480723475,56.41319999999996,0.0030988310442966213,16834.8132
TCS,2019-03-28,LONG,2019-03-28T10:00:00,2000.1,2001.1000499999998,1995.05,2013.2001499999994,2007.1500999999996,2019-03-28T10:06:00,1995.05,1994.052475,STOP,1.7608222368786755,0.01270202020202027,6.050049999999828,-1.1648788026545276,False,False,9,18291.064480723475,-63.42817499999842,"{'brokerage': 10.786911817499998, 'stt': 4.48661806875, 'exchange_transaction': 1.1038606426575, 'sebi': 0.03595637272499999, 'nse_ipft': 3.5956372725e-05, 'gst': 2.1468176620659403, 'stamp_duty': 0.5402970134999999, 'total': 19.10049753357116}",-82.52867253356958,18208.535808189907,54.450449999998455,0.0029768879803240816,18009.900449999997
TCS,2019-03-29,SHORT,2019-03-29T10:00:00,1997.0,1996.0015,2008.2,1971.6045000000001,1983.803,2019-03-29T11:04:00,1996.0015,1996.99950075,BREAKEVEN,1.3591615625882691,-0.007429420505200568,12.198499999999967,-0.08181339918841243,True,False,9,18208.535808189907,-8.982006749998618,"{'brokerage': 10.781102702024999, 'stt': 4.491003375, 'exchange_transaction': 1.103266176507225, 'sebi': 0.035937009006749995, 'nse_ipft': 3.593700900675e-05, 'gst': 2.145661528418636, 'stamp_duty': 0.5391898652024999, 'total': 19.096196593169115}",-28.078203343167733,18180.45760484674,109.7864999999997,0.006029397484591787,17964.0135
TATASTEEL,2019-04-01,LONG,2019-04-01T10:20:00,53.63,53.656815,53.42,54.130445,53.89363,2019-04-01T12:00:00,54.130445,54.1033797775,TARGET_2R,3.4873763875599564,0.011132075471698144,0.236815,1.885711536431395,True,False,338,18180.45760484674,150.93889479500027,"{'brokerage': 10.926883750438499, 'stt': 4.571735591198751, 'exchange_transaction': 1.1181844371282066, 'sebi': 0.036422945834794995, 'nse_ipft': 3.6422945834795e-05, 'gst': 2.17467496014252, 'stamp_duty': 0.5440801041, 'total': 19.372018211788607}",131.56687658321167,18312.02448142995,80.04347,0.004402720313192841,18136.00347
SBIN,2019-04-02,LONG,2019-04-02T10:05:00,328.0,328.164,326.1,332.2919999999999,330.22799999999995,2019-04-02T10:34:00,326.1,325.93695,STOP,1.4311021457543898,0.010659663216437743,2.0639999999999645,-1.0789970930232564,False,False,55,18312.02448142995,-122.48774999999796,"{'brokerage': 10.792665674999999, 'stt': 4.4816330625, 'exchange_transaction': 1.104449454075, 'sebi': 0.03597555225, 'nse_ipft': 3.597555225e-05, 'gst': 2.1479627982379044, 'stamp_duty': 0.5414706, 'total': 19.104193117615157}",-141.5919431176131,18170.43253831234,113.51999999999805,0.0061992053426489025,18049.02
TATASTEEL,2019-04-10,LONG,2019-04-10T09:55:00,55.66,55.68782999999999,55.5,56.06348999999997,55.87565999999998,2019-04-10T10:17:00,55.68782999999999,55.65998608499999,BREAKEVEN,1.445466632350092,0.011419249592169667,0.18782999999999106,-0.14823997763935262,True,False,326,18170.43253831234,-9.077116289999438,"{'brokerage': 10.889816413112996, 'stt': 4.536288865927499, 'exchange_transaction': 1.114391212941897, 'sebi': 0.036299388043709996, 'nse_ipft': 3.629938804371e-05, 'gst': 2.1672977964275963, 'stamp_duty': 0.5446269773999999, 'total': 19.28875695324174}",-28.36587324324118,18142.0666650691,61.232579999997085,0.003369902167760082,18154.232579999996
RELIANCE,2019-04-16,LONG,2019-04-16T10:15:00,1344.85,1345.5224249999999,1340.49,1355.5872749999996,1350.5548499999998,2019-04-16T11:01:00,1340.49,1339.819755,STOP,1.3436958142202189,0.009629457282887,5.032424999999876,-1.1331852933724873,False,False,13,18142.0666650691,-74.13470999999868,"{'brokerage': 10.472834501999998, 'stt': 4.354414203749999, 'exchange_transaction': 1.0717200640379998, 'sebi': 0.034909448339999996, 'nse_ipft': 3.490944834e-05, 'gst': 2.084309806288741, 'stamp_duty': 0.5247537457499999, 'total': 18.54297667961508}",-92.67768667961376,18049.388978389485,65.42152499999838,0.003606067941860317,17491.791524999997
ICICIBANK,2019-04-18,SHORT,2019-04-18T10:00:00,407.4,407.1963,408.65,404.28890000000007,405.74260000000004,2019-04-18T10:37:00,404.28890000000007,404.49104445000006,TARGET_2R,2.0331852883715635,-0.008880778588807758,1.4536999999999694,1.8609448648276838,True,False,44,18049.388978389485,119.03124419999767,"{'brokerage': 10.71427294674, 'stt': 4.4791593, 'exchange_transaction': 1.0964272648830602, 'sebi': 0.0357142431558, 'nse_ipft': 3.57142431558e-05, 'gst': 2.1323610304239624, 'stamp_duty': 0.5339281786740001, 'total': 18.99189867811998}",100.03934552187769,18149.42832391136,63.96279999999865,0.0035437653915365917,17916.6372
LT,2019-04-25,LONG,2019-04-25T10:05:00,1376.0,1376.6879999999999,1373.0,1384.0639999999996,1380.3759999999997,2019-04-25T10:16:00,1373.0,1372.3135,STOP,2.15916798501472,0.008157442294326467,3.6879999999998745,-1.1861442516269107,False,False,13,18149.42832391136,-56.868499999998676,"{'brokerage': 10.721105849999999, 'stt': 4.460018875, 'exchange_transaction': 1.0971264986499998, 'sebi': 0.035737019499999995, 'nse_ipft': 3.57370195e-05, 'gst': 2.13372091893051, 'stamp_duty': 0.53690832, 'total': 18.984653219100007}",-75.85315321909869,18073.575170692264,47.94399999999837,0.002641625903821637,17896.944
ITC,2019-05-07,SHORT,2019-05-07T09:55:00,305.75,305.597125,306.65,303.49137500000006,304.54425000000003,2019-05-07T11:00:00,306.65,306.803325,STOP,1.3397786806366747,-0.007299270072992692,1.0528749999999718,-1.1456250742015903,False,False,59,18073.575170692264,-71.16579999999806,"{'brokerage': 10.839487964999998, 'stt': 4.50755759375, 'exchange_transaction': 1.109240935085, 'sebi': 0.03613162655, 'nse_ipft': 3.613162655e-05, 'gst': 2.1572813984870787, 'stamp_duty': 0.54304188525, 'total': 19.192777535748625}",-90.35857753574669,17983.216593156518,62.11962499999834,0.0034370413387125663,18030.230375
ITC,2019-05-08,LONG,2019-05-08T09:55:00,303.0,303.1515,301.95,305.5545,304.353,2019-05-08T10:11:00,301.95,301.79902500000003,STOP,1.4307240874143357,0.010000000000000009,1.20150000000001,-1.125655430711576,False,False,59,17983.216593156518,-79.79602499999822,"{'brokerage': 10.7076242925, 'stt': 4.45153561875, 'exchange_transaction': 1.0957468859325001, 'sebi': 0.035692080975000005, 'nse_ipft': 3.5692080975000004e-05, 'gst': 2.1310378112679254, 'stamp_duty': 0.5365781550000001, 'total': 18.9582505365064}",-98.75427553650462,17884.462317620015,70.88850000000059,0.003941925496630958,17885.9385
LT,2019-05-20,LONG,2019-05-20T09:55:00,1427.1,1427.8135499999999,1423.25,1436.9406499999996,1432.3770999999997,2019-05-20T10:19:00,1427.8135499999999,1427.099643225,BREAKEVEN,4.769234340859265,0.022642857142857187,4.56354999999985,-0.15643671593385955,True,False,12,17884.462317620015,-8.566881299999295,"{'brokerage': 10.27768749561, 'stt': 4.281298929675001, 'exchange_transaction': 1.05175002038409, 'sebi': 0.034258958318699996, 'nse_ipft': 3.42589583187e-05, 'gst': 2.0454715319887993, 'stamp_duty': 0.514012878, 'total': 18.204514072934906}",-26.7713953729342,17857.690922247082,54.7625999999982,0.003062021045276007,17133.7626
LT,2019-05-21,SHORT,2019-05-21T10:10:00,1441.3,1440.57935,1446.0,1429.73805,1435.1587,2019-05-21T10:57:00,1446.0,1446.723,STOP,1.608416167542172,-0.010000000000000009,5.420650000000023,-1.1333788383311878,False,False,12,17857.690922247082,-73.72379999999976,"{'brokerage': 10.394288459999999, 'stt': 4.32173805, 'exchange_transaction': 1.06368218574, 'sebi': 0.034647628199999995, 'nse_ipft': 3.46476282e-05, 'gst': 2.0686775258822756, 'stamp_duty': 0.52082028, 'total': 18.403888777450472}",-92.12768877745023,17765.56323346963,65.04780000000028,0.003642565003684986,17286.9522
ITC,2019-05-23,SHORT,2019-05-23T10:05:00,300.65,300.49967499999997,302.0,297.4990249999999,298.99934999999994,2019-05-23T10:55:00,297.4990249999999,297.6477745124999,TARGET_2R,1.968733317796504,-0.01967213114754096,1.500325000000032,1.9008551397197364,True,False,59,17765.56323346963,168.2621287625044,"{'brokerage': 10.587209856371247, 'stt': 4.43237020625, 'exchange_transaction': 1.083424475301991, 'sebi': 0.035290699521237485, 'nse_ipft': 3.5290699521237494e-05, 'gst': 2.1070728579409193, 'stamp_duty': 0.5268365608871248, 'total': 18.772239946972046}",149.48988881553237,17915.053122285164,88.5191750000019,0.004982626997900928,17729.480825
TCS,2019-05-24,SHORT,2019-05-24T10:00:00,2040.4,2039.3798000000002,2044.0,2030.1394000000005,2034.7596000000003,2019-05-24T10:54:00,2044.0,2045.022,STOP,1.3471582592070843,-0.017391304347826098,4.620199999999841,-1.221202545344351,False,False,8,17915.053122285164,-45.1375999999982,"{'brokerage': 9.802564319999998, 'stt': 4.078759600000001, 'exchange_transaction': 1.00312908208, 'sebi': 0.0326752144, 'nse_ipft': 3.26752144e-05, 'gst': 1.950912232504992, 'stamp_duty': 0.49080528, 'total': 17.35887840419939}",-62.49647840419759,17852.556643880966,36.961599999998725,0.002063158827813962,16315.038400000001
TCS,2019-05-31,LONG,2019-05-31T10:00:00,2184.6,2185.6922999999997,2175.95,2205.1768999999995,2195.4345999999996,2019-05-31T10:34:00,2175.95,2174.862025,STOP,1.851811063271327,0.011111111111111072,9.742299999999886,-1.1116753743982353,False,False,8,17852.556643880966,-86.64219999999841,"{'brokerage': 10.465330379999997, 'stt': 4.34972405, 'exchange_transaction': 1.07095214222, 'sebi': 0.03488443459999999, 'nse_ipft': 3.48844346e-05, 'gst': 2.0828163314258274, 'stamp_duty': 0.5245661519999999, 'total': 18.52830837468042}",-105.17050837467883,17747.386135506287,77.93839999999909,0.0043656716264621285,17485.538399999998
INFY,2019-06-03,LONG,2019-06-03T10:00:00,737.55,737.9187749999999,735.25,743.2563249999996,740.5875499999997,2019-06-03T10:52:00,743.2563249999996,742.8846968374996,TARGET_2R,1.2730391939067223,0.012058098109070992,2.6687749999998687,1.8607495339622142,True,False,24,17747.386135506287,119.18212409999433,"{'brokerage': 10.661784997229994, 'stt': 4.457308181024998, 'exchange_transaction': 1.0910559980498697, 'sebi': 0.03553928332409999, 'nse_ipft': 3.5539283324099994e-05, 'gst': 2.1219148472197116, 'stamp_duty': 0.5313015179999999, 'total': 18.898940364131995}",100.28318373586234,17847.669319242148,64.05059999999685,0.0036090159706309703,17710.050599999995
INFY,2019-07-10,LONG,2019-07-10T10:00:00,720.45,720.8102250000001,717.8,726.8306750000003,723.8204500000002,2019-07-10T10:15:00,717.8,717.4411,STOP,2.290131883045588,0.019322990126939388,3.010225000000105,-1.1192269680837599,False,False,24,17847.669319242148,-80.85900000000129,"{'brokerage': 10.35540954, 'stt': 4.3046466, 'exchange_transaction': 1.05970357626, 'sebi': 0.034518031799999994, 'nse_ipft': 3.45180318e-05, 'gst': 2.060939819896524, 'stamp_duty': 0.5189833620000001, 'total': 18.334235447988323}",-99.19323544798961,17748.476083794158,72.24540000000252,0.004047889878938558,17299.4454
SBIN,2019-07-19,SHORT,2019-07-19T10:05:00,359.9,359.72005,361.75,355.66015000000004,357.69010000000003,2019-07-19T13:33:00,355.66015000000004,355.837980075,TARGET_2R,1.5425270589986242,-0.012462339085182128,2.0299499999999853,1.912396820118734,True,False,49,17748.476083794158,190.2214263249998,"{'brokerage': 10.5187030421025, 'stt': 4.4065706125, 'exchange_transaction': 1.0764139446418226, 'sebi': 0.035062343473675005, 'nse_ipft': 3.506234347367501e-05, 'gst': 2.0934385906610644, 'stamp_duty': 0.52308183071025, 'total': 18.653305426432787}",171.56812089856703,17920.044204692724,99.46754999999928,0.00560428678667356,17626.282450000002
HDFCBANK,2019-07-22,SHORT,2019-07-22T10:05:00,1152.53,1151.953735,1157.0,1141.8612050000002,1146.90747,2019-07-22T10:21:00,1157.0,1157.5784999999998,STOP,2.8444104206296585,-0.018311300639658912,5.0462649999999485,-1.1146392430837173,False,False,15,17920.044204692724,-84.37147499999696,"{'brokerage': 10.392895057499999, 'stt': 4.31982650625, 'exchange_transaction': 1.0635395942175, 'sebi': 0.034642983525000004, 'nse_ipft': 3.4642983525000006e-05, 'gst': 2.0684002100806844, 'stamp_duty': 0.520910325, 'total': 18.400249319556707}",-102.77172431955367,17817.27248037317,75.69397499999923,0.004223983720987543,17279.306025
ICICIBANK,2019-07-30,LONG,2019-07-30T10:15:00,437.0,437.21849999999995,435.0,441.65549999999985,439.4369999999999,2019-07-30T11:32:00,435.0,434.7825,STOP,1.296354671131553,0.007505773672055405,2.218499999999949,-1.0980392156862644,False,False,40,17817.27248037317,-97.43999999999687,"{'brokerage': 10.464011999999999, 'stt': 4.347825000000001, 'exchange_transaction': 1.0708172280000001, 'sebi': 0.03488004, 'nse_ipft': 3.488004e-05, 'gst': 2.0825539466472, 'stamp_duty': 0.5246622, 'total': 18.524785294687202}",-115.96478529468408,17701.307695078485,88.73999999999796,0.00498056030168201,17488.739999999998
ITC,2019-08-05,SHORT,2019-08-05T09:55:00,259.55,259.420225,260.3,257.660675,258.54045,2019-08-05T10:56:00,257.660675,257.78950533750003,TARGET_2R,1.8933821609756774,-0.022314674735249507,0.8797749999999951,1.8535644482964324,True,False,68,17701.307695078485,110.88893704999896,"{'brokerage': 10.551078498885, 'stt': 4.4101438250000005, 'exchange_transaction': 1.079727033052565, 'sebi': 0.035170261662949995, 'nse_ipft': 3.517026166295e-05, 'gst': 2.099881973495192, 'stamp_duty': 0.5258905908885, 'total': 18.70192735324587}",92.18700969675308,17793.49470477524,59.824699999999666,0.0033796768595030294,17640.5753
ITC,2019-08-06,LONG,2019-08-06T09:55:00,260.35,260.48017500000003,259.9,261.64052500000014,261.0603500000001,2019-08-06T10:26:00,259.9,259.77004999999997,STOP,1.3185553585863365,0.008695652173912993,0.5801750000000538,-1.223984142715553,False,False,68,17793.49470477524,-48.288500000004206,"{'brokerage': 10.613104589999999, 'stt': 4.41609085, 'exchange_transaction': 1.08607436971, 'sebi': 0.035377015299999995, 'nse_ipft': 3.53770153e-05, 'gst': 2.1122264433645537, 'stamp_duty': 0.5313795570000001, 'total': 18.794288202389858}",-67.08278820239406,17726.411916572844,39.45190000000366,0.0022172091910318188,17712.6519
TATASTEEL,2019-08-07,SHORT,2019-08-07T10:05:00,38.94,38.92053,39.03,38.701589999999996,38.81106,2019-08-07T10:06:00,39.03,39.049515,STOP,2.419566171504,-0.021265822784810262,0.10947000000000173,-1.178268018635225,False,False,455,17726.411916572844,-58.68817500000006,"{'brokerage': 10.642911142499997, 'stt': 4.4272102875, 'exchange_transaction': 1.0891245735825001, 'sebi': 0.035476370475000005, 'nse_ipft': 3.5476370475000006e-05, 'gst': 2.118158561327035, 'stamp_duty': 0.53302587975, 'total': 18.845942291505004}",-77.53411729150505,17648.877799281338,49.80885000000079,0.002809866443046678,17708.84115
RELIANCE,2019-08-13,LONG,2019-08-13T10:00:00,1256.74,1257.36837,1248.91,1274.2851099999996,1265.8267399999997,2019-08-13T10:19:00,1274.2851099999996,1273.6479674449997,TARGET_2R,10.769670377388458,0.02987958119469214,8.458369999999832,1.924673127919461,True,False,14,17648.877799281338,227.91436422999732,"{'brokerage': 10.630268617268996, 'stt': 4.457767886057499, 'exchange_transaction': 1.0878308218338608, 'sebi': 0.035434228724229994, 'nse_ipft': 3.543422872423e-05, 'gst': 2.115642438370046, 'stamp_duty': 0.5280947154, 'total': 18.855074141883357}",209.05929008811395,17857.93708936945,118.41717999999764,0.0067096152711091685,17603.15718
ITC,2019-08-20,SHORT,2019-08-20T09:55:00,248.45,248.325775,249.7,245.577325,246.95155,2019-08-20T10:39:00,245.577325,245.7001136625,TARGET_2R,1.359176414315408,-0.010135135135135087,1.3742249999999956,1.9106487929560296,True,False,71,17857.93708936945,186.4219549624994,"{'brokerage': 10.52275142851125, 'stt': 4.407782506249999, 'exchange_transaction': 1.0768282295176512, 'sebi': 0.0350758380950375, 'nse_ipft': 3.50758380950375e-05, 'gst': 2.094244302953166, 'stamp_duty': 0.5233412421011251, 'total': 18.66005862326632}",167.7618963392331,18025.698985708685,97.56997499999969,0.005463675592075053,17631.130025
INFY,2019-08-27,SHORT,2019-08-27T10:55:00,784.2,783.8079000000001,786.05,779.3237000000005,781.5658000000003,2019-08-27T12:15:00,786.05,786.4430249999999,STOP,1.6879493807016337,-0.008343868520859665,2.242099999999823,-1.1752932518620922,False,False,22,18025.698985708685,-57.97274999999536,"{'brokerage': 10.363656105, 'stt': 4.310943450000001, 'exchange_transaction': 1.060547474745, 'sebi': 0.034545520350000004, 'nse_ipft': 3.454552035000001e-05, 'gst': 2.062581056210763, 'stamp_duty': 0.5190523965, 'total': 18.351360548326113}",-76.32411054832147,17949.374875160363,49.326199999996106,0.002736437573882899,17243.773800000003
TCS,2019-09-11,SHORT,2019-09-11T10:00:00,2162.25,2161.1688750000003,2169.0,2145.506625000001,2153.3377500000006,2019-09-11T10:07:00,2169.0,2170.0845,STOP,1.662641906450718,-0.011436413540713675,7.831124999999702,-1.1384858497342305,False,False,8,17949.374875160363,-71.32499999999709,"{'brokerage': 10.3950081, 'stt': 4.322337750000001, 'exchange_transaction': 1.0637558289, 'sebi': 0.034650027, 'nse_ipft': 3.4650027e-05, 'gst': 2.0688207490668598, 'stamp_duty': 0.52082028, 'total': 18.40542738499386}",-89.73042738499095,17859.644447775372,62.64899999999761,0.003490316539474353,17289.351000000002
RELIANCE,2019-09-16,LONG,2019-09-16T09:55:00,1189.97,1190.564985,1186.75,1198.194955,1194.37997,2019-09-16T10:57:00,1198.194955,1197.5958575225,TARGET_2R,1.8871750908744451,0.013032330367452438,3.8149849999999788,1.8429620358926746,True,False,15,17859.644447775372,105.46308783749964,"{'brokerage': 10.746723791351247, 'stt': 4.490984465709374, 'exchange_transaction': 1.0997480679816112, 'sebi': 0.03582241263783749, 'nse_ipft': 3.58224126378375e-05, 'gst': 2.138819416989, 'stamp_duty': 0.53575424325, 'total': 19.04788822033171}",86.41519961716793,17946.05964739254,57.22477499999968,0.0032041385351950663,17858.474775
BHARTIARTL,2019-09-17,SHORT,2019-09-17T10:05:00,341.05,340.879475,342.45,337.73842500000006,339.30895000000004,2019-09-17T10:39:00,337.73842500000006,337.90729421250006,TARGET_2R,1.6009720544935784,-0.026232798165137683,1.570524999999975,1.8924759475334672,True,False,52,17946.05964739254,154.55340094999747,"{'brokerage': 10.589073599715, 'stt': 4.4314331750000004, 'exchange_transaction': 1.083615198370835, 'sebi': 0.03529691199905, 'nse_ipft': 3.5296911999050005e-05, 'gst': 2.107443781259439, 'stamp_duty': 0.5271353789715001, 'total': 18.774033342227824}",135.77936760776964,18081.83901500031,81.6672999999987,0.004550709270146914,17725.7327
ICICIBANK,2019-09-19,SHORT,2019-09-19T09:55:00,388.6,388.4057,390.6,384.0171,386.2114,2019-09-19T10:38:00,390.6,390.7953,STOP,1.481611180118929,-0.019459186252211214,2.1942999999999984,-1.0890033268012465,False,False,46,18081.83901500031,-109.92159999999876,"{'brokerage': 10.7529738, 'stt': 4.466665550000001, 'exchange_transaction': 1.1003876522, 'sebi': 0.035843245999999995, 'nse_ipft': 3.5843246e-05, 'gst': 2.14006329746028, 'stamp_duty': 0.539297514, 'total': 19.03526690290628}",-128.95686690290503,17952.882148097404,100.93779999999992,0.005582275116832091,17866.662200000002
ITC,2019-09-25,SHORT,2019-09-25T10:05:00,252.4,252.27380000000002,253.75,249.32140000000007,250.79760000000005,2019-09-25T10:46:00,253.75,253.87687499999998,STOP,2.127961322500023,-0.007448059584476696,1.4761999999999773,-1.085947026148209,False,False,71,17952.882148097404,-113.81832499999726,"{'brokerage': 10.781009377499998, 'stt': 4.47785995, 'exchange_transaction': 1.1032566262975, 'sebi': 0.035936697925, 'nse_ipft': 3.5936697925e-05, 'gst': 2.1456429549156764, 'stamp_duty': 0.5407577437500001, 'total': 19.084499287086096}",-132.90282428708335,17819.97932381032,104.81019999999839,0.005838070964617003,17911.4398
HDFCBANK,2019-09-26,LONG,2019-09-26T10:00:00,1251.6,1252.2258,1249.05,1258.5774,1255.4016,2019-09-26T10:18:00,1258.5774,1257.9481113,TARGET_2R,1.9567205227864337,0.010687207614131333,3.175799999999981,1.8018487625165425,True,False,14,17819.97932381032,80.11235820000002,"{'brokerage': 10.542730427459997, 'stt': 4.40281838955, 'exchange_transaction': 1.0788727470767399, 'sebi': 0.035142434758199996, 'nse_ipft': 3.51424347582e-05, 'gst': 2.098220535311345, 'stamp_duty': 0.525934836, 'total': 18.68375451259104}",61.42860368740898,17881.407927497727,44.461199999999735,0.0024950197299383236,17531.1612
TATASTEEL,2019-09-30,SHORT,2019-09-30T10:05:00,34.71,34.692645000000006,34.92,34.237935000000014,34.46529000000001,2019-09-30T10:11:00,34.92,34.93746,STOP,1.2855907251993937,-0.02647887323943654,0.22735499999999575,-1.0767961997756819,False,False,515,17881.407927497727,-126.07972499999772,"{'brokerage': 10.757851222500001, 'stt': 4.466678043750001, 'exchange_transaction': 1.1008867751025002, 'sebi': 0.035859504075, 'nse_ipft': 3.5859504075000006e-05, 'gst': 2.141034005012684, 'stamp_duty': 0.539783757, 'total': 19.042129166944257}",-145.12185416694197,17736.286073330786,117.08782499999782,0.006548020462076823,17866.712175000004
ITC,2019-10-10,SHORT,2019-10-10T10:00:00,244.2,244.0779,245.45,241.33370000000002,242.7058,2019-10-10T10:51:00,245.45,245.57272499999996,STOP,1.6652073250757866,-0.00991902834008096,1.372099999999989,-1.089443189271901,False,False,72,17736.286073330786,-107.62739999999735,"{'brokerage': 10.576453499999998, 'stt': 4.393402200000001, 'exchange_transaction': 1.0823237415, 'sebi': 0.035254845, 'nse_ipft': 3.5254845e-05, 'gst': 2.1049321214420997, 'stamp_duty': 0.5304370859999998, 'total': 18.722838748787098}",-126.35023874878445,17609.935834582,98.79119999999921,0.005570004881041407,17573.6088
TATASTEEL,2019-10-11,LONG,2019-10-11T10:00:00,34.2,34.2171,33.99,34.6713,34.4442,2019-10-11T10:07:00,33.99,33.973005,STOP,1.7855164140630289,0.022089552238806043,0.22710000000000008,-1.0748348745046297,False,False,514,17609.935834582,-125.46483000000077,"{'brokerage': 10.514914190999999, 'stt': 4.3655311425, 'exchange_transaction': 1.076026218879, 'sebi': 0.03504971396999999, 'nse_ipft': 3.504971397e-05, 'gst': 2.0926845312413347, 'stamp_duty': 0.527627682, 'total': 18.611868529304303}",-144.07669852930508,17465.859136052695,116.72940000000004,0.006628610183279001,17587.5894
TCS,2019-10-11,LONG,2019-10-11T10:15:00,1955.0,1955.9775,1945.25,1977.4325,1966.705,2019-10-11T11:28:00,1977.4325,1976.44378375,TARGET_2R,11.397322728150094,0.012325220093216016,10.727499999999964,1.90783348869728,True,False,8,17465.859136052695,163.73027000000002,"{'brokerage': 9.437811081, 'stt': 3.9528875675, 'exchange_transaction': 0.965802667289, 'sebi': 0.031459370269999995, 'nse_ipft': 3.145937027e-05, 'gst': 1.8783188240272681, 'stamp_duty': 0.4694346, 'total': 16.735745569456537}",146.9945244305435,17612.853660483237,85.81999999999971,0.004913585946817336,15647.82
INFY,2019-10-16,LONG,2019-10-16T10:00:00,772.5,772.8862499999999,769.3,780.0587499999998,776.4724999999999,2019-10-16T10:08:00,769.3,768.91535,STOP,2.1199453154846335,0.007187193727540064,3.58624999999995,-1.1072568839316752,False,False,22,17612.853660483237,-87.35979999999813,"{'brokerage': 10.17589056, 'stt': 4.229034425, 'exchange_transaction': 1.04133280064, 'sebi': 0.03391963519999999, 'nse_ipft': 3.39196352e-05, 'gst': 2.025211844785536, 'stamp_duty': 0.5101049249999999, 'total': 18.015528110260735}",-105.37532811025886,17507.47833237298,78.8974999999989,0.004479540994371392,17003.497499999998
TATASTEEL,2019-11-04,LONG,2019-11-04T10:10:00,41.72,41.74086,41.44,42.34258,42.04172,2019-11-04T11:22:00,41.74086,41.71998957,BREAKEVEN,2.9892266143330026,0.038213399503722156,0.3008600000000001,-0.0693692415076617,True,False,419,17507.47833237298,-8.744710169997951,"{'brokerage': 10.491028790949, 'stt': 4.370168907457501, 'exchange_transaction': 1.073581946273781, 'sebi': 0.03497009596983, 'nse_ipft': 3.497009596983e-05, 'gst': 2.087930844591945, 'stamp_duty': 0.5246826102000001, 'total': 18.582398165538027}",-27.32710833553598,17480.151224037443,126.06034000000005,0.0072003710418365955,17489.42034
ICICIBANK,2019-11-08,LONG,2019-11-08T09:55:00,489.35,489.594675,487.2,494.384025,491.98935,2019-11-08T11:29:00,489.594675,489.34987766250003,BREAKEVEN,5.4370927453632225,0.02007280291211644,2.3946750000000065,-0.10222570390552367,True,False,35,17480.151224037443,-8.56790681249862,"{'brokerage': 10.278917802956249, 'stt': 4.281811429546875, 'exchange_transaction': 1.0518759218358564, 'sebi': 0.0342630593431875, 'nse_ipft': 3.42630593431875e-05, 'gst': 2.0457163884950345, 'stamp_duty': 0.51407440875, 'total': 18.206693273986545}",-26.774600086485165,17453.376623950957,83.81362500000023,0.004794788324528096,17135.813625
ICICIBANK,2019-11-15,LONG,2019-11-15T09:55:00,504.3,504.55215,502.5,508.65644999999995,506.60429999999997,2019-11-15T10:18:00,508.65644999999995,508.40212177499996,TARGET_2R,1.6290020835477688,0.013156573265039606,2.0521499999999833,1.8760674292814867,True,False,34,17453.376623950957,130.89904034999904,"{'brokerage': 10.332133572104999, 'stt': 4.3214180350874996, 'exchange_transaction': 1.057321668878745, 'sebi': 0.03444044524035, 'nse_ipft': 3.4440445240349996e-05, 'gst': 2.05630742280048, 'stamp_duty': 0.5146431929999999, 'total': 18.316298777557314}",112.58274157244173,17565.9593655234,69.77309999999943,0.00399768488948156,17154.7731
INFY,2019-11-22,SHORT,2019-11-22T10:05:00,690.35,690.0048250000001,693.9,682.2144750000003,686.1096500000002,2019-11-22T10:36:00,690.0048250000001,690.3498274125001,BREAKEVEN,1.3112598400182511,-0.03435194942044262,3.895174999999881,-0.08857173618643335,True,False,25,17565.9593655234,-8.6250603124995,"{'brokerage': 10.352659893093751, 'stt': 4.312530156250001, 'exchange_transaction': 1.0594221957265937, 'sebi': 0.0345088663103125, 'nse_ipft': 3.4508866310312504e-05, 'gst': 2.0603925835194543, 'stamp_duty': 0.517762370559375, 'total': 18.337310574325798}",-26.962370886825298,17538.996994636575,97.37937499999703,0.005543641139869817,17250.120625000003
ICICIBANK,2019-11-27,SHORT,2019-11-27T09:55:00,505.2,504.9474,507.8,499.2422,502.0948,2019-11-27T11:44:00,507.8,508.0539,STOP,2.3772950948706857,-0.018680677174547466,2.8525999999999954,-1.0890065203673798,False,False,34,17538.996994636575,-105.62099999999941,"{'brokerage': 10.332613259999999, 'stt': 4.292052900000001, 'exchange_transaction': 1.0573707569400002, 'sebi': 0.0344420442, 'nse_ipft': 3.4442044200000004e-05, 'gst': 2.0564028905731555, 'stamp_duty': 0.518214978, 'total': 18.291131271757354}",-123.91213127175676,17415.084863364817,96.98839999999984,0.005529871521710101,17168.211600000002
RELIANCE,2019-12-05,SHORT,2019-12-05T09:55:00,1545.65,1544.877175,1548.32,1537.9915250000004,1541.4343500000002,2019-12-05T10:40:00,1548.32,1549.0941599999999,STOP,1.5090970648261488,-0.00946627159733715,3.442824999999857,-1.2248618503699638,False,False,11,17415.084863364817,-46.386834999997745,"{'brokerage': 10.210105405499998, 'stt': 4.248412231250001, 'exchange_transaction': 1.0448341198295001, 'sebi': 0.034033684684999996, 'nse_ipft': 3.4033684685000005e-05, 'gst': 2.032021303865853, 'stamp_duty': 0.5112010727999999, 'total': 18.080641851615034}",-64.46747685161279,17350.617386513204,37.87107499999843,0.0021746132905539717,16993.648925
ITC,2019-12-17,LONG,2019-12-17T10:05:00,239.75,239.86987499999998,238.8,242.00962499999991,240.93974999999995,2019-12-17T15:10:00,241.4,241.2793,FORCED_1510,1.9303486369129168,0.008000000000000007,1.0698749999999677,1.3173735249445682,True,False,72,17350.617386513204,101.47860000000196,"{'brokerage': 10.39282218, 'stt': 4.3430274, 'exchange_transaction': 1.0635321364199999, 'sebi': 0.03464274059999999, 'nse_ipft': 3.46427406e-05, 'gst': 2.0683857059569077, 'stamp_duty': 0.51811893, 'total': 18.420563735717508}",83.05803626428445,17433.675422777487,77.03099999999768,0.004439669107099012,17270.630999999998
SBIN,2019-12-27,LONG,2019-12-27T09:55:00,336.95,337.118475,335.8,339.75542499999995,338.43694999999997,2019-12-27T14:43:00,335.8,335.63210000000004,STOP,1.6021968573775178,0.010647870425914752,1.318474999999978,-1.127344090710842,False,False,51,17433.675422777487,-75.80512499999759,"{'brokerage': 10.2930837975, 'stt': 4.279309275000001, 'exchange_transaction': 1.0533255752775001, 'sebi': 0.034310279325, 'nse_ipft': 3.431027932500001e-05, 'gst': 2.0485357132287283, 'stamp_duty': 0.5157912667500001, 'total': 18.224390217360554}",-94.02951521735814,17339.64590756013,67.24222499999888,0.003857030911115014,17193.042225
HDFCBANK,2020-01-03,SHORT,2020-01-03T10:15:00,1272.9,1272.2635500000001,1275.4,1265.9906500000002,1269.1271000000002,2020-01-03T11:33:00,1265.9906500000002,1266.623645325,TARGET_2R,1.6380875916530244,-0.007175167680549044,3.136449999999968,1.7981809609590724,True,False,13,17339.64590756013,73.31876077500033,"{'brokerage': 9.901660061767501, 'stt': 4.134856537500001, 'exchange_transaction': 1.0132698796542077, 'sebi': 0.033005533539225, 'nse_ipft': 3.300553353922501e-05, 'gst': 1.9706343264890052, 'stamp_duty': 0.4939832216767501, 'total': 17.54744256616023}",55.7713182088401,17395.41722576897,40.773849999999584,0.0023514811212045615,16539.426150000003
SBIN,2020-01-06,SHORT,2020-01-06T10:15:00,324.0,323.838,324.5,322.51400000000007,323.17600000000004,2020-01-06T10:59:00,322.51400000000007,322.67525700000004,TARGET_2R,1.315500683971333,-0.028941814892975426,0.6619999999999777,1.7564093655589377,True,False,53,17395.41722576897,61.625378999998816,"{'brokerage': 10.2795607863, 'stt': 4.2908535, 'exchange_transaction': 1.0519417204647001, 'sebi': 0.034265202621, 'nse_ipft': 3.426520262100001e-05, 'gst': 2.045844355425898, 'stamp_duty': 0.5130536586300001, 'total': 18.21555348864422}",43.4098255113546,17438.827051280325,35.08599999999882,0.002016968006264525,17163.414
INFY,2020-01-22,LONG,2020-01-22T10:00:00,775.95,776.337975,774.55,779.9139250000002,778.1259500000001,2020-01-22T10:03:00,774.55,774.162725,STOP,1.4858420553303138,0.012427614028238665,1.787975000000074,-1.2165997846725571,False,False,22,17438.827051280325,-47.85550000000012,"{'brokerage': 10.233304619999998, 'stt': 4.2578949875, 'exchange_transaction': 1.0472081727800002, 'sebi': 0.0341110154, 'nse_ipft': 3.411101540000001e-05, 'gst': 2.036638425455172, 'stamp_duty': 0.5123830635000001, 'total': 18.121574395650573}",-65.97707439565069,17372.849976884674,39.33545000000163,0.0022556247552850007,17079.43545
TATASTEEL,2020-01-27,SHORT,2020-01-27T10:00:00,46.85,46.826575000000005,46.94,46.59972500000002,46.71315000000001,2020-01-27T10:04:00,46.94,46.963469999999994,STOP,1.4824146365533357,-0.024277940560904265,0.11342499999999234,-1.2069208728234313,False,False,371,17372.849976884674,-50.78804499999571,"{'brokerage': 10.438832008499999, 'stt': 4.34316483125, 'exchange_transaction': 1.0682404755364998, 'sebi': 0.034796106694999995, 'nse_ipft': 3.4796106695e-05, 'gst': 2.077542609630875, 'stamp_duty': 0.5227034211, 'total': 18.48531424881907}",-69.27335924881478,17303.57661763586,42.08067499999716,0.0024222090823317597,17372.659325
RELIANCE,2020-01-31,SHORT,2020-01-31T10:10:00,1416.97,1416.2615150000001,1426.43,1395.9245450000003,1406.0930300000002,2020-01-31T15:10:00,1397.26,1397.9586299999999,FORCED_1510,1.870413369131705,-0.012977990217874491,10.168484999999919,1.7999618428901094,True,False,12,17303.57661763586,219.63462000000345,"{'brokerage': 10.131192522, 'stt': 4.248784545, 'exchange_transaction': 1.036758701418, 'sebi': 0.033770641739999996, 'nse_ipft': 3.3770641740000004e-05, 'gst': 2.0163160144439534, 'stamp_duty': 0.5032651067999999, 'total': 17.970121302043694}",201.66449869795974,17505.24111633382,122.02181999999902,0.007051826492081065,16995.13818
RELIANCE,2020-02-03,LONG,2020-02-03T10:00:00,1373.53,1374.216765,1364.47,1393.7102949999996,1383.9635299999998,2020-02-03T11:21:00,1364.47,1363.787765,STOP,1.9684589978918257,0.00861433708660031,9.746764999999868,-1.0699960448415449,False,False,12,17505.24111633382,-125.14799999999832,"{'brokerage': 9.856816307999999, 'stt': 4.091363295, 'exchange_transaction': 1.008680868852, 'sebi': 0.03285605435999999, 'nse_ipft': 3.285605436e-05, 'gst': 1.9617094957079446, 'stamp_duty': 0.4947180353999999, 'total': 17.446176913374302}",-142.59417691337262,17362.646939420447,116.96117999999842,0.006681494943298102,16490.601179999998
RELIANCE,2020-02-04,LONG,2020-02-04T10:00:00,1405.58,1406.2827899999997,1399.14,1420.568369999999,1413.4255799999994,2020-02-04T13:22:00,1406.2827899999997,1405.5796486049999,BREAKEVEN,1.5520320055674708,0.014969174748530767,7.14278999999965,-0.09844072064276138,True,False,12,17362.646939420447,-8.4376967399985,"{'brokerage': 10.122704778977997, 'stt': 4.216738945814999, 'exchange_transaction': 1.0358901223820818, 'sebi': 0.033742349263259995, 'nse_ipft': 3.374234926326e-05, 'gst': 2.0146267787350682, 'stamp_duty': 0.5062618044, 'total': 17.92999852192267}",-26.36769526192117,17336.279244158526,85.7134799999958,0.0049366597327617405,16875.39348
ITC,2020-02-11,SHORT,2020-02-11T10:00:00,214.0,213.893,214.7,212.27900000000002,213.086,2020-02-11T11:30:00,213.893,213.9999465,BREAKEVEN,3.8495456802319996,-0.012702078521939941,0.806999999999988,-0.13252354399007915,True,False,81,17336.279244158526,-8.662666499999375,"{'brokerage': 10.397798599949999, 'stt': 4.33133325, 'exchange_transaction': 1.06404139006155, 'sebi': 0.0346593286665, 'nse_ipft': 3.46593286665e-05, 'gst': 2.0693761160412087, 'stamp_duty': 0.5200198699949999, 'total': 18.417263214042922}",-27.079929714042297,17309.199314444482,65.36699999999902,0.0037705322508591044,17325.333
SBIN,2020-02-12,SHORT,2020-02-12T10:40:00,325.6,325.4372,327.35,321.6116,323.5244,2020-02-12T13:39:00,321.6116,321.7724058,TARGET_2R,1.3049665905661274,-0.010912397696271503,1.9128000000000043,1.9159317231284028,True,False,53,17309.199314444482,194.2340926000009,"{'brokerage': 10.29063273222, 'stt': 4.312042900000001, 'exchange_transaction': 1.05307474959718, 'sebi': 0.034302109107399996, 'nse_ipft': 3.43021091074e-05, 'gst': 2.048047900746064, 'stamp_duty': 0.5116181252220001, 'total': 18.249752819001753}",175.98433978099916,17485.183654225482,101.37840000000023,0.00585690869683384,17248.1716
SBIN,2020-02-17,SHORT,2020-02-17T10:10:00,314.6,314.44270000000006,316.15,311.0281000000002,312.73540000000014,2020-02-17T11:52:00,316.15,316.308075,STOP,1.5185964288210998,-0.02227761333541045,1.7072999999999183,-1.092587711591404,False,False,55,17485.183654225482,-102.59562499999532,"{'brokerage': 10.4073877875, 'stt': 4.323587125000001, 'exchange_transaction': 1.0650226835875, 'sebi': 0.034691292625, 'nse_ipft': 3.469129262500001e-05, 'gst': 2.071284561900922, 'stamp_duty': 0.52190832375, 'total': 18.42391646565605}",-121.01954146565137,17364.16411275983,93.90149999999551,0.0053703467951452255,17294.348500000004
HDFCBANK,2020-02-20,SHORT,2020-02-20T10:10:00,1218.0,1217.391,1221.3,1209.5730000000003,1213.4820000000002,2020-02-20T10:48:00,1221.3,1221.9106499999998,STOP,1.471760492603216,-0.010406504065040623,3.908999999999878,-1.1562164236377257,False,False,14,17364.16411275983,-63.2750999999962,"{'brokerage': 10.245066929999998, 'stt': 4.260868500000001, 'exchange_transaction': 1.04841184917, 'sebi': 0.0341502231, 'nse_ipft': 3.4150223100000005e-05, 'gst': 2.0389793674487575, 'stamp_duty': 0.5132024729999999, 'total': 18.140713492941856}",-81.41581349293806,17282.748299266892,54.725999999998294,0.003151663370872175,17043.474000000002
HDFCBANK,2020-02-24,SHORT,2020-02-24T10:20:00,1201.45,1200.849275,1204.2,1194.147825,1197.49855,2020-02-24T11:06:00,1204.2,1204.8020999999999,STOP,1.8603370619488062,-0.007403118408536358,3.3507250000000113,-1.179692454617981,False,False,14,17282.748299266892,-55.33954999999787,"{'brokerage': 10.103735774999997, 'stt': 4.2029724625, 'exchange_transaction': 1.0339489609749999, 'sebi': 0.03367911924999999, 'nse_ipft': 3.367911925e-05, 'gst': 2.010851556181964, 'stamp_duty': 0.506016882, 'total': 17.89123843502621}",-73.23078843502408,17209.51751083187,46.91015000000016,0.002714276062331476,16811.88985
SBIN,2020-03-05,SHORT,2020-03-05T09:55:00,287.0,286.85650000000004,288.9,282.76950000000016,284.8130000000001,2020-03-05T10:30:00,282.76950000000016,282.91088475000015,TARGET_2R,1.3327895341311888,-0.01271914747335845,2.0434999999999377,1.930812454122833,False,False,59,17209.51751083187,232.79129974999347,"{'brokerage': 10.084882710075004, 'stt': 4.231133375000001, 'exchange_transaction': 1.0320196639976755, 'sebi': 0.03361627570025001, 'nse_ipft': 3.3616275700250015e-05, 'gst': 2.0070994078887536, 'stamp_duty': 0.5007522660075003, 'total': 17.88953731494488}",214.9017624350486,17424.419273266918,120.56649999999632,0.0070058036155929634,16924.5335
TATASTEEL,2020-05-04,SHORT,2020-05-04T10:05:00,27.29,27.276355000000002,27.4,27.02906500000001,27.152710000000006,2020-05-04T10:14:00,27.276355000000002,27.2899931775,BREAKEVEN,1.5347781653131216,-0.05228070175438593,0.12364499999999623,-0.1103010837478214,True,False,638,17424.419273266918,-8.701157244999337,"{'brokerage': 10.443999041173498, 'stt': 4.3505786225000005, 'exchange_transaction': 1.0687692352134215, 'sebi': 0.034813330137245, 'nse_ipft': 3.4813330137245e-05, 'gst': 2.0785709555737744, 'stamp_duty': 0.5223304694173501, 'total': 18.499096467345428}",-27.200253712344765,17397.219019554574,78.8855099999976,0.004527296362813433,17402.31449
RELIANCE,2020-05-13,SHORT,2020-05-13T10:20:00,1462.15,1461.4189250000002,1472.95,1438.3567750000004,1449.8878500000003,2020-05-13T10:32:00,1472.95,1473.686475,STOP,1.6355195640844526,-0.047806155861165656,11.531074999999873,-1.063868719958888,False,False,11,17397.219019554574,-134.9430499999978,"{'brokerage': 9.68584782, 'stt': 4.018902043750001, 'exchange_transaction': 0.9911850935800001, 'sebi': 0.0322861594, 'nse_ipft': 3.2286159400000004e-05, 'gst': 1.9276832446450918, 'stamp_duty': 0.48631653675, 'total': 17.14225318428449}",-152.0853031842823,17245.133716370292,126.84182499999861,0.007290925340275803,16075.608175000001
TCS,2020-05-19,LONG,2020-05-19T11:40:00,1951.8,1952.7758999999999,1944.45,1969.4276999999995,1961.1017999999997,2020-05-19T15:10:00,1947.35,1946.376325,FORCED_1510,1.416310073170515,0.029584866001050925,8.32589999999982,-0.7686346220829042,False,False,8,17245.133716370292,-51.19659999999931,"{'brokerage': 9.35796534, 'stt': 3.89275265, 'exchange_transaction': 0.95763178646, 'sebi': 0.031193217799999996, 'nse_ipft': 3.11932178e-05, 'gst': 1.862427876746004, 'stamp_duty': 0.46866621599999997, 'total': 16.570668280223803}",-67.7672682802231,17177.36644809007,66.60719999999856,0.0038623765460728396,15622.207199999999
ITC,2020-05-20,LONG,2020-05-20T10:10:00,176.05,176.138025,175.15,178.11407499999999,177.12605,2020-05-20T11:42:00,175.15,175.06242500000002,STOP,1.664629445116746,0.027624309392265234,0.9880249999999933,-1.088636421143177,False,False,97,17177.36644809007,-104.33319999999807,"{'brokerage': 10.219933095, 'stt': 4.24526380625, 'exchange_transaction': 1.045839820055, 'sebi': 0.03406644365, 'nse_ipft': 3.4066443650000006e-05, 'gst': 2.033977216526757, 'stamp_duty': 0.5125616527500001, 'total': 18.091676100675407}",-122.42487610067349,17054.941571989395,95.83842499999935,0.005579343334708651,17085.388425
HDFCBANK,2020-05-21,LONG,2020-05-21T10:05:00,878.45,878.889225,875.0,886.667675,882.77845,2020-05-21T10:16:00,875.0,874.5625,STOP,1.678642363019502,0.0261767949387659,3.8892250000000104,-1.1124902776260048,False,False,19,17054.941571989395,-82.2077750000002,"{'brokerage': 9.9946748325, 'stt': 4.154171875, 'exchange_transaction': 1.0227883911925002, 'sebi': 0.033315582775, 'nse_ipft': 3.3315582775000006e-05, 'gst': 1.9891461819690492, 'stamp_duty': 0.50096685825, 'total': 17.69509703726932}",-99.90287203726952,16955.038699952125,73.8952750000002,0.004332777962802519,16698.895275
SBIN,2020-05-22,LONG,2020-05-22T10:05:00,154.85,154.927425,153.75,157.282275,156.10485,2020-05-22T10:06:00,153.75,153.673125,STOP,1.285330903137126,0.019736842105263053,1.1774249999999995,-1.065290782852412,False,False,109,16955.038699952125,-136.71870000000007,"{'brokerage': 10.091237985, 'stt': 4.18759265625, 'exchange_transaction': 1.0326700204650001, 'sebi': 0.033637459950000004, 'nse_ipft': 3.3637459950000006e-05, 'gst': 2.008364238517491, 'stamp_duty': 0.50661267975, 'total': 17.86014867739244}",-154.5788486773925,16800.459851274733,128.33932499999995,0.007569391451779012,16887.089325
LT,2020-05-28,LONG,2020-05-28T10:10:00,876.7,877.13835,873.0,885.4150499999998,881.2766999999999,2020-05-28T11:39:00,885.4150499999998,884.9723424749999,TARGET_2R,1.4968358203331182,0.029122807017543773,4.138349999999946,1.8930231795280843,True,False,19,16800.459851274733,148.84585702499896,"{'brokerage': 10.044030947107498, 'stt': 4.20361862675625, 'exchange_transaction': 1.0278391669206675, 'sebi': 0.033480103157024994, 'nse_ipft': 3.3480103157025e-05, 'gst': 1.9989690655119026, 'stamp_duty': 0.4999688595, 'total': 17.8079402490565}",131.03791677594245,16931.497768050674,78.62864999999897,0.004680148680218002,16665.62865
TCS,2020-06-03,SHORT,2020-06-03T10:05:00,2027.0,2025.9865000000002,2039.15,1999.6595000000004,2012.8230000000003,2020-06-03T10:38:00,2039.15,2040.169575,STOP,1.4625602428890117,-0.010356507541974369,13.163499999999885,-1.0774547042959557,False,False,8,16931.497768050674,-113.46459999999752,"{'brokerage': 9.758774579999999, 'stt': 4.051973, 'exchange_transaction': 0.99864793202, 'sebi': 0.0325292486, 'nse_ipft': 3.25292486e-05, 'gst': 1.9421971721763478, 'stamp_duty': 0.489640698, 'total': 17.273795160044944}",-130.73839516004247,16800.759372890632,105.30799999999908,0.006219650585119098,16207.892000000002
INFY,2020-06-23,LONG,2020-06-23T10:20:00,704.95,705.302475,701.8,712.307425,708.80495,2020-06-23T11:27:00,712.307425,711.9512712875,TARGET_2R,1.674198663768752,0.01171481960615206,3.502475000000004,1.8983137031670698,True,False,23,16800.759372890632,152.92231461250208,"{'brokerage': 9.779050849383749, 'stt': 4.093719809903125, 'exchange_transaction': 1.0007228702536037, 'sebi': 0.032596836164612494, 'nse_ipft': 3.25968361646125e-05, 'gst': 1.9462325674748635, 'stamp_duty': 0.48665870775, 'total': 17.33901423776612}",135.58330037473596,16936.342673265368,80.55692500000009,0.00479483832915226,16221.956924999999
BHARTIARTL,2020-07-15,SHORT,2020-07-15T10:05:00,580.3,580.00985,583.0,574.0295500000001,577.0197000000001,2020-07-15T10:31:00,583.0,583.2914999999999,STOP,1.3793978918491228,-0.018847100772561354,2.9901499999999714,-1.0974867481564239,False,False,29,16936.342673265368,-95.16784999999709,"{'brokerage': 10.120721745, 'stt': 4.205071412500001, 'exchange_transaction': 1.0356871919050001, 'sebi': 0.03373573915, 'nse_ipft': 3.3735739150000004e-05, 'gst': 2.014232114122947, 'stamp_duty': 0.507463605, 'total': 17.9169455434171}",-113.08479554341419,16823.257877721953,86.71434999999917,0.005120016267554679,16820.28565
INFY,2020-07-17,SHORT,2020-07-17T09:55:00,896.1,895.65195,900.95,885.0558500000001,890.3539000000001,2020-07-17T09:58:00,900.95,901.400475,STOP,2.0738399815586614,-0.015257958287596018,5.298049999999989,-1.0850265663781928,False,False,18,16823.257877721953,-103.4734499999995,"{'brokerage': 9.704083095000001, 'stt': 4.0304337750000006, 'exchange_transaction': 0.9930511700550001, 'sebi': 0.03234694365, 'nse_ipft': 3.234694365e-05, 'gst': 1.9313124400167572, 'stamp_duty': 0.48675625650000004, 'total': 17.17801602716541}",-120.65146602716491,16702.60641169479,95.3648999999998,0.005668634499521399,16121.735100000002
LT,2020-07-24,SHORT,2020-07-24T09:55:00,906.9,906.44655,909.25,900.83965,903.6431,2020-07-24T10:13:00,906.44655,906.8997732749999,BREAKEVEN,1.3251015006496778,-0.008967629046369163,2.803449999999998,-0.16166625943031415,True,False,18,16702.60641169479,-8.15801894999845,"{'brokerage': 9.792070145684999, 'stt': 4.079009475, 'exchange_transaction': 1.002055178241765, 'sebi': 0.032640233818949996, 'nse_ipft': 3.264023381895e-05, 'gst': 1.948823675636316, 'stamp_duty': 0.48972587756849995, 'total': 17.34435722618435}",-25.5023761761828,16677.104035518605,50.462099999999964,0.003021211106589181,16316.0379
TCS,2020-08-12,SHORT,2020-08-12T10:30:00,2265.9,2264.7670500000004,2274.0,2246.301150000001,2255.5341000000008,2020-08-12T15:10:00,2255.25,2256.377625,FORCED_1510,1.3211779405881454,-0.008455874319924783,9.232949999999619,0.9086397088688499,True,False,7,16677.104035518605,58.72597500000211,"{'brokerage': 9.4944038175, 'stt': 3.9633423375000008, 'exchange_transaction': 0.9715939906575001, 'sebi': 0.031648012725, 'nse_ipft': 3.1648012725e-05, 'gst': 1.8895819444011404, 'stamp_duty': 0.47383930125, 'total': 16.824441052046364}",41.90153394795574,16719.00556946656,64.63064999999733,0.0038754120536963793,15853.369350000003
BHARTIARTL,2020-08-14,SHORT,2020-08-14T09:55:00,534.8,534.5326,536.95,529.6977999999999,532.1152,2020-08-14T09:58:00,536.95,537.218475,STOP,1.2802298918810617,-0.014829142488717029,2.4174000000000433,-1.1110594026640035,False,False,31,16719.00556946656,-83.26212500000031,"{'brokerage': 9.967284997499998, 'stt': 4.1426276500000005, 'exchange_transaction': 1.0199854980774998, 'sebi': 0.03322428332499999, 'nse_ipft': 3.3224283324999996e-05, 'gst': 1.983695040573448, 'stamp_duty': 0.49961318174999997, 'total': 17.646463875509273}",-100.90858887550958,16618.09698059105,74.93940000000134,0.0044822881174739855,16570.5106
HDFCBANK,2020-08-21,LONG,2020-08-21T10:35:00,1079.65,1080.189825,1077.0,1086.5694749999998,1083.3796499999999,2020-08-21T12:00:00,1080.189825,1079.6497300875,BREAKEVEN,1.5799303432767504,0.016003379012577312,3.189824999999928,-0.16931803860709146,True,False,15,16618.09698059105,-8.1014236874978,"{'brokerage': 9.71927799789375, 'stt': 4.0486864878281255, 'exchange_transaction': 0.9946061151177938, 'sebi': 0.0323975933263125, 'nse_ipft': 3.23975933263125e-05, 'gst': 1.9343365387076126, 'stamp_duty': 0.48608542125, 'total': 17.21542255171692}",-25.31684623921472,16592.780134351837,47.84737499999892,0.0028792331068883403,16202.847375
BHARTIARTL,2020-08-25,SHORT,2020-08-25T09:55:00,527.15,526.886425,529.45,521.759275,524.32285,2020-08-25T11:25:00,529.45,529.714725,STOP,1.372898579772215,-0.015247895229186126,2.5635750000000144,-1.1032639965672926,False,False,31,16592.780134351837,-87.6773000000004,"{'brokerage': 9.826390694999999, 'stt': 4.08336979375, 'exchange_transaction': 1.0055673144550001, 'sebi': 0.032754635649999995, 'nse_ipft': 3.275463565e-05, 'gst': 1.9556541719533167, 'stamp_duty': 0.49263469425, 'total': 17.396404059693968}",-105.07370405969436,16487.706430292143,79.47082500000045,0.004789482193853273,16333.479175
SBIN,2020-08-31,SHORT,2020-08-31T09:55:00,226.55,226.43672500000002,228.0,223.31017500000007,224.87345000000005,2020-08-31T10:07:00,223.31017500000007,223.42183008750007,TARGET_2R,1.5493743256589245,-0.02828762686244879,1.563274999999976,1.9285761702195716,True,False,72,16487.706430292143,217.07243369999674,"{'brokerage': 9.71694478989, 'stt': 4.07586105, 'exchange_transaction': 0.9943673501654101, 'sebi': 0.0323898159663, 'nse_ipft': 3.2389815966300005e-05, 'gst': 1.9338721822507816, 'stamp_duty': 0.4825911529890001, 'total': 17.236058731077456}",199.83637496891927,16687.542805261062,112.55579999999827,0.006826649933140756,16303.444200000002
TATASTEEL,2020-09-10,SHORT,2020-09-10T10:00:00,41.83,41.809085,42.12,41.187255000000015,41.49817000000001,2020-09-10T12:02:00,41.187255000000015,41.20784862750001,TARGET_2R,1.5116983753000868,-0.01037735849056598,0.3109149999999943,1.9337644452663947,True,False,399,16687.542805261062,239.89331262749604,"{'brokerage': 9.93712695521175, 'stt': 4.17045622875, 'exchange_transaction': 1.0168993250833358, 'sebi': 0.0331237565173725, 'nse_ipft': 3.3123756517372504e-05, 'gst': 1.9776929689024156, 'stamp_duty': 0.4932579480711751, 'total': 17.62859030629257}",222.26472232120346,16909.807527582267,124.05508499999772,0.007433993515263794,16681.824915
TCS,2020-09-14,LONG,2020-09-14T09:55:00,2419.4,2420.6097,2410.0,2441.8291,2431.2194,2020-09-14T10:41:00,2441.8291,2440.60818545,TARGET_2R,1.7791986455053983,0.016945597919550304,10.609699999999975,1.8849246868431633,True,False,6,16909.807527582267,119.99091269999917,"{'brokerage': 8.750192193809998, 'stt': 3.6609122781749996, 'exchange_transaction': 0.89543633449989, 'sebi': 0.029167307312699998, 'nse_ipft': 2.91673073127e-05, 'gst': 1.741468500527382, 'stamp_duty': 0.435709746, 'total': 15.512915527632282}",104.47799717236688,17014.285524754632,63.65819999999985,0.0037645727129752603,14523.6582
ITC,2020-09-17,SHORT,2020-09-17T10:00:00,178.85,178.76057500000002,179.5,177.28172500000005,178.02115000000003,2020-09-17T10:51:00,178.76057500000002,178.8499552875,BREAKEVEN,1.6510106100882065,-0.011061946902654829,0.7394249999999829,-0.12087809784627232,True,False,95,17014.285524754632,-8.491127312497895,"{'brokerage': 10.19190011319375, 'stt': 4.245563656250001, 'exchange_transaction': 1.0429711115834939, 'sebi': 0.033973000377312504, 'nse_ipft': 3.397300037731251e-05, 'gst': 2.028398075667888, 'stamp_duty': 0.509722372569375, 'total': 18.052562302642198}",-26.543689615140092,16987.74183513949,70.24537499999838,0.0041286115069478595,16982.254625
BHARTIARTL,2020-09-23,SHORT,2020-09-23T09:55:00,453.15,452.923425,456.3,446.170275,449.54685,2020-09-23T10:13:00,446.170275,446.3933601375,TARGET_2R,3.010288122467829,-0.0339400428265525,3.3765750000000025,1.933931531951758,True,False,37,16987.74183513949,241.61239991250045,"{'brokerage': 9.98241631502625, 'stt': 4.18954168125, 'exchange_transaction': 1.0215339362376863, 'sebi': 0.0332747210500875, 'nse_ipft': 3.3274721050087504e-05, 'gst': 1.9867064844663131, 'stamp_duty': 0.49549662975262504, 'total': 17.709003042504012}",223.90339686999644,17211.645232009487,124.9332750000001,0.007354319144500599,16758.166725
HDFCBANK,2020-09-25,SHORT,2020-09-25T10:05:00,1032.35,1031.833825,1035.75,1024.0014749999998,1027.9176499999999,2020-09-25T11:27:00,1031.833825,1032.3497419125,BREAKEVEN,1.4321882102895944,-0.019333333333333313,3.9161750000000666,-0.1317400045963094,True,False,16,17211.645232009487,-8.254670599999372,"{'brokerage': 9.908081121179997, 'stt': 4.1273352999999995, 'exchange_transaction': 1.0139269680674199, 'sebi': 0.0330269370706, 'nse_ipft': 3.30269370706e-05, 'gst': 1.9719122495859158, 'stamp_duty': 0.495527876118, 'total': 17.549843478959}",-25.804514078958373,17185.84071793053,62.658800000001065,0.0036404887014212265,16509.3412
LT,2020-09-28,LONG,2020-09-28T10:05:00,913.0,913.4565,910.0,920.3695,916.913,2020-09-28T10:18:00,910.0,909.5450000000001,STOP,1.7066900281861812,0.02171492204899783,3.4565000000000055,-1.131636048025438,False,False,18,17185.84071793053,-70.40699999999879,"{'brokerage': 9.8442081, 'stt': 4.0929525, 'exchange_transaction': 1.0073906289, 'sebi': 0.032814027, 'nse_ipft': 3.2814027e-05, 'gst': 1.9592002025868598, 'stamp_duty': 0.49326651000000005, 'total': 17.42986478251386}",-87.83686478251265,17098.003853148017,62.2170000000001,0.00362024768070189,16442.217
TATASTEEL,2020-10-05,LONG,2020-10-05T10:00:00,38.37,38.389185,38.15,38.867554999999996,38.62837,2020-10-05T10:20:00,38.15,38.130925,STOP,2.377596860636393,0.04161037557416902,0.2391849999999991,-1.079749984321763,False,False,445,17098.003853148017,-114.92569999999998,"{'brokerage': 10.215434684999998, 'stt': 4.24206540625, 'exchange_transaction': 1.045379482765, 'sebi': 0.03405144894999999, 'nse_ipft': 3.405144895e-05, 'gst': 2.0330819402695104, 'stamp_duty': 0.51249561975, 'total': 18.082542634433455}",-133.00824263443343,16964.995610513583,106.43732499999959,0.006225131653622991,17083.187325
LT,2020-10-08,SHORT,2020-10-08T09:55:00,882.9,882.4585500000001,886.5,874.3756500000002,878.4171000000001,2020-10-08T11:15:00,886.5,886.9432499999999,STOP,1.2708673301025601,-0.006963944737728767,4.041449999999941,-1.1096759826299787,False,False,19,16964.995610513583,-85.20929999999737,"{'brokerage': 10.08559026, 'stt': 4.191678112500001, 'exchange_transaction': 1.03209206994, 'sebi': 0.0336186342, 'nse_ipft': 3.36186342e-05, 'gst': 2.007240224899356, 'stamp_duty': 0.5055576525, 'total': 17.855810572673555}",-103.06511057267093,16861.93049994091,76.78754999999887,0.0045262345928584816,16766.712450000003
HDFCBANK,2020-10-14,SHORT,2020-10-14T10:15:00,1181.75,1181.1591250000001,1185.6,1172.2773750000006,1176.7182500000004,2020-10-14T10:48:00,1185.6,1186.1927999999998,STOP,1.387790786812522,-0.013717535862155406,4.440874999999778,-1.1334872069130355,False,False,14,16861.93049994091,-70.47144999999546,"{'brokerage': 9.942878084999998, 'stt': 4.1340569375000005, 'exchange_transaction': 1.017487857365, 'sebi': 0.03314292694999999, 'nse_ipft': 3.3142926949999995e-05, 'gst': 1.9788375622035506, 'stamp_duty': 0.49820097599999985, 'total': 17.6046374879455}",-88.07608748794095,16773.85441245297,62.17224999999689,0.0036871371282318336,16536.227750000002
INFY,2020-10-15,SHORT,2020-10-15T10:10:00,1127.75,1127.1861250000002,1136.1,1109.3583750000007,1118.2722500000004,2020-10-15T10:42:00,1109.3583750000007,1109.9130541875006,TARGET_2R,7.5950537845916015,-0.053220338983050786,8.913874999999734,1.9377735061911985,True,False,14,16773.85441245297,241.82299137499376,"{'brokerage': 9.395816552587503, 'stt': 3.9451514375000007, 'exchange_transaction': 0.9615052272147879, 'sebi': 0.031319388508625014, 'nse_ipft': 3.1319388508625014e-05, 'gst': 1.8699610477858961, 'stamp_duty': 0.4661634827587503, 'total': 16.66994845574407}",225.15304291924969,16999.00745537222,124.79424999999628,0.0074398076274793815,15780.605750000002
ICICIBANK,2020-10-21,LONG,2020-10-21T10:00:00,423.7,423.91184999999996,421.8,428.13554999999985,426.0236999999999,2020-10-21T11:07:00,428.13554999999985,427.92148222499986,TARGET_2R,1.534610925925014,0.02019230769230762,2.111849999999947,1.898634952766534,True,False,40,16999.00745537222,160.3852889999962,"{'brokerage': 10.221999986699997, 'stt': 4.279214822249998, 'exchange_transaction': 1.0460513319722997, 'sebi': 0.03407333328899999, 'nse_ipft': 3.407333328899999e-05, 'gst': 2.034388570553025, 'stamp_duty': 0.50869422, 'total': 18.12445633809761}",142.26083266189858,17141.268288034116,84.47399999999789,0.004969348958859445,16956.474
ICICIBANK,2020-11-02,SHORT,2020-11-02T10:40:00,410.0,409.795,412.35,404.685,407.24,2020-11-02T10:43:00,412.35,412.556175,STOP,6.072145462704732,-0.02002398081534773,2.555000000000007,-1.0806947162426508,False,False,41,17141.268288034116,-113.20817499999919,"{'brokerage': 10.1149194525, 'stt': 4.200398750000001, 'exchange_transaction': 1.0350934239725, 'sebi': 0.033716398175, 'nse_ipft': 3.3716398175000005e-05, 'gst': 2.0130773383882214, 'stamp_duty': 0.50744409525, 'total': 17.9046831746839}",-131.11285817468308,17010.155429859435,104.75500000000028,0.00611127474582071,16801.595
ITC,2020-11-06,SHORT,2020-11-06T10:05:00,174.75,174.66262500000002,175.3,173.38787500000004,174.02525000000003,2020-11-06T13:11:00,174.66262500000002,174.74995631250002,BREAKEVEN,2.181143606687059,-0.013031161473087916,0.6373749999999916,-0.1370171602274945,True,False,97,17010.155429859435,-8.47113731249982,"{'brokerage': 10.16790611619375, 'stt': 4.235568656250001, 'exchange_transaction': 1.0405157258904938, 'sebi': 0.0338930203873125, 'nse_ipft': 3.38930203873125e-05, 'gst': 2.0236227759885494, 'stamp_duty': 0.5085223728693751, 'total': 18.010062560599867}",-26.481199873099687,16983.674229986336,61.825374999999184,0.0036346155245278724,16942.274625000002
LT,2020-11-11,LONG,2020-11-11T10:00:00,1054.3,1054.8271499999998,1050.15,1064.1814499999994,1059.5042999999996,2020-11-11T10:01:00,1050.15,1049.624925,STOP,1.6808848182310803,0.013365384615384723,4.677149999999756,-1.112263878644055,False,False,16,16983.674229986336,-83.23559999999634,"{'brokerage': 10.10136996, 'stt': 4.1984997, 'exchange_transaction': 1.03370685924, 'sebi': 0.0336712332, 'nse_ipft': 3.3671233200000004e-05, 'gst': 2.010380710261176, 'stamp_duty': 0.5063170319999999, 'total': 17.883979165934374}",-101.11957916593072,16882.554650820406,74.8343999999961,0.00440625502977846,16877.234399999998
LT,2020-11-12,LONG,2020-11-12T10:05:00,1070.0,1070.5349999999999,1065.0,1081.6049999999996,1076.0699999999997,2020-11-12T10:12:00,1065.0,1064.4675,STOP,1.2617943767192374,0.013887572281732652,5.5349999999998545,-1.096205962059628,False,False,15,16882.554650820406,-91.01249999999823,"{'brokerage': 9.607511249999998, 'stt': 3.991753125, 'exchange_transaction': 0.98316865125, 'sebi': 0.0320250375, 'nse_ipft': 3.20250375e-05, 'gst': 1.9120926534817497, 'stamp_duty': 0.48174074999999994, 'total': 17.00832349226925}",-108.02082349226748,16774.533827328138,83.02499999999782,0.004917798385208439,16058.024999999998
HDFCBANK,2020-11-24,LONG,2020-11-24T10:00:00,1421.9,1422.61095,1418.35,1431.1328500000002,1426.8719,2020-11-24T10:51:00,1431.1328500000002,1430.4172835750003,TARGET_2R,1.7944962124396489,0.011115056818181923,4.2609500000000935,1.8320641112897615,True,False,11,16774.533827328138,85.86966932500309,"{'brokerage': 9.4149931707975, 'stt': 3.933647529831251, 'exchange_transaction': 0.9634676344782777, 'sebi': 0.031383310569325, 'nse_ipft': 3.1383310569325005e-05, 'gst': 1.8737775898480207, 'stamp_duty': 0.46946161350000004, 'total': 16.686762232334942}",69.18290709266815,16843.716734420806,46.87045000000103,0.0027941432222481377,15648.72045
ITC,2021-01-06,SHORT,2021-01-06T10:05:00,208.0,207.89600000000002,208.75,206.18800000000005,207.04200000000003,2021-01-06T10:44:00,207.89600000000002,207.99994800000002,BREAKEVEN,1.7690424873209423,-0.020572239300070905,0.853999999999985,-0.1217189695550403,True,False,81,16843.716734420806,-8.41978800000021,"{'brokerage': 10.1062715364, 'stt': 4.209894, 'exchange_transaction': 1.0342084538916, 'sebi': 0.033687571788, 'nse_ipft': 3.3687571788e-05, 'gst': 2.01135622493725, 'stamp_duty': 0.50543987364, 'total': 17.900891348228637}",-26.320679348228847,16817.39605507258,69.17399999999878,0.004106813305559749,16839.576
TCS,2021-01-07,SHORT,2021-01-07T10:00:00,3022.6,3021.0887000000002,3033.45,2996.366100000001,3008.7274000000007,2021-01-07T12:34:00,3021.0887000000002,3022.59924435,BREAKEVEN,1.3112932059112032,-0.02039024390243893,12.361299999999574,-0.1221994733563414,True,False,5,16817.39605507258,-7.5527217499984545,"{'brokerage': 9.065531916525, 'stt': 3.7763608750000004, 'exchange_transaction': 0.9277060994577251, 'sebi': 0.03021843972175, 'nse_ipft': 3.0218439721750003e-05, 'gst': 1.8042276013459553, 'stamp_duty': 0.4533898866525, 'total': 16.057465037142652}",-23.610186787141107,16793.78586828544,61.80649999999787,0.003675152788077163,15105.443500000001
BHARTIARTL,2021-01-15,SHORT,2021-01-15T10:05:00,598.95,598.6505250000001,601.75,592.4515750000004,595.5510500000003,2021-01-15T10:23:00,601.75,602.050875,STOP,5.411707860699513,-0.021983430399475035,3.0994749999998703,-1.0970728913767755,False,False,28,16793.78586828544,-95.2097999999969,"{'brokerage': 10.08589176, 'stt': 4.190553675000001, 'exchange_transaction': 1.0321229234400002, 'sebi': 0.0336196392, 'nse_ipft': 3.361963920000001e-05, 'gst': 2.0073002296102564, 'stamp_duty': 0.5057227350000001, 'total': 17.85524458188946}",-113.06504458188635,16680.720823703552,86.78529999999637,0.005167703142141869,16762.214700000004
RELIANCE,2021-01-21,LONG,2021-01-21T10:05:00,2104.85,2105.9024249999998,2097.15,2123.407274999999,2114.6548499999994,2021-01-21T10:29:00,2097.15,2096.1014250000003,STOP,2.1440522785888123,0.012247838616714635,8.752424999999675,-1.119803940050882,False,False,7,16680.720823703552,-68.60699999999633,"{'brokerage': 8.824208084999999, 'stt': 3.6681774937500005, 'exchange_transaction': 0.903010627365, 'sebi': 0.029414026949999998, 'nse_ipft': 2.941402695e-05, 'gst': 1.7561991876015506, 'stamp_duty': 0.44223950924999994, 'total': 15.623278343943499}",-84.23027834393983,16596.49054535961,61.26697499999773,0.0036729213112263377,14741.316974999998
ICICIBANK,2021-01-22,SHORT,2021-01-22T10:05:00,547.3,547.02635,549.45,542.1790499999998,544.6026999999999,2021-01-22T11:20:00,542.1790499999998,542.4501395249998,TARGET_2R,1.3923286897382867,-0.009130356174290477,2.423650000000066,1.8881482371629683,True,False,30,16596.49054535961,137.28631425000458,"{'brokerage': 9.805288405724998, 'stt': 4.102697625, 'exchange_transaction': 1.0034078468525247, 'sebi': 0.03268429468574999, 'nse_ipft': 3.268429468574999e-05, 'gst': 1.9514543816804324, 'stamp_duty': 0.48820512557249984, 'total': 17.38377036381089}",119.90254388619368,16716.393089245805,72.70950000000198,0.004381016564994917,16410.7905
ITC,2021-01-27,LONG,2021-01-27T10:30:00,211.4,211.5057,210.0,214.51709999999997,213.01139999999998,2021-01-27T14:11:00,210.0,209.895,STOP,1.6522180929927106,0.01586538461538467,1.5056999999999903,-1.0697350069734943,False,False,79,16716.393089245805,-127.24529999999842,"{'brokerage': 9.98719659, 'stt': 4.145426250000001, 'exchange_transaction': 1.0220231177099999, 'sebi': 0.0332906553, 'nse_ipft': 3.32906553e-05, 'gst': 1.9876578576597537, 'stamp_duty': 0.501268509, 'total': 17.676896270325052}",-144.92219627032347,16571.47089297548,118.95029999999923,0.007115787440804069,16708.9503
HDFCBANK,2021-02-02,LONG,2021-02-02T09:55:00,1560.9,1561.68045,1550.0,1585.0413500000002,1573.3609000000001,2021-02-02T10:20:00,1561.68045,1560.899609775,BREAKEVEN,2.8670191917925085,0.05013324450366419,11.680450000000064,-0.06685018342615358,True,False,10,16571.47089297548,-7.808402250000199,"{'brokerage': 9.367740179325, 'stt': 3.9022490244375003, 'exchange_transaction': 0.958632078350925, 'sebi': 0.031225800597749997, 'nse_ipft': 3.122580059775e-05, 'gst': 1.8643732711333694, 'stamp_duty': 0.46850413500000004, 'total': 16.592755714645143}",-24.401157964645343,16547.069735010835,116.80450000000064,0.0070485294126493726,15616.8045
HDFCBANK,2021-02-05,LONG,2021-02-05T10:10:00,1608.0,1608.8039999999999,1600.0,1626.4119999999996,1617.6079999999997,2021-02-05T10:13:00,1600.0,1599.2,STOP,1.8745979930283696,0.04538113695090429,8.80399999999986,-1.0908677873693737,False,False,10,16547.069735010835,-96.03999999999814,"{'brokerage': 9.624011999999999, 'stt': 3.998, 'exchange_transaction': 0.9848572280000001, 'sebi': 0.03208004, 'nse_ipft': 3.208004e-05, 'gst': 1.9153766426472, 'stamp_duty': 0.4826412, 'total': 17.036999190687197}",-113.07699919068534,16433.99273582015,88.0399999999986,0.005320579498962325,16088.039999999999
TATASTEEL,2021-02-22,LONG,2021-02-22T09:55:00,69.16,69.19457999999999,68.67,70.24373999999996,69.71915999999997,2021-02-22T10:32:00,68.67,68.635665,STOP,1.457435771902268,0.029870708872046237,0.5245799999999861,-1.0654523618895109,False,False,237,16433.99273582015,-132.46285499999638,"{'brokerage': 9.799730419499998, 'stt': 4.06666315125, 'exchange_transaction': 1.0028390795955, 'sebi': 0.032665768064999996, 'nse_ipft': 3.2665768065e-05, 'gst': 1.9503482279271411, 'stamp_duty': 0.49197346379999995, 'total': 17.344252775905705}",-149.8071077759021,16284.185628044248,124.3254599999967,0.00756514025523525,16399.115459999997
TCS,2021-03-01,LONG,2021-03-01T10:10:00,2952.0,2953.4759999999997,2942.45,2975.5279999999993,2964.5019999999995,2021-03-01T10:52:00,2953.4759999999997,2951.999262,BREAKEVEN,1.282712086799087,0.01050922761449069,11.02599999999984,-0.1339323417376984,True,False,5,16284.185628044248,-7.383689999999206,"{'brokerage': 8.858212892999997, 'stt': 3.6899990774999996, 'exchange_transaction': 0.9064904527169999, 'sebi': 0.029527376309999995, 'nse_ipft': 2.9527376309999997e-05, 'gst': 1.762966844892595, 'stamp_duty': 0.44302139999999995, 'total': 15.6902475717959}",-23.073937571795106,16261.111690472453,55.1299999999992,0.003385493217729942,14767.379999999997
TCS,2021-03-12,LONG,2021-03-12T10:05:00,3112.4,3113.9562,3100.3,3141.2686,3127.6124,2021-03-12T11:05:00,3100.3,3098.74985,STOP,1.2747153998390124,0.012032520325203189,13.656199999999899,-1.1135125437530238,False,False,5,16261.111690472453,-76.03174999999965,"{'brokerage': 9.319059074999998, 'stt': 3.8734373125, 'exchange_transaction': 0.9536503786750001, 'sebi': 0.031063530250000002, 'nse_ipft': 3.1063530250000006e-05, 'gst': 1.8546847285419445, 'stamp_duty': 0.46709343000000003, 'total': 16.499019518497192}",-92.53076951849684,16168.580920953957,68.2809999999995,0.004199036406594883,15569.781
HDFCBANK,2021-03-25,SHORT,2021-03-25T10:15:00,1470.2,1469.4649000000002,1474.6,1459.1947000000007,1464.3298000000004,2021-03-25T10:39:00,1469.4649000000002,1470.19963245,BREAKEVEN,1.3148796491202779,-0.015870352972755408,5.135099999999738,-0.14308045607679457,True,False,11,16168.580920953957,-8.082056949999014,"{'brokerage': 9.700892957085, 'stt': 4.041028475000001, 'exchange_transaction': 0.9927247126083651, 'sebi': 0.032336309856950005, 'nse_ipft': 3.2336309856950004e-05, 'gst': 1.9306775368548306, 'stamp_duty': 0.48516587870850003, 'total': 17.182858206423504}",-25.264915156422518,16143.316005797535,56.48609999999712,0.003493571901959124,16164.113900000002
HDFCBANK,2021-04-01,SHORT,2021-04-01T10:05:00,1487.35,1486.606325,1490.55,1478.718975,1482.66265,2021-04-01T10:46:00,1478.718975,1479.4583344875,TARGET_2R,1.5792529570623275,-0.010270774976657404,3.9436749999999847,1.8125201778797697,True,False,10,16143.316005797535,71.47990512499973,"{'brokerage': 8.898193978462498, 'stt': 3.7165158125, 'exchange_transaction': 0.9105818504626625, 'sebi': 0.029660646594874995, 'nse_ipft': 2.9660646594875e-05, 'gst': 1.7709239045099934, 'stamp_duty': 0.44383750034625, 'total': 15.769743353522873}",55.71016177147686,16199.02616756901,39.43674999999985,0.0024429150730764957,14866.06325
RELIANCE,2021-04-07,LONG,2021-04-07T10:10:00,2025.8,2026.8129,2017.0,2046.4386999999997,2036.6257999999998,2021-04-07T11:01:00,2046.4386999999997,2045.4154806499998,TARGET_2R,1.3923451303028802,0.011500000000000066,9.8128999999999,1.8957271194040626,True,False,7,16199.02616756901,130.21806454999955,"{'brokerage': 8.551679599364999, 'stt': 3.5794770911375, 'exchange_transaction': 0.8751218790016849, 'sebi': 0.028505598664549995, 'nse_ipft': 2.850559866455e-05, 'gst': 1.7019604048733816, 'stamp_duty': 0.42563070899999994, 'total': 15.16240378764078}",115.05566076235877,16314.08182833137,68.6902999999993,0.0042403968787654385,14187.690299999998
LT,2021-04-12,SHORT,2021-04-12T10:05:00,1360.95,1360.2695250000002,1366.0,1348.8085750000005,1354.5390500000003,2021-04-12T10:40:00,1348.8085750000005,1349.4829792875005,TARGET_2R,1.2849327305320726,-0.030739983500125634,5.730474999999842,1.8823126725969437,True,False,11,16314.08182833137,118.65200283749641,"{'brokerage': 8.942183264148753, 'stt': 3.740741193750001, 'exchange_transaction': 0.915083420697889, 'sebi': 0.029807277547162506, 'nse_ipft': 2.9807277547162507e-05, 'gst': 1.779678678540843, 'stamp_duty': 0.4453293831648752, 'total': 15.85285302512707}",102.79914981236934,16416.880978143738,63.03522499999826,0.0038638536733664043,14962.964775000002
RELIANCE,2021-04-27,LONG,2021-04-27T10:00:00,1974.0,1974.9869999999999,1966.5,1991.9609999999996,1983.4739999999997,2021-04-27T14:35:00,1991.9609999999996,1990.9650194999997,TARGET_2R,1.6407876823930718,0.020103092783505083,8.486999999999853,1.8826463414634291,True,False,8,16416.880978143738,127.82415599999877,"{'brokerage': 9.518284846799997, 'stt': 3.9819300389999994, 'exchange_transaction': 0.9740378159891999, 'sebi': 0.031727616156, 'nse_ipft': 3.1727616156e-05, 'gst': 1.8943347611810433, 'stamp_duty': 0.47399687999999995, 'total': 16.874343686742396}",110.94981231325637,16527.830790456996,67.89599999999882,0.004135742964232409,15799.895999999999
ITC,2021-05-14,LONG,2021-05-14T09:55:00,206.65,206.753325,206.0,208.25997499999997,207.50664999999998,2021-05-14T10:07:00,208.25997499999997,208.15584501249998,TARGET_2R,1.420820577868847,0.0065853658536585424,0.7533249999999896,1.8617728238144369,True,False,79,16527.830790456996,110.79908098749931,"{'brokerage': 9.833347329296249, 'stt': 4.111077938996875, 'exchange_transaction': 1.0062792100313163, 'sebi': 0.0327778244309875, 'nse_ipft': 3.27778244309875e-05, 'gst': 1.9570386854849369, 'stamp_duty': 0.49000538025, 'total': 17.430559146314796}",93.36852184118452,16621.19931229818,59.51267499999918,0.003600755341370097,16333.512675
ITC,2021-05-17,SHORT,2021-05-17T10:00:00,213.85,213.743075,215.0,211.229225,212.48615,2021-05-17T15:10:00,212.2,212.3061,FORCED_1510,3.9515736799043273,-0.01522140221402224,1.2569249999999954,1.143246414861685,True,False,77,16621.19931229818,110.6470750000014,"{'brokerage': 9.841735942499998, 'stt': 4.11455419375, 'exchange_transaction': 1.0071376447825, 'sebi': 0.032805786475, 'nse_ipft': 3.2805786475e-05, 'gst': 1.958708192317915, 'stamp_duty': 0.490427091, 'total': 17.44540165661189}",93.2016733433895,16714.40098564157,96.78322499999965,0.005822878552956695,16458.216775
BHARTIARTL,2021-05-31,LONG,2021-05-31T10:10:00,531.15,531.415575,530.15,533.946725,532.68115,2021-05-31T10:51:00,531.415575,531.1498672125,BREAKEVEN,1.376139001664105,0.012940057088487,1.2655750000000126,-0.20995024988640634,True,False,31,16714.40098564157,-8.236941412499732,"{'brokerage': 9.881858612576249, 'stt': 4.116411470896875, 'exchange_transaction': 1.0112435313536363, 'sebi': 0.032939528708587504, 'nse_ipft': 3.293952870858751e-05, 'gst': 1.9666934301900925, 'stamp_duty': 0.49421648475, 'total': 17.503395998004148}",-25.74033741050388,16688.660648231064,39.23282500000039,0.002347246846219806,16473.882825
ITC,2021-06-07,LONG,2021-06-07T10:00:00,211.85,211.95592499999998,211.45,212.96777499999996,212.46184999999997,2021-06-07T10:06:00,211.45,211.344275,STOP,1.4141310129461586,0.008555133079847899,0.5059249999999906,-1.208973662104028,False,False,78,16688.660648231064,-47.70869999999758,"{'brokerage': 9.90522468, 'stt': 4.121213362500001, 'exchange_transaction': 1.01363465892, 'sebi': 0.033017415599999995, 'nse_ipft': 3.3017415600000004e-05, 'gst': 1.971343758948408, 'stamp_duty': 0.49597686449999995, 'total': 17.54044375788401}",-65.24914375788158,16623.41150447318,39.46214999999927,0.0023646085705614794,16532.562149999998
BHARTIARTL,2021-06-22,SHORT,2021-06-22T10:05:00,540.8,540.5296,543.0,535.5887999999999,538.0591999999999,2021-06-22T12:00:00,540.5296,540.7998647999999,BREAKEVEN,1.7049619595599634,-0.013593650214396402,2.4704000000000406,-0.10940123056992611,True,False,30,16623.41150447318,-8.107943999998497,"{'brokerage': 9.731965183199998, 'stt': 4.053972, 'exchange_transaction': 0.9959044370807998, 'sebi': 0.03243988394399999, 'nse_ipft': 3.243988394399999e-05, 'gst': 1.9368615499395734, 'stamp_duty': 0.4867198783199999, 'total': 17.237895372368314}",-25.34583937236681,16598.065665100814,74.11200000000122,0.004458290645097637,16215.887999999999
TATASTEEL,2021-06-25,LONG,2021-06-25T10:15:00,115.63,115.68781499999999,115.13,116.80344499999997,116.24562999999998,2021-06-25T10:26:00,115.13,115.072435,STOP,1.869321833572082,0.02088105726872258,0.5578149999999908,-1.103197296594745,False,False,143,16598.065665100814,-87.99933999999823,"{'brokerage': 9.899614725, 'stt': 4.11383955125, 'exchange_transaction': 1.0130605735250002, 'sebi': 0.032998715750000004, 'nse_ipft': 3.2998715750000005e-05, 'gst': 1.9702272623383346, 'stamp_duty': 0.49630072635, 'total': 17.52607455292908}",-105.52541455292732,16492.540250547885,79.76754499999869,0.004805833800725248,16543.357545
HDFCBANK,2021-07-01,SHORT,2021-07-01T10:05:00,1490.8,1490.0546,1493.35,1483.4638,1486.7592,2021-07-01T10:25:00,1493.35,1494.0966749999998,STOP,2.8495077627779186,-0.008621837549933398,3.2953999999999724,-1.2265809916853416,False,False,11,16492.540250547885,-44.46282499999825,"{'brokerage': 9.847699207499996, 'stt': 4.09765015, 'exchange_transaction': 1.0077478855674997, 'sebi': 0.03282566402499999, 'nse_ipft': 3.2825664024999996e-05, 'gst': 1.9598950048961736, 'stamp_duty': 0.49305190274999994, 'total': 17.438902640402695}",-61.90172764040094,16430.638522907484,36.249399999999696,0.00219792702939109,16390.600599999998
TATASTEEL,2021-07-12,SHORT,2021-07-12T10:15:00,123.94,123.87803000000001,124.2,123.23409000000002,123.55606000000002,2021-07-12T10:20:00,124.2,124.26209999999999,STOP,1.257291208720477,-0.012789768185451633,0.3219699999999932,-1.192875112588092,False,False,132,16430.638522907484,-50.69723999999735,"{'brokerage': 9.826349147999998, 'stt': 4.08797499, 'exchange_transaction': 1.005563062812, 'sebi': 0.03275449716, 'nse_ipft': 3.275449716e-05, 'gst': 1.9556459032444484, 'stamp_duty': 0.492077916, 'total': 17.400398271713605}",-68.09763827171096,16362.540884635773,42.5000399999991,0.0025866334981897287,16351.89996
ITC,2021-07-19,LONG,2021-07-19T09:55:00,208.6,208.7043,208.1,209.91289999999998,209.30859999999998,2021-07-19T10:12:00,208.1,207.99595,STOP,1.5285544710373866,0.009912959381044306,0.604299999999995,-1.1721826907165345,False,False,78,16362.540884635773,-55.251299999999674,"{'brokerage': 9.750785849999998, 'stt': 4.055921025, 'exchange_transaction': 0.9978304186499999, 'sebi': 0.032502619499999996, 'nse_ipft': 3.25026195e-05, 'gst': 1.94060725033851, 'stamp_duty': 0.488368062, 'total': 17.26604772810801}",-72.51734772810768,16290.023536907665,47.135399999999606,0.0028806895171311184,16278.935399999998
BHARTIARTL,2021-07-28,LONG,2021-07-28T09:55:00,546.65,546.923325,543.75,553.2699749999999,550.09665,2021-07-28T10:23:00,543.75,543.478125,STOP,1.2963155528447936,0.012418906394810136,3.173324999999977,-1.0856751199451757,False,False,29,16290.023536907665,-99.9108,"{'brokerage': 9.486492615, 'stt': 3.94021640625, 'exchange_transaction': 0.970784410935, 'sebi': 0.031621642049999996, 'nse_ipft': 3.162164205e-05, 'gst': 1.888007452132869, 'stamp_duty': 0.47582329275, 'total': 16.79297744075992}",-116.70377744075992,16173.319759466905,92.02642499999934,0.005649250585273783,15860.776425
HDFCBANK,2021-08-18,SHORT,2021-08-18T10:05:00,1539.1,1538.33045,1545.55,1523.8913499999999,1531.1109,2021-08-18T11:09:00,1538.33045,1539.0996152249998,BREAKEVEN,3.7363545612267566,-0.011305967752296642,7.219550000000027,-0.10653921989595215,True,False,10,16173.319759466905,-7.691652249998242,"{'brokerage': 9.232290195674999, 'stt': 3.845826125, 'exchange_transaction': 0.9447710300240749, 'sebi': 0.030774300652249995, 'nse_ipft': 3.077430065225e-05, 'gst': 1.837415934117356, 'stamp_duty': 0.46172988456749997, 'total': 16.352838244336834}",-24.044490494335076,16149.275268972571,72.19550000000027,0.00446386401021604,15383.304499999998
TCS,2021-08-23,LONG,2021-08-23T10:15:00,3627.9,3629.71395,3613.15,3662.8418499999993,3646.2778999999996,2021-08-23T10:35:00,3613.15,3611.3434250000005,STOP,1.7516958773869966,0.01335195530726252,16.56394999999975,-1.1090666779360985,False,False,4,16149.275268972571,-73.48209999999744,"{'brokerage': 8.68926885, 'stt': 3.6113434250000007, 'exchange_transaction': 0.88920184565, 'sebi': 0.0289642295, 'nse_ipft': 2.8964229500000004e-05, 'gst': 1.7293435000883097, 'stamp_duty': 0.435565674, 'total': 15.38371648846781}",-88.86581648846526,16060.409452484106,66.255799999999,0.004102710424863186,14518.8558
INFY,2021-08-25,LONG,2021-08-25T09:55:00,1735.5,1736.36775,1727.3,1754.5032499999998,1745.4354999999998,2021-08-25T10:41:00,1736.36775,1735.499566125,BREAKEVEN,1.5008943749327723,0.00791618160651919,9.067749999999933,-0.09574413443245484,True,False,9,16060.409452484106,-7.813654874998974,"{'brokerage': 9.374041753537497, 'stt': 3.90487402378125, 'exchange_transaction': 0.9592769394453374, 'sebi': 0.031246805845124993, 'nse_ipft': 3.1246805845124996e-05, 'gst': 1.8656274142140847, 'stamp_duty': 0.4688192925, 'total': 16.60391747612914}",-24.417572351128115,16035.991880132977,81.6097499999994,0.005081423997404786,15627.309749999999
LT,2021-08-27,LONG,2021-08-27T09:55:00,1621.0,1621.8104999999998,1612.4,1640.6314999999993,1631.2209999999995,2021-08-27T10:26:00,1640.6314999999993,1639.8111842499993,TARGET_2R,1.484640725565371,0.008728179551122262,9.410499999999729,1.912829738058553,True,False,9,16035.991880132977,162.00615824999545,"{'brokerage': 8.806378547474996, 'stt': 3.689575164562499, 'exchange_transaction': 0.9011860713582748, 'sebi': 0.02935459515824999, 'nse_ipft': 2.935459515824999e-05, 'gst': 1.752650742345602, 'stamp_duty': 0.437888835, 'total': 15.61706331049478}",146.38909493950067,16182.380975072478,84.69449999999756,0.005281525497959733,14596.294499999998
RELIANCE,2021-08-31,SHORT,2021-08-31T10:00:00,2252.3,2251.17385,2257.15,2239.22155,2245.1977,2021-08-31T10:16:00,2257.15,2258.278575,STOP,1.3967085791619198,-0.01181430892880675,5.976149999999961,-1.188846498163489,False,False,7,16182.380975072478,-49.733074999997825,"{'brokerage': 9.4698500925, 'stt': 3.9395542375000003, 'exchange_transaction': 0.9690813261325, 'sebi': 0.031566166975, 'nse_ipft': 3.1566166975000005e-05, 'gst': 1.8846952473194054, 'stamp_duty': 0.47423850074999996, 'total': 16.769017137343884}",-66.5020921373417,16115.878882935136,41.83304999999973,0.002585098575076179,15758.216950000002
BHARTIARTL,2021-09-24,LONG,2021-09-24T09:55:00,738.5,738.86925,735.0,746.6077499999999,742.7384999999999,2021-09-24T09:56:00,735.0,734.6325,STOP,2.3571233110237935,0.012001920307249225,3.8692499999999654,-1.0949796472184412,False,False,21,16115.878882935136,-88.97174999999822,"{'brokerage': 9.283061024999999, 'stt': 3.8568206250000006, 'exchange_transaction': 0.949966578225, 'sebi': 0.030943536749999997, 'nse_ipft': 3.094353675e-05, 'gst': 1.8475203750321145, 'stamp_duty': 0.4654876275, 'total': 16.433830711043864}",-105.40558071104209,16010.473302224094,81.25424999999927,0.0050418751959000006,15516.25425
LT,2021-10-14,LONG,2021-10-14T09:55:00,1798.55,1799.449275,1786.65,1825.0478249999996,1812.2485499999998,2021-10-14T11:03:00,1799.449275,1798.5495503625,BREAKEVEN,2.6451793559528958,0.010957746478873265,12.799274999999852,-0.07029496885565535,True,False,8,16010.473302224094,-7.197797099999661,"{'brokerage': 8.635197180869998, 'stt': 3.597099100725, 'exchange_transaction': 0.8836685115090299, 'sebi': 0.028783990602899996, 'nse_ipft': 2.87839906029e-05, 'gst': 1.7185821240550552, 'stamp_duty': 0.431867826, 'total': 15.295227517752584}",-22.493024617752248,15987.980277606342,102.39419999999882,0.006395451156698455,14395.5942
LT,2021-10-18,SHORT,2021-10-18T10:00:00,1790.0,1789.105,1798.0,1771.315,1780.21,2021-10-18T12:45:00,1798.0,1798.899,STOP,1.32222994936377,-0.009877431314500806,8.894999999999982,-1.1010680157391668,False,False,8,15987.980277606342,-78.35199999999895,"{'brokerage': 8.611209599999999, 'stt': 3.57821, 'exchange_transaction': 0.8812137824, 'sebi': 0.028704031999999997, 'nse_ipft': 2.8704032000000003e-05, 'gst': 1.7138081013177595, 'stamp_duty': 0.43173575999999997, 'total': 15.244909979749758}",-93.59690997974872,15894.383367626593,71.15999999999985,0.004450843619044897,14312.84
LT,2021-10-19,LONG,2021-10-19T09:55:00,1846.55,1847.4732749999998,1839.1,1864.2198249999997,1855.8465499999998,2021-10-19T10:03:00,1839.1,1838.18045,STOP,4.980444484401136,0.024339706044866904,8.373274999999921,-1.109819634491863,False,False,8,15894.383367626593,-74.34259999999813,"{'brokerage': 8.84556894, 'stt': 3.6763609, 'exchange_transaction': 0.9051965548600001, 'sebi': 0.0294852298, 'nse_ipft': 2.9485229800000002e-05, 'gst': 1.7604504377801642, 'stamp_duty': 0.44339358599999995, 'total': 15.660485133669965}",-90.0030851336681,15804.380282492924,66.98619999999937,0.004214457299201409,14779.786199999999
ICICIBANK,2021-10-25,LONG,2021-10-25T09:55:00,823.5,823.91175,817.65,836.43525,830.1735,2021-10-25T10:32:00,836.43525,836.0170323750001,TARGET_2R,20.460255019784658,0.03456250000000005,6.261750000000006,1.9332107438016692,True,False,19,15804.380282492924,230.0003651250022,"{'brokerage': 9.4615940595375, 'stt': 3.9710809037812504, 'exchange_transaction': 0.9682364587593376, 'sebi': 0.031538646865125, 'nse_ipft': 3.1538646865125004e-05, 'gst': 1.8830521266855889, 'stamp_duty': 0.4696296975, 'total': 16.785163431775665}",213.21520169322653,16017.595484186151,118.97325000000012,0.007527865558372512,15654.32325
LT,2021-10-28,LONG,2021-10-28T09:55:00,1848.05,1848.9740249999998,1839.0,1868.9220749999993,1858.9480499999995,2021-10-28T10:06:00,1848.9740249999998,1848.0495379875,BREAKEVEN,6.665245143725668,0.034703120224500505,9.974024999999756,-0.09268946212786609,True,False,8,16017.595484186151,-7.395896099998936,"{'brokerage': 8.872856551169999, 'stt': 3.696099075975, 'exchange_transaction': 0.90798898706973, 'sebi': 0.029576188503899994, 'nse_ipft': 2.95761885039e-05, 'gst': 1.765881234527784, 'stamp_duty': 0.44375376599999994, 'total': 15.716185379434917}",-23.112081479433854,15994.483402706717,79.79219999999805,0.0049815342183397796,14791.792199999998
LT,2021-11-08,SHORT,2021-11-08T10:30:00,1917.8,1916.8411,1930.0,1890.5233000000003,1903.6822000000002,2021-11-08T12:09:00,1930.0,1930.965,STOP,1.8263302802747345,-0.011596513332133407,13.158899999999903,-1.0733343972520442,False,False,8,15994.483402706717,-112.99119999999857,"{'brokerage': 9.23473464, 'stt': 3.8336822, 'exchange_transaction': 0.94502117816, 'sebi': 0.030782448799999997, 'nse_ipft': 3.07824488e-05, 'gst': 1.8379024288935837, 'stamp_duty': 0.4634316, 'total': 16.345585278302384}",-129.33678527830097,15865.146617428416,105.27119999999923,0.006581719293427406,15334.7288
BHARTIARTL,2021-11-17,LONG,2021-11-17T10:00:00,730.7,731.06535,727.5,738.1960499999999,734.6306999999999,2021-11-17T10:18:00,727.5,727.13625,STOP,1.4217112203859046,0.007521910151128353,3.5653499999999667,-1.1020236442424967,False,False,21,15865.146617428416,-82.51109999999892,"{'brokerage': 9.186670079999999, 'stt': 3.8174653125, 'exchange_transaction': 0.94010257152, 'sebi': 0.0306222336, 'nse_ipft': 3.06222336e-05, 'gst': 1.828336591323648, 'stamp_duty': 0.4605711705, 'total': 16.26379858167725}",-98.77489858167617,15766.37171884674,74.8723499999993,0.004719297703668835,15352.37235
TCS,2022-01-03,LONG,2022-01-03T10:00:00,3802.4,3804.3012,3793.1,3826.7036,3815.5024,2022-01-03T12:02:00,3804.3012,3802.3990494,BREAKEVEN,1.7859084128666889,0.015973333333333395,11.201199999999972,-0.16981668035566888,True,False,4,15766.37171884674,-7.608602399999654,"{'brokerage': 9.128040299279998, 'stt': 3.8023990494, 'exchange_transaction': 0.93410279062632, 'sebi': 0.0304268009976, 'nse_ipft': 3.04268009976e-05, 'gst': 1.8166680571868845, 'stamp_duty': 0.456516144, 'total': 16.1681835682918}",-23.776785968291453,15742.594932878448,44.80479999999989,0.0028417952334868087,15217.2048
SBIN,2022-01-07,LONG,2022-01-07T09:55:00,500.8,501.05039999999997,498.55,506.0511999999999,503.5507999999999,2022-01-07T10:54:00,498.55,498.30072500000006,STOP,1.948354677038701,0.0172256560948425,2.5003999999999564,-1.0996940489521512,False,False,31,15742.594932878448,-85.23992499999724,"{'brokerage': 9.293965462499997, 'stt': 3.8618306187500004, 'exchange_transaction': 0.9510824656625, 'sebi': 0.030979884875, 'nse_ipft': 3.0979884875000004e-05, 'gst': 1.8496905827260268, 'stamp_duty': 0.465976872, 'total': 16.453556866398397}",-101.69348186639564,15640.901451012052,77.51239999999865,0.004923737181226318,15532.562399999999
RELIANCE,2022-01-12,LONG,2022-01-12T10:00:00,2494.45,2495.697225,2485.0,2517.0916749999997,2506.39445,2022-01-12T11:10:00,2517.0916749999997,2515.8331291625,TARGET_2R,1.2587584281046138,0.00918544895399176,10.69722499999989,1.8823483812390869,True,False,6,15640.901451012052,120.8154249750005,"{'brokerage': 9.020754637492498, 'stt': 3.77374969374375, 'exchange_transaction': 0.9231238912367326, 'sebi': 0.030069182124975, 'nse_ipft': 3.0069182124975003e-05, 'gst': 1.7953160004065396, 'stamp_duty': 0.4492255005, 'total': 15.992268974686622}",104.82315600031387,15745.724607012366,64.18334999999934,0.004103558238060909,14974.18335
TCS,2022-01-13,SHORT,2022-01-13T10:05:00,3866.6,3864.6667,3888.25,3817.5001000000007,3841.0834000000004,2022-01-13T12:15:00,3888.25,3890.194125,STOP,5.205632683577807,-0.010962225625319011,23.58329999999978,-1.082436512277756,False,False,4,15745.724607012366,-102.10969999999907,"{'brokerage': 9.305832989999999, 'stt': 3.8646667000000003, 'exchange_transaction': 0.95229690931, 'sebi': 0.031019443299999998, 'nse_ipft': 3.10194433e-05, 'gst': 1.8520524651695938, 'stamp_duty': 0.466823295, 'total': 16.472722822222895}",-118.58242282222196,15627.142184190143,94.33319999999912,0.005991035811587089,15458.6668
LT,2022-01-14,LONG,2022-01-14T10:25:00,2039.7,2040.71985,2029.95,2062.2595499999998,2051.4897,2022-01-14T11:15:00,2029.95,2028.9350250000002,STOP,2.2690012116660965,0.011544190665342624,10.769849999999906,-1.0942422596414836,False,False,7,15627.142184190143,-82.4937749999981,"{'brokerage': 8.5462752375, 'stt': 3.5506362937500002, 'exchange_transaction': 0.8745688326375001, 'sebi': 0.028487584125, 'nse_ipft': 2.8487584125000004e-05, 'gst': 1.7008848255323923, 'stamp_duty': 0.4285511685, 'total': 15.129432429629018}",-97.62320742962712,15529.518976760515,75.38894999999934,0.00482423139889709,14285.03895
INFY,2022-01-24,SHORT,2022-01-24T10:00:00,1744.75,1743.877625,1751.0,1729.6328750000002,1736.7552500000002,2022-01-24T10:35:00,1751.0,1751.8754999999999,STOP,1.3279499393780951,-0.014702549575070889,7.12237499999992,-1.1229224802119917,False,False,8,15529.518976760515,-63.982999999998356,"{'brokerage': 8.3898075, 'stt': 3.48775525, 'exchange_transaction': 0.8585569675000001, 'sebi': 0.027966025, 'nse_ipft': 2.7966025000000005e-05, 'gst': 1.6697445225344998, 'stamp_duty': 0.42045012, 'total': 14.8543083510595}",-78.83730835105786,15450.681668409457,56.97899999999936,0.003669076942129812,13951.021
ICICIBANK,2022-01-25,LONG,2022-01-25T10:00:00,802.6,803.0013,798.1,812.8039,807.9026,2022-01-25T10:04:00,798.1,797.70095,STOP,1.8733682617883536,0.017427122940431028,4.901299999999992,-1.0814171750351924,False,False,19,15450.681668409457,-100.70664999999963,"{'brokerage': 9.124002825, 'stt': 3.7890795125, 'exchange_transaction': 0.933689622425, 'sebi': 0.03041334275, 'nse_ipft': 3.041334275e-05, 'gst': 1.8158645166331948, 'stamp_duty': 0.45771074100000003, 'total': 16.150790973650945}",-116.85744097365057,15333.824227435807,93.12469999999985,0.0060272227464502805,15257.0247
ITC,2022-02-04,SHORT,2022-02-04T10:20:00,233.3,233.18335000000002,234.35,230.85005000000007,232.01670000000004,2022-02-04T10:27:00,234.35,234.46717499999997,STOP,10.048915583361447,-0.02402528977871443,1.1666499999999758,-1.1004371491021105,False,False,65,15333.824227435807,-83.44862499999678,"{'brokerage': 9.119185237499998, 'stt': 3.7892294375000004, 'exchange_transaction': 0.9331966226375, 'sebi': 0.030397284124999997, 'nse_ipft': 3.0397284125e-05, 'gst': 1.8149057174783918, 'stamp_duty': 0.4572109912499999, 'total': 16.144155687775015}",-99.59278068777179,15234.231446748036,75.83224999999842,0.004945423194842468,15156.91775
TCS,2022-02-14,LONG,2022-02-14T10:05:00,3791.4,3793.2956999999997,3765.0,3849.887099999999,3821.5913999999993,2022-02-14T11:02:00,3765.0,3763.1175000000003,STOP,3.2890453034876206,0.014769065520945146,28.29569999999967,-1.0665295433581685,False,False,4,15234.231446748036,-120.71279999999751,"{'brokerage': 9.067695839999999, 'stt': 3.7631175000000003, 'exchange_transaction': 0.9279275409600001, 'sebi': 0.0302256528, 'nse_ipft': 3.0225652800000003e-05, 'gst': 1.804658266694304, 'stamp_duty': 0.455195484, 'total': 16.048850510107105}",-136.76165051010463,15097.46979623793,113.18279999999868,0.007429505085020824,15173.182799999999
TCS,2022-02-15,SHORT,2022-02-15T10:40:00,3749.2,3747.3254,3767.95,3706.076200000001,3726.7008000000005,2022-02-15T11:20:00,3767.95,3769.8339749999996,STOP,1.504944363470645,-0.00813523507659808,20.624599999999646,-1.0913460139832902,False,False,4,15097.46979623793,-90.03429999999753,"{'brokerage': 9.020591249999999, 'stt': 3.7473254000000003, 'exchange_transaction': 0.92310717125, 'sebi': 0.030068637499999995, 'nse_ipft': 3.0068637499999998e-05, 'gst': 1.7952834829297497, 'stamp_duty': 0.45238007699999994, 'total': 15.968786087317248}",-106.00308608731478,14991.466710150617,82.49839999999858,0.005464385828448949,14989.3016
TCS,2022-02-21,SHORT,2022-02-21T10:05:00,3766.25,3764.366875,3787.0,3719.1006250000005,3741.7337500000003,2022-02-21T10:25:00,3719.1006250000005,3720.9601753125003,TARGET_2R,2.1315944817061427,-0.009685039370078807,22.633124999999836,1.917839436114112,True,False,3,14991.466710150617,130.22009906249968,"{'brokerage': 6.7367943452812495, 'stt': 2.8232751562500003, 'exchange_transaction': 0.6893986213337813, 'sebi': 0.0224559811509375, 'nse_ipft': 2.24559811509375e-05, 'gst': 1.3407608526744814, 'stamp_duty': 0.334886415778125, 'total': 11.947593828449726}",118.27250523404996,15109.739215384667,67.89937499999951,0.004529201599335528,11293.100625000001
ITC,2022-03-04,LONG,2022-03-04T10:00:00,221.5,221.61075,219.85,225.13225,223.3715,2022-03-04T13:22:00,225.13225,225.019683875,TARGET_2R,2.4828698748773252,0.013321084060633925,1.7607500000000016,1.9360692176629273,True,False,68,15109.739215384667,231.80750350000017,"{'brokerage': 9.111260851049998, 'stt': 3.825334625875, 'exchange_transaction': 0.93238569375745, 'sebi': 0.030370869503499997, 'nse_ipft': 3.03708695035e-05, 'gst': 1.813328601332481, 'stamp_duty': 0.45208592999999997, 'total': 16.16479694238793}",215.64270655761223,15325.381921942278,119.73100000000011,0.007924094406479931,15069.530999999999
ICICIBANK,2022-03-08,LONG,2022-03-08T10:00:00,652.75,653.076375,650.2,658.8291249999999,655.9527499999999,2022-03-08T10:07:00,658.8291249999999,658.4997104374999,TARGET_2R,1.913069782567428,0.01663298616508624,2.876374999999939,1.8854757941853852,True,False,23,15325.381921942278,124.73671506249707,"{'brokerage': 9.049874989518749, 'stt': 3.786373335015624, 'exchange_transaction': 0.9261038739274187, 'sebi': 0.030166249965062494, 'nse_ipft': 3.01662499650625e-05, 'gst': 1.8011115503390152, 'stamp_duty': 0.45062269875, 'total': 16.044282863765837}",108.69243219873124,15434.07435414101,66.1566249999986,0.004316801064858171,15020.756625
LT,2022-03-09,SHORT,2022-03-09T09:55:00,1652.55,1651.723725,1662.6,1629.9711750000004,1640.8474500000002,2022-03-09T10:07:00,1662.6,1663.4312999999997,STOP,1.4680698232132643,-0.011571726811810401,10.87627499999985,-1.0764324182681884,False,False,9,15434.07435414101,-105.36817499999711,"{'brokerage': 8.950918567499999, 'stt': 3.71637838125, 'exchange_transaction': 0.9159773334075, 'sebi': 0.029836395225, 'nse_ipft': 2.9836395225000002e-05, 'gst': 1.7814171838549904, 'stamp_duty': 0.4491264509999999, 'total': 15.843684148632716}",-121.21185914862983,15312.86249499238,97.88647499999865,0.006342231659246569,14865.513525
INFY,2022-03-14,LONG,2022-03-14T10:50:00,1862.1,1863.0310499999998,1858.6,1871.8931499999997,1867.4620999999997,2022-03-14T11:22:00,1871.8931499999997,1870.9572034249998,TARGET_2R,1.6354403126797237,0.019791979470940024,4.431049999999914,1.7887754426152025,True,False,8,15312.86249499238,63.40922739999951,"{'brokerage': 8.961571808219997, 'stt': 3.7419144068499994, 'exchange_transaction': 0.9170675150411799, 'sebi': 0.029871906027399996, 'nse_ipft': 2.98719060274e-05, 'gst': 1.783537398215029, 'stamp_duty': 0.447127452, 'total': 15.881120358259636}",47.52810704173987,15360.39060203412,35.44839999999931,0.0023149427490511106,14904.248399999999
ITC,2022-03-15,LONG,2022-03-15T10:05:00,241.1,241.22054999999997,240.55,242.5616499999999,241.89109999999994,2022-03-15T10:34:00,240.55,240.42972500000002,STOP,1.3750684850567494,0.008995815899581538,0.6705499999999631,-1.1793676832450959,False,False,63,15360.39060203412,-49.821974999997195,"{'brokerage': 9.103190197499998, 'stt': 3.7867681687500006, 'exchange_transaction': 0.9315597968775, 'sebi': 0.030343967324999995, 'nse_ipft': 3.0343967325e-05, 'gst': 1.8117223750205684, 'stamp_duty': 0.45590683949999994, 'total': 16.119521688940395}",-65.94149668893759,15294.449105345182,42.24464999999768,0.0027502327964500704,15196.894649999998
TCS,2022-03-15,SHORT,2022-03-15T12:45:00,3632.25,3630.433875,3640.55,3610.201625,3620.31775,2022-03-15T13:37:00,3630.433875,3632.2490919375,BREAKEVEN,2.1259303684044015,-0.007911997813610183,10.116125000000011,-0.1794379703196456,True,False,4,15294.449105345182,-7.260867749999306,"{'brokerage': 8.715219560325, 'stt': 3.630433875, 'exchange_transaction': 0.8918574683399251, 'sebi': 0.02905073186775, 'nse_ipft': 2.9050731867750002e-05, 'gst': 1.7345082260276177, 'stamp_duty': 0.4358698910325, 'total': 15.43696880332466}",-22.697836553323967,15271.751268791859,40.464500000000044,0.0026456984309332398,14521.7355
BHARTIARTL,2022-04-07,SHORT,2022-04-07T10:15:00,767.75,767.366125,769.45,763.1983749999999,765.28225,2022-04-07T11:52:00,767.366125,767.7498080624999,BREAKEVEN,1.758888408192417,-0.010064516129032253,2.0838750000000346,-0.18411999880027363,True,False,19,15271.751268791859,-7.289978187498605,"{'brokerage': 8.750160818456248, 'stt': 3.64498909375, 'exchange_transaction': 0.8954331237553562, 'sebi': 0.029167202728187496, 'nse_ipft': 2.91672027281875e-05, 'gst': 1.7414622561856534, 'stamp_duty': 0.43761739059562493, 'total': 15.498859052673799}",-22.788837240172406,15248.962431551687,39.59362500000066,0.00259260541264256,14579.956375
TCS,2022-04-18,SHORT,2022-04-18T10:10:00,3549.65,3547.875175,3562.75,3518.1255250000004,3533.0003500000003,2022-04-18T14:16:00,3547.875175,3549.6491125875,BREAKEVEN,2.032954191336865,-0.020775623268698085,14.874824999999873,-0.1192577114352521,True,False,4,15248.962431551687,-7.0957503499994345,"{'brokerage': 8.517029145104999, 'stt': 3.547875175, 'exchange_transaction': 0.8715759825157451, 'sebi': 0.02839009715035, 'nse_ipft': 2.839009715035e-05, 'gst': 1.6950642506762839, 'stamp_duty': 0.4259578935105, 'total': 15.085920934055027}",-22.18167128405446,15226.780760267633,59.499299999999494,0.0039018589144720604,14191.5007
SBIN,2022-04-22,SHORT,2022-04-22T10:05:00,505.55,505.297225,506.7,502.4916750000001,503.89445000000006,2022-04-22T10:22:00,505.297225,505.5498736125,BREAKEVEN,1.6246360314715518,-0.016962370832520945,1.4027749999999628,-0.18010629823027538,True,False,30,15226.780760267633,-7.579458374999035,"{'brokerage': 9.097623887512498, 'stt': 3.7897291875000003, 'exchange_transaction': 0.9309901778221126, 'sebi': 0.030325412958374997, 'nse_ipft': 3.0325412958375004e-05, 'gst': 1.8106145646670695, 'stamp_duty': 0.45499488625125, 'total': 16.114308442124262}",-23.693766817123297,15203.08699345051,42.083249999998884,0.0027637654119122687,15158.91675
TATASTEEL,2022-05-04,SHORT,2022-05-04T10:10:00,129.6,129.5352,130.46,127.6856,128.6104,2022-05-04T12:12:00,127.6856,127.74944279999998,TARGET_2R,4.246000502722455,-0.028780230543207996,0.9248000000000047,1.9309658304498392,True,False,117,15203.08699345051,208.9335924000024,"{'brokerage': 9.030690962279998, 'stt': 3.7889046000000004, 'exchange_transaction': 0.9241407084733201, 'sebi': 0.0301023032076, 'nse_ipft': 3.0102303207600003e-05, 'gst': 1.7972935337275429, 'stamp_duty': 0.44840054422799996, 'total': 16.01956275421967}",192.91402964578273,15396.001023096293,108.20160000000055,0.007117080895913692,15155.618400000001
SBIN,2022-05-12,SHORT,2022-05-12T10:00:00,464.55,464.31772500000005,466.4,460.1531750000002,462.2354500000001,2022-05-12T10:18:00,464.31772500000005,464.54988386250005,BREAKEVEN,1.502172426904119,-0.019027484143763207,2.0822749999999246,-0.111492892389338,True,False,33,15396.001023096293,-7.661242462500013,"{'brokerage': 9.195789327738751, 'stt': 3.8306212312500008, 'exchange_transaction': 0.941035774538599, 'sebi': 0.030652631092462506, 'nse_ipft': 3.0652631092462506e-05, 'gst': 1.830151509480163, 'stamp_duty': 0.4599043850238751, 'total': 16.288185511754946}",-23.94942797425496,15372.051595122037,68.71507499999751,0.004463176827340728,15322.484925000002
ICICIBANK,2022-05-23,LONG,2022-05-23T10:55:00,719.65,720.009825,716.1,727.8294749999999,723.9196499999999,2022-05-23T13:59:00,720.009825,719.6498200875,BREAKEVEN,1.2775464164734915,0.01388203791135223,3.9098249999999553,-0.0920769887399106,True,False,21,15372.051595122037,-7.560103162500354,"{'brokerage': 9.06985576405125, 'stt': 3.7781615554593753, 'exchange_transaction': 0.9281485731879113, 'sebi': 0.0302328525468375, 'nse_ipft': 3.0232852546837503e-05, 'gst': 1.8050881360749382, 'stamp_duty': 0.45360618975, 'total': 16.06512330392286}",-23.625226466423214,15348.426368655613,82.10632499999906,0.005341273055969549,15120.206325
LT,2022-05-24,SHORT,2022-05-24T10:00:00,1621.35,1620.539325,1629.0,1603.617975,1612.07865,2022-05-24T11:24:00,1629.0,1629.8145,STOP,1.3157316007865494,-0.013801070038910512,8.460675000000037,-1.0962689147142455,False,False,9,15348.426368655613,-83.47657499999991,"{'brokerage': 8.7759553275, 'stt': 3.6462134812499998, 'exchange_transaction': 0.8980727618475, 'sebi': 0.029253184425, 'nse_ipft': 2.9253184425e-05, 'gst': 1.7465958948522464, 'stamp_duty': 0.440049915, 'total': 15.53616981805917}",-99.01274481805908,15249.413623837554,76.14607500000034,0.0049611649540505995,14584.853925
RELIANCE,2022-06-03,LONG,2022-06-03T10:55:00,2804.5,2805.9022499999996,2791.95,2833.8067499999993,2819.8544999999995,2022-06-03T14:21:00,2791.95,2790.554025,STOP,2.228690061912042,0.023323615160349753,13.952249999999822,-1.1000537547707305,False,False,5,15249.413623837554,-76.74112499999865,"{'brokerage': 8.394684412499998, 'stt': 3.4881925312499997, 'exchange_transaction': 0.8590560382125, 'sebi': 0.027982281374999998, 'nse_ipft': 2.7982281375e-05, 'gst': 1.6707151285863973, 'stamp_duty': 0.42088533749999996, 'total': 14.861543711705272}",-91.60266871170391,15157.81095512585,69.76124999999911,0.00457468409742325,14029.511249999998
TCS,2022-06-14,LONG,2022-06-14T10:25:00,3221.0,3222.6105,3209.6,3248.6314999999995,3235.6209999999996,2022-06-14T12:23:00,3222.6105,3220.99919475,BREAKEVEN,1.3561277490298664,0.008934169278996817,13.010499999999865,-0.12384652780446588,True,False,4,15157.81095512585,-6.445220999999947,"{'brokerage': 7.7323316336999985, 'stt': 3.22099919475, 'exchange_transaction': 0.7912752705152999, 'sebi': 0.025774438778999997, 'nse_ipft': 2.5774438779e-05, 'gst': 1.538893281137954, 'stamp_duty': 0.38671326, 'total': 13.696012853321033}",-20.14123385332098,15137.669721272528,52.04199999999946,0.003433345365901971,12890.442
ICICIBANK,2022-06-17,LONG,2022-06-17T10:35:00,680.0,680.3399999999999,678.0,685.0199999999998,682.6799999999998,2022-06-17T11:27:00,680.3399999999999,679.99983,BREAKEVEN,1.8711968698774468,0.016834264432029622,2.339999999999918,-0.1453717948717759,True,False,22,15137.669721272528,-7.483739999998761,"{'brokerage': 8.978242878, 'stt': 3.739999065, 'exchange_transaction': 0.9187735211819998, 'sebi': 0.029927476259999995, 'nse_ipft': 2.9927476259999997e-05, 'gst': 1.7868552845252867, 'stamp_duty': 0.44902439999999993, 'total': 15.902852552443546}",-23.38659255244231,15114.283128720086,51.4799999999982,0.0034007876342852725,14967.479999999998
TATASTEEL,2022-06-22,SHORT,2022-06-22T10:05:00,85.44,85.39728000000001,85.7,84.79184000000002,85.09456000000002,2022-06-22T10:31:00,85.39728000000001,85.43997864,BREAKEVEN,1.4674712181428915,-0.024856815578465086,0.30271999999999366,-0.1410499471458723,True,False,176,15114.283128720086,-7.514960639999572,"{'brokerage': 9.020207256192, 'stt': 3.757480320000001, 'exchange_transaction': 0.9230678758836482, 'sebi': 0.030067357520640003, 'nse_ipft': 3.0067357520640007e-05, 'gst': 1.7952070602516854, 'stamp_duty': 0.4511230872192001, 'total': 15.977183024424695}",-23.49214366442427,15090.790985055663,53.278719999998884,0.0035250576918702103,15029.921280000002
RELIANCE,2022-07-04,LONG,2022-07-04T10:00:00,2422.6,2423.8113,2410.05,2451.333899999999,2437.5725999999995,2022-07-04T10:12:00,2410.05,2408.8449750000004,STOP,5.610842414146109,0.02520019336261803,13.761299999999665,-1.0875662183078474,False,False,6,15090.790985055663,-89.79794999999649,"{'brokerage': 8.698781295, 'stt': 3.613267462500001, 'exchange_transaction': 0.8901752858550002, 'sebi': 0.02899593765, 'nse_ipft': 2.8995937650000005e-05, 'gst': 1.7312366725996766, 'stamp_duty': 0.436286034, 'total': 15.398771683542327}",-105.19672168353881,14985.594263372124,82.56779999999799,0.005471403061758955,14542.8678
ICICIBANK,2022-07-05,LONG,2022-07-05T09:55:00,727.85,728.213925,726.7,731.241775,729.72785,2022-07-05T11:04:00,728.213925,727.8498180375001,BREAKEVEN,1.7180294765183493,0.0067768480741305925,1.513924999999972,-0.24050528427758214,True,False,20,14985.594263372124,-7.282139249998636,"{'brokerage': 8.736382458224998, 'stt': 3.6392490901875005, 'exchange_transaction': 0.8940231382250251, 'sebi': 0.02912127486075, 'nse_ipft': 2.9121274860750006e-05, 'gst': 1.7387200786654138, 'stamp_duty': 0.43692835500000005, 'total': 15.474453516438547}",-22.756592766437183,14962.837670605688,30.27849999999944,0.0020205071262343146,14564.2785
RELIANCE,2022-07-07,SHORT,2022-07-07T09:55:00,2385.25,2384.0573750000003,2393.0,2366.172125000001,2375.1147500000006,2022-07-07T10:01:00,2393.0,2394.1965,STOP,1.6901076623076765,-0.018158209324374508,8.94262499999968,-1.133797402887861,False,False,6,14962.837670605688,-60.83474999999817,"{'brokerage': 8.600856975, 'stt': 3.5760860625000004, 'exchange_transaction': 0.8801543637750001, 'sebi': 0.028669523250000002, 'nse_ipft': 2.8669523250000003e-05, 'gst': 1.711747715678685, 'stamp_duty': 0.43095537, 'total': 15.228498679726934}",-76.0632486797251,14886.774421925962,53.65574999999808,0.0035859341109744274,14304.344250000002
RELIANCE,2022-07-20,SHORT,2022-07-20T09:55:00,2498.7,2497.4506499999998,2505.75,2480.8519499999993,2489.1512999999995,2022-07-20T10:10:00,2497.4506499999998,2498.6993753249994,BREAKEVEN,2.3356926465747434,-0.018897637795275646,8.299350000000231,-0.15046061739770386,True,False,5,14886.774421925962,-6.243626624998342,"{'brokerage': 7.494225037987498, 'stt': 3.1218133124999996, 'exchange_transaction': 0.7669090288873874, 'sebi': 0.024980750126624995, 'nse_ipft': 2.4980750126624998e-05, 'gst': 1.4915051635952943, 'stamp_duty': 0.3748049062987499, 'total': 13.274263180145677}",-19.51788980514402,14867.256532120819,41.49675000000116,0.002787491018798722,12487.253249999998
SBIN,2022-08-04,SHORT,2022-08-04T10:05:00,535.5,535.23225,537.2,531.29675,533.2645,2022-08-04T10:18:00,537.2,537.4686,STOP,1.3822676820110167,-0.01591097213280601,1.9677500000000236,-1.1365010799136013,False,False,27,14867.256532120819,-60.38145000000043,"{'brokerage': 8.688876884999999, 'stt': 3.6128176875, 'exchange_transaction': 0.889161734565, 'sebi': 0.028962922949999997, 'nse_ipft': 2.896292295e-05, 'gst': 1.7292654909788312, 'stamp_duty': 0.435349566, 'total': 15.38446324991678}",-75.7659132499172,14791.490618870901,53.12925000000064,0.003573574578821217,14451.27075
LT,2022-08-19,LONG,2022-08-19T10:15:00,1914.25,1915.207125,1910.6,1924.421375,1919.81425,2022-08-19T10:31:00,1924.421375,1923.4591643125,TARGET_2R,1.8217214850638799,0.013146085211974023,4.607124999999996,1.7911472583227241,True,False,7,14791.490618870901,57.764275187500516,"{'brokerage': 8.06119920755625, 'stt': 3.366053537546875, 'exchange_transaction': 0.8249293855732562, 'sebi': 0.026870664025187497, 'nse_ipft': 2.6870664025187502e-05, 'gst': 1.6043447030073692, 'stamp_duty': 0.40219349624999995, 'total': 14.285617864622962}",43.47865732287755,14834.969276193779,32.249874999999975,0.002180299188971243,13406.449874999998
ICICIBANK,2022-08-23,LONG,2022-08-23T11:00:00,854.45,854.877225,852.0,860.6316749999999,857.7544499999999,2022-08-23T11:05:00,852.0,851.5740000000001,STOP,1.3745926312272878,0.011356242976282127,2.877224999999953,-1.14805932799831,False,False,17,14834.969276193779,-56.15482499999803,"{'brokerage': 8.7029012475, 'stt': 3.6191895000000005, 'exchange_transaction': 0.8905968943275001, 'sebi': 0.029009670825, 'nse_ipft': 2.9009670825000003e-05, 'gst': 1.7320566280181984, 'stamp_duty': 0.43598738475, 'total': 15.409770335091522}",-71.56459533508955,14763.404680858688,48.9128249999992,0.0032971301853985916,14532.912825
ICICIBANK,2022-09-01,LONG,2022-09-01T10:05:00,882.85,883.291425,877.2,895.4742749999999,889.38285,2022-09-01T11:55:00,877.2,876.7614000000001,STOP,2.2296731400016245,0.023117033603708093,6.091424999999958,-1.0720028564744628,False,False,16,14763.404680858688,-104.48039999999855,"{'brokerage': 8.44825356, 'stt': 3.5070456000000005, 'exchange_transaction': 0.8645379476400001, 'sebi': 0.028160845200000003, 'nse_ipft': 2.8160845200000006e-05, 'gst': 1.681376492463336, 'stamp_duty': 0.42397988400000003, 'total': 14.953382490148536}",-119.4337824901471,14643.970898368541,97.46279999999933,0.006601647933309282,14132.6628
ITC,2022-09-05,LONG,2022-09-05T10:00:00,327.35,327.513675,326.1,330.3410249999999,328.92734999999993,2022-09-05T10:15:00,326.1,325.93695,STOP,2.139011750018614,0.006769230769230639,1.4136749999999552,-1.1153376836967503,False,False,44,14643.970898368541,-69.37589999999796,"{'brokerage': 8.625548249999998, 'stt': 3.58530645, 'exchange_transaction': 0.88268110425, 'sebi': 0.028751827499999997, 'nse_ipft': 2.87518275e-05, 'gst': 1.7166617880439499, 'stamp_duty': 0.432318051, 'total': 15.27129622262145}",-84.6471962226194,14559.323702145923,62.20169999999803,0.004247597897570788,14410.6017
INFY,2022-09-12,LONG,2022-09-12T10:15:00,1544.0,1544.772,1540.8,1552.716,1548.744,2022-09-12T10:23:00,1540.8,1540.0296,STOP,1.853676250094025,0.013173417223751649,3.97199999999998,-1.1939577039274636,False,False,9,14559.323702145923,-42.68159999999875,"{'brokerage': 8.328964319999999, 'stt': 3.4650666, 'exchange_transaction': 0.8523306820800001, 'sebi': 0.0277632144, 'nse_ipft': 2.7763214400000004e-05, 'gst': 1.6576354763449916, 'stamp_duty': 0.41708844, 'total': 14.74887649603939}",-57.43047649603814,14501.893225649885,35.74799999999982,0.002455333828090577,13902.948
INFY,2022-09-14,SHORT,2022-09-14T09:55:00,1482.15,1481.4089250000002,1486.5,1471.2267750000005,1476.3178500000004,2022-09-14T11:58:00,1481.4089250000002,1482.1496294625001,BREAKEVEN,3.838763052947904,-0.012024048096192397,5.091074999999819,-0.1454907779791028,True,False,9,14501.893225649885,-6.666340162499409,"{'brokerage': 8.001608097048749, 'stt': 3.3331700812500005, 'exchange_transaction': 0.8188312285979887, 'sebi': 0.0266720269901625, 'nse_ipft': 2.66720269901625e-05, 'gst': 1.5924848444395001, 'stamp_duty': 0.40018039995487503, 'total': 14.172973350308265}",-20.839313512807674,14481.053912137077,45.81967499999837,0.003159565050372588,13332.680325000001
TATASTEEL,2022-09-15,SHORT,2022-09-15T10:00:00,107.5,107.44625,108.05,106.23875000000002,106.84250000000002,2022-09-15T11:02:00,108.05,108.104025,STOP,1.2611953725786802,-0.010584445467096248,0.6037499999999909,-1.089482401656309,False,False,134,14481.053912137077,-88.14184999999821,"{'brokerage': 8.665121055, 'stt': 3.5994493750000003, 'exchange_transaction': 0.8867307212950001, 'sebi': 0.02888373685, 'nse_ipft': 2.8883736850000003e-05, 'gst': 1.724537591438733, 'stamp_duty': 0.43457818049999997, 'total': 15.339329543820583}",-103.4811795438188,14377.572732593258,80.90249999999878,0.005586782598205202,14397.7975
ITC,2022-09-22,LONG,2022-09-22T10:00:00,346.9,347.07345,345.8,349.6203499999999,348.34689999999995,2022-09-22T10:19:00,347.07345,346.899913275,BREAKEVEN,3.9279303977247912,0.022727272727272707,1.2734499999999684,-0.1362729003886819,True,False,41,14377.572732593258,-7.115005724998468,"{'brokerage': 8.535872368282499, 'stt': 3.5557241110687503, 'exchange_transaction': 0.8735042723542424, 'sebi': 0.028452907894274997, 'nse_ipft': 2.8452907894275e-05, 'gst': 1.698814440259004, 'stamp_duty': 0.4269003435, 'total': 15.119296896266667}",-22.234302621265137,14355.338429971993,52.211449999998706,0.0036314509389778907,14230.01145
HDFCBANK,2022-09-23,SHORT,2022-09-23T10:10:00,1454.25,1453.522875,1460.65,1439.2686250000002,1446.3957500000001,2022-09-23T14:04:00,1439.2686250000002,1439.9882593125,TARGET_2R,1.270787978263515,-0.011546167691106057,7.127124999999978,1.899028807197864,True,False,9,14355.338429971993,121.81154118750032,"{'brokerage': 7.81248006264375, 'stt': 3.2704264687500006, 'exchange_transaction': 0.7994771264105438, 'sebi': 0.0260416002088125, 'nse_ipft': 2.6041600208812505e-05, 'gst': 1.5548444695553967, 'stamp_duty': 0.38879683001437504, 'total': 13.852092599183086}",107.95944858831724,14463.29787856031,64.1441249999998,0.0044683115840777115,13081.705875000001
ITC,2022-09-26,SHORT,2022-09-26T10:00:00,340.7,340.52965,341.9,337.78895000000006,339.15930000000003,2022-09-26T11:12:00,337.78895000000006,337.95784447500006,TARGET_2R,1.3661762969014284,-0.015658982166159352,1.3703499999999735,1.8767508483234172,True,False,42,14463.29787856031,108.0158320499977,"{'brokerage': 8.548942430385, 'stt': 3.5755613250000002, 'exchange_transaction': 0.8748417753760651, 'sebi': 0.028496474767950003, 'nse_ipft': 2.8496474767950004e-05, 'gst': 1.701415651860681, 'stamp_duty': 0.4258268840385001, 'total': 15.155113037902966}",92.86071901209473,14556.158597572405,57.55469999999889,0.003979362140173796,14302.2453
LT,2022-10-07,LONG,2022-10-07T09:55:00,1921.1,1922.0605499999997,1913.5,1939.181649999999,1930.6210999999994,2022-10-07T10:45:00,1913.5,1912.5432500000002,STOP,1.806727684510317,0.00648293963254587,8.560549999999694,-1.1117626787998276,False,False,7,14556.158597572405,-66.62109999999666,"{'brokerage': 8.052667979999999, 'stt': 3.3469506875, 'exchange_transaction': 0.82405635662, 'sebi': 0.026842226599999998, 'nse_ipft': 2.68422266e-05, 'gst': 1.6026468129803875, 'stamp_duty': 0.4036327154999999, 'total': 14.256823621426985}",-80.87792362142365,14475.280673950982,59.923849999997856,0.004116735167339522,13454.423849999997
LT,2022-10-17,SHORT,2022-10-17T10:00:00,1889.5,1888.5552500000001,1894.3,1877.0657500000004,1882.8105000000003,2022-10-17T10:42:00,1894.3,1895.24715,STOP,1.3172819149685795,-0.008933732723737431,5.74474999999984,-1.164872274685581,False,False,7,14475.280673950982,-46.843299999998635,"{'brokerage': 7.94598504, 'stt': 3.3049716875000006, 'exchange_transaction': 0.8131391357600001, 'sebi': 0.0264866168, 'nse_ipft': 2.6486616800000005e-05, 'gst': 1.581414710251824, 'stamp_duty': 0.39800190150000003, 'total': 14.070025578428625}",-60.91332557842726,14414.367348372554,40.21324999999888,0.0027780635765056153,13219.886750000001
ITC,2022-10-18,LONG,2022-10-18T10:00:00,338.35,338.519175,336.85,341.857525,340.18835,2022-10-18T10:36:00,338.519175,338.3499154125,BREAKEVEN,1.2550121701274966,0.011678394969306893,1.6691749999999956,-0.10140314077313299,True,False,42,14414.367348372554,-7.10890267499974,"{'brokerage': 8.5285505391975, 'stt': 3.55267411183125, 'exchange_transaction': 0.8727550051778775, 'sebi': 0.028428501797325, 'nse_ipft': 2.8428501797325002e-05, 'gst': 1.69735724544141, 'stamp_duty': 0.42653416050000004, 'total': 15.10632799244716}",-22.2152306674469,14392.152117705107,70.10534999999982,0.004863574536825927,14217.80535
HDFCBANK,2022-10-19,LONG,2022-10-19T10:05:00,1474.2,1474.9370999999999,1471.7,1481.4112999999995,1478.1741999999997,2022-10-19T10:08:00,1471.7,1470.96415,STOP,1.9782824250163078,0.009153005464480835,3.2370999999998276,-1.2273176608693173,False,False,9,14392.152117705107,-35.7565499999987,"{'brokerage': 7.953933374999998, 'stt': 3.3096693375, 'exchange_transaction': 0.813952515375, 'sebi': 0.026513111249999995, 'nse_ipft': 2.651311125e-05, 'gst': 1.5829965926525247, 'stamp_duty': 0.39823301699999997, 'total': 14.085324461888774}",-49.84187446188747,14342.31024324322,29.133899999998448,0.002024290721896843,13274.433899999998
SBIN,2022-10-21,LONG,2022-10-21T10:10:00,564.3,564.58215,562.15,569.4464499999999,567.0142999999999,2022-10-21T14:01:00,562.15,561.868925,STOP,1.456504944899139,0.012830865859129625,2.4321499999999787,-1.115566474107267,False,False,25,14342.31024324322,-67.83062499999915,"{'brokerage': 8.4483830625, 'stt': 3.5116807812500004, 'exchange_transaction': 0.8645512000625, 'sebi': 0.028161276875, 'nse_ipft': 2.8161276875000002e-05, 'gst': 1.6814022661285875, 'stamp_duty': 0.4234366125, 'total': 14.957643360592963}",-82.78826836059211,14259.52197488263,60.80374999999947,0.00423946693167125,14114.55375
TATASTEEL,2022-11-01,LONG,2022-11-01T10:05:00,100.4,100.4502,100.1,101.1506,100.8004,2022-11-01T10:51:00,100.1,100.04995,STOP,2.8326281921150414,0.021308980213089912,0.35020000000000095,-1.1429183323814924,False,False,141,14259.52197488263,-56.43524999999997,"{'brokerage': 8.481156344999999, 'stt': 3.5267607374999996, 'exchange_transaction': 0.8679049993050001, 'sebi': 0.02827052115, 'nse_ipft': 2.827052115e-05, 'gst': 1.687924824475707, 'stamp_duty': 0.424904346, 'total': 15.016950043951857}",-71.45220004395182,14188.069774838677,49.378200000000135,0.003462822953460652,14163.4782
ICICIBANK,2022-11-03,LONG,2022-11-03T10:10:00,906.5,906.9532499999999,904.3,912.2597499999998,909.6064999999999,2022-11-03T10:21:00,906.9532499999999,906.499773375,BREAKEVEN,1.4547122450748184,0.00654791631984919,2.6532499999999573,-0.17091364364454956,True,False,15,14188.069774838677,-6.802149374998407,"{'brokerage': 8.160538605187499, 'stt': 3.39937415015625, 'exchange_transaction': 0.8350951172641875, 'sebi': 0.027201795350624995, 'nse_ipft': 2.7201795350625e-05, 'gst': 1.624115289527579, 'stamp_duty': 0.40812896249999997, 'total': 14.45448112178149}",-21.2566304967799,14166.813144341897,39.79874999999936,0.0028050855846916555,13604.298749999998
BHARTIARTL,2022-11-11,LONG,2022-11-11T09:55:00,836.75,837.168375,834.25,843.0051249999999,840.0867499999999,2022-11-11T10:06:00,834.25,833.8328750000001,STOP,1.3040029236785429,0.0063195907312669775,2.918374999999969,-1.1429305692379994,False,False,16,14166.813144341897,-53.367999999998574,"{'brokerage': 8.020806, 'stt': 3.3353315, 'exchange_transaction': 0.820795814, 'sebi': 0.02673602, 'nse_ipft': 2.673602e-05, 'gst': 1.5963056226036, 'stamp_duty': 0.40184082, 'total': 14.201842512623601}",-67.56984251262217,14099.243301829274,46.693999999999505,0.0032960129793657006,13394.694
INFY,2022-11-11,LONG,2022-11-11T10:10:00,1566.55,1567.333275,1562.25,1577.4998249999999,1572.41655,2022-11-11T10:55:00,1562.25,1561.468875,STOP,1.9896352427468755,0.015032489574241081,5.083274999999958,-1.1536656978030857,False,False,8,14099.243301829274,-46.91519999999946,"{'brokerage': 7.50912516, 'stt': 3.12293775, 'exchange_transaction': 0.76843380804, 'sebi': 0.0250304172, 'nse_ipft': 2.50304172e-05, 'gst': 1.494470594818296, 'stamp_duty': 0.376159986, 'total': 13.296182746475495}",-60.21138274647495,14039.0319190828,40.66619999999966,0.002884282449025014,12538.6662
TCS,2022-11-11,LONG,2022-11-11T11:05:00,3326.1,3327.7630499999996,3320.7,3341.889149999999,3334.8260999999993,2022-11-11T11:30:00,3320.7,3319.03965,STOP,2.9230682015946834,0.022021042329336993,7.063049999999748,-1.2350754985452053,False,False,4,14039.0319190828,-34.893599999997605,"{'brokerage': 7.976163239999999, 'stt': 3.31903965, 'exchange_transaction': 0.81622737156, 'sebi': 0.0265872108, 'nse_ipft': 2.6587210800000002e-05, 'gst': 1.5874207937227436, 'stamp_duty': 0.39933156599999997, 'total': 14.124796419293544}",-49.01839641929115,13990.013522663508,28.252199999998993,0.002012403715785894,13311.052199999998
BHARTIARTL,2022-11-18,SHORT,2022-11-18T10:10:00,837.3,836.88135,840.45,829.7440499999999,833.3127,2022-11-18T11:20:00,836.88135,837.2997906749999,BREAKEVEN,1.43398134848815,-0.017118654038472902,3.568650000000048,-0.11725461308896555,True,False,16,13990.013522663508,-6.6950507999990805,"{'brokerage': 8.036069475239998, 'stt': 3.3475254, 'exchange_transaction': 0.82235777629956, 'sebi': 0.026786898250799995, 'nse_ipft': 2.67868982508e-05, 'gst': 1.5993433686039495, 'stamp_duty': 0.40190389952399996, 'total': 14.234013604816559}",-20.92906440481564,13969.084458258692,57.098400000000765,0.0040813684638333365,13390.1016
TCS,2022-11-28,LONG,2022-11-28T10:05:00,3393.05,3394.746525,3380.55,3423.1395749999997,3408.94305,2022-11-28T15:10:00,3399.45,3397.750275,FORCED_1510,1.2530797752448648,0.007724301841948833,14.196524999999838,0.21158346848964016,True,False,4,13969.084458258692,12.014999999999418,"{'brokerage': 8.150996159999998, 'stt': 3.397750275, 'exchange_transaction': 0.83411860704, 'sebi': 0.0271699872, 'nse_ipft': 2.71699872e-05, 'gst': 1.622216146360896, 'stamp_duty': 0.40736958300000004, 'total': 14.439647928588096}",-2.424647928588678,13966.659810330104,56.78609999999935,0.004065126828439119,13578.9861
TCS,2022-12-01,LONG,2022-12-01T09:55:00,3466.45,3468.1832249999998,3456.6,3491.3496749999995,3479.7664499999996,2022-12-01T15:10:00,3475.0,3473.2625000000003,FORCED_1510,1.7748883898369383,0.012846715328467262,11.583224999999857,0.4385026622551638,True,False,4,13966.659810330104,20.31710000000203,"{'brokerage': 8.32973487, 'stt': 3.4732625, 'exchange_transaction': 0.8524095350299999, 'sebi': 0.027765782899999997, 'nse_ipft': 2.77657829e-05, 'gst': 1.6577888316683218, 'stamp_duty': 0.416181987, 'total': 14.757171272381221}",5.559928727620807,13972.219739057724,46.33289999999943,0.0033173930366464867,13872.732899999999
TCS,2022-12-12,LONG,2022-12-12T10:40:00,3285.05,3286.692525,3280.0,3300.077575,3293.38505,2022-12-12T12:33:00,3286.692525,3285.0491787375,BREAKEVEN,1.426322405107902,0.010735678083243716,6.692524999999932,-0.24554951419681423,True,False,4,13972.219739057724,-6.57338505000007,"{'brokerage': 7.886090044484999, 'stt': 3.2850491787375, 'exchange_transaction': 0.807009881218965, 'sebi': 0.026286966814949998, 'nse_ipft': 2.628696681495e-05, 'gst': 1.569494372307431, 'stamp_duty': 0.394403103, 'total': 13.968359833530661}",-20.541744883530733,13951.677994174193,26.77009999999973,0.0019159518315595204,13146.7701
HDFCBANK,2022-12-26,LONG,2022-12-26T10:25:00,1617.95,1618.758975,1614.15,1627.9769249999997,1623.3679499999998,2022-12-26T10:35:00,1614.15,1613.3429250000002,STOP,1.258364066533161,0.012816505157861924,4.608974999999873,-1.1751094332253837,False,False,8,13951.677994174193,-43.32839999999851,"{'brokerage': 7.757044559999999, 'stt': 3.2266858500000004, 'exchange_transaction': 0.79380422664, 'sebi': 0.0258568152, 'nse_ipft': 2.5856815200000004e-05, 'gst': 1.5438116625579357, 'stamp_duty': 0.388502154, 'total': 13.735731125213134}",-57.064131125211645,13894.613863048982,36.871799999998984,0.0026428218896247142,12950.0718
ICICIBANK,2023-01-05,SHORT,2023-01-05T09:55:00,892.9,892.4535500000001,896.2,884.9606500000001,888.7071000000001,2023-01-05T11:35:00,884.9606500000001,885.403130325,TARGET_2R,1.4189423526823852,-0.0075480075480075515,3.7464499999999816,1.8818934391223938,True,False,15,13894.613863048982,105.75629512500086,"{'brokerage': 8.0003550614625, 'stt': 3.3467008125000004, 'exchange_transaction': 0.8187030012896626, 'sebi': 0.026667850204875, 'nse_ipft': 2.6667850204875002e-05, 'gst': 1.5922354645453036, 'stamp_duty': 0.39843140864625004, 'total': 14.183120266498797}",91.57317485850206,13986.187037907484,56.196749999999724,0.004044498865092471,13386.80325
TATASTEEL,2023-01-10,LONG,2023-01-10T09:55:00,119.2,119.25959999999999,119.0,119.77879999999998,119.51919999999998,2023-01-10T10:01:00,119.0,118.9405,STOP,1.4910646724891634,0.017849553761155823,0.25959999999999184,-1.2291987673343674,False,False,117,13986.187037907484,-37.33469999999903,"{'brokerage': 8.36082351, 'stt': 3.479009625, 'exchange_transaction': 0.85559093919, 'sebi': 0.027869411699999996, 'nse_ipft': 2.78694117e-05, 'gst': 1.6639761114543055, 'stamp_duty': 0.41860119599999995, 'total': 14.805898662756002}",-52.14059866275503,13934.04643924473,30.373199999999045,0.002171656929631857,13953.373199999998
ICICIBANK,2023-01-24,SHORT,2023-01-24T09:55:00,873.75,873.313125,875.5,868.939375,871.12625,2023-01-24T10:32:00,873.313125,873.7497815625,BREAKEVEN,1.2669214687805783,-0.006541524459613202,2.1868749999999864,-0.1996714775649896,True,False,15,13934.04643924473,-6.5498484374990085,"{'brokerage': 7.86178307953125, 'stt': 3.27492421875, 'exchange_transaction': 0.8045224684720313, 'sebi': 0.0262059435984375, 'nse_ipft': 2.6205943598437502e-05, 'gst': 1.564656785558157, 'stamp_duty': 0.393187401703125, 'total': 13.925306103556599}",-20.47515454105561,13913.571284703674,32.803124999999795,0.0023541707818348443,13099.696875
ICICIBANK,2023-01-27,SHORT,2023-01-27T10:15:00,831.05,830.634475,832.95,826.0034249999998,828.3189499999999,2023-01-27T10:57:00,826.0034249999998,826.4164267124997,TARGET_2R,3.7727683994172314,-0.011976404695227205,2.3155250000000933,1.8216379816672417,True,False,16,13913.571284703674,67.48877260000336,"{'brokerage': 7.953844328219998, 'stt': 3.3225379, 'exchange_transaction': 0.8139434029211798, 'sebi': 0.026512814427399993, 'nse_ipft': 2.6512814427399994e-05, 'gst': 1.582978870508941, 'stamp_duty': 0.3966798848219999, 'total': 14.096523713713944}",53.392248886289416,13966.963533589964,37.04840000000149,0.0026627527355778044,13290.1516
ICICIBANK,2023-01-31,SHORT,2023-01-31T10:00:00,816.65,816.241675,820.65,807.425025,811.83335,2023-01-31T10:45:00,820.65,821.0603249999999,STOP,1.315274819243112,-0.008777239709443108,4.408324999999991,-1.093079571038874,False,False,17,13966.963533589964,-81.91704999999888,"{'brokerage': 8.350240199999998, 'stt': 3.4690271187499997, 'exchange_transaction': 0.8545079138, 'sebi': 0.027834133999999996, 'nse_ipft': 2.7834134e-05, 'gst': 1.6618698147481197, 'stamp_duty': 0.41874076574999997, 'total': 14.782247781182116}",-96.699297781181,13870.264235808783,74.94152499999984,0.005365627598279942,13876.108474999999
SBIN,2023-02-01,SHORT,2023-02-01T10:00:00,554.3,554.02285,556.35,549.3685499999998,551.6956999999999,2023-02-01T10:14:00,556.35,556.6281749999999,STOP,1.5043950429492796,-0.014071962949768424,2.327150000000074,-1.1195346238961434,False,False,25,13870.264235808783,-65.13312499999984,"{'brokerage': 8.3298826875, 'stt': 3.4626428125, 'exchange_transaction': 0.8524246616875, 'sebi': 0.027766275624999996, 'nse_ipft': 2.7766275625e-05, 'gst': 1.6578182503958625, 'stamp_duty': 0.41747113125, 'total': 14.748033585233989}",-79.88115858523382,13790.383077223549,58.178750000001855,0.004194494712638718,13850.571249999999
ICICIBANK,2023-02-02,LONG,2023-02-02T10:05:00,844.65,845.072325,839.55,856.116975,850.59465,2023-02-02T10:27:00,845.072325,844.6497888375001,BREAKEVEN,1.6315764150268148,0.026074360212457792,5.5223250000000235,-0.07651417881053864,True,False,16,13790.383077223549,-6.760578599998553,"{'brokerage': 8.11066614642, 'stt': 3.3785991553500003, 'exchange_transaction': 0.82999150231698, 'sebi': 0.0270355538214, 'nse_ipft': 2.7035553821400003e-05, 'gst': 1.6141896428601963, 'stamp_duty': 0.405634716, 'total': 14.3661437523224}",-21.126722352320954,13769.256354871228,88.35720000000038,0.00640716066444396,13521.1572
RELIANCE,2023-02-08,LONG,2023-02-08T10:05:00,2340.2,2341.3700999999996,2335.2,2353.7102999999993,2347.5401999999995,2023-02-08T10:10:00,2335.2,2334.0324,STOP,1.4530819597874636,0.013856463467358582,6.17009999999982,-1.189235182573994,False,False,5,13769.256354871228,-36.68849999999793,"{'brokerage': 7.013103749999999, 'stt': 2.9175405000000003, 'exchange_transaction': 0.71767428375, 'sebi': 0.023377012499999995, 'nse_ipft': 2.3377012499999997e-05, 'gst': 1.39575211618725, 'stamp_duty': 0.35120551499999997, 'total': 12.41867655444975}",-49.107176554447676,13720.14917831678,30.8504999999991,0.0022405349428391568,11706.850499999999
TATASTEEL,2023-03-03,SHORT,2023-03-03T10:00:00,105.2,105.1474,105.5,104.44220000000001,104.79480000000001,2023-03-03T10:04:00,105.5,105.55274999999999,STOP,1.4171206713241802,-0.007547169811320753,0.35259999999999536,-1.149602949517838,False,False,130,13720.14917831678,-52.69549999999796,"{'brokerage': 8.217305849999999, 'stt': 3.4172905, 'exchange_transaction': 0.8409042986499999, 'sebi': 0.0273910195, 'nse_ipft': 2.73910195e-05, 'gst': 1.6354131406505097, 'stamp_duty': 0.411655725, 'total': 14.549987924820007}",-67.24548792481797,13652.903690391962,45.8379999999994,0.003340925773055108,13669.162
HDFCBANK,2023-03-08,LONG,2023-03-08T09:55:00,1635.55,1636.367775,1630.0,1649.1033249999998,1642.7355499999999,2023-03-08T10:29:00,1630.0,1629.1850000000002,STOP,1.455358982589388,0.009197530864197612,6.367774999999938,-1.1279881905374853,False,False,8,13652.903690391962,-57.46219999999812,"{'brokerage': 7.83732666, 'stt': 3.25837, 'exchange_transaction': 0.8020197615400001, 'sebi': 0.0261244222, 'nse_ipft': 2.6124422200000004e-05, 'gst': 1.559789454269196, 'stamp_duty': 0.392728266, 'total': 13.876384688431399}",-71.33858468842952,13581.565105703532,50.9421999999995,0.0037312355785421203,13090.9422
INFY,2023-03-14,SHORT,2023-03-14T10:05:00,1424.95,1424.2375250000002,1429.7,1413.3125750000006,1418.7750500000004,2023-03-14T12:30:00,1429.7,1430.41485,STOP,1.534905268201782,-0.011936155447605845,5.462474999999813,-1.1308655874855018,False,False,9,13581.565105703532,-55.595924999996896,"{'brokerage': 7.707561412499999, 'stt': 3.204534431250001, 'exchange_transaction': 0.7887404512125001, 'sebi': 0.025691871375, 'nse_ipft': 2.5691871375000003e-05, 'gst': 1.5339634968525975, 'stamp_duty': 0.38621200949999995, 'total': 13.646729364561473}",-69.24265436455838,13512.322451338974,49.16227499999832,0.0036197797983792595,12818.137725000002
INFY,2023-03-15,SHORT,2023-03-15T09:55:00,1421.25,1420.539375,1424.4,1412.818125,1416.67875,2023-03-15T10:20:00,1424.4,1425.1122,STOP,1.4709920263567018,-0.013073713490959649,3.8606250000000273,-1.1844779018941063,False,False,9,13512.322451338974,-41.155424999999696,"{'brokerage': 7.683259252499999, 'stt': 3.1962135937500005, 'exchange_transaction': 0.7862535301725001, 'sebi': 0.025610864175, 'nse_ipft': 2.5610864175000003e-05, 'gst': 1.5291268663881012, 'stamp_duty': 0.384780294, 'total': 13.605270011849775}",-54.76069501184947,13457.561756327124,34.745625000000246,0.002571402889853121,12784.854375
TATASTEEL,2023-03-16,SHORT,2023-03-16T10:05:00,104.3,104.24785,104.95,102.84355,103.5457,2023-03-16T11:22:00,104.95,105.002475,STOP,2.4502393377399416,-0.028904428904428903,0.7021500000000032,-1.0747347432884724,False,False,129,13457.561756327124,-97.34662500000056,"{'brokerage': 8.0979875775, 'stt': 3.3619931625, 'exchange_transaction': 0.8286940620975, 'sebi': 0.026993291924999996, 'nse_ipft': 2.6993291925e-05, 'gst': 1.6116663464665963, 'stamp_duty': 0.40635957825, 'total': 14.33372101203102}",-111.68034601203158,13345.881410315093,90.57735000000041,0.0067305914429421155,13447.97265
LT,2023-03-17,LONG,2023-03-17T09:55:00,2215.55,2216.657775,2208.0,2233.9733250000004,2225.3155500000003,2023-03-17T10:40:00,2216.657775,2215.5494461125004,BREAKEVEN,1.7953252767265955,0.014313806191978973,8.657775000000129,-0.12801544132294052,True,False,6,13345.881410315093,-6.649973324998427,"{'brokerage': 7.977972998002501, 'stt': 3.323324169168751, 'exchange_transaction': 0.8164125701289227, 'sebi': 0.026593243326675002, 'nse_ipft': 2.6593243326675006e-05, 'gst': 1.5877809728462566, 'stamp_duty': 0.39899839950000004, 'total': 14.131108946216434}",-20.781082271214864,13325.100328043878,51.94665000000077,0.0038923356504465094,13299.946650000002
RELIANCE,2023-03-20,SHORT,2023-03-20T09:55:00,2195.75,2194.652125,2200.6,2182.7563750000004,2188.7042500000002,2023-03-20T11:04:00,2194.652125,2195.7494510625,BREAKEVEN,1.772550901132154,-0.010925507900677145,5.94787499999984,-0.18449043776140506,True,False,6,13325.100328043878,-6.583956375000525,"{'brokerage': 7.902722836912499, 'stt': 3.2919781875, 'exchange_transaction': 0.8087119703107125, 'sebi': 0.026342409456375, 'nse_ipft': 2.6342409456375e-05, 'gst': 1.5728046406360274, 'stamp_duty': 0.39523490119125004, 'total': 13.997821288416318}",-20.581777663416844,13304.51855038046,35.68724999999904,0.0026781974710458276,13167.91275
ICICIBANK,2023-03-28,SHORT,2023-03-28T10:05:00,848.9,848.47555,851.4,842.62665,845.5511,2023-03-28T10:13:00,851.4,851.8257,STOP,1.4908994397294992,-0.007188358365963432,2.924449999999979,-1.145565832891658,False,False,15,13304.51855038046,-50.252249999999776,"{'brokerage': 7.651355624999999, 'stt': 3.1817833125000003, 'exchange_transaction': 0.7829887256250001, 'sebi': 0.025504518750000003, 'nse_ipft': 2.5504518750000006e-05, 'gst': 1.5227773873008745, 'stamp_duty': 0.38332156500000003, 'total': 13.547756638694622}",-63.8000066386944,13240.718543741767,43.86674999999968,0.003297131710094482,12727.13325
RELIANCE,2023-04-24,SHORT,2023-04-24T10:10:00,2354.0,2352.8230000000003,2361.7,2335.0690000000013,2343.946000000001,2023-04-24T10:40:00,2361.7,2362.8808499999996,STOP,1.522912015999469,-0.0094736842105263,8.876999999999498,-1.1330235439900647,False,False,5,13240.718543741767,-50.28924999999617,"{'brokerage': 7.073555774999999, 'stt': 2.9410287500000005, 'exchange_transaction': 0.723860540975, 'sebi': 0.023578519249999996, 'nse_ipft': 2.357851925e-05, 'gst': 1.4077833144739649, 'stamp_duty': 0.3544321274999999, 'total': 12.524262605718215}",-62.813512605714386,13177.905031136052,44.38499999999749,0.003352159465769785,11764.115000000002
ITC,2023-04-27,LONG,2023-04-27T10:05:00,415.45,415.65772499999997,414.8,417.3731749999999,416.51544999999993,2023-04-27T10:13:00,414.8,414.59260000000006,STOP,1.3735224324272628,0.008491023774866546,0.8577249999999594,-1.24180244250775,False,False,31,13177.905031136052,-33.018874999997195,"{'brokerage': 7.7213280225, 'stt': 3.2130926500000005, 'exchange_transaction': 0.7901492343025001, 'sebi': 0.025737760075, 'nse_ipft': 2.5737760075000004e-05, 'gst': 1.5367033358347633, 'stamp_duty': 0.38656168425, 'total': 13.673598424722337}",-46.69247342471953,13131.212557711333,26.589474999998743,0.0020177315694091397,12885.389475
ITC,2023-05-03,LONG,2023-05-03T10:25:00,427.6,427.8138,426.5,430.44140000000004,429.12760000000003,2023-05-03T13:38:00,426.5,426.28675000000004,STOP,1.4679351540203265,0.008844339622641417,1.3138000000000147,-1.162315420916393,False,False,30,13131.212557711333,-45.81149999999923,"{'brokerage': 7.68690495, 'stt': 3.1971506250000004, 'exchange_transaction': 0.78662660655, 'sebi': 0.0256230165, 'nse_ipft': 2.5623016500000004e-05, 'gst': 1.52985243529197, 'stamp_duty': 0.38503242000000004, 'total': 13.61121567635847}",-59.4227156763577,13071.789842034976,39.41400000000044,0.0030015506813842936,12834.414
BHARTIARTL,2023-06-01,SHORT,2023-06-01T09:55:00,828.15,827.7359250000001,829.55,824.1077750000003,825.9218500000002,2023-06-01T09:59:00,829.55,829.9647749999999,STOP,1.638367488194877,-0.013723969210573395,1.8140749999998889,-1.2286426966911448,False,False,15,13071.789842034976,-33.43274999999778,"{'brokerage': 7.459653149999999, 'stt': 3.10400971875, 'exchange_transaction': 0.76337117235, 'sebi': 0.024865510499999997, 'nse_ipft': 2.48655105e-05, 'gst': 1.48462464570489, 'stamp_duty': 0.37348414874999997, 'total': 13.21003321156539}",-46.64278321156317,13025.147058823413,27.211124999998333,0.0020816678763068445,12416.038875
RELIANCE,2023-07-07,LONG,2023-07-07T10:00:00,2660.55,2661.880275,2656.25,2673.140825,2667.51055,2023-07-07T10:11:00,2656.25,2654.921875,STOP,2.2665343528918678,0.011366223908918283,5.630274999999983,-1.2358898988060092,False,False,4,13025.147058823413,-27.833599999999933,"{'brokerage': 6.3801625799999995, 'stt': 2.654921875, 'exchange_transaction': 0.65290330402, 'sebi': 0.021267208599999997, 'nse_ipft': 2.12672086e-05, 'gst': 1.269783784769148, 'stamp_duty': 0.319425633, 'total': 11.298485652597748}",-39.13208565259768,12986.014973170815,22.521099999999933,0.00172904765668222,10647.5211
ITC,2023-07-12,SHORT,2023-07-12T09:55:00,474.8,474.56260000000003,475.65,472.38780000000014,473.4752000000001,2023-07-12T10:31:00,474.56260000000003,474.7998813,BREAKEVEN,1.251767651447727,-0.0069073783359497876,1.0873999999999455,-0.21820976641526715,True,False,27,12986.014973170815,-6.40659509999864,"{'brokerage': 7.68983609853, 'stt': 3.2032975500000003, 'exchange_transaction': 0.7869265607495701, 'sebi': 0.0256327869951, 'nse_ipft': 2.5632786995100003e-05, 'gst': 1.5304357942310998, 'stamp_duty': 0.384587903853, 'total': 13.620742327145765}",-20.027337427144403,12965.987635743671,29.35979999999853,0.002260878341866697,12813.190200000001
SBIN,2023-07-20,LONG,2023-07-20T10:00:00,605.1,605.40255,603.7,608.80765,607.1051,2023-07-20T10:45:00,605.40255,605.099848725,BREAKEVEN,1.9997411497434272,0.007149983372131796,1.7025499999999738,-0.17779288420311218,True,False,21,12965.987635743671,-6.356726775000084,"{'brokerage': 7.6261651119675, 'stt': 3.17677420580625, 'exchange_transaction': 0.7804108964580075, 'sebi': 0.025420550373225, 'nse_ipft': 2.5420550373225002e-05, 'gst': 1.5177639562828389, 'stamp_duty': 0.3814036065, 'total': 13.507963747938193}",-19.864690522938275,12946.122945220734,35.75354999999945,0.0027574875901806906,12713.45355
LT,2023-07-21,LONG,2023-07-21T10:00:00,2566.0,2567.283,2555.0,2591.8489999999997,2579.566,2023-07-21T10:16:00,2555.0,2553.7225000000003,STOP,9.463110140637898,0.02036082474226797,12.282999999999902,-1.10400553610679,False,False,5,12946.122945220734,-67.80249999999796,"{'brokerage': 7.681508249999999, 'stt': 3.1921531250000004, 'exchange_transaction': 0.78607434425, 'sebi': 0.0256050275, 'nse_ipft': 2.56050275e-05, 'gst': 1.5287783808199493, 'stamp_duty': 0.38509245, 'total': 13.599237182597447}",-81.40173718259541,12864.721208038138,61.41499999999951,0.004743891299338527,12836.414999999999
ITC,2023-07-25,SHORT,2023-07-25T10:05:00,458.6,458.37070000000006,460.4,454.3121000000002,456.34140000000014,2023-07-25T11:08:00,458.37070000000006,458.59988535,BREAKEVEN,11.933327272728047,-0.025432784783073203,2.029299999999921,-0.11293813137533878,True,False,28,12864.721208038138,-6.417189799999051,"{'brokerage': 7.70255291694, 'stt': 3.2085949000000005, 'exchange_transaction': 0.7882279151668601, 'sebi': 0.025675176389800002, 'nse_ipft': 2.5675176389800004e-05, 'gst': 1.5329667030611491, 'stamp_duty': 0.385223903694, 'total': 13.643267190428201}",-20.06045699042725,12844.66075104771,56.82039999999779,0.0044167610849192174,12834.379600000002
SBIN,2023-09-12,SHORT,2023-09-12T09:55:00,586.0,585.707,589.8,577.5210000000001,581.614,2023-09-12T14:24:00,589.8,590.0948999999999,STOP,1.5525980018362884,-0.008843594710688074,4.092999999999961,-1.0720498411922763,False,False,21,12844.66075104771,-92.14589999999885,"{'brokerage': 7.407551969999999, 'stt': 3.07496175, 'exchange_transaction': 0.75803948493, 'sebi': 0.0246918399, 'nse_ipft': 2.46918399e-05, 'gst': 1.4742554376005816, 'stamp_duty': 0.371759787, 'total': 13.111284961270481}",-105.25718496126933,12739.403566086441,85.95299999999918,0.006691729868613944,12299.847
TATASTEEL,2023-09-15,SHORT,2023-09-15T09:55:00,131.15,131.084425,131.8,129.653275,130.36885,2023-09-15T11:55:00,131.084425,131.1499672125,BREAKEVEN,1.3607047498957623,-0.008295625942684737,0.7155750000000012,-0.09159377074379553,True,False,97,12739.403566086441,-6.3575946124991844,"{'brokerage': 7.631020813383749, 'stt': 3.1787973062500003, 'exchange_transaction': 0.7809077965696039, 'sebi': 0.025436736044612503, 'nse_ipft': 2.5436736044612505e-05, 'gst': 1.518730340892122, 'stamp_duty': 0.381646404588375, 'total': 13.516564834464509}",-19.874159446963695,12719.529406639478,69.41077500000011,0.005448510571152522,12715.189225000002
ICICIBANK,2023-09-28,SHORT,2023-09-28T10:00:00,939.4,938.9303,941.2,934.3908999999999,936.6605999999999,2023-09-28T10:04:00,941.2,941.6706,STOP,2.8510076961664215,-0.007191961924907453,2.269700000000057,-1.207340177115909,False,False,13,12719.529406639478,-35.62390000000062,"{'brokerage': 7.33434351, 'stt': 3.051523475, 'exchange_transaction': 0.75054781919, 'sebi': 0.0244478117, 'nse_ipft': 2.44478117e-05, 'gst': 1.459685445966306, 'stamp_duty': 0.36725153400000005, 'total': 12.987824043668006}",-48.61172404366862,12670.91768259581,29.506100000000743,0.002319747771847505,12206.0939
LT,2023-09-28,LONG,2023-09-28T10:05:00,3020.0,3021.5099999999998,3010.0,3044.5299999999993,3033.0199999999995,2023-09-28T10:49:00,3044.5299999999993,3043.0077349999997,TARGET_2R,2.1677869805835885,0.011291401806624357,11.509999999999764,1.8677441355343494,True,False,4,12670.91768259581,85.99093999999968,"{'brokerage': 7.277421281999999, 'stt': 3.0430077349999998, 'exchange_transaction': 0.744722777858, 'sebi': 0.024258070939999998, 'nse_ipft': 2.425807094e-05, 'gst': 1.448356749996409, 'stamp_duty': 0.3625812, 'total': 12.900372073865347}",73.09056792613434,12744.008250521943,46.039999999999054,0.0036335174099692467,12086.039999999999
ICICIBANK,2023-10-04,SHORT,2023-10-04T10:00:00,926.35,925.886825,928.15,921.3604750000002,923.6236500000001,2023-10-04T10:03:00,928.15,928.614075,STOP,2.179820906008976,-0.010053475935828837,2.263174999999933,-1.2050548455156997,False,False,13,12744.008250521943,-35.454249999998865,"{'brokerage': 7.232553509999999, 'stt': 3.00913218125, 'exchange_transaction': 0.74013130919, 'sebi': 0.024108511699999998, 'nse_ipft': 2.41085117e-05, 'gst': 1.4394271390923057, 'stamp_duty': 0.36215948924999997, 'total': 12.807536248994005}",-48.26178624899287,12695.74646427295,29.421274999999127,0.0023086359033700522,12036.528725
SBIN,2023-10-04,SHORT,2023-10-04T10:05:00,595.6,595.3022000000001,597.45,591.0066000000002,593.1544000000001,2023-10-04T11:41:00,591.0066000000002,591.3021033000001,TARGET_2R,1.5353463332363995,-0.006833333333333358,2.147799999999961,1.86241582083995,True,False,21,12695.74646427295,84.00203069999941,"{'brokerage': 7.47560711079, 'stt': 3.1253365500000005, 'exchange_transaction': 0.7650037943375102, 'sebi': 0.024918690369300004, 'nse_ipft': 2.4918690369300007e-05, 'gst': 1.4877998125536926, 'stamp_duty': 0.37252032507900007, 'total': 13.251211201819874}",70.75081949817954,12766.49728377113,45.10379999999918,0.0035526701897305216,12501.346200000002
ITC,2023-10-06,LONG,2023-10-06T09:55:00,441.7,441.92085,440.0,445.7625499999999,443.84169999999995,2023-10-06T15:10:00,442.25,442.028875,FORCED_1510,1.3981465236003074,0.009135548703893992,1.920849999999973,0.05623812374732862,False,False,28,12766.49728377113,3.0247000000015305,"{'brokerage': 7.42517769, 'stt': 3.0942021250000002, 'exchange_transaction': 0.75984318361, 'sebi': 0.0247505923, 'nse_ipft': 2.4750592300000003e-05, 'gst': 1.4777633189704138, 'stamp_duty': 0.37121351399999997, 'total': 13.152975174472715}",-10.128275174471185,12756.36900859666,53.783799999999246,0.0042128861820516445,12373.7838
ITC,2023-10-18,LONG,2023-10-18T10:05:00,457.6,457.8288,456.55,460.3864,459.1076,2023-10-18T10:48:00,456.55,456.321725,STOP,1.5098979466371574,0.007815079801871239,1.2787999999999897,-1.178507194244603,False,False,27,12756.36900859666,-40.69102499999963,"{'brokerage': 7.4046192525, 'stt': 3.08017164375, 'exchange_transaction': 0.7577393701725, 'sebi': 0.024682064174999997, 'nse_ipft': 2.4682064175000002e-05, 'gst': 1.4736717664041015, 'stamp_duty': 0.370841328, 'total': 13.111750107065777}",-53.8027751070654,12702.566233489593,34.52759999999972,0.0027066949832457174,12361.3776
HDFCBANK,2023-10-25,SHORT,2023-10-25T10:05:00,1508.05,1507.295975,1511.55,1498.787925,1503.04195,2023-10-25T10:11:00,1511.55,1512.3057749999998,STOP,1.283256482659519,-0.008547008547008517,4.254024999999956,-1.1776611561990975,False,False,8,12702.566233489593,-40.07839999999851,"{'brokerage': 7.247044199999999, 'stt': 3.0145919500000002, 'exchange_transaction': 0.7416141897999999, 'sebi': 0.024156814, 'nse_ipft': 2.4156814e-05, 'gst': 1.4423110849105196, 'stamp_duty': 0.362953386, 'total': 12.832695781524517}",-52.91109578152303,12649.65513770807,34.03219999999965,0.0026791594213676044,12058.3678
LT,2023-10-27,LONG,2023-10-27T09:55:00,2886.45,2887.893225,2880.0,2903.6796749999994,2895.7864499999996,2023-10-27T10:23:00,2880.0,2878.56,STOP,1.5019886854749422,0.007993995776098384,7.893224999999802,-1.182434936290311,False,False,4,12649.65513770807,-37.33289999999943,"{'brokerage': 6.91974387, 'stt': 2.87856, 'exchange_transaction': 0.70812045603, 'sebi': 0.023065812899999996, 'nse_ipft': 2.30658129e-05, 'gst': 1.3771715768537216, 'stamp_duty': 0.346547187, 'total': 12.253231968596623}",-49.58613196859605,12600.069005739475,31.57289999999921,0.002495949467103002,11551.5729
TATASTEEL,2023-11-15,LONG,2023-11-15T10:05:00,123.5,123.56174999999999,123.2,124.28524999999996,123.92349999999998,2023-11-15T10:09:00,123.2,123.1384,STOP,2.2206421151400675,0.01766639276910431,0.36174999999998647,-1.1702833448514192,False,False,101,12600.069005739475,-42.75834999999849,"{'brokerage': 7.475014544999999, 'stt': 3.1092446000000002, 'exchange_transaction': 0.7649431551049999, 'sebi': 0.024916715149999994, 'nse_ipft': 2.4916715149999997e-05, 'gst': 1.4876818797546267, 'stamp_duty': 0.37439210249999993, 'total': 13.236217914224776}",-55.99456791422326,12544.074437825251,36.536749999998634,0.002899726182718184,12479.736749999998
TCS,2023-11-17,LONG,2023-11-17T10:05:00,3517.8,3519.5589,3511.25,3536.1767,3527.8678,2023-11-17T10:16:00,3511.25,3509.494375,STOP,2.6671298004260433,0.006589762282545042,8.308899999999994,-1.211294515519477,False,False,3,12544.074437825251,-30.193574999999328,"{'brokerage': 6.326147947499999, 'stt': 2.6321207812500003, 'exchange_transaction': 0.6473758066275, 'sebi': 0.021087159825, 'nse_ipft': 2.1087159825000002e-05, 'gst': 1.2590337602002184, 'stamp_duty': 0.316760301, 'total': 11.202546843562542}",-41.39612184356187,12502.67831598169,24.926699999999983,0.0019871294708548853,10558.6767
ICICIBANK,2023-12-01,LONG,2023-12-01T09:55:00,943.8,944.2718999999998,940.35,952.1156999999995,948.1937999999997,2023-12-01T15:10:00,946.2,945.7269000000001,FORCED_1510,2.169052389192745,0.007959826913830792,3.921899999999823,0.37099365103657256,True,False,13,12502.67831598169,18.915000000003488,"{'brokerage': 7.370995319999999, 'stt': 3.0736124250000003, 'exchange_transaction': 0.7542985210800001, 'sebi': 0.0245699844, 'nse_ipft': 2.4569984400000003e-05, 'gst': 1.466979911183592, 'stamp_duty': 0.36826604099999993, 'total': 13.058746772647991}",5.856253227355497,12508.534569209045,50.9846999999977,0.004077902247138994,12275.534699999998
ICICIBANK,2023-12-04,LONG,2023-12-04T10:00:00,975.65,976.1378249999999,972.85,982.7134749999997,979.4256499999998,2023-12-04T10:06:00,972.85,972.3635750000001,STOP,5.936713266584077,0.01380097540728431,3.2878249999998843,-1.1479473512124148,False,False,12,12508.534569209045,-45.290999999997894,"{'brokerage': 7.014605039999999, 'stt': 2.917090725, 'exchange_transaction': 0.7178279157599999, 'sebi': 0.023382016799999995, 'nse_ipft': 2.33820168e-05, 'gst': 1.3960509038238238, 'stamp_duty': 0.351409617, 'total': 12.42038960040062}",-57.71138960039851,12450.823179608646,39.45389999999861,0.0031541584493133324,11713.6539
RELIANCE,2023-12-04,SHORT,2023-12-04T10:35:00,2418.6,2417.3907,2423.8,2404.5720999999994,2410.9813999999997,2023-12-04T10:39:00,2404.5720999999994,2405.774386049999,TARGET_2R,1.6339159124938716,-0.014571428571428457,6.409300000000258,1.8124153885760366,False,False,5,12450.823179608646,58.08156975000429,"{'brokerage': 7.234747629074998, 'stt': 3.021738375, 'exchange_transaction': 0.7403558407086749, 'sebi': 0.024115825430249996, 'nse_ipft': 2.4115825430249998e-05, 'gst': 1.4398638139870834, 'stamp_duty': 0.3608661579074999, 'total': 12.821711757933937}",45.25985799207035,12496.083037600716,32.04650000000129,0.0025738458845424366,12086.9535
SBIN,2023-12-05,LONG,2023-12-05T10:00:00,605.5,605.80275,603.2,611.0082499999997,608.4054999999998,2023-12-05T10:21:00,611.0082499999997,610.7027458749998,TARGET_2R,4.9175482123371586,0.01873792118309403,2.602749999999901,1.8826225626741016,True,False,20,12496.083037600716,97.99991749999663,"{'brokerage': 7.299032975249998, 'stt': 3.053513729374999, 'exchange_transaction': 0.7469343744672499, 'sebi': 0.02433010991749999, 'nse_ipft': 2.4330109917499997e-05, 'gst': 1.4526579221540399, 'stamp_duty': 0.36348165, 'total': 12.939975091273705}",85.05994240872292,12581.14298000944,52.05499999999802,0.004165705352898545,12116.054999999998
ICICIBANK,2023-12-06,SHORT,2023-12-06T10:05:00,1003.7,1003.19815,1006.5,996.5944500000002,999.8963000000001,2023-12-06T11:06:00,1006.5,1007.00325,STOP,1.4605729880271516,-0.012771203155818589,3.301849999999945,-1.1524145554764718,False,False,12,12581.14298000944,-45.6611999999991,"{'brokerage': 7.23672504, 'stt': 3.0095944500000003, 'exchange_transaction': 0.74055819576, 'sebi': 0.024122416799999997, 'nse_ipft': 2.41224168e-05, 'gst': 1.4402573594958237, 'stamp_duty': 0.36252117, 'total': 12.813802754472624}",-58.475002754471724,12522.667977254967,39.62219999999934,0.003149332303349247,12038.3778
BHARTIARTL,2023-12-07,SHORT,2023-12-07T10:00:00,1003.05,1002.548475,1006.5,994.6454250000002,998.5969500000001,2023-12-07T15:10:00,1001.45,1001.950725,FORCED_1510,14.335254124643791,-0.01172413793103444,3.951524999999947,0.1512707119403337,False,False,12,12522.667977254967,7.173000000000229,"{'brokerage': 7.2161971199999995, 'stt': 3.007645425, 'exchange_transaction': 0.7384575052800001, 'sebi': 0.024053990400000003, 'nse_ipft': 2.4053990400000003e-05, 'gst': 1.436171880540672, 'stamp_duty': 0.360702261, 'total': 12.783252236211071}",-5.610252236210842,12517.057725018756,47.41829999999936,0.003786597239991162,12030.5817
INFY,2023-12-13,SHORT,2023-12-13T10:00:00,1454.4,1453.6728000000003,1458.55,1443.918400000001,1448.7956000000006,2023-12-13T10:38:00,1443.918400000001,1444.6403592000008,TARGET_2R,1.8892901192255909,-0.016531165311653218,4.877199999999675,1.851972607233669,True,False,8,12517.057725018756,72.2595263999956,"{'brokerage': 6.955951582080002, 'stt': 2.9073456000000006, 'exchange_transaction': 0.7118257118995203, 'sebi': 0.023186505273600007, 'nse_ipft': 2.318650527360001e-05, 'gst': 1.3843776574365112, 'stamp_duty': 0.3467136862080002, 'total': 12.329423929402907}",59.930102470592686,12576.987827489349,39.0175999999974,0.003117154275162451,11629.382400000002
RELIANCE,2023-12-19,SHORT,2023-12-19T10:00:00,2531.6,2530.3342000000002,2537.7,2515.602600000001,2522.9684000000007,2023-12-19T10:40:00,2537.7,2538.9688499999997,STOP,1.2973833257308314,-0.00921722113502943,7.365799999999581,-1.172262347606506,False,False,4,12576.987827489349,-34.53859999999804,"{'brokerage': 6.083163659999999, 'stt': 2.5303342000000004, 'exchange_transaction': 0.6225104145400001, 'sebi': 0.020277212200000002, 'nse_ipft': 2.0277212200000002e-05, 'gst': 1.2106748815113957, 'stamp_duty': 0.304676262, 'total': 10.771656907463596}",-45.310256907461635,12531.677570581887,29.463199999998324,0.0023426276946536444,10121.336800000001
SBIN,2024-01-17,LONG,2024-01-17T09:55:00,635.45,635.767725,633.1,641.1031750000001,638.4354500000001,2024-01-17T09:56:00,633.1,632.78345,STOP,2.907757244106405,0.02051282051282044,2.6677250000000186,-1.1186591571470088,False,False,19,12531.677570581887,-56.70122500000048,"{'brokerage': 7.2307416975, 'stt': 3.0057213875000004, 'exchange_transaction': 0.7399459003775001, 'sebi': 0.024102472325000002, 'nse_ipft': 2.4102472325000005e-05, 'gst': 1.4390665510814684, 'stamp_duty': 0.3623876032500001, 'total': 12.801989714506293}",-69.50321471450677,12462.17435586738,50.68677500000035,0.0040446919189005915,12079.586775000002
HDFCBANK,2024-01-25,SHORT,2024-01-25T10:05:00,1440.35,1439.629825,1445.0,1428.889475,1434.25965,2024-01-25T10:30:00,1439.629825,1440.3496399125,BREAKEVEN,1.4995342856069414,-0.007160068846815859,5.3701750000000175,-0.13403937720836648,True,False,8,12462.17435586738,-5.758519299999534,"{'brokerage': 6.911950715789999, 'stt': 2.87925965, 'exchange_transaction': 0.70732295658251, 'sebi': 0.023039835719299996, 'nse_ipft': 2.3039835719299998e-05, 'gst': 1.3756205786269549, 'stamp_duty': 0.34568391357899997, 'total': 12.242900690133483}",-18.001419990133016,12444.172935877248,42.96140000000014,0.003447343840103895,11517.0386
RELIANCE,2024-01-30,SHORT,2024-01-30T09:55:00,2871.45,2870.014275,2888.3,2833.4428249999996,2851.72855,2024-01-30T11:45:00,2870.014275,2871.4492821374997,BREAKEVEN,1.8295026367239504,-0.017774581321278182,18.285725000000184,-0.07847690684945277,True,False,4,12444.172935877248,-5.740028549998897,"{'brokerage': 6.889756268565, 'stt': 2.870014275, 'exchange_transaction': 0.705051724816485, 'sebi': 0.02296585422855, 'nse_ipft': 2.296585422855e-05, 'gst': 1.3712034264235673, 'stamp_duty': 0.3445739138565, 'total': 12.203588428744332}",-17.94361697874323,12426.229318898504,73.14290000000074,0.005877682701525761,11480.0571
SBIN,2024-02-12,SHORT,2024-02-12T10:25:00,712.75,712.393625,717.0,703.1808750000001,707.7872500000001,2024-02-12T11:01:00,717.0,717.3584999999999,STOP,1.294889177690315,-0.018250688705234164,4.606374999999957,-1.0778269246424659,False,False,17,12426.229318898504,-84.40287499999818,"{'brokerage': 7.291735837499999, 'stt': 3.0276729062500003, 'exchange_transaction': 0.7461876340375, 'sebi': 0.024305786125, 'nse_ipft': 2.4305786125e-05, 'gst': 1.4512056414207524, 'stamp_duty': 0.365852835, 'total': 12.906984946119378}",-97.30985994611756,12328.919458952387,78.30837499999927,0.006301861408665903,12110.691625000001
INFY,2024-02-19,SHORT,2024-02-19T09:55:00,1690.25,1689.4048750000002,1695.5,1677.2146250000005,1683.3097500000003,2024-02-19T10:08:00,1695.5,1696.34775,STOP,1.6654077051612237,-0.00812316715542516,6.095124999999825,-1.139086565082739,False,False,7,12328.919458952387,-48.600124999998116,"{'brokerage': 7.1100805125, 'stt': 2.9564585312500005, 'exchange_transaction': 0.7275982391125, 'sebi': 0.023700268375, 'nse_ipft': 2.3700268375000002e-05, 'gst': 1.4150524896460575, 'stamp_duty': 0.35623302749999997, 'total': 12.589146768651934}",-61.18927176865005,12267.730187183737,42.66587499999878,0.0034606337677887777,11825.834125000001
LT,2024-02-26,LONG,2024-02-26T10:05:00,3459.85,3461.5799249999995,3435.6,3513.539774999999,3487.559849999999,2024-02-26T15:10:00,3470.65,3468.9146750000004,FORCED_1510,1.6345370576826475,0.016470588235294015,25.97992499999964,0.2823237557460615,True,False,3,12267.730187183737,22.004250000002685,"{'brokerage': 6.237445139999999, 'stt': 2.6016860062500005, 'exchange_transaction': 0.63829855266, 'sebi': 0.0207914838, 'nse_ipft': 2.0791483800000002e-05, 'gst': 1.241380074229884, 'stamp_duty': 0.31154219324999993, 'total': 11.051164241673685}",10.953085758329,12278.683272942066,77.93977499999892,0.006353235179676812,10384.739774999998
BHARTIARTL,2024-02-29,LONG,2024-02-29T10:00:00,1134.6,1135.1672999999998,1131.65,1142.2018999999993,1138.6845999999996,2024-02-29T10:08:00,1131.65,1131.0841750000002,STOP,1.8897512586941108,0.017071099789963018,3.51729999999975,-1.160869132573265,False,False,10,12278.683272942066,-40.831249999996544,"{'brokerage': 6.798754425, 'stt': 2.8277104375000004, 'exchange_transaction': 0.6957392028250001, 'sebi': 0.02266251475, 'nse_ipft': 2.2662514750000004e-05, 'gst': 1.353092184916155, 'stamp_duty': 0.34055019, 'total': 12.038531617505907}",-52.869781617502454,12225.813491324563,35.1729999999975,0.002864557967506705,11351.672999999999
BHARTIARTL,2024-03-19,LONG,2024-03-19T10:15:00,1235.75,1236.367875,1232.15,1244.8036249999996,1240.5857499999997,2024-03-19T10:21:00,1232.15,1231.5339250000002,STOP,1.4847621891209157,0.018212465055089444,4.217874999999822,-1.1460628871173129,False,False,9,12225.813491324563,-43.505549999997584,"{'brokerage': 6.663334859999999, 'stt': 2.7709513312500005, 'exchange_transaction': 0.68188126734, 'sebi': 0.0222111162, 'nse_ipft': 2.2211116200000002e-05, 'gst': 1.3261409018381156, 'stamp_duty': 0.33381932625, 'total': 11.798361013994313}",-55.30391101399189,12170.50958031057,37.960874999998396,0.0031049774337663038,11127.310875
LT,2024-03-28,LONG,2024-03-28T09:55:00,3746.9,3748.7734499999997,3727.4,3791.520349999999,3770.1468999999993,2024-03-28T12:37:00,3791.520349999999,3789.624589824999,TARGET_2R,1.2916495626181626,0.007621642767533077,21.373449999999593,1.9113030336702832,True,False,3,12170.50958031057,122.55341947499801,"{'brokerage': 6.784558235842498, 'stt': 2.8422184423687495, 'exchange_transaction': 0.6942864594678824, 'sebi': 0.022615194119474994, 'nse_ipft': 2.2615194119474997e-05, 'gst': 1.3502668508323155, 'stamp_duty': 0.33738961049999994, 'total': 12.03135740832504}",110.52206206667297,12281.031642377244,64.12034999999878,0.005268501666005224,11246.320349999998
HDFCBANK,2024-04-02,LONG,2024-04-02T10:15:00,1489.25,1489.9946249999998,1486.45,1497.0838749999994,1493.5392499999996,2024-04-02T10:24:00,1486.45,1485.706775,STOP,1.4902948447083284,0.0200662048254443,3.544624999999769,-1.2096766230560319,False,False,8,12281.031642377244,-34.30279999999766,"{'brokerage': 7.141683359999999, 'stt': 2.9714135500000003, 'exchange_transaction': 0.73083226384, 'sebi': 0.0238056112, 'nse_ipft': 2.38056112e-05, 'gst': 1.4213421073172157, 'stamp_duty': 0.35759871, 'total': 12.646699407968415}",-46.94949940796607,12234.082142969277,28.356999999998152,0.0023090079747167787,11919.956999999999
INFY,2024-04-04,SHORT,2024-04-04T09:55:00,1477.55,1476.8112250000001,1482.5,1465.4336750000004,1471.1224500000003,2024-04-04T10:23:00,1476.8112250000001,1477.5496306125,BREAKEVEN,1.437507625745865,-0.007480460232799913,5.6887749999998505,-0.12980046011662713,True,False,8,12234.082142969277,-5.907244899999569,"{'brokerage': 7.09046605347, 'stt': 2.9536224500000006, 'exchange_transaction': 0.7255910261384301, 'sebi': 0.023634886844899998, 'nse_ipft': 2.36348868449e-05, 'gst': 1.4111488082412313, 'stamp_duty': 0.35461191134700004, 'total': 12.559098770928404}",-18.466343670927973,12215.615799298348,45.510199999998804,0.003719952136021316,11814.489800000001
INFY,2024-04-09,LONG,2024-04-09T10:15:00,1507.25,1508.0036249999998,1502.25,1519.5108749999995,1513.7572499999997,2024-04-09T11:30:00,1508.0036249999998,1507.2496231875,BREAKEVEN,2.241294041309371,0.01342281879194629,5.753624999999829,-0.1310481326989262,True,False,8,12215.615799298348,-6.032014499998695,"{'brokerage': 7.236607795649999, 'stt': 3.014499246375, 'exchange_transaction': 0.7405461977548499, 'sebi': 0.024122025985499996, 'nse_ipft': 2.4122025985499997e-05, 'gst': 1.44023402545494, 'stamp_duty': 0.36192086999999995, 'total': 12.817954283246273}",-18.849968783244968,12196.765830515104,46.02899999999863,0.0037680458158026293,12064.028999999999
ITC,2024-04-19,LONG,2024-04-19T10:05:00,423.15,423.36157499999996,421.85,426.38472499999983,424.8731499999999,2024-04-19T10:30:00,423.36157499999996,423.1498942125,BREAKEVEN,1.64993922633871,0.012679425837320624,1.5115749999999366,-0.14003988389592384,True,False,28,12196.765830515104,-5.927062049999222,"{'brokerage': 7.110696341384999, 'stt': 2.9620492594875, 'exchange_transaction': 0.727661258935065, 'sebi': 0.023702321137949997, 'nse_ipft': 2.370232113795e-05, 'gst': 1.4151750522802473, 'stamp_duty': 0.355623723, 'total': 12.594931658546901}",-18.521993708546123,12178.243836806558,42.324099999998225,0.003470108435968124,11854.124099999999
SBIN,2024-05-22,SHORT,2024-05-22T10:10:00,819.7,819.29015,821.7,814.47045,816.8803,2024-05-22T11:37:00,814.47045,814.8776852249999,TARGET_2R,1.8059973432341312,-0.009376323271429454,2.409850000000006,1.8310122103035842,True,False,14,12178.243836806558,61.774506850001444,"{'brokerage': 6.863504907944999, 'stt': 2.8675155250000004, 'exchange_transaction': 0.7023653355797049, 'sebi': 0.022878349693149995, 'nse_ipft': 2.287834969315e-05, 'gst': 1.3659788648821585, 'stamp_duty': 0.34224862779449994, 'total': 12.164514489244207}",49.60999236075724,12227.853829167316,33.73790000000008,0.0027703419681935856,11470.062100000001
INFY,2024-05-23,LONG,2024-05-23T10:10:00,1463.3,1464.03165,1460.25,1471.5949499999997,1467.8132999999998,2024-05-23T11:22:00,1471.5949499999997,1470.8591525249997,TARGET_2R,1.3235695222113355,0.007149240393208078,3.7816499999998996,1.80542951489428,True,False,8,12227.853829167316,54.62002019999818,"{'brokerage': 7.043737926059999, 'stt': 2.9417183050499993, 'exchange_transaction': 0.7208091811001398, 'sebi': 0.023479126420199992, 'nse_ipft': 2.3479126420199995e-05, 'gst': 1.4018489482872165, 'stamp_duty': 0.351367596, 'total': 12.482984562043976}",42.137035637954206,12269.99086480527,30.253199999999197,0.0024741218224113627,11712.2532
ICICIBANK,2024-06-03,SHORT,2024-06-03T10:05:00,1139.5,1138.9302500000001,1145.95,1124.8907500000003,1131.9105000000002,2024-06-03T10:33:00,1145.95,1146.522975,STOP,4.401044598947872,-0.028803418803418857,7.019749999999931,-1.0816232771822427,False,False,10,12269.99086480527,-75.92724999999973,"{'brokerage': 6.856359675, 'stt': 2.8473256250000003, 'exchange_transaction': 0.7016341400750001, 'sebi': 0.022854532250000004, 'nse_ipft': 2.2854532250000006e-05, 'gst': 1.364556816334305, 'stamp_duty': 0.3439568925, 'total': 12.136710535691556}",-88.06396053569128,12181.926904269578,70.19749999999931,0.005721071904083555,11389.302500000002
TCS,2024-06-10,SHORT,2024-06-10T10:35:00,3858.25,3856.3208750000003,3867.25,3834.462625000001,3845.3917500000007,2024-06-10T11:15:00,3867.25,3869.1836249999997,STOP,1.3109321598713706,-0.010526315789473717,10.929124999999658,-1.1769240446970572,False,False,3,12181.926904269578,-38.58824999999797,"{'brokerage': 6.952954049999999, 'stt': 2.8922406562500003, 'exchange_transaction': 0.7115189644500001, 'sebi': 0.0231765135, 'nse_ipft': 2.31765135e-05, 'gst': 1.3837810868034297, 'stamp_duty': 0.34822652625, 'total': 12.311920973766927}",-50.9001709737649,12131.026733295814,32.787374999998974,0.0026914769114652548,11568.962625
BHARTIARTL,2024-06-20,SHORT,2024-06-20T09:55:00,1391.8,1391.1041,1396.95,1379.4123,1385.2582,2024-06-20T12:12:00,1379.4123,1380.1020061499999,TARGET_2R,2.1070937607334352,-0.011309079270244382,5.845900000000029,1.8820188251595324,True,False,8,12131.026733295814,88.01675080000132,"{'brokerage': 6.650894654759998, 'stt': 2.7822082, 'exchange_transaction': 0.6806082196704399, 'sebi': 0.0221696488492, 'nse_ipft': 2.21696488492e-05, 'gst': 1.3236650447271276, 'stamp_duty': 0.331224481476, 'total': 11.790792419131613}",76.22595838086971,12207.252691676684,46.76720000000023,0.003855172445679237,11128.8328
RELIANCE,2024-06-27,LONG,2024-06-27T10:05:00,3060.25,3061.7801249999998,3048.8,3087.740374999999,3074.7602499999994,2024-06-27T10:43:00,3048.8,3047.2756000000004,STOP,1.8415482288493574,0.00956234516928145,12.980124999999589,-1.1174410878169383,False,False,3,12207.252691676684,-43.51357499999813,"{'brokerage': 5.498150152499999, 'stt': 2.2854567, 'exchange_transaction': 0.5626440322725, 'sebi': 0.018327167175000002, 'nse_ipft': 1.8327167175000005e-05, 'gst': 1.0942451422406414, 'stamp_duty': 0.27556021125, 'total': 9.734401732605317}",-53.24797673260345,12154.00471494408,38.94037499999877,0.003189937652929035,9185.340375
TCS,2024-07-12,LONG,2024-07-12T09:55:00,4041.6,4043.6207999999997,4021.1,4088.6623999999993,4066.1415999999995,2024-07-12T10:53:00,4088.6623999999993,4086.6180687999995,TARGET_2R,6.3521977421166,0.014057788944723537,22.52079999999978,1.9092247522290602,True,False,3,12154.00471494408,128.9918063999994,"{'brokerage': 7.3172149819199985, 'stt': 3.0649635516, 'exchange_transaction': 0.7487949998164799, 'sebi': 0.024390716606399996, 'nse_ipft': 2.4390716606399998e-05, 'gst': 1.456276516030707, 'stamp_duty': 0.36392587199999993, 'total': 12.97559102869019}",116.01621537130922,12270.02093031539,67.56239999999934,0.005558859123769082,12130.862399999998
BHARTIARTL,2024-07-16,LONG,2024-07-16T10:20:00,1467.15,1467.883575,1462.9,1477.850725,1472.86715,2024-07-16T10:46:00,1462.9,1462.16855,STOP,1.4060449778980562,0.011983471074380248,4.983574999999973,-1.1467721465012564,False,False,8,12270.02093031539,-45.72019999999975,"{'brokerage': 7.0321251, 'stt': 2.9243371000000002, 'exchange_transaction': 0.7196208019000001, 'sebi': 0.023440417, 'nse_ipft': 2.3440417000000003e-05, 'gst': 1.39953775667706, 'stamp_duty': 0.352292058, 'total': 12.451376673994059}",-58.17157667399381,12211.849353641395,39.86859999999979,0.0032492691109839047,11743.0686
ITC,2024-07-18,LONG,2024-07-18T10:15:00,466.6,466.8333,465.35,469.7999,468.3166,2024-07-18T13:12:00,469.7999,469.56500005,TARGET_2R,2.103777958548596,0.008531317494600454,1.4832999999999856,1.841636924425267,True,False,26,12211.849353641395,71.02420129999928,"{'brokerage': 7.3039067403899995, 'stt': 3.0521725003249998, 'exchange_transaction': 0.7474331230999101, 'sebi': 0.0243463558013, 'nse_ipft': 2.43463558013e-05, 'gst': 1.453627901816462, 'stamp_duty': 0.364129974, 'total': 12.945640941788474}",58.0785603582108,12269.927913999607,38.565799999999626,0.0031580638511971054,12137.6658
RELIANCE,2024-07-22,SHORT,2024-07-22T09:55:00,3020.0,3018.4900000000002,3033.55,2988.3700000000003,3003.4300000000003,2024-07-22T15:10:00,3002.6,3004.1013,FORCED_1510,2.094908004550369,-0.018360709058383384,15.059999999999945,0.9554249667995006,True,False,4,12269.927913999607,57.554800000001705,"{'brokerage': 7.227109559999999, 'stt': 3.0184900000000003, 'exchange_transaction': 0.73957421164, 'sebi': 0.024090365199999998, 'nse_ipft': 2.4090365200000003e-05, 'gst': 1.4383436808969357, 'stamp_duty': 0.360492156, 'total': 12.808124064102133}",44.746675935899574,12314.674589935506,60.23999999999978,0.004909564295913085,12073.960000000001
SBIN,2024-07-29,LONG,2024-07-29T10:05:00,880.5,880.94025,876.6,889.6207499999999,885.2805,2024-07-29T10:37:00,880.94025,880.4997798750001,BREAKEVEN,1.487285327503312,0.017839616650308976,4.340249999999969,-0.10148496630376973,True,False,13,12314.674589935506,-5.726111624999135,"{'brokerage': 6.8696161165125, 'stt': 2.8616242845937503, 'exchange_transaction': 0.7029907159231126, 'sebi': 0.022898720388375, 'nse_ipft': 2.2898720388375e-05, 'gst': 1.3671951212779876, 'stamp_duty': 0.34356669749999996, 'total': 12.167914554916113}",-17.894026179915247,12296.780563755592,56.4232499999996,0.004581789765367652,11452.22325
BHARTIARTL,2024-09-02,SHORT,2024-09-02T09:55:00,1580.0,1579.21,1586.9,1563.83,1571.52,2024-09-02T10:43:00,1579.21,1579.999605,BREAKEVEN,1.2555375017880437,-0.015420560747663514,7.690000000000055,-0.10267945383614202,True,False,7,12296.780563755592,-5.527234999999564,"{'brokerage': 6.6343401705, 'stt': 2.7636175000000005, 'exchange_transaction': 0.6789141441145, 'sebi': 0.022114467234999997, 'nse_ipft': 2.2114467235e-05, 'gst': 1.3203703613370121, 'stamp_duty': 0.33179991704999995, 'total': 11.751178674703748}",-17.278413674703312,12279.502150080889,53.83000000000038,0.004377568561210465,11054.470000000001
ITC,2024-09-04,LONG,2024-09-04T09:55:00,507.2,507.45359999999994,505.6,511.16079999999977,509.30719999999985,2024-09-04T15:10:00,507.0,506.7465,FORCED_1510,1.6813551696697617,0.020100000000000007,1.8535999999999149,-0.3814738886490851,False,False,24,12279.502150080889,-16.97039999999788,"{'brokerage': 7.3022407199999995, 'stt': 3.0404790000000004, 'exchange_transaction': 0.74726263368, 'sebi': 0.0243408024, 'nse_ipft': 2.43408024e-05, 'gst': 1.4532963294388315, 'stamp_duty': 0.365366592, 'total': 12.933010418321231}",-29.903410418319112,12249.59873966257,44.48639999999796,0.0036228178843313212,12178.8864
SBIN,2024-09-06,SHORT,2024-09-06T09:55:00,801.65,801.249175,805.55,792.6475250000002,796.9483500000001,2024-09-06T10:36:00,792.6475250000002,793.0438487625001,TARGET_2R,3.3914511118682267,-0.011090573012939031,4.300824999999918,1.907849363203582,True,False,15,12249.59873966257,123.07989356249834,"{'brokerage': 7.17431860693125, 'stt': 3.00468440625, 'exchange_transaction': 0.7341719374426314, 'sebi': 0.023914395356437503, 'nse_ipft': 2.3914395356437504e-05, 'gst': 1.4278371937426215, 'stamp_duty': 0.3568697319431251, 'total': 12.721820186061422}",110.35807337643692,12359.956813039007,64.51237499999877,0.005266488835353952,12018.737625
SBIN,2024-09-11,LONG,2024-09-11T10:35:00,787.5,787.89375,784.25,795.1812499999999,791.5374999999999,2024-09-11T10:58:00,784.25,783.857875,STOP,1.417235415384322,0.00820460226908537,3.6437499999999545,-1.1076157804459608,False,False,15,12359.956813039007,-60.538124999998786,"{'brokerage': 7.072882312499999, 'stt': 2.9394670312500004, 'exchange_transaction': 0.7237916233125, 'sebi': 0.023576274375, 'nse_ipft': 2.3576274375e-05, 'gst': 1.4076492815631374, 'stamp_duty': 0.3545521875, 'total': 12.52194228677501}",-73.0600672867738,12286.896745752234,54.65624999999932,0.004422042150045402,11818.40625
ICICIBANK,2024-09-23,SHORT,2024-09-23T10:00:00,1323.25,1322.588375,1325.8,1316.1651250000002,1319.3767500000001,2024-09-23T11:11:00,1316.1651250000002,1316.8232075625,TARGET_2R,1.5490174315843557,-0.007099924868519958,3.2116249999999127,1.7950935858016104,True,False,9,12286.896745752234,51.88650693749946,"{'brokerage': 7.12641127291875, 'stt': 2.97582384375, 'exchange_transaction': 0.7292694202620188, 'sebi': 0.0237547042430625, 'nse_ipft': 2.3754704243062503e-05, 'gst': 1.4183026473830531, 'stamp_duty': 0.35554226604187505, 'total': 12.629127909303001}",39.25737902819646,12326.15412478043,28.904624999999214,0.0023524756167575007,11903.295375
LT,2024-09-24,LONG,2024-09-24T10:10:00,3812.0,3813.906,3802.8,3836.1179999999995,3825.0119999999997,2024-09-24T10:46:00,3813.906,3811.9990470000002,BREAKEVEN,1.5694829185106824,0.007946775087784186,11.105999999999767,-0.17170475418690284,True,False,3,12326.15412478043,-5.720858999999109,"{'brokerage': 6.8633145422999995, 'stt': 2.85899928525, 'exchange_transaction': 0.7023458548287, 'sebi': 0.022877715141, 'nse_ipft': 2.2877715141000002e-05, 'gst': 1.3659409781972711, 'stamp_duty': 0.34325154, 'total': 12.156752793432112}",-17.87761179343122,12308.276512987,33.3179999999993,0.0027030328894733662,11441.718
HDFCBANK,2024-09-25,LONG,2024-09-25T10:05:00,1784.35,1785.2421749999999,1780.05,1795.6265249999997,1790.4343499999998,2024-09-25T11:06:00,1780.05,1779.159975,STOP,1.3254795167188194,0.015169161719171598,5.1921749999999065,-1.1714166028687283,False,False,6,12308.276512987,-36.49319999999898,"{'brokerage': 6.415923869999999, 'stt': 2.6687399624999997, 'exchange_transaction': 0.65656287603, 'sebi': 0.0213864129, 'nse_ipft': 2.13864129e-05, 'gst': 1.2769010181617217, 'stamp_duty': 0.3213435915, 'total': 11.36087911750462}",-47.8540791175036,12260.422433869497,31.15304999999944,0.002531065171238922,10711.45305
ICICIBANK,2024-09-26,LONG,2024-09-26T10:05:00,1331.55,1332.215775,1326.5,1343.6473249999997,1337.9315499999998,2024-09-26T10:51:00,1326.5,1325.8367500000002,STOP,1.5514672406799188,0.00787878787878804,5.715774999999894,-1.1160385074639654,False,False,9,12260.422433869497,-57.41122499999756,"{'brokerage': 7.1767418175, 'stt': 2.9831326875000004, 'exchange_transaction': 0.7344199126575001, 'sebi': 0.023922472724999998, 'nse_ipft': 2.3922472725000003e-05, 'gst': 1.4283194625639406, 'stamp_duty': 0.35969825925, 'total': 12.706258534669168}",-70.11748353466672,12190.30495033483,51.44197499999905,0.00419577508666343,11989.941975
SBIN,2024-09-30,SHORT,2024-09-30T09:55:00,792.25,791.853875,797.0,781.561625,786.70775,2024-09-30T15:10:00,788.25,788.6441249999999,FORCED_1510,1.5887298150885574,-0.009041027559546055,5.146124999999984,0.6237217323714658,True,False,15,12190.30495033483,48.14625000000149,"{'brokerage': 7.112240999999998, 'stt': 2.96945203125, 'exchange_transaction': 0.7278193289999999, 'sebi': 0.023707469999999998, 'nse_ipft': 2.3707469999999997e-05, 'gst': 1.4154824711645995, 'stamp_duty': 0.35488985624999997, 'total': 12.603615865134596}",35.54263413486689,12225.847584469697,77.19187499999975,0.006332234945269317,11877.808125
LT,2024-10-14,LONG,2024-10-14T10:05:00,3549.65,3551.424825,3539.05,3576.174475,3563.79965,2024-10-14T10:30:00,3539.05,3537.2804750000005,STOP,1.500264509576827,0.01185185185185178,12.374824999999873,-1.1429939413284407,False,False,3,12225.847584469697,-42.43304999999873,"{'brokerage': 6.37983477, 'stt': 2.652960356250001, 'exchange_transaction': 0.6528697581300001, 'sebi': 0.021266115900000004, 'nse_ipft': 2.1266115900000005e-05, 'gst': 1.2697185438262621, 'stamp_duty': 0.31962823425000003, 'total': 11.296299044472162}",-53.729349044470894,12172.118235425225,37.12447499999962,0.003036556340450233,10654.274475
SBIN,2024-10-21,SHORT,2024-10-21T10:15:00,813.6,813.1932,817.4,804.7796000000002,808.9864000000001,2024-10-21T15:10:00,813.85,814.256925,FORCED_1510,1.372277021948514,-0.012489390081241725,4.20679999999993,-0.2528584672435092,False,False,14,12172.118235425225,-14.892149999999674,"{'brokerage': 6.835290525, 'stt': 2.8461762000000004, 'exchange_transaction': 0.6994780637250001, 'sebi': 0.022784301750000003, 'nse_ipft': 2.2784301750000005e-05, 'gst': 1.360363621459815, 'stamp_duty': 0.34198790850000005, 'total': 12.106103404736565}",-26.99825340473624,12145.11998202049,58.89519999999902,0.004838533348172127,11384.704800000001
ICICIBANK,2024-10-30,SHORT,2024-10-30T10:05:00,1310.8,1310.1446,1315.6,1299.2338000000004,1304.6892000000003,2024-10-30T13:06:00,1315.6,1316.2577999999999,STOP,1.39448341905199,-0.009743202416918506,5.455399999999827,-1.1205777761483984,False,False,9,12145.11998202049,-55.01879999999801,"{'brokerage': 7.091286479999999, 'stt': 2.94782535, 'exchange_transaction': 0.72567498312, 'sebi': 0.0236376216, 'nse_ipft': 2.36376216e-05, 'gst': 1.4113120900214877, 'stamp_duty': 0.35538960599999997, 'total': 12.555149768363087}",-67.5739497683611,12077.546032252128,49.09859999999844,0.004042660761909599,11791.3014
ICICIBANK,2024-11-04,SHORT,2024-11-04T10:35:00,1275.45,1274.8122750000002,1278.95,1266.5368250000006,1270.6745500000004,2024-11-04T10:47:00,1278.95,1279.589475,STOP,1.4563496995118994,-0.012130842570343248,4.1377249999998185,-1.1545474868436099,False,False,9,12077.546032252128,-42.994799999997895,"{'brokerage': 6.896884725, 'stt': 2.8683276187500004, 'exchange_transaction': 0.7057812035250002, 'sebi': 0.022989615750000005, 'nse_ipft': 2.2989615750000006e-05, 'gst': 1.372622136100335, 'stamp_duty': 0.34548915825000004, 'total': 12.212117446991085}",-55.20691744698898,12022.33911480514,37.239524999998366,0.003083368500567348,11473.310475000002
HDFCBANK,2024-11-18,LONG,2024-11-18T09:55:00,1716.25,1717.108125,1709.7,1731.9243749999998,1724.51625,2024-11-18T10:49:00,1709.7,1708.84515,STOP,1.6743539427334764,0.010352941176470454,7.408124999999927,-1.1153935712477787,False,False,7,12022.33911480514,-57.840824999999086,"{'brokerage': 7.194501877499999, 'stt': 2.9904790125, 'exchange_transaction': 0.7362373587975, 'sebi': 0.023981672925, 'nse_ipft': 2.3981672925e-05, 'gst': 1.4318540803611763, 'stamp_duty': 0.36059270625, 'total': 12.737670690006599}",-70.57849569000568,11951.760619115134,51.85687499999949,0.00431337649893267,12019.756875
HDFCBANK,2024-11-25,SHORT,2024-11-25T09:55:00,1766.0,1765.1170000000002,1772.75,1749.8510000000006,1757.4840000000004,2024-11-25T10:00:00,1772.75,1773.6363749999998,STOP,2.1134585579882343,-0.01008375115542981,7.632999999999811,-1.1161240665531034,False,False,6,11951.760619115134,-51.11624999999776,"{'brokerage': 6.369756075, 'stt': 2.6476755000000005, 'exchange_transaction': 0.651838371675, 'sebi': 0.02123252025, 'nse_ipft': 2.1232520250000004e-05, 'gst': 1.267712675900145, 'stamp_duty': 0.3192545475, 'total': 11.277490922845395}",-62.39374092284316,11889.36687819229,45.797999999998865,0.0038319040566083215,10590.702000000001
BHARTIARTL,2024-11-25,LONG,2024-11-25T10:05:00,1597.85,1598.6489249999997,1593.4,1609.146774999999,1603.8978499999994,2024-11-25T10:34:00,1609.146774999999,1608.3422016124991,TARGET_2R,1.7479525307282628,0.01343278864692321,5.248924999999645,1.8467165395771628,True,False,7,11889.36687819229,67.85293628749582,"{'brokerage': 6.734681365886248, 'stt': 2.8145988528218737, 'exchange_transaction': 0.6891823931090261, 'sebi': 0.022448937886287493, 'nse_ipft': 2.2448937886287496e-05, 'gst': 1.3403403262475004, 'stamp_duty': 0.33571627424999995, 'total': 11.93699059913882}",55.915945688357,11945.282823880647,36.74247499999751,0.0030903643042079288,11190.542474999998
TCS,2024-12-04,LONG,2024-12-04T09:55:00,4373.05,4375.236525,4352.4,4420.9095750000015,4398.073050000001,2024-12-04T11:56:00,4352.4,4350.2238,STOP,1.3343919564619287,0.012066627255972406,22.83652500000062,-1.0952947088052942,False,False,2,11945.282823880647,-50.025450000001,"{'brokerage': 5.235276194999999, 'stt': 2.1751119, 'exchange_transaction': 0.535743263955, 'sebi': 0.01745092065, 'nse_ipft': 1.7450920650000003e-05, 'gst': 1.0419278094946167, 'stamp_duty': 0.26251419150000005, 'total': 9.268041731520265}",-59.293491731521264,11885.989332149125,45.67305000000124,0.0038235218599172107,8750.47305
INFY,2025-01-08,SHORT,2025-01-08T10:20:00,1907.0,1906.0465000000002,1917.8,1882.5395000000005,1894.2930000000003,2025-01-08T11:28:00,1906.0465000000002,1906.99952325,BREAKEVEN,1.2538168624719326,-0.01010362694300515,11.753499999999804,-0.08108420895902525,True,False,6,11885.989332149125,-5.7181394999993245,"{'brokerage': 6.863482841849999, 'stt': 2.85906975, 'exchange_transaction': 0.7023630774826499, 'sebi': 0.022878276139499998, 'nse_ipft': 2.28782761395e-05, 'gst': 1.365974473274692, 'stamp_duty': 0.343259914185, 'total': 12.157051211207978}",-17.875190711207303,11868.114141437918,70.52099999999882,0.005933119913649443,11436.279
LT,2025-01-17,LONG,2025-01-17T09:55:00,3554.95,3556.7274749999997,3546.1,3577.9824249999992,3567.3549499999995,2025-01-17T10:48:00,3556.7274749999997,3554.9491112625,BREAKEVEN,1.2824372575472294,0.010754824063564206,10.627474999999777,-0.1673364310430879,True,False,3,11868.114141437918,-5.33509121249881,"{'brokerage': 6.400508927636249, 'stt': 2.666211833446875, 'exchange_transaction': 0.6549854135947762, 'sebi': 0.0213350297587875, 'nse_ipft': 2.13350297587875e-05, 'gst': 1.2738331270835228, 'stamp_duty': 0.32010547274999995, 'total': 11.33700113929997}",-16.67209235179878,11851.44204908612,31.88242499999933,0.0026863935263885586,10670.182424999999
HDFCBANK,2025-01-20,LONG,2025-01-20T09:55:00,1640.25,1641.070125,1636.55,1650.110375,1645.59025,2025-01-20T11:18:00,1650.110375,1649.2853198125001,TARGET_2R,1.3876893821167364,0.009840098400984099,4.520125000000007,1.8174707143054993,True,False,7,11851.44204908612,57.50636368750111,"{'brokerage': 6.90974643410625, 'stt': 2.8862493096718755, 'exchange_transaction': 0.7070973850902063, 'sebi': 0.0230324881136875, 'nse_ipft': 2.3032488113687502e-05, 'gst': 1.3751818811636864, 'stamp_duty': 0.34462472625, 'total': 12.245955256883818}",45.26040843061729,11896.702457516736,31.64087500000005,0.0026697911417826086,11487.490875
HDFCBANK,2025-01-28,LONG,2025-01-28T09:55:00,1663.9,1664.73195,1655.1,1683.9958500000005,1674.3639000000003,2025-01-28T12:54:00,1683.9958500000005,1683.1538520750005,TARGET_2R,1.5598349578552737,0.006557377049180246,9.631950000000188,1.9125828181209443,True,False,7,11896.702457516736,128.95331452500272,"{'brokerage': 7.030560184357501, 'stt': 2.945519241131251, 'exchange_transaction': 0.7194606588659177, 'sebi': 0.023435200614525004, 'nse_ipft': 2.3435200614525008e-05, 'gst': 1.3992263062269406, 'stamp_duty': 0.34959370950000007, 'total': 12.467818735896751}",116.48549578910597,12013.187953305842,67.42365000000132,0.005667423409198638,11653.123650000001
BHARTIARTL,2025-02-04,SHORT,2025-02-04T09:55:00,1640.0,1639.18,1645.5,1626.5400000000002,1632.8600000000001,2025-02-04T10:46:00,1639.18,1639.99959,BREAKEVEN,1.2900202891237105,-0.014048070270432977,6.319999999999936,-0.12968196202529159,True,False,7,12013.187953305842,-5.737129999998842,"{'brokerage': 6.886277139, 'stt': 2.8685650000000003, 'exchange_transaction': 0.704695693891, 'sebi': 0.022954257129999996, 'nse_ipft': 2.2954257129999998e-05, 'gst': 1.3705110079700633, 'stamp_duty': 0.3443999139, 'total': 12.197425966148193}",-17.934555966147038,11995.253397339695,44.239999999999554,0.0036826194821854424,11474.26
HDFCBANK,2025-02-07,LONG,2025-02-07T10:10:00,1766.0,1766.8829999999998,1756.8,1787.0489999999995,1776.9659999999997,2025-02-07T10:12:00,1756.8,1755.9216000000001,STOP,1.4080229521219698,0.007371428571428584,10.082999999999856,-1.0871169294852565,False,False,6,11995.253397339695,-65.76839999999811,"{'brokerage': 6.341048279999999, 'stt': 2.6338824000000005, 'exchange_transaction': 0.64890060732, 'sebi': 0.021136827599999998, 'nse_ipft': 2.11368276e-05, 'gst': 1.2619992333145678, 'stamp_duty': 0.31803894, 'total': 11.225027425062166}",-76.99342742506028,11918.259969914634,60.49799999999914,0.005043494955547698,10601.297999999999
ICICIBANK,2025-02-17,SHORT,2025-02-17T09:55:00,1240.5,1239.87975,1244.9,1229.83925,1234.8595,2025-02-17T10:36:00,1239.87975,1240.499689875,BREAKEVEN,1.5292114543387916,-0.007153418854653704,5.020250000000033,-0.12348784921069587,True,False,9,11918.259969914634,-5.579458875,"{'brokerage': 6.6970244876625, 'stt': 2.7897294375, 'exchange_transaction': 0.6853288392374626, 'sebi': 0.022323414958875, 'nse_ipft': 2.2323414958875004e-05, 'gst': 1.3328458317492835, 'stamp_duty': 0.33493491626625, 'total': 11.862209250789327}",-17.441668125789327,11900.818301788844,45.182250000000295,0.0037910106101103885,11158.91775
BHARTIARTL,2025-02-18,SHORT,2025-02-18T09:55:00,1670.7,1669.8646500000002,1679.9,1649.7939500000005,1659.8293000000003,2025-02-18T11:28:00,1669.8646500000002,1670.6995823250002,BREAKEVEN,1.3273720804802356,-0.014066193853427889,10.03534999999988,-0.08319912359807723,True,False,7,11900.818301788844,-5.84452627499968,"{'brokerage': 7.0151848878825005, 'stt': 2.9222631375000008, 'exchange_transaction': 0.7178872535266426, 'sebi': 0.023383949626275, 'nse_ipft': 2.3383949626275005e-05, 'gst': 1.396166305497308, 'stamp_duty': 0.35084691228825005, 'total': 12.425755830270603}",-18.270282105270283,11882.548019683574,70.24744999999916,0.005902741157676534,11689.052550000002
TCS,2025-02-24,SHORT,2025-02-24T09:55:00,3716.0,3714.1420000000003,3727.0,3688.426000000001,3701.2840000000006,2025-02-24T13:38:00,3688.426000000001,3690.2702130000007,TARGET_2R,1.6594386171344857,-0.006865874998330357,12.85799999999972,1.856570773059582,True,False,3,11882.548019683574,71.61536099999876,"{'brokerage': 6.663970991700001, 'stt': 2.7856065000000005, 'exchange_transaction': 0.6819463648173001, 'sebi': 0.022213236639000003, 'nse_ipft': 2.2213236639000003e-05, 'gst': 1.326267505150729, 'stamp_duty': 0.33212431917000007, 'total': 11.81215113071367}",59.803209869285084,11942.35122955286,38.57399999999916,0.0032462734369851395,11142.426000000001
RELIANCE,2025-02-28,LONG,2025-02-28T09:55:00,1214.0,1214.607,1210.3,1223.221,1218.914,2025-02-28T10:01:00,1210.3,1209.69485,STOP,1.877901646412234,0.009733777038269498,4.307000000000016,-1.1405038309728035,False,False,9,11942.35122955286,-44.20934999999895,"{'brokerage': 6.545614994999999, 'stt': 2.7218134125000004, 'exchange_transaction': 0.669834601155, 'sebi': 0.02181871665, 'nse_ipft': 2.1818716650000004e-05, 'gst': 1.302712223673897, 'stamp_duty': 0.32794389, 'total': 11.589759657695545}",-55.799109657694494,11886.552119895165,38.76300000000015,0.0032458432393175805,10931.463
TCS,2025-03-04,LONG,2025-03-04T09:55:00,3512.65,3514.406325,3489.95,3563.318975,3538.86265,2025-03-04T15:10:00,3531.35,3529.5843250000003,FORCED_1510,1.4564376967609374,0.007225100748416757,24.456325000000106,0.6206165480709089,True,False,3,11886.552119895165,45.534000000001015,"{'brokerage': 6.339591585, 'stt': 2.6471882437500005, 'exchange_transaction': 0.648751538865, 'sebi': 0.021131971949999998, 'nse_ipft': 2.113197195e-05, 'gst': 1.261709321001651, 'stamp_duty': 0.31629656925, 'total': 11.234690361788601}",34.299309638212414,11920.851429533377,73.36897500000032,0.0061724353925305805,10543.218975
TATASTEEL,2025-03-07,LONG,2025-03-07T09:55:00,152.09,152.166045,151.23,154.038135,153.10209,2025-03-07T10:19:00,151.23,151.154385,STOP,1.9469824744700974,0.01542673968211572,0.9360450000000071,-1.0807813726904139,False,False,78,11920.851429533377,-78.90948000000049,"{'brokerage': 7.097698061999998, 'stt': 2.9475105074999997, 'exchange_transaction': 0.7263311016779999, 'sebi': 0.023658993539999996, 'nse_ipft': 2.3658993539999996e-05, 'gst': 1.412588126918077, 'stamp_duty': 0.3560685453, 'total': 12.563878995929613}",-91.4733589959301,11829.378070537447,73.01151000000056,0.0061246891995581625,11868.951509999999
RELIANCE,2025-03-10,LONG,2025-03-10T10:20:00,1256.6,1257.2282999999998,1253.15,1265.384899999999,1261.3065999999994,2025-03-10T10:26:00,1253.15,1252.523425,STOP,1.3865351966386357,0.009036144578313143,4.078299999999672,-1.153636319054521,False,False,9,11829.378070537447,-42.34387499999707,"{'brokerage': 6.776329657499998, 'stt': 2.81817770625, 'exchange_transaction': 0.6934444016174999, 'sebi': 0.022587765524999994, 'nse_ipft': 2.2587765524999998e-05, 'gst': 1.348629194233444, 'stamp_duty': 0.3394516409999999, 'total': 11.998642953891466}",-54.34251795388853,11775.035552583558,36.70469999999705,0.0031028427514219635,11315.054699999997
ICICIBANK,2025-03-17,LONG,2025-03-17T09:55:00,1263.85,1264.4819249999998,1261.7,1270.0457749999994,1267.2638499999996,2025-03-17T11:07:00,1270.0457749999994,1269.4107521124995,TARGET_2R,1.834171202154413,0.006006125452448163,2.7819249999997737,1.7717325637823005,True,False,9,11775.035552583558,44.35944401249708,"{'brokerage': 6.841510228203747, 'stt': 2.856174192253124, 'exchange_transaction': 0.7001145466861837, 'sebi': 0.022805034094012494, 'nse_ipft': 2.2805034094012498e-05, 'gst': 1.3616014705232466, 'stamp_duty': 0.34141011974999996, 'total': 12.123638396544408}",32.23580561595267,11807.27135819951,25.037324999997963,0.002126305681897031,11380.337324999999
ICICIBANK,2025-03-18,LONG,2025-03-18T10:05:00,1301.0,1301.6505,1297.05,1310.8515,1306.251,2025-03-18T11:27:00,1297.05,1296.4014750000001,STOP,2.0291756496010143,0.0147413457798522,4.600500000000011,-1.1409683730028986,False,False,9,11807.27135819951,-47.24122499999862,"{'brokerage': 7.0147403325, 'stt': 2.9169033187500006, 'exchange_transaction': 0.7178417606925, 'sebi': 0.023382467775, 'nse_ipft': 2.3382467775000003e-05, 'gst': 1.3960778298183494, 'stamp_duty': 0.351445635, 'total': 12.420414727003624}",-59.661639727002246,11747.609718472508,41.4045000000001,0.003506695047814491,11714.8545
TATASTEEL,2025-03-20,SHORT,2025-03-20T10:10:00,156.98,156.90151,157.85,155.00453000000002,155.95302,2025-03-20T10:26:00,157.85,157.928925,STOP,1.2695859019184192,-0.018750000000000044,0.9484899999999925,-1.083211209395986,False,False,74,11747.609718472508,-76.02870999999931,"{'brokerage': 6.989235656999999, 'stt': 2.9026779350000003, 'exchange_transaction': 0.715231782233, 'sebi': 0.023297452189999998, 'nse_ipft': 2.329745219e-05, 'gst': 1.3910018739975338, 'stamp_duty': 0.3506022135, 'total': 12.372070211372723}",-88.40078021137202,11659.208938261136,70.18825999999945,0.005974684355544434,11610.71174
HDFCBANK,2025-03-25,LONG,2025-03-25T09:55:00,1827.0,1827.9134999999999,1818.75,1846.2404999999997,1837.0769999999998,2025-03-25T10:37:00,1827.9134999999999,1826.99954325,BREAKEVEN,1.5095004694712986,0.010748517923430567,9.163499999999885,-0.09973882795873945,True,False,6,11659.208938261136,-5.483740499999385,"{'brokerage': 6.578843477849999, 'stt': 2.740499314875, 'exchange_transaction': 0.67323498256665, 'sebi': 0.0219294782595, 'nse_ipft': 2.1929478259500003e-05, 'gst': 1.3093253762677932, 'stamp_duty': 0.32902443, 'total': 11.652878989297202}",-17.136619489296585,11642.07231877184,54.98099999999931,0.00471567155980646,10967.481
ICICIBANK,2025-04-01,LONG,2025-04-01T10:00:00,1351.1,1351.7755499999998,1347.55,1360.2266499999996,1356.0010999999997,2025-04-01T10:02:00,1347.55,1346.876225,STOP,1.4519590516039327,0.009216417910447694,4.225549999999885,-1.1594526156358336,False,False,8,11642.07231877184,-39.1945999999989,"{'brokerage': 6.4767642599999995, 'stt': 2.69375245, 'exchange_transaction': 0.66278887594, 'sebi': 0.021589214199999998, 'nse_ipft': 2.15892142e-05, 'gst': 1.2890095090837559, 'stamp_duty': 0.324426132, 'total': 11.468352030437956}",-50.662952030436855,11591.409366741402,33.80439999999908,0.0029036411280053973,10814.204399999999
TATASTEEL,2025-04-22,SHORT,2025-04-22T09:55:00,140.1,140.02995,141.05,137.98985000000002,139.00990000000002,2025-04-22T15:10:00,138.35,138.419175,FORCED_1510,1.7169943426997198,-0.011267605633802802,1.0200499999999977,1.5791137689329167,True,False,82,11591.409366741402,132.08355000000148,"{'brokerage': 6.849848475, 'stt': 2.8706139750000004, 'exchange_transaction': 0.700967827275, 'sebi': 0.02283282825, 'nse_ipft': 2.283282825e-05, 'gst': 1.363260953403585, 'stamp_duty': 0.3405111705, 'total': 12.148058062256835}",119.93549193774464,11711.344858679146,83.64409999999981,0.0072160422735129395,11482.4559
ITC,2025-04-23,SHORT,2025-04-23T10:10:00,432.05,431.833975,433.1,429.301925,430.56795,2025-04-23T11:24:00,429.301925,429.5165759625,TARGET_2R,1.3813400627365051,-0.010545621274644534,1.2660250000000133,1.8304528247862404,True,False,27,11711.344858679146,62.56977401250066,"{'brokerage': 6.976939462796249, 'stt': 2.9148793312500003, 'exchange_transaction': 0.7139734716928162, 'sebi': 0.023256464875987495, 'nse_ipft': 2.32564648759875e-05, 'gst': 1.3885546780493871, 'stamp_duty': 0.347908426529625, 'total': 12.365535091658941}",50.20423892084172,11761.549097599987,34.18267500000036,0.002918765983965365,11659.517325
ITC,2025-05-27,SHORT,2025-05-27T10:05:00,437.25,437.031375,439.7,431.6941250000001,434.36275000000006,2025-05-27T11:04:00,439.7,439.91984999999994,STOP,2.4382081642136835,-0.009934522465567808,2.668624999999963,-1.0823832498009103,False,False,26,11761.549097599987,-75.10034999999777,"{'brokerage': 6.840219554999999, 'stt': 2.8407039375000003, 'exchange_transaction': 0.6999824677950001, 'sebi': 0.02280073185, 'nse_ipft': 2.280073185e-05, 'gst': 1.3613445999678329, 'stamp_duty': 0.34313748299999997, 'total': 12.108211575844681}",-87.20856157584245,11674.340536024145,69.38424999999904,0.005899244174745425,11362.815750000002
HDFCBANK,2025-06-09,SHORT,2025-06-09T10:10:00,1980.9,1979.9095500000003,1984.5,1970.728650000001,1975.3191000000006,2025-06-09T10:44:00,1984.5,1985.4922499999998,STOP,1.3801612481487986,-0.008721804511278242,4.5904499999996915,-1.2161552788941938,False,False,5,11674.340536024145,-27.913499999997384,"{'brokerage': 5.9481027, 'stt': 2.4748869375000004, 'exchange_transaction': 0.6086891763, 'sebi': 0.019827008999999996, 'nse_ipft': 1.9827009e-05, 'gst': 1.18379496821562, 'stamp_duty': 0.29782383749999997, 'total': 10.53314445552462}",-38.446644455522005,11635.893891568623,22.952249999998457,0.001966042529697798,9899.547750000002
TCS,2025-06-23,SHORT,2025-06-23T10:55:00,3385.9,3384.2070500000004,3391.0,3370.6211500000013,3377.414100000001,2025-06-23T11:17:00,3391.0,3392.6955,STOP,2.1297184264537696,-0.009458272327964923,6.792949999999564,-1.2495970086633819,False,False,3,11635.893891568623,-25.465349999998125,"{'brokerage': 6.099212294999999, 'stt': 2.5381552875000004, 'exchange_transaction': 0.6241527248550001, 'sebi': 0.020330707649999998, 'nse_ipft': 2.0330707650000003e-05, 'gst': 1.2138688904782768, 'stamp_duty': 0.305342595, 'total': 10.801082831190929}",-36.26643283118905,11599.627458737434,20.378849999998693,0.0017513781227212137,10152.62115
TATASTEEL,2025-06-26,LONG,2025-06-26T09:55:00,158.56,158.63927999999999,158.12,159.67783999999995,159.15855999999997,2025-06-26T10:29:00,158.12,158.04094,STOP,2.271099839787599,0.012749410339771838,0.5192799999999806,-1.1522492682175345,False,False,73,11599.627458737434,-43.67881999999847,"{'brokerage': 6.935296817999999, 'stt': 2.884247155, 'exchange_transaction': 0.709712041042, 'sebi': 0.023117656060000002, 'nse_ipft': 2.3117656060000003e-05, 'gst': 1.3802669338964506, 'stamp_duty': 0.3474200232, 'total': 12.28008374485451}",-55.958903744852975,11543.66855499258,37.90743999999859,0.0032679877120919743,11580.66744
ICICIBANK,2025-07-17,SHORT,2025-07-17T10:20:00,1410.5,1409.79475,1414.0,1401.38425,1405.5895,2025-07-17T10:49:00,1414.0,1414.7069999999999,STOP,2.2274889101080526,-0.007178043631245634,4.205249999999978,-1.1681231793591067,False,False,8,11543.66855499258,-39.297999999998865,"{'brokerage': 6.778804199999999, 'stt': 2.8195895, 'exchange_transaction': 0.6936976298, 'sebi': 0.022596013999999998, 'nse_ipft': 2.2596014e-05, 'gst': 1.34912167916652, 'stamp_duty': 0.33952968, 'total': 12.00336129898052}",-51.30136129897939,11492.3671936936,33.641999999999825,0.0029143248387402654,11278.358
INFY,2025-07-24,SHORT,2025-07-24T10:10:00,1554.8,1554.0226,1565.4,1531.2677999999999,1542.6452,2025-07-24T15:10:00,1554.7,1555.47735,FORCED_1510,3.7743027668672244,-0.015126582278481071,11.37740000000008,-0.1278631321742987,False,False,7,11492.3671936936,-10.183249999999134,"{'brokerage': 6.529949895, 'stt': 2.71953955, 'exchange_transaction': 0.668231539255, 'sebi': 0.021766499649999996, 'nse_ipft': 2.176649965e-05, 'gst': 1.2995945460728369, 'stamp_duty': 0.3266502435, 'total': 11.565754039977488}",-21.749004039976622,11470.618189653624,79.64180000000056,0.0069299734909013125,10878.1582
BHARTIARTL,2025-08-08,SHORT,2025-08-08T10:00:00,1865.3,1864.36735,1876.0,1841.10205,1852.7347,2025-08-08T15:10:00,1860.9,1861.83045,FORCED_1510,120.21977665936339,-0.009277421406987174,11.632650000000012,0.21808444335556015,False,False,6,11470.618189653624,15.221400000000358,"{'brokerage': 6.707156039999999, 'stt': 2.796551025, 'exchange_transaction': 0.68636563476, 'sebi': 0.022357186799999998, 'nse_ipft': 2.23571868e-05, 'gst': 1.3348622193744237, 'stamp_duty': 0.335129481, 'total': 11.882443944121222}",3.3389560558791356,11473.957145709503,69.79590000000007,0.006084754879467197,11186.204099999999
SBIN,2025-08-11,LONG,2025-08-11T10:00:00,820.7,821.11035,818.3,826.7310500000002,823.9207000000001,2025-08-11T15:10:00,824.95,824.5375250000001,FORCED_1510,2.9323462897910995,0.018378712871287117,2.810350000000085,1.219483338374199,True,False,13,11473.957145709503,44.55327500000044,"{'brokerage': 6.4180267125, 'stt': 2.6797469562500003, 'exchange_transaction': 0.6567780669125001, 'sebi': 0.021393422375000002, 'nse_ipft': 2.1393422375000003e-05, 'gst': 1.2773195271377773, 'stamp_duty': 0.3202330365, 'total': 11.373519115097652}",33.17975588490279,11507.136901594406,36.534550000001104,0.003184128155268786,10674.43455
LT,2025-08-12,LONG,2025-08-12T09:55:00,3709.8,3711.6549,3701.4,3732.1647,3721.9098,2025-08-12T10:17:00,3711.6549,3709.7990725500003,BREAKEVEN,1.283921369232337,0.008777173913043557,10.254899999999907,-0.1809698241815784,True,False,3,11507.136901594406,-5.567482349998954,"{'brokerage': 6.679308575295, 'stt': 2.7823493044125005, 'exchange_transaction': 0.683515910871855, 'sebi': 0.022264361917649998, 'nse_ipft': 2.2264361917650003e-05, 'gst': 1.329320000240356, 'stamp_duty': 0.33404894100000004, 'total': 11.830829358099278}",-17.398311708098234,11489.738589886307,30.76469999999972,0.002673532109949698,11134.9647
INFY,2025-09-10,LONG,2025-09-10T10:05:00,1527.0,1527.7635,1522.5,1538.2905,1533.027,2025-09-10T11:46:00,1527.7635,1526.9996182500001,BREAKEVEN,1.4443479884424977,0.011654857294219001,5.263500000000022,-0.14512809917353076,True,False,7,11489.738589886307,-5.347172249999176,"{'brokerage': 6.415002548324999, 'stt': 2.6722493319375005, 'exchange_transaction': 0.656468594111925, 'sebi': 0.02138334182775, 'nse_ipft': 2.1383341827750003e-05, 'gst': 1.2767176561691704, 'stamp_duty': 0.32083033499999997, 'total': 11.362673190713172}",-16.70984544071235,11473.028744445593,36.84450000000015,0.0032067309200952618,10694.3445
SBIN,2025-09-30,LONG,2025-09-30T10:20:00,875.95,876.387975,873.6,881.9639249999999,879.17595,2025-09-30T10:39:00,873.6,873.1632000000001,STOP,1.9282474010749355,0.007241795505488868,2.7879749999999603,-1.1566728539531217,False,False,13,11473.028744445593,-41.92207499999881,"{'brokerage': 6.823249582499999, 'stt': 2.8377804, 'exchange_transaction': 0.6982458739425, 'sebi': 0.022744165275, 'nse_ipft': 2.2744165275e-05, 'gst': 1.3579672258588993, 'stamp_duty': 0.34179131025, 'total': 12.081801301991675}",-54.00387630199049,11419.024868143602,36.243674999999484,0.003159032876784697,11393.043674999999
HDFCBANK,2025-10-03,LONG,2025-10-03T09:55:00,959.15,959.6295749999999,956.8,965.2887249999999,962.4591499999999,2025-10-03T10:14:00,956.8,956.3216,STOP,2.6438430669495188,0.00819327731092434,2.829574999999977,-1.1690713269660529,False,False,11,11419.024868143602,-36.387724999999364,"{'brokerage': 6.322638877499999, 'stt': 2.6298844, 'exchange_transaction': 0.6470167117975, 'sebi': 0.021075462925, 'nse_ipft': 2.1075462925e-05, 'gst': 1.2583353829833763, 'stamp_duty': 0.31667775975, 'total': 11.195649670418799}",-47.583374670418166,11371.441493473185,31.125324999999748,0.002725742815994043,10555.925325
HDFCBANK,2025-10-14,LONG,2025-10-14T10:15:00,977.9,978.3889499999999,974.9,985.3668499999998,981.8778999999998,2025-10-14T12:08:00,974.9,974.41255,STOP,1.565584209947988,0.009948453608247476,3.4889499999999316,-1.139712520959021,False,False,11,11371.441493473185,-43.740399999998886,"{'brokerage': 6.444244949999999, 'stt': 2.6796345125, 'exchange_transaction': 0.65946106655, 'sebi': 0.0214808165, 'nse_ipft': 2.14808165e-05, 'gst': 1.28253749649597, 'stamp_duty': 0.3228683535, 'total': 11.41024867636247}",-55.15064867636136,11316.290844796824,38.37844999999925,0.00337498548640708,10762.27845
RELIANCE,2025-10-20,LONG,2025-10-20T10:05:00,1464.3,1465.0321499999998,1454.5,1486.0964499999993,1475.5642999999995,2025-10-20T15:10:00,1466.6,1465.8667,FORCED_1510,7.022708593646105,0.014305555555555571,10.532149999999774,0.07923833215443009,False,False,7,11316.290844796824,5.841850000001841,"{'brokerage': 6.154887584999999, 'stt': 2.565266725, 'exchange_transaction': 0.629850162865, 'sebi': 0.020516291949999998, 'nse_ipft': 2.051629195e-05, 'gst': 1.2249494200992508, 'stamp_duty': 0.3076567515, 'total': 10.9031474527062}",-5.061297452704359,11311.229547344119,73.72504999999842,0.006514948317530814,10255.22505
INFY,2025-10-23,LONG,2025-10-23T10:00:00,1529.6,1530.3647999999998,1521.0,1549.0943999999995,1539.7295999999997,2025-10-23T15:04:00,1530.3647999999998,1529.5996175999999,BREAKEVEN,3.440042011642881,0.011258278145695355,9.364799999999832,-0.08170835468989958,True,False,7,11311.229547344119,-5.356276799999705,"{'brokerage': 6.425925276959999, 'stt': 2.6767993307999998, 'exchange_transaction': 0.6575863533422399, 'sebi': 0.021419750923199997, 'nse_ipft': 2.1419750923199997e-05, 'gst': 1.2788915041757452, 'stamp_duty': 0.321376608, 'total': 11.382020243952107}",-16.73829704395181,11294.491250300167,65.55359999999882,0.005795444228730274,10712.5536
ICICIBANK,2025-10-28,SHORT,2025-10-28T10:05:00,1360.4,1359.7198,1364.7,1349.7594000000001,1354.7396,2025-10-28T13:24:00,1364.7,1365.3823499999999,STOP,2.064323756896955,-0.00866715222141301,4.980199999999968,-1.1370125697762778,False,False,8,11294.491250300167,-45.30039999999826,"{'brokerage': 6.54024516, 'stt': 2.7194396000000003, 'exchange_transaction': 0.66928508804, 'sebi': 0.021800817199999996, 'nse_ipft': 2.18008172e-05, 'gst': 1.301643515890296, 'stamp_duty': 0.327691764, 'total': 11.580127745947497}",-56.880527745945756,11237.610722554222,39.841599999999744,0.0035275249780675954,10877.7584
ITC,2025-10-31,LONG,2025-10-31T09:55:00,424.95,425.162475,423.75,427.9874249999999,426.57494999999994,2025-10-31T10:32:00,423.75,423.53812500000004,STOP,3.148898977714433,0.011296076099881036,1.4124749999999722,-1.1500026549142235,False,False,26,11237.610722554222,-42.23309999999833,"{'brokerage': 6.619864679999999, 'stt': 2.7529978125000003, 'exchange_transaction': 0.67743281892, 'sebi': 0.022066215599999998, 'nse_ipft': 2.20662156e-05, 'gst': 1.3174894405324076, 'stamp_duty': 0.33162673049999997, 'total': 11.721499764268007}",-53.954599764266334,11183.656122789955,36.724349999999276,0.0032679855982457556,11054.224349999999
SBIN,2025-11-06,SHORT,2025-11-06T10:05:00,962.7,962.2186500000001,965.25,956.1559500000004,959.1873000000003,2025-11-06T10:43:00,965.25,965.732625,STOP,3.7316570878448765,-0.008508224617129856,3.031349999999861,-1.159211242515713,False,False,11,11183.656122789955,-38.6537249999983,"{'brokerage': 6.3622392075, 'stt': 2.6461012875000005, 'exchange_transaction': 0.6510691455675001, 'sebi': 0.021207464025, 'nse_ipft': 2.1207464025000003e-05, 'gst': 1.2662166644201744, 'stamp_duty': 0.31869176625, 'total': 11.2655467427267}",-49.919271742725,11133.73685104723,33.34484999999847,0.0029815696793509803,10584.405150000002
INFY,2025-11-07,SHORT,2025-11-07T10:00:00,1453.5,1452.7732500000002,1456.2,1445.9197500000005,1449.3465000000003,2025-11-07T10:29:00,1456.2,1456.9280999999999,STOP,1.3383841958328229,-0.014217687074829954,3.4267499999998563,-1.2124753775442747,False,False,7,11133.73685104723,-29.083949999997685,"{'brokerage': 6.110372835, 'stt': 2.5423531875000003, 'exchange_transaction': 0.625294820115, 'sebi': 0.02036790945, 'nse_ipft': 2.0367909450000002e-05, 'gst': 1.216090067845401, 'stamp_duty': 0.305954901, 'total': 10.82045408881985}",-39.904404088817536,11093.832446958411,23.987249999998994,0.002154465326503812,10169.412750000001
BHARTIARTL,2025-11-26,LONG,2025-11-26T10:20:00,2119.4,2120.4597,2115.0,2131.3790999999997,2125.9193999999998,2025-11-26T12:29:00,2131.3790999999997,2130.31341045,TARGET_2R,9.531543527094954,0.0071292775665399155,5.459699999999884,1.8048080389032943,True,False,5,11093.832446958411,49.26855225000054,"{'brokerage': 6.376159665674999, 'stt': 2.6628917630625, 'exchange_transaction': 0.652493672454075, 'sebi': 0.021253865552249996, 'nse_ipft': 2.125386555225e-05, 'gst': 1.2689871223584377, 'stamp_duty': 0.318068955, 'total': 11.299876297967813}",37.968675952032726,11131.801122910443,27.29849999999942,0.002460691571692507,10602.298499999999
HDFCBANK,2025-11-27,LONG,2025-11-27T09:55:00,1010.1,1010.60505,1007.5,1016.81515,1013.7101,2025-11-27T12:06:00,1010.60505,1010.0997474750001,BREAKEVEN,2.292627667851864,0.008532082626484305,3.1050500000000056,-0.1627357127904326,True,False,11,11131.801122910443,-5.55832777499927,"{'brokerage': 6.668325831667499, 'stt': 2.77777430555625, 'exchange_transaction': 0.6823920101073075, 'sebi': 0.022227752772225, 'nse_ipft': 2.2227752772225003e-05, 'gst': 1.3271342080139645, 'stamp_duty': 0.3334996665, 'total': 11.811376002370018}",-17.36970377736929,11114.431419133074,34.15555000000006,0.003068286041304158,11116.65555
INFY,2025-12-04,LONG,2025-12-04T09:55:00,1590.9,1591.69545,1584.0,1607.0863499999998,1599.3908999999999,2025-12-04T15:10:00,1597.7,1596.9011500000001,FORCED_1510,2.376194757137145,0.015306122448979664,7.695449999999937,0.6764646641847128,False,False,6,11114.431419133074,31.234200000001238,"{'brokerage': 5.73947388, 'stt': 2.3953517250000007, 'exchange_transaction': 0.58733949372, 'sebi': 0.0191315796, 'nse_ipft': 1.91315796e-05, 'gst': 1.142273535281928, 'stamp_duty': 0.286505181, 'total': 10.170094526181531}",21.06410547381971,11135.495524606893,46.17269999999962,0.004154301579522553,9550.1727
SBIN,2025-12-17,LONG,2025-12-17T10:00:00,975.4,975.8876999999999,973.15,981.3630999999997,978.6253999999998,2025-12-17T15:10:00,975.8,975.3121,FORCED_1510,2.410010315661619,0.01216922997255443,2.7376999999999043,-0.21024947949005185,False,False,11,11135.495524606893,-6.3315999999988435,"{'brokerage': 6.4389593399999985, 'stt': 2.682108275, 'exchange_transaction': 0.65892017246, 'sebi': 0.021463197799999997, 'nse_ipft': 2.14631978e-05, 'gst': 1.281485551222404, 'stamp_duty': 0.32204294099999997, 'total': 11.405000940680202}",-17.736600940679047,11117.758923666213,30.114699999998948,0.002704387957720639,10734.764699999998
TATASTEEL,2025-12-29,LONG,2025-12-29T10:20:00,172.9,172.98645,172.52,173.91934999999995,173.45289999999997,2025-12-29T10:28:00,173.91934999999995,173.83239032499995,TARGET_2R,3.7998346412548543,0.024895286413780804,0.4664499999999805,1.8135712830957091,True,False,64,11117.758923666213,54.140180799997324,"{'brokerage': 6.658921734239998, 'stt': 2.781318245199999, 'exchange_transaction': 0.68142965747056, 'sebi': 0.022196405780799996, 'nse_ipft': 2.21964057808e-05, 'gst': 1.325262598901485, 'stamp_duty': 0.332133984, 'total': 11.801284821998623}",42.3388959779987,11160.097819644212,29.85279999999875,0.0026851454690613526,11071.1328
